Ngày,Mã tỉnh,Tên tỉnh,Mã phường,Tên phường,Mã nhóm bệnh,Tổng chi phí
01/01/2025,75,Đồng Nai,26341,Thị Trấn Long Giao,Khác,0.0
01/01/2025,75,Đồng Nai,26452,Xã Suối Cát,Khác,0.0
01/02/2025,75,Đồng Nai,26248,Thị Trấn Trảng Bom,Khác,0.0
01/02/2025,75,Đồng Nai,26341,Thị Trấn Long Giao,Khác,0.0
01/02/2025,75,Đồng Nai,26452,Xã Suối Cát,Khác,0.0
01/03/2025,75,Đồng Nai,26248,Thị Trấn Trảng Bom,Khác,0.0
01/03/2025,75,Đồng Nai,26452,Xã Suối Cát,Khác,0.0
01/04/2025,75,Đồng Nai,25993,Phường Trảng Dài,Khác,0.0
01/04/2025,75,Đồng Nai,25996,Phường Tân Phong,Khác,0.0
01/04/2025,75,Đồng Nai,25999,Phường Tân Biên,Khác,0.0
01/04/2025,75,Đồng Nai,26008,Phường Tân Hiệp,Khác,0.0
01/04/2025,75,Đồng Nai,26068,Phường Hóa An,Khác,0.0
01/04/2025,75,Đồng Nai,26095,Phường Suối Tre,Khác,0.0
01/04/2025,75,Đồng Nai,26116,Thị Trấn Tân Phú,Khác,0.0
01/04/2025,75,Đồng Nai,26170,Thị Trấn Vĩnh An,Khác,0.0
01/04/2025,75,Đồng Nai,26248,Thị Trấn Trảng Bom,Khác,0.0
01/04/2025,75,Đồng Nai,26272,Xã Hố Nai 3,Khác,0.0
01/04/2025,75,Đồng Nai,26320,Xã Lộ 25,Khác,0.0
01/04/2025,75,Đồng Nai,26326,Thị Trấn Dầu Giây,E11,395948.0
01/04/2025,75,Đồng Nai,26326,Thị Trấn Dầu Giây,H25,169466.0
01/04/2025,75,Đồng Nai,26326,Thị Trấn Dầu Giây,H81,268931.0
01/04/2025,75,Đồng Nai,26326,Thị Trấn Dầu Giây,I10,687100.0
01/04/2025,75,Đồng Nai,26326,Thị Trấn Dầu Giây,I20,39800.0
01/04/2025,75,Đồng Nai,26326,Thị Trấn Dầu Giây,I83,343760.0
01/04/2025,75,Đồng Nai,26326,Thị Trấn Dầu Giây,J44,189903.0
01/04/2025,75,Đồng Nai,26326,Thị Trấn Dầu Giây,K04,208835.0
01/04/2025,75,Đồng Nai,26326,Thị Trấn Dầu Giây,K52,321900.0
01/04/2025,75,Đồng Nai,26326,Thị Trấn Dầu Giây,K74,39800.0
01/04/2025,75,Đồng Nai,26326,Thị Trấn Dầu Giây,Khác,0.0
01/04/2025,75,Đồng Nai,26326,Thị Trấn Dầu Giây,M10,233017.0
01/04/2025,75,Đồng Nai,26326,Thị Trấn Dầu Giây,M47,252684.0
01/04/2025,75,Đồng Nai,26326,Thị Trấn Dầu Giây,Z09,39800.0
01/04/2025,75,Đồng Nai,26383,Xã An Phước,Khác,0.0
01/04/2025,75,Đồng Nai,26452,Xã Suối Cát,Khác,0.0
01/05/2025,75,Đồng Nai,25999,Phường Tân Biên,Khác,0.0
01/05/2025,75,Đồng Nai,26095,Phường Suối Tre,Khác,0.0
01/05/2025,75,Đồng Nai,26116,Thị Trấn Tân Phú,Khác,0.0
01/05/2025,75,Đồng Nai,26206,Thị Trấn Định Quán,Khác,0.0
01/05/2025,75,Đồng Nai,26326,Thị Trấn Dầu Giây,Khác,0.0
01/05/2025,75,Đồng Nai,26368,Thị Trấn Long Thành,Khác,0.0
01/05/2025,75,Đồng Nai,26377,Phường Phước Tân,Khác,0.0
01/06/2025,75,Đồng Nai,25999,Phường Tân Biên,Khác,0.0
01/06/2025,75,Đồng Nai,26017,Phường Tam Hiệp,Khác,0.0
01/06/2025,75,Đồng Nai,26029,Phường Thống Nhất,Khác,0.0
01/06/2025,75,Đồng Nai,26050,Phường An Bình,Khác,0.0
01/06/2025,75,Đồng Nai,26056,Phường Long Bình Tân,Khác,0.0
01/06/2025,75,Đồng Nai,26068,Phường Hóa An,Khác,0.0
01/06/2025,75,Đồng Nai,26095,Phường Suối Tre,Khác,0.0
01/06/2025,75,Đồng Nai,26188,Xã Thạnh Phú,Khác,0.0
01/06/2025,75,Đồng Nai,26206,Thị Trấn Định Quán,Khác,0.0
01/06/2025,75,Đồng Nai,26239,Xã Túc Trưng,Khác,0.0
01/06/2025,75,Đồng Nai,26272,Xã Hố Nai 3,Khác,0.0
01/06/2025,75,Đồng Nai,26299,Xã Gia Tân 1,Khác,0.0
01/06/2025,75,Đồng Nai,26326,Thị Trấn Dầu Giây,A97,360727.0
01/06/2025,75,Đồng Nai,26326,Thị Trấn Dầu Giây,B34,539023.0
01/06/2025,75,Đồng Nai,26326,Thị Trấn Dầu Giây,C50,39800.0
01/06/2025,75,Đồng Nai,26326,Thị Trấn Dầu Giây,E83,545972.0
01/06/2025,75,Đồng Nai,26326,Thị Trấn Dầu Giây,H81,177792.0
01/06/2025,75,Đồng Nai,26326,Thị Trấn Dầu Giây,I10,85285.0
01/06/2025,75,Đồng Nai,26326,Thị Trấn Dầu Giây,I20,250000.0
01/06/2025,75,Đồng Nai,26326,Thị Trấn Dầu Giây,I64,314368.0
01/06/2025,75,Đồng Nai,26326,Thị Trấn Dầu Giây,J06,128525.0
01/06/2025,75,Đồng Nai,26326,Thị Trấn Dầu Giây,K92,39800.0
01/06/2025,75,Đồng Nai,26326,Thị Trấn Dầu Giây,M47,149674.0
01/06/2025,75,Đồng Nai,26326,Thị Trấn Dầu Giây,N23,39800.0
01/06/2025,75,Đồng Nai,26326,Thị Trấn Dầu Giây,R33,284380.0
01/06/2025,75,Đồng Nai,26326,Thị Trấn Dầu Giây,S01,746874.0
01/06/2025,75,Đồng Nai,26326,Thị Trấn Dầu Giây,S06,113100.0
01/06/2025,75,Đồng Nai,26326,Thị Trấn Dầu Giây,S42,117698.0
01/06/2025,75,Đồng Nai,26326,Thị Trấn Dầu Giây,S52,414987.0
01/06/2025,75,Đồng Nai,26362,Xã Sông Ray,Khác,0.0
01/06/2025,75,Đồng Nai,26368,Thị Trấn Long Thành,A04,383112.0
01/06/2025,75,Đồng Nai,26368,Thị Trấn Long Thành,A09,281912.0
01/06/2025,75,Đồng Nai,26368,Thị Trấn Long Thành,A97,86200.0
01/06/2025,75,Đồng Nai,26368,Thị Trấn Long Thành,B19,229325.0
01/06/2025,75,Đồng Nai,26368,Thị Trấn Long Thành,E11,628448.0
01/06/2025,75,Đồng Nai,26368,Thị Trấn Long Thành,F07,44750.0
01/06/2025,75,Đồng Nai,26368,Thị Trấn Long Thành,G56,145300.0
01/06/2025,75,Đồng Nai,26368,Thị Trấn Long Thành,H16,63650.0
01/06/2025,75,Đồng Nai,26368,Thị Trấn Long Thành,H65,119000.0
01/06/2025,75,Đồng Nai,26368,Thị Trấn Long Thành,I10,91764.0
01/06/2025,75,Đồng Nai,26368,Thị Trấn Long Thành,J00,96060.0
01/06/2025,75,Đồng Nai,26368,Thị Trấn Long Thành,J02,316010.0
01/06/2025,75,Đồng Nai,26368,Thị Trấn Long Thành,J06,497412.0
01/06/2025,75,Đồng Nai,26368,Thị Trấn Long Thành,J20,436430.0
01/06/2025,75,Đồng Nai,26368,Thị Trấn Long Thành,K01,86200.0
01/06/2025,75,Đồng Nai,26368,Thị Trấn Long Thành,K21,729788.0
01/06/2025,75,Đồng Nai,26368,Thị Trấn Long Thành,Khác,0.0
01/06/2025,75,Đồng Nai,26368,Thị Trấn Long Thành,L02,97660.0
01/06/2025,75,Đồng Nai,26368,Thị Trấn Long Thành,L03,57098.0
01/06/2025,75,Đồng Nai,26368,Thị Trấn Long Thành,L20,258602.0
01/06/2025,75,Đồng Nai,26368,Thị Trấn Long Thành,L23,67700.0
01/06/2025,75,Đồng Nai,26368,Thị Trấn Long Thành,L50,190460.0
01/06/2025,75,Đồng Nai,26368,Thị Trấn Long Thành,M02,164400.0
01/06/2025,75,Đồng Nai,26368,Thị Trấn Long Thành,M54,845430.0
01/06/2025,75,Đồng Nai,26368,Thị Trấn Long Thành,M62,153840.0
01/06/2025,75,Đồng Nai,26368,Thị Trấn Long Thành,M75,190150.0
01/06/2025,75,Đồng Nai,26368,Thị Trấn Long Thành,N01,81300.0
01/06/2025,75,Đồng Nai,26368,Thị Trấn Long Thành,N39,146890.0
01/06/2025,75,Đồng Nai,26368,Thị Trấn Long Thành,N48,105400.0
01/06/2025,75,Đồng Nai,26368,Thị Trấn Long Thành,N76,111750.0
01/06/2025,75,Đồng Nai,26368,Thị Trấn Long Thành,N92,414994.0
01/06/2025,75,Đồng Nai,26368,Thị Trấn Long Thành,O20,95100.0
01/06/2025,75,Đồng Nai,26368,Thị Trấn Long Thành,O26,1363726.0
01/06/2025,75,Đồng Nai,26368,Thị Trấn Long Thành,O32,123700.0
01/06/2025,75,Đồng Nai,26368,Thị Trấn Long Thành,R07,199400.0
01/06/2025,75,Đồng Nai,26368,Thị Trấn Long Thành,R10,276550.0
01/06/2025,75,Đồng Nai,26368,Thị Trấn Long Thành,R50,665670.0
01/06/2025,75,Đồng Nai,26368,Thị Trấn Long Thành,S00,37716.0
01/06/2025,75,Đồng Nai,26368,Thị Trấn Long Thành,S22,51900.0
01/06/2025,75,Đồng Nai,26368,Thị Trấn Long Thành,S42,109800.0
01/06/2025,75,Đồng Nai,26368,Thị Trấn Long Thành,S83,141800.0
01/06/2025,75,Đồng Nai,26368,Thị Trấn Long Thành,Z32,696088.0
01/06/2025,75,Đồng Nai,26374,Phường Tam Phước,Khác,0.0
01/06/2025,75,Đồng Nai,26440,Xã Xuân Trường,Khác,0.0
01/06/2025,75,Đồng Nai,26452,Xã Suối Cát,Khác,0.0
01/06/2025,75,Đồng Nai,26455,Xã Xuân Hiệp,Khác,0.0
01/06/2025,75,Đồng Nai,26497,Xã Vĩnh Thanh,Khác,0.0
02/01/2025,75,Đồng Nai,26026,Phường Tân Mai,Khác,0.0
02/01/2025,75,Đồng Nai,26080,Phường Xuân An,Khác,0.0
02/01/2025,75,Đồng Nai,26341,Thị Trấn Long Giao,Khác,0.0
02/01/2025,75,Đồng Nai,26452,Xã Suối Cát,Khác,0.0
02/02/2025,75,Đồng Nai,26248,Thị Trấn Trảng Bom,Khác,0.0
02/02/2025,75,Đồng Nai,26341,Thị Trấn Long Giao,Khác,0.0
02/02/2025,75,Đồng Nai,26452,Xã Suối Cát,Khác,0.0
02/03/2025,75,Đồng Nai,26026,Phường Tân Mai,Khác,0.0
02/03/2025,75,Đồng Nai,26248,Thị Trấn Trảng Bom,Khác,0.0
02/03/2025,75,Đồng Nai,26452,Xã Suối Cát,Khác,0.0
02/04/2025,75,Đồng Nai,25993,Phường Trảng Dài,Khác,0.0
02/04/2025,75,Đồng Nai,25996,Phường Tân Phong,Khác,0.0
02/04/2025,75,Đồng Nai,25999,Phường Tân Biên,Khác,0.0
02/04/2025,75,Đồng Nai,26008,Phường Tân Hiệp,Khác,0.0
02/04/2025,75,Đồng Nai,26068,Phường Hóa An,Khác,0.0
02/04/2025,75,Đồng Nai,26095,Phường Suối Tre,Khác,0.0
02/04/2025,75,Đồng Nai,26116,Thị Trấn Tân Phú,Khác,0.0
02/04/2025,75,Đồng Nai,26248,Thị Trấn Trảng Bom,Khác,0.0
02/04/2025,75,Đồng Nai,26272,Xã Hố Nai 3,Khác,0.0
02/04/2025,75,Đồng Nai,26326,Thị Trấn Dầu Giây,Khác,0.0
02/04/2025,75,Đồng Nai,26368,Thị Trấn Long Thành,Khác,0.0
02/04/2025,75,Đồng Nai,26452,Xã Suối Cát,Khác,0.0
02/05/2025,75,Đồng Nai,25996,Phường Tân Phong,Khác,0.0
02/05/2025,75,Đồng Nai,25999,Phường Tân Biên,Khác,0.0
02/05/2025,75,Đồng Nai,26017,Phường Tam Hiệp,Khác,0.0
02/05/2025,75,Đồng Nai,26029,Phường Thống Nhất,Khác,0.0
02/05/2025,75,Đồng Nai,26068,Phường Hóa An,Khác,0.0
02/05/2025,75,Đồng Nai,26095,Phường Suối Tre,Khác,0.0
02/05/2025,75,Đồng Nai,26116,Thị Trấn Tân Phú,Khác,0.0
02/05/2025,75,Đồng Nai,26188,Xã Thạnh Phú,Khác,0.0
02/05/2025,75,Đồng Nai,26206,Thị Trấn Định Quán,Khác,0.0
02/05/2025,75,Đồng Nai,26272,Xã Hố Nai 3,Khác,0.0
02/05/2025,75,Đồng Nai,26275,Xã Tây Hoà,Khác,0.0
02/05/2025,75,Đồng Nai,26326,Thị Trấn Dầu Giây,Khác,0.0
02/05/2025,75,Đồng Nai,26362,Xã Sông Ray,Khác,0.0
02/05/2025,75,Đồng Nai,26368,Thị Trấn Long Thành,Khác,0.0
02/05/2025,75,Đồng Nai,26383,Xã An Phước,Khác,0.0
02/05/2025,75,Đồng Nai,26440,Xã Xuân Trường,Khác,0.0
02/05/2025,75,Đồng Nai,26497,Xã Vĩnh Thanh,Khác,0.0
02/06/2025,75,Đồng Nai,25996,Phường Tân Phong,Khác,0.0
02/06/2025,75,Đồng Nai,25996,Phường Tân Phong,Z01,39800.0
02/06/2025,75,Đồng Nai,25999,Phường Tân Biên,Khác,0.0
02/06/2025,75,Đồng Nai,26002,Phường Hố Nai,Khác,0.0
02/06/2025,75,Đồng Nai,26017,Phường Tam Hiệp,Khác,0.0
02/06/2025,75,Đồng Nai,26020,Phường Long Bình,E04,97848.0
02/06/2025,75,Đồng Nai,26020,Phường Long Bình,E11,65420.0
02/06/2025,75,Đồng Nai,26020,Phường Long Bình,G44,54722.0
02/06/2025,75,Đồng Nai,26020,Phường Long Bình,I49,109800.0
02/06/2025,75,Đồng Nai,26020,Phường Long Bình,J06,218210.0
02/06/2025,75,Đồng Nai,26020,Phường Long Bình,J20,49844.0
02/06/2025,75,Đồng Nai,26020,Phường Long Bình,J40,178960.0
02/06/2025,75,Đồng Nai,26020,Phường Long Bình,K29,160300.0
02/06/2025,75,Đồng Nai,26020,Phường Long Bình,Khác,0.0
02/06/2025,75,Đồng Nai,26020,Phường Long Bình,M17,180690.0
02/06/2025,75,Đồng Nai,26020,Phường Long Bình,M25,41830.0
02/06/2025,75,Đồng Nai,26020,Phường Long Bình,M50,114170.0
02/06/2025,75,Đồng Nai,26020,Phường Long Bình,M79,41830.0
02/06/2025,75,Đồng Nai,26020,Phường Long Bình,N39,58740.0
02/06/2025,75,Đồng Nai,26020,Phường Long Bình,P71,108000.0
02/06/2025,75,Đồng Nai,26020,Phường Long Bình,R10,192880.0
02/06/2025,75,Đồng Nai,26020,Phường Long Bình,R51,304206.0
02/06/2025,75,Đồng Nai,26020,Phường Long Bình,S63,117870.0
02/06/2025,75,Đồng Nai,26020,Phường Long Bình,S90,117870.0
02/06/2025,75,Đồng Nai,26020,Phường Long Bình,T78,38525.0
02/06/2025,75,Đồng Nai,26029,Phường Thống Nhất,Khác,0.0
02/06/2025,75,Đồng Nai,26050,Phường An Bình,Khác,0.0
02/06/2025,75,Đồng Nai,26056,Phường Long Bình Tân,C50,37072480.0
02/06/2025,75,Đồng Nai,26068,Phường Hóa An,Khác,0.0
02/06/2025,75,Đồng Nai,26068,Phường Hóa An,L02,127200.0
02/06/2025,75,Đồng Nai,26095,Phường Suối Tre,Khác,0.0
02/06/2025,75,Đồng Nai,26095,Phường Suối Tre,L04,2624115.0
02/06/2025,75,Đồng Nai,26188,Xã Thạnh Phú,Khác,0.0
02/06/2025,75,Đồng Nai,26206,Thị Trấn Định Quán,Khác,0.0
02/06/2025,75,Đồng Nai,26239,Xã Túc Trưng,Khác,0.0
02/06/2025,75,Đồng Nai,26272,Xã Hố Nai 3,Khác,0.0
02/06/2025,75,Đồng Nai,26299,Xã Gia Tân 1,Khác,0.0
02/06/2025,75,Đồng Nai,26317,Xã Hưng Lộc,Khác,0.0
02/06/2025,75,Đồng Nai,26326,Thị Trấn Dầu Giây,A04,4666946.0
02/06/2025,75,Đồng Nai,26326,Thị Trấn Dầu Giây,A06,245094.0
02/06/2025,75,Đồng Nai,26326,Thị Trấn Dầu Giây,A09,122036.0
02/06/2025,75,Đồng Nai,26326,Thị Trấn Dầu Giây,A97,6511972.0
02/06/2025,75,Đồng Nai,26326,Thị Trấn Dầu Giây,B18,335840.0
02/06/2025,75,Đồng Nai,26326,Thị Trấn Dầu Giây,B34,4252215.0
02/06/2025,75,Đồng Nai,26326,Thị Trấn Dầu Giây,B83,39800.0
02/06/2025,75,Đồng Nai,26326,Thị Trấn Dầu Giây,B98,119400.0
02/06/2025,75,Đồng Nai,26326,Thị Trấn Dầu Giây,C17,39800.0
02/06/2025,75,Đồng Nai,26326,Thị Trấn Dầu Giây,C18,39800.0
02/06/2025,75,Đồng Nai,26326,Thị Trấn Dầu Giây,C20,39800.0
02/06/2025,75,Đồng Nai,26326,Thị Trấn Dầu Giây,C22,298700.0
02/06/2025,75,Đồng Nai,26326,Thị Trấn Dầu Giây,C49,39800.0
02/06/2025,75,Đồng Nai,26326,Thị Trấn Dầu Giây,C50,83300.0
02/06/2025,75,Đồng Nai,26326,Thị Trấn Dầu Giây,C73,39800.0
02/06/2025,75,Đồng Nai,26326,Thị Trấn Dầu Giây,D23,39800.0
02/06/2025,75,Đồng Nai,26326,Thị Trấn Dầu Giây,D34,266348.0
02/06/2025,75,Đồng Nai,26326,Thị Trấn Dầu Giây,E05,353640.0
02/06/2025,75,Đồng Nai,26326,Thị Trấn Dầu Giây,E07,138200.0
02/06/2025,75,Đồng Nai,26326,Thị Trấn Dầu Giây,E11,13706927.0
02/06/2025,75,Đồng Nai,26326,Thị Trấn Dầu Giây,E58,275573.0
02/06/2025,75,Đồng Nai,26326,Thị Trấn Dầu Giây,E78,2510418.0
02/06/2025,75,Đồng Nai,26326,Thị Trấn Dầu Giây,E83,266960.0
02/06/2025,75,Đồng Nai,26326,Thị Trấn Dầu Giây,G43,39800.0
02/06/2025,75,Đồng Nai,26326,Thị Trấn Dầu Giây,G44,42680.0
02/06/2025,75,Đồng Nai,26326,Thị Trấn Dầu Giây,G47,581180.0
02/06/2025,75,Đồng Nai,26326,Thị Trấn Dầu Giây,G51,39800.0
02/06/2025,75,Đồng Nai,26326,Thị Trấn Dầu Giây,G53,2482134.0
02/06/2025,75,Đồng Nai,26326,Thị Trấn Dầu Giây,G55,79600.0
02/06/2025,75,Đồng Nai,26326,Thị Trấn Dầu Giây,G56,200358.0
02/06/2025,75,Đồng Nai,26326,Thị Trấn Dầu Giây,H00,95672.0
02/06/2025,75,Đồng Nai,26326,Thị Trấn Dầu Giây,H01,279205.0
02/06/2025,75,Đồng Nai,26326,Thị Trấn Dầu Giây,H02,148600.0
02/06/2025,75,Đồng Nai,26326,Thị Trấn Dầu Giây,H04,269640.0
02/06/2025,75,Đồng Nai,26326,Thị Trấn Dầu Giây,H10,96992.0
02/06/2025,75,Đồng Nai,26326,Thị Trấn Dầu Giây,H25,216530.0
02/06/2025,75,Đồng Nai,26326,Thị Trấn Dầu Giây,H35,39800.0
02/06/2025,75,Đồng Nai,26326,Thị Trấn Dầu Giây,H60,840894.0
02/06/2025,75,Đồng Nai,26326,Thị Trấn Dầu Giây,H81,11499624.0
02/06/2025,75,Đồng Nai,26326,Thị Trấn Dầu Giây,H92,267400.0
02/06/2025,75,Đồng Nai,26326,Thị Trấn Dầu Giây,I10,10985913.0
02/06/2025,75,Đồng Nai,26326,Thị Trấn Dầu Giây,I20,3940089.0
02/06/2025,75,Đồng Nai,26326,Thị Trấn Dầu Giây,I25,1223170.0
02/06/2025,75,Đồng Nai,26326,Thị Trấn Dầu Giây,I50,440556.0
02/06/2025,75,Đồng Nai,26326,Thị Trấn Dầu Giây,I63,39800.0
02/06/2025,75,Đồng Nai,26326,Thị Trấn Dầu Giây,I69,39800.0
02/06/2025,75,Đồng Nai,26326,Thị Trấn Dầu Giây,I83,184070.0
02/06/2025,75,Đồng Nai,26326,Thị Trấn Dầu Giây,I87,500460.0
02/06/2025,75,Đồng Nai,26326,Thị Trấn Dầu Giây,J00,164800.0
02/06/2025,75,Đồng Nai,26326,Thị Trấn Dầu Giây,J01,449950.0
02/06/2025,75,Đồng Nai,26326,Thị Trấn Dầu Giây,J02,2535798.0
02/06/2025,75,Đồng Nai,26326,Thị Trấn Dầu Giây,J03,380968.0
02/06/2025,75,Đồng Nai,26326,Thị Trấn Dầu Giây,J04,672328.0
02/06/2025,75,Đồng Nai,26326,Thị Trấn Dầu Giây,J06,6511557.0
02/06/2025,75,Đồng Nai,26326,Thị Trấn Dầu Giây,J15,369407.0
02/06/2025,75,Đồng Nai,26326,Thị Trấn Dầu Giây,J18,2920717.0
02/06/2025,75,Đồng Nai,26326,Thị Trấn Dầu Giây,J20,5848803.0
02/06/2025,75,Đồng Nai,26326,Thị Trấn Dầu Giây,J21,2174424.0
02/06/2025,75,Đồng Nai,26326,Thị Trấn Dầu Giây,J31,3262430.0
02/06/2025,75,Đồng Nai,26326,Thị Trấn Dầu Giây,J32,666772.0
02/06/2025,75,Đồng Nai,26326,Thị Trấn Dầu Giây,J35,459260.0
02/06/2025,75,Đồng Nai,26326,Thị Trấn Dầu Giây,J41,977191.0
02/06/2025,75,Đồng Nai,26326,Thị Trấn Dầu Giây,J44,4690148.0
02/06/2025,75,Đồng Nai,26326,Thị Trấn Dầu Giây,J45,3985679.0
02/06/2025,75,Đồng Nai,26326,Thị Trấn Dầu Giây,K01,119400.0
02/06/2025,75,Đồng Nai,26326,Thị Trấn Dầu Giây,K02,3948540.0
02/06/2025,75,Đồng Nai,26326,Thị Trấn Dầu Giây,K04,1789515.0
02/06/2025,75,Đồng Nai,26326,Thị Trấn Dầu Giây,K05,397800.0
02/06/2025,75,Đồng Nai,26326,Thị Trấn Dầu Giây,K11,188396.0
02/06/2025,75,Đồng Nai,26326,Thị Trấn Dầu Giây,K12,143900.0
02/06/2025,75,Đồng Nai,26326,Thị Trấn Dầu Giây,K14,273740.0
02/06/2025,75,Đồng Nai,26326,Thị Trấn Dầu Giây,K21,2864347.0
02/06/2025,75,Đồng Nai,26326,Thị Trấn Dầu Giây,K29,5819353.0
02/06/2025,75,Đồng Nai,26326,Thị Trấn Dầu Giây,K30,397755.0
02/06/2025,75,Đồng Nai,26326,Thị Trấn Dầu Giây,K52,1709689.0
02/06/2025,75,Đồng Nai,26326,Thị Trấn Dầu Giây,K59,341850.0
02/06/2025,75,Đồng Nai,26326,Thị Trấn Dầu Giây,K60,172324.0
02/06/2025,75,Đồng Nai,26326,Thị Trấn Dầu Giây,K64,39800.0
02/06/2025,75,Đồng Nai,26326,Thị Trấn Dầu Giây,K75,579917.0
02/06/2025,75,Đồng Nai,26326,Thị Trấn Dầu Giây,K76,281004.0
02/06/2025,75,Đồng Nai,26326,Thị Trấn Dầu Giây,K82,39800.0
02/06/2025,75,Đồng Nai,26326,Thị Trấn Dầu Giây,K93,261077.0
02/06/2025,75,Đồng Nai,26326,Thị Trấn Dầu Giây,L01,119435.0
02/06/2025,75,Đồng Nai,26326,Thị Trấn Dầu Giây,L02,363436.0
02/06/2025,75,Đồng Nai,26326,Thị Trấn Dầu Giây,L04,552475.0
02/06/2025,75,Đồng Nai,26326,Thị Trấn Dầu Giây,L23,202742.0
02/06/2025,75,Đồng Nai,26326,Thị Trấn Dầu Giây,L30,99945.0
02/06/2025,75,Đồng Nai,26326,Thị Trấn Dầu Giây,M06,216310.0
02/06/2025,75,Đồng Nai,26326,Thị Trấn Dầu Giây,M10,163670.0
02/06/2025,75,Đồng Nai,26326,Thị Trấn Dầu Giây,M13,1647877.0
02/06/2025,75,Đồng Nai,26326,Thị Trấn Dầu Giây,M15,280232.0
02/06/2025,75,Đồng Nai,26326,Thị Trấn Dầu Giây,M17,1751202.0
02/06/2025,75,Đồng Nai,26326,Thị Trấn Dầu Giây,M19,392647.0
02/06/2025,75,Đồng Nai,26326,Thị Trấn Dầu Giây,M25,533848.0
02/06/2025,75,Đồng Nai,26326,Thị Trấn Dầu Giây,M32,79600.0
02/06/2025,75,Đồng Nai,26326,Thị Trấn Dầu Giây,M47,6029338.0
02/06/2025,75,Đồng Nai,26326,Thị Trấn Dầu Giây,M48,194498.0
02/06/2025,75,Đồng Nai,26326,Thị Trấn Dầu Giây,M54,6837846.0
02/06/2025,75,Đồng Nai,26326,Thị Trấn Dầu Giây,M62,155678.0
02/06/2025,75,Đồng Nai,26326,Thị Trấn Dầu Giây,M65,106464.0
02/06/2025,75,Đồng Nai,26326,Thị Trấn Dầu Giây,M75,251300.0
02/06/2025,75,Đồng Nai,26326,Thị Trấn Dầu Giây,M77,842827.0
02/06/2025,75,Đồng Nai,26326,Thị Trấn Dầu Giây,M87,133460.0
02/06/2025,75,Đồng Nai,26326,Thị Trấn Dầu Giây,N20,1151766.0
02/06/2025,75,Đồng Nai,26326,Thị Trấn Dầu Giây,N23,165957.0
02/06/2025,75,Đồng Nai,26326,Thị Trấn Dầu Giây,N39,1190308.0
02/06/2025,75,Đồng Nai,26326,Thị Trấn Dầu Giây,N40,387178.0
02/06/2025,75,Đồng Nai,26326,Thị Trấn Dầu Giây,N45,69564.0
02/06/2025,75,Đồng Nai,26326,Thị Trấn Dầu Giây,N47,108200.0
02/06/2025,75,Đồng Nai,26326,Thị Trấn Dầu Giây,N64,138200.0
02/06/2025,75,Đồng Nai,26326,Thị Trấn Dầu Giây,N76,925452.0
02/06/2025,75,Đồng Nai,26326,Thị Trấn Dầu Giây,N92,7708120.0
02/06/2025,75,Đồng Nai,26326,Thị Trấn Dầu Giây,O03,3290068.0
02/06/2025,75,Đồng Nai,26326,Thị Trấn Dầu Giây,O04,1585312300.0
02/06/2025,75,Đồng Nai,26326,Thị Trấn Dầu Giây,O20,102910.0
02/06/2025,75,Đồng Nai,26326,Thị Trấn Dầu Giây,O21,2423920.0
02/06/2025,75,Đồng Nai,26326,Thị Trấn Dầu Giây,O47,3220260.0
02/06/2025,75,Đồng Nai,26326,Thị Trấn Dầu Giây,O80,6875054.0
02/06/2025,75,Đồng Nai,26326,Thị Trấn Dầu Giây,P59,345800.0
02/06/2025,75,Đồng Nai,26326,Thị Trấn Dầu Giây,Q22,39800.0
02/06/2025,75,Đồng Nai,26326,Thị Trấn Dầu Giây,R06,526799.0
02/06/2025,75,Đồng Nai,26326,Thị Trấn Dầu Giây,R10,1786566.0
02/06/2025,75,Đồng Nai,26326,Thị Trấn Dầu Giây,R39,568340.0
02/06/2025,75,Đồng Nai,26326,Thị Trấn Dầu Giây,R42,1225088.0
02/06/2025,75,Đồng Nai,26326,Thị Trấn Dầu Giây,R49,39800.0
02/06/2025,75,Đồng Nai,26326,Thị Trấn Dầu Giây,R50,153472.0
02/06/2025,75,Đồng Nai,26326,Thị Trấn Dầu Giây,R51,85360.0
02/06/2025,75,Đồng Nai,26326,Thị Trấn Dầu Giây,R64,7012828.0
02/06/2025,75,Đồng Nai,26326,Thị Trấn Dầu Giây,S00,51155.0
02/06/2025,75,Đồng Nai,26326,Thị Trấn Dầu Giây,S01,1301793.0
02/06/2025,75,Đồng Nai,26326,Thị Trấn Dầu Giây,S20,287093.0
02/06/2025,75,Đồng Nai,26326,Thị Trấn Dầu Giây,S30,141600.0
02/06/2025,75,Đồng Nai,26326,Thị Trấn Dầu Giây,S52,155807.0
02/06/2025,75,Đồng Nai,26326,Thị Trấn Dầu Giây,S60,130509.0
02/06/2025,75,Đồng Nai,26326,Thị Trấn Dầu Giây,S61,756874.0
02/06/2025,75,Đồng Nai,26326,Thị Trấn Dầu Giây,S71,234809.0
02/06/2025,75,Đồng Nai,26326,Thị Trấn Dầu Giây,S80,303940.0
02/06/2025,75,Đồng Nai,26326,Thị Trấn Dầu Giây,S81,325409.0
02/06/2025,75,Đồng Nai,26326,Thị Trấn Dầu Giây,S82,609307.0
02/06/2025,75,Đồng Nai,26326,Thị Trấn Dầu Giây,S90,423316.0
02/06/2025,75,Đồng Nai,26326,Thị Trấn Dầu Giây,S91,224409.0
02/06/2025,75,Đồng Nai,26326,Thị Trấn Dầu Giây,T15,417494.0
02/06/2025,75,Đồng Nai,26326,Thị Trấn Dầu Giây,T78,1529122.0
02/06/2025,75,Đồng Nai,26326,Thị Trấn Dầu Giây,Z09,1655714.0
02/06/2025,75,Đồng Nai,26326,Thị Trấn Dầu Giây,Z34,246700.0
02/06/2025,75,Đồng Nai,26326,Thị Trấn Dầu Giây,Z35,1806580.0
02/06/2025,75,Đồng Nai,26326,Thị Trấn Dầu Giây,Z96,272018.0
02/06/2025,75,Đồng Nai,26326,Thị Trấn Dầu Giây,Z98,64300.0
02/06/2025,75,Đồng Nai,26362,Xã Sông Ray,Khác,0.0
02/06/2025,75,Đồng Nai,26368,Thị Trấn Long Thành,A04,567964.0
02/06/2025,75,Đồng Nai,26368,Thị Trấn Long Thành,A09,596930.0
02/06/2025,75,Đồng Nai,26368,Thị Trấn Long Thành,A97,127020.0
02/06/2025,75,Đồng Nai,26368,Thị Trấn Long Thành,B33,101728.0
02/06/2025,75,Đồng Nai,26368,Thị Trấn Long Thành,D21,100050.0
02/06/2025,75,Đồng Nai,26368,Thị Trấn Long Thành,E11,847600.0
02/06/2025,75,Đồng Nai,26368,Thị Trấn Long Thành,E58,179000.0
02/06/2025,75,Đồng Nai,26368,Thị Trấn Long Thành,E78,44270.0
02/06/2025,75,Đồng Nai,26368,Thị Trấn Long Thành,G45,124368.0
02/06/2025,75,Đồng Nai,26368,Thị Trấn Long Thành,H11,60540.0
02/06/2025,75,Đồng Nai,26368,Thị Trấn Long Thành,H81,229600.0
02/06/2025,75,Đồng Nai,26368,Thị Trấn Long Thành,I10,811960.0
02/06/2025,75,Đồng Nai,26368,Thị Trấn Long Thành,I20,111150.0
02/06/2025,75,Đồng Nai,26368,Thị Trấn Long Thành,J01,174100.0
02/06/2025,75,Đồng Nai,26368,Thị Trấn Long Thành,J02,225250.0
02/06/2025,75,Đồng Nai,26368,Thị Trấn Long Thành,J06,577835.0
02/06/2025,75,Đồng Nai,26368,Thị Trấn Long Thành,J20,485198.0
02/06/2025,75,Đồng Nai,26368,Thị Trấn Long Thành,J21,214105.0
02/06/2025,75,Đồng Nai,26368,Thị Trấn Long Thành,K02,49250.0
02/06/2025,75,Đồng Nai,26368,Thị Trấn Long Thành,K21,112614.0
02/06/2025,75,Đồng Nai,26368,Thị Trấn Long Thành,Khác,0.0
02/06/2025,75,Đồng Nai,26368,Thị Trấn Long Thành,L02,372330.0
02/06/2025,75,Đồng Nai,26368,Thị Trấn Long Thành,L03,71475.0
02/06/2025,75,Đồng Nai,26368,Thị Trấn Long Thành,L20,386312.0
02/06/2025,75,Đồng Nai,26368,Thị Trấn Long Thành,M02,193060.0
02/06/2025,75,Đồng Nai,26368,Thị Trấn Long Thành,M47,289166.0
02/06/2025,75,Đồng Nai,26368,Thị Trấn Long Thành,M48,334600.0
02/06/2025,75,Đồng Nai,26368,Thị Trấn Long Thành,M54,399010.0
02/06/2025,75,Đồng Nai,26368,Thị Trấn Long Thành,N20,105780.0
02/06/2025,75,Đồng Nai,26368,Thị Trấn Long Thành,N23,144350.0
02/06/2025,75,Đồng Nai,26368,Thị Trấn Long Thành,N39,184720.0
02/06/2025,75,Đồng Nai,26368,Thị Trấn Long Thành,N72,57250.0
02/06/2025,75,Đồng Nai,26368,Thị Trấn Long Thành,N76,196850.0
02/06/2025,75,Đồng Nai,26368,Thị Trấn Long Thành,N92,97872.0
02/06/2025,75,Đồng Nai,26368,Thị Trấn Long Thành,O20,302856.0
02/06/2025,75,Đồng Nai,26368,Thị Trấn Long Thành,O26,293616.0
02/06/2025,75,Đồng Nai,26368,Thị Trấn Long Thành,R10,208060.0
02/06/2025,75,Đồng Nai,26368,Thị Trấn Long Thành,R50,724169.0
02/06/2025,75,Đồng Nai,26368,Thị Trấn Long Thành,R53,41480.0
02/06/2025,75,Đồng Nai,26368,Thị Trấn Long Thành,S20,344200.0
02/06/2025,75,Đồng Nai,26368,Thị Trấn Long Thành,S60,109800.0
02/06/2025,75,Đồng Nai,26368,Thị Trấn Long Thành,S80,151800.0
02/06/2025,75,Đồng Nai,26368,Thị Trấn Long Thành,S90,133300.0
02/06/2025,75,Đồng Nai,26368,Thị Trấn Long Thành,Z32,1264096.0
02/06/2025,75,Đồng Nai,26374,Phường Tam Phước,Khác,0.0
02/06/2025,75,Đồng Nai,26377,Phường Phước Tân,A15,2288960.0
02/06/2025,75,Đồng Nai,26377,Phường Phước Tân,A16,3904459.0
02/06/2025,75,Đồng Nai,26377,Phường Phước Tân,A18,135000.0
02/06/2025,75,Đồng Nai,26377,Phường Phước Tân,B90,2800877.0
02/06/2025,75,Đồng Nai,26377,Phường Phước Tân,J40,913900.0
02/06/2025,75,Đồng Nai,26377,Phường Phước Tân,J44,2762756.0
02/06/2025,75,Đồng Nai,26377,Phường Phước Tân,J47,118300.0
02/06/2025,75,Đồng Nai,26377,Phường Phước Tân,T88,659375.0
02/06/2025,75,Đồng Nai,26440,Xã Xuân Trường,Khác,0.0
02/06/2025,75,Đồng Nai,26452,Xã Suối Cát,Khác,0.0
02/06/2025,75,Đồng Nai,26455,Xã Xuân Hiệp,Khác,0.0
02/06/2025,75,Đồng Nai,26497,Xã Vĩnh Thanh,Khác,0.0
03/01/2025,75,Đồng Nai,26080,Phường Xuân An,Khác,0.0
03/01/2025,75,Đồng Nai,26248,Thị Trấn Trảng Bom,Khác,0.0
03/01/2025,75,Đồng Nai,26341,Thị Trấn Long Giao,Khác,0.0
03/01/2025,75,Đồng Nai,26452,Xã Suối Cát,Khác,0.0
03/02/2025,75,Đồng Nai,26026,Phường Tân Mai,Khác,0.0
03/02/2025,75,Đồng Nai,26080,Phường Xuân An,Khác,0.0
03/02/2025,75,Đồng Nai,26248,Thị Trấn Trảng Bom,Khác,0.0
03/02/2025,75,Đồng Nai,26341,Thị Trấn Long Giao,Khác,0.0
03/02/2025,75,Đồng Nai,26452,Xã Suối Cát,Khác,0.0
03/03/2025,75,Đồng Nai,26026,Phường Tân Mai,Khác,0.0
03/03/2025,75,Đồng Nai,26080,Phường Xuân An,Khác,0.0
03/03/2025,75,Đồng Nai,26248,Thị Trấn Trảng Bom,Khác,0.0
03/03/2025,75,Đồng Nai,26452,Xã Suối Cát,Khác,0.0
03/04/2025,75,Đồng Nai,25993,Phường Trảng Dài,Khác,0.0
03/04/2025,75,Đồng Nai,25996,Phường Tân Phong,Khác,0.0
03/04/2025,75,Đồng Nai,25999,Phường Tân Biên,Khác,0.0
03/04/2025,75,Đồng Nai,26095,Phường Suối Tre,Khác,0.0
03/04/2025,75,Đồng Nai,26116,Thị Trấn Tân Phú,Khác,0.0
03/04/2025,75,Đồng Nai,26206,Thị Trấn Định Quán,Khác,0.0
03/04/2025,75,Đồng Nai,26248,Thị Trấn Trảng Bom,Khác,0.0
03/04/2025,75,Đồng Nai,26272,Xã Hố Nai 3,Khác,0.0
03/04/2025,75,Đồng Nai,26326,Thị Trấn Dầu Giây,Khác,0.0
03/04/2025,75,Đồng Nai,26368,Thị Trấn Long Thành,Khác,0.0
03/04/2025,75,Đồng Nai,26440,Xã Xuân Trường,Khác,0.0
03/04/2025,75,Đồng Nai,26452,Xã Suối Cát,Khác,0.0
03/05/2025,75,Đồng Nai,25996,Phường Tân Phong,Khác,0.0
03/05/2025,75,Đồng Nai,25999,Phường Tân Biên,Khác,0.0
03/05/2025,75,Đồng Nai,26017,Phường Tam Hiệp,Khác,0.0
03/05/2025,75,Đồng Nai,26029,Phường Thống Nhất,Khác,0.0
03/05/2025,75,Đồng Nai,26068,Phường Hóa An,Khác,0.0
03/05/2025,75,Đồng Nai,26095,Phường Suối Tre,Khác,0.0
03/05/2025,75,Đồng Nai,26116,Thị Trấn Tân Phú,Khác,0.0
03/05/2025,75,Đồng Nai,26206,Thị Trấn Định Quán,Khác,0.0
03/05/2025,75,Đồng Nai,26272,Xã Hố Nai 3,Khác,0.0
03/05/2025,75,Đồng Nai,26326,Thị Trấn Dầu Giây,Khác,0.0
03/05/2025,75,Đồng Nai,26362,Xã Sông Ray,Khác,0.0
03/05/2025,75,Đồng Nai,26368,Thị Trấn Long Thành,Khác,0.0
03/05/2025,75,Đồng Nai,26374,Phường Tam Phước,Khác,0.0
03/05/2025,75,Đồng Nai,26377,Phường Phước Tân,Khác,0.0
03/05/2025,75,Đồng Nai,26440,Xã Xuân Trường,Khác,0.0
03/05/2025,75,Đồng Nai,26455,Xã Xuân Hiệp,Khác,0.0
03/05/2025,75,Đồng Nai,26497,Xã Vĩnh Thanh,Khác,0.0
03/06/2025,75,Đồng Nai,25996,Phường Tân Phong,Khác,0.0
03/06/2025,75,Đồng Nai,25996,Phường Tân Phong,M17,345773.5
03/06/2025,75,Đồng Nai,25999,Phường Tân Biên,Khác,0.0
03/06/2025,75,Đồng Nai,26002,Phường Hố Nai,Khác,0.0
03/06/2025,75,Đồng Nai,26017,Phường Tam Hiệp,Khác,0.0
03/06/2025,75,Đồng Nai,26020,Phường Long Bình,I10,122270.0
03/06/2025,75,Đồng Nai,26020,Phường Long Bình,J20,179960.0
03/06/2025,75,Đồng Nai,26020,Phường Long Bình,J39,43105.0
03/06/2025,75,Đồng Nai,26020,Phường Long Bình,J40,51315.0
03/06/2025,75,Đồng Nai,26020,Phường Long Bình,K07,36500.0
03/06/2025,75,Đồng Nai,26020,Phường Long Bình,K29,162840.0
03/06/2025,75,Đồng Nai,26020,Phường Long Bình,K58,96440.0
03/06/2025,75,Đồng Nai,26020,Phường Long Bình,Khác,0.0
03/06/2025,75,Đồng Nai,26020,Phường Long Bình,M25,64230.0
03/06/2025,75,Đồng Nai,26020,Phường Long Bình,M54,147130.0
03/06/2025,75,Đồng Nai,26020,Phường Long Bình,N20,102390.0
03/06/2025,75,Đồng Nai,26020,Phường Long Bình,P71,63450.0
03/06/2025,75,Đồng Nai,26020,Phường Long Bình,R10,36500.0
03/06/2025,75,Đồng Nai,26020,Phường Long Bình,R11,38024.0
03/06/2025,75,Đồng Nai,26020,Phường Long Bình,R50,94030.0
03/06/2025,75,Đồng Nai,26020,Phường Long Bình,R51,210370.0
03/06/2025,75,Đồng Nai,26020,Phường Long Bình,S40,117870.0
03/06/2025,75,Đồng Nai,26029,Phường Thống Nhất,Khác,0.0
03/06/2025,75,Đồng Nai,26050,Phường An Bình,Khác,0.0
03/06/2025,75,Đồng Nai,26068,Phường Hóa An,A08,508340.0
03/06/2025,75,Đồng Nai,26068,Phường Hóa An,B01,452200.0
03/06/2025,75,Đồng Nai,26068,Phường Hóa An,B18,184000.0
03/06/2025,75,Đồng Nai,26068,Phường Hóa An,B81,452292.0
03/06/2025,75,Đồng Nai,26068,Phường Hóa An,E01,691200.0
03/06/2025,75,Đồng Nai,26068,Phường Hóa An,E11,1863440.0
03/06/2025,75,Đồng Nai,26068,Phường Hóa An,E78,695600.0
03/06/2025,75,Đồng Nai,26068,Phường Hóa An,G51,405540.0
03/06/2025,75,Đồng Nai,26068,Phường Hóa An,G57,1832460.0
03/06/2025,75,Đồng Nai,26068,Phường Hóa An,G58,1160888.0
03/06/2025,75,Đồng Nai,26068,Phường Hóa An,H81,5060612.0
03/06/2025,75,Đồng Nai,26068,Phường Hóa An,I10,5580630.0
03/06/2025,75,Đồng Nai,26068,Phường Hóa An,I83,1921024.0
03/06/2025,75,Đồng Nai,26068,Phường Hóa An,J01,551570.0
03/06/2025,75,Đồng Nai,26068,Phường Hóa An,J06,2982390.0
03/06/2025,75,Đồng Nai,26068,Phường Hóa An,J20,4369374.0
03/06/2025,75,Đồng Nai,26068,Phường Hóa An,J32,492640.0
03/06/2025,75,Đồng Nai,26068,Phường Hóa An,J39,2094464.0
03/06/2025,75,Đồng Nai,26068,Phường Hóa An,K05,181660.0
03/06/2025,75,Đồng Nai,26068,Phường Hóa An,K21,2910300.0
03/06/2025,75,Đồng Nai,26068,Phường Hóa An,K29,386600.0
03/06/2025,75,Đồng Nai,26068,Phường Hóa An,K30,203200.0
03/06/2025,75,Đồng Nai,26068,Phường Hóa An,K58,1336944.0
03/06/2025,75,Đồng Nai,26068,Phường Hóa An,K64,452940.0
03/06/2025,75,Đồng Nai,26068,Phường Hóa An,Khác,0.0
03/06/2025,75,Đồng Nai,26068,Phường Hóa An,L20,114566.0
03/06/2025,75,Đồng Nai,26068,Phường Hóa An,M17,1767520.0
03/06/2025,75,Đồng Nai,26068,Phường Hóa An,M25,3182212.0
03/06/2025,75,Đồng Nai,26068,Phường Hóa An,M47,9438536.0
03/06/2025,75,Đồng Nai,26068,Phường Hóa An,M54,12823432.0
03/06/2025,75,Đồng Nai,26068,Phường Hóa An,M75,458890.0
03/06/2025,75,Đồng Nai,26068,Phường Hóa An,M77,436480.0
03/06/2025,75,Đồng Nai,26068,Phường Hóa An,M79,426180.0
03/06/2025,75,Đồng Nai,26068,Phường Hóa An,N39,161410.0
03/06/2025,75,Đồng Nai,26068,Phường Hóa An,N76,365200.0
03/06/2025,75,Đồng Nai,26068,Phường Hóa An,R07,344660.0
03/06/2025,75,Đồng Nai,26068,Phường Hóa An,R10,2370064.0
03/06/2025,75,Đồng Nai,26068,Phường Hóa An,R51,1235730.0
03/06/2025,75,Đồng Nai,26095,Phường Suối Tre,Khác,0.0
03/06/2025,75,Đồng Nai,26095,Phường Suối Tre,M75,274600.0
03/06/2025,75,Đồng Nai,26188,Xã Thạnh Phú,Khác,0.0
03/06/2025,75,Đồng Nai,26206,Thị Trấn Định Quán,Khác,0.0
03/06/2025,75,Đồng Nai,26239,Xã Túc Trưng,Khác,0.0
03/06/2025,75,Đồng Nai,26272,Xã Hố Nai 3,Khác,0.0
03/06/2025,75,Đồng Nai,26296,Xã An Viễn,Khác,0.0
03/06/2025,75,Đồng Nai,26299,Xã Gia Tân 1,Khác,0.0
03/06/2025,75,Đồng Nai,26311,Xã Quang Trung,Khác,0.0
03/06/2025,75,Đồng Nai,26317,Xã Hưng Lộc,Khác,0.0
03/06/2025,75,Đồng Nai,26326,Thị Trấn Dầu Giây,A04,250062.0
03/06/2025,75,Đồng Nai,26326,Thị Trấn Dầu Giây,A09,457043.0
03/06/2025,75,Đồng Nai,26326,Thị Trấn Dầu Giây,A15,326760.0
03/06/2025,75,Đồng Nai,26326,Thị Trấn Dầu Giây,A17,235320.0
03/06/2025,75,Đồng Nai,26326,Thị Trấn Dầu Giây,A97,5780439.0
03/06/2025,75,Đồng Nai,26326,Thị Trấn Dầu Giây,B08,304657.0
03/06/2025,75,Đồng Nai,26326,Thị Trấn Dầu Giây,B18,79600.0
03/06/2025,75,Đồng Nai,26326,Thị Trấn Dầu Giây,B34,528952.0
03/06/2025,75,Đồng Nai,26326,Thị Trấn Dầu Giây,B98,39800.0
03/06/2025,75,Đồng Nai,26326,Thị Trấn Dầu Giây,C11,39800.0
03/06/2025,75,Đồng Nai,26326,Thị Trấn Dầu Giây,C22,440200.0
03/06/2025,75,Đồng Nai,26326,Thị Trấn Dầu Giây,C73,39800.0
03/06/2025,75,Đồng Nai,26326,Thị Trấn Dầu Giây,D23,8637608.0
03/06/2025,75,Đồng Nai,26326,Thị Trấn Dầu Giây,D29,264773.0
03/06/2025,75,Đồng Nai,26326,Thị Trấn Dầu Giây,D48,39800.0
03/06/2025,75,Đồng Nai,26326,Thị Trấn Dầu Giây,D50,39800.0
03/06/2025,75,Đồng Nai,26326,Thị Trấn Dầu Giây,D64,238744.0
03/06/2025,75,Đồng Nai,26326,Thị Trấn Dầu Giây,E05,39800.0
03/06/2025,75,Đồng Nai,26326,Thị Trấn Dầu Giây,E11,15929321.0
03/06/2025,75,Đồng Nai,26326,Thị Trấn Dầu Giây,E16,669062.0
03/06/2025,75,Đồng Nai,26326,Thị Trấn Dầu Giây,E58,118620.0
03/06/2025,75,Đồng Nai,26326,Thị Trấn Dầu Giây,E78,2255851.0
03/06/2025,75,Đồng Nai,26326,Thị Trấn Dầu Giây,E83,297300.0
03/06/2025,75,Đồng Nai,26326,Thị Trấn Dầu Giây,F41,147033.0
03/06/2025,75,Đồng Nai,26326,Thị Trấn Dầu Giây,G45,330000.0
03/06/2025,75,Đồng Nai,26326,Thị Trấn Dầu Giây,G47,892976.0
03/06/2025,75,Đồng Nai,26326,Thị Trấn Dầu Giây,G55,39800.0
03/06/2025,75,Đồng Nai,26326,Thị Trấn Dầu Giây,G58,223345.0
03/06/2025,75,Đồng Nai,26326,Thị Trấn Dầu Giây,H02,420109.0
03/06/2025,75,Đồng Nai,26326,Thị Trấn Dầu Giây,H04,1365492.0
03/06/2025,75,Đồng Nai,26326,Thị Trấn Dầu Giây,H10,317771.0
03/06/2025,75,Đồng Nai,26326,Thị Trấn Dầu Giây,H11,213635.0
03/06/2025,75,Đồng Nai,26326,Thị Trấn Dầu Giây,H25,39800.0
03/06/2025,75,Đồng Nai,26326,Thị Trấn Dầu Giây,H60,482878.0
03/06/2025,75,Đồng Nai,26326,Thị Trấn Dầu Giây,H81,9002022.0
03/06/2025,75,Đồng Nai,26326,Thị Trấn Dầu Giây,H92,305696.0
03/06/2025,75,Đồng Nai,26326,Thị Trấn Dầu Giây,H94,171160.0
03/06/2025,75,Đồng Nai,26326,Thị Trấn Dầu Giây,I10,13061192.0
03/06/2025,75,Đồng Nai,26326,Thị Trấn Dầu Giây,I20,1202571.0
03/06/2025,75,Đồng Nai,26326,Thị Trấn Dầu Giây,I25,2652345.0
03/06/2025,75,Đồng Nai,26326,Thị Trấn Dầu Giây,I83,1274832.0
03/06/2025,75,Đồng Nai,26326,Thị Trấn Dầu Giây,I87,712655.0
03/06/2025,75,Đồng Nai,26326,Thị Trấn Dầu Giây,J00,149116.0
03/06/2025,75,Đồng Nai,26326,Thị Trấn Dầu Giây,J02,1959775.0
03/06/2025,75,Đồng Nai,26326,Thị Trấn Dầu Giây,J03,5122617.0
03/06/2025,75,Đồng Nai,26326,Thị Trấn Dầu Giây,J04,221215.0
03/06/2025,75,Đồng Nai,26326,Thị Trấn Dầu Giây,J06,4329111.0
03/06/2025,75,Đồng Nai,26326,Thị Trấn Dầu Giây,J15,2220413.0
03/06/2025,75,Đồng Nai,26326,Thị Trấn Dầu Giây,J18,553840.0
03/06/2025,75,Đồng Nai,26326,Thị Trấn Dầu Giây,J20,7482784.0
03/06/2025,75,Đồng Nai,26326,Thị Trấn Dầu Giây,J30,176538.0
03/06/2025,75,Đồng Nai,26326,Thị Trấn Dầu Giây,J31,1518953.0
03/06/2025,75,Đồng Nai,26326,Thị Trấn Dầu Giây,J32,1118823.0
03/06/2025,75,Đồng Nai,26326,Thị Trấn Dầu Giây,J37,39800.0
03/06/2025,75,Đồng Nai,26326,Thị Trấn Dầu Giây,J41,891573.0
03/06/2025,75,Đồng Nai,26326,Thị Trấn Dầu Giây,J44,1513687.0
03/06/2025,75,Đồng Nai,26326,Thị Trấn Dầu Giây,K02,3488100.0
03/06/2025,75,Đồng Nai,26326,Thị Trấn Dầu Giây,K04,604820.0
03/06/2025,75,Đồng Nai,26326,Thị Trấn Dầu Giây,K05,238700.0
03/06/2025,75,Đồng Nai,26326,Thị Trấn Dầu Giây,K07,39800.0
03/06/2025,75,Đồng Nai,26326,Thị Trấn Dầu Giây,K11,147969.0
03/06/2025,75,Đồng Nai,26326,Thị Trấn Dầu Giây,K12,70300.0
03/06/2025,75,Đồng Nai,26326,Thị Trấn Dầu Giây,K21,1530954.0
03/06/2025,75,Đồng Nai,26326,Thị Trấn Dầu Giây,K25,79600.0
03/06/2025,75,Đồng Nai,26326,Thị Trấn Dầu Giây,K27,39800.0
03/06/2025,75,Đồng Nai,26326,Thị Trấn Dầu Giây,K30,671052.0
03/06/2025,75,Đồng Nai,26326,Thị Trấn Dầu Giây,K52,2318598.0
03/06/2025,75,Đồng Nai,26326,Thị Trấn Dầu Giây,K59,81050.0
03/06/2025,75,Đồng Nai,26326,Thị Trấn Dầu Giây,K64,294600.0
03/06/2025,75,Đồng Nai,26326,Thị Trấn Dầu Giây,K74,402200.0
03/06/2025,75,Đồng Nai,26326,Thị Trấn Dầu Giây,K75,632440.0
03/06/2025,75,Đồng Nai,26326,Thị Trấn Dầu Giây,K76,511651.0
03/06/2025,75,Đồng Nai,26326,Thị Trấn Dầu Giây,K80,329996.0
03/06/2025,75,Đồng Nai,26326,Thị Trấn Dầu Giây,K93,205861.0
03/06/2025,75,Đồng Nai,26326,Thị Trấn Dầu Giây,L02,232728.0
03/06/2025,75,Đồng Nai,26326,Thị Trấn Dầu Giây,L13,198999.0
03/06/2025,75,Đồng Nai,26326,Thị Trấn Dầu Giây,L20,123800.0
03/06/2025,75,Đồng Nai,26326,Thị Trấn Dầu Giây,L23,85202.0
03/06/2025,75,Đồng Nai,26326,Thị Trấn Dầu Giây,L50,91649.0
03/06/2025,75,Đồng Nai,26326,Thị Trấn Dầu Giây,M06,155426.0
03/06/2025,75,Đồng Nai,26326,Thị Trấn Dầu Giây,M10,403826.0
03/06/2025,75,Đồng Nai,26326,Thị Trấn Dầu Giây,M13,2557002.0
03/06/2025,75,Đồng Nai,26326,Thị Trấn Dầu Giây,M17,503648.0
03/06/2025,75,Đồng Nai,26326,Thị Trấn Dầu Giây,M19,105698.0
03/06/2025,75,Đồng Nai,26326,Thị Trấn Dầu Giây,M25,345450.0
03/06/2025,75,Đồng Nai,26326,Thị Trấn Dầu Giây,M47,3347722.0
03/06/2025,75,Đồng Nai,26326,Thị Trấn Dầu Giây,M48,252283.0
03/06/2025,75,Đồng Nai,26326,Thị Trấn Dầu Giây,M51,39800.0
03/06/2025,75,Đồng Nai,26326,Thị Trấn Dầu Giây,M54,9371333.0
03/06/2025,75,Đồng Nai,26326,Thị Trấn Dầu Giây,M75,225145.0
03/06/2025,75,Đồng Nai,26326,Thị Trấn Dầu Giây,N13,129417.0
03/06/2025,75,Đồng Nai,26326,Thị Trấn Dầu Giây,N20,1733305.0
03/06/2025,75,Đồng Nai,26326,Thị Trấn Dầu Giây,N23,137558.0
03/06/2025,75,Đồng Nai,26326,Thị Trấn Dầu Giây,N40,1671236.0
03/06/2025,75,Đồng Nai,26326,Thị Trấn Dầu Giây,N45,39800.0
03/06/2025,75,Đồng Nai,26326,Thị Trấn Dầu Giây,N47,2036487.0
03/06/2025,75,Đồng Nai,26326,Thị Trấn Dầu Giây,N64,436184.0
03/06/2025,75,Đồng Nai,26326,Thị Trấn Dầu Giây,N76,4737777.0
03/06/2025,75,Đồng Nai,26326,Thị Trấn Dầu Giây,O03,3962962.0
03/06/2025,75,Đồng Nai,26326,Thị Trấn Dầu Giây,O47,174600.0
03/06/2025,75,Đồng Nai,26326,Thị Trấn Dầu Giây,R10,1104179.0
03/06/2025,75,Đồng Nai,26326,Thị Trấn Dầu Giây,R20,1776900.0
03/06/2025,75,Đồng Nai,26326,Thị Trấn Dầu Giây,R42,460660.0
03/06/2025,75,Đồng Nai,26326,Thị Trấn Dầu Giây,R51,184510.0
03/06/2025,75,Đồng Nai,26326,Thị Trấn Dầu Giây,R64,866890.0
03/06/2025,75,Đồng Nai,26326,Thị Trấn Dầu Giây,R73,208990.0
03/06/2025,75,Đồng Nai,26326,Thị Trấn Dầu Giây,S00,404538.0
03/06/2025,75,Đồng Nai,26326,Thị Trấn Dầu Giây,S60,744552.0
03/06/2025,75,Đồng Nai,26326,Thị Trấn Dầu Giây,S80,328708.0
03/06/2025,75,Đồng Nai,26326,Thị Trấn Dầu Giây,S90,71153.0
03/06/2025,75,Đồng Nai,26326,Thị Trấn Dầu Giây,T15,199872.0
03/06/2025,75,Đồng Nai,26326,Thị Trấn Dầu Giây,T78,921908.0
03/06/2025,75,Đồng Nai,26326,Thị Trấn Dầu Giây,T79,278375.0
03/06/2025,75,Đồng Nai,26326,Thị Trấn Dầu Giây,Z09,278305.0
03/06/2025,75,Đồng Nai,26326,Thị Trấn Dầu Giây,Z35,457200.0
03/06/2025,75,Đồng Nai,26362,Xã Sông Ray,Khác,0.0
03/06/2025,75,Đồng Nai,26368,Thị Trấn Long Thành,A04,677628.0
03/06/2025,75,Đồng Nai,26368,Thị Trấn Long Thành,A09,645784.0
03/06/2025,75,Đồng Nai,26368,Thị Trấn Long Thành,B33,192820.0
03/06/2025,75,Đồng Nai,26368,Thị Trấn Long Thành,B98,174050.0
03/06/2025,75,Đồng Nai,26368,Thị Trấn Long Thành,D21,100050.0
03/06/2025,75,Đồng Nai,26368,Thị Trấn Long Thành,E11,723819.0
03/06/2025,75,Đồng Nai,26368,Thị Trấn Long Thành,G56,108390.0
03/06/2025,75,Đồng Nai,26368,Thị Trấn Long Thành,H65,213500.0
03/06/2025,75,Đồng Nai,26368,Thị Trấn Long Thành,H81,94168.0
03/06/2025,75,Đồng Nai,26368,Thị Trấn Long Thành,I10,732220.0
03/06/2025,75,Đồng Nai,26368,Thị Trấn Long Thành,I20,84590.0
03/06/2025,75,Đồng Nai,26368,Thị Trấn Long Thành,I64,2266543.4
03/06/2025,75,Đồng Nai,26368,Thị Trấn Long Thành,J01,193220.0
03/06/2025,75,Đồng Nai,26368,Thị Trấn Long Thành,J06,555142.0
03/06/2025,75,Đồng Nai,26368,Thị Trấn Long Thành,J20,889244.0
03/06/2025,75,Đồng Nai,26368,Thị Trấn Long Thành,J21,102545.0
03/06/2025,75,Đồng Nai,26368,Thị Trấn Long Thành,K02,41900.0
03/06/2025,75,Đồng Nai,26368,Thị Trấn Long Thành,K05,113510.0
03/06/2025,75,Đồng Nai,26368,Thị Trấn Long Thành,Khác,0.0
03/06/2025,75,Đồng Nai,26368,Thị Trấn Long Thành,L02,91400.0
03/06/2025,75,Đồng Nai,26368,Thị Trấn Long Thành,L20,72830.0
03/06/2025,75,Đồng Nai,26368,Thị Trấn Long Thành,L23,83729.0
03/06/2025,75,Đồng Nai,26368,Thị Trấn Long Thành,L29,84422.0
03/06/2025,75,Đồng Nai,26368,Thị Trấn Long Thành,L30,172700.0
03/06/2025,75,Đồng Nai,26368,Thị Trấn Long Thành,L84,162750.0
03/06/2025,75,Đồng Nai,26368,Thị Trấn Long Thành,M17,190916.0
03/06/2025,75,Đồng Nai,26368,Thị Trấn Long Thành,M47,177090.0
03/06/2025,75,Đồng Nai,26368,Thị Trấn Long Thành,M54,979450.0
03/06/2025,75,Đồng Nai,26368,Thị Trấn Long Thành,M79,50360.0
03/06/2025,75,Đồng Nai,26368,Thị Trấn Long Thành,N23,156165.0
03/06/2025,75,Đồng Nai,26368,Thị Trấn Long Thành,N30,358950.0
03/06/2025,75,Đồng Nai,26368,Thị Trấn Long Thành,N39,225580.0
03/06/2025,75,Đồng Nai,26368,Thị Trấn Long Thành,N76,142510.0
03/06/2025,75,Đồng Nai,26368,Thị Trấn Long Thành,N92,95100.0
03/06/2025,75,Đồng Nai,26368,Thị Trấn Long Thành,O20,101568.0
03/06/2025,75,Đồng Nai,26368,Thị Trấn Long Thành,O26,635258.0
03/06/2025,75,Đồng Nai,26368,Thị Trấn Long Thành,R10,218100.0
03/06/2025,75,Đồng Nai,26368,Thị Trấn Long Thành,R50,479000.0
03/06/2025,75,Đồng Nai,26368,Thị Trấn Long Thành,R60,327000.0
03/06/2025,75,Đồng Nai,26368,Thị Trấn Long Thành,S20,202900.0
03/06/2025,75,Đồng Nai,26368,Thị Trấn Long Thành,S60,120960.0
03/06/2025,75,Đồng Nai,26368,Thị Trấn Long Thành,S91,144180.0
03/06/2025,75,Đồng Nai,26368,Thị Trấn Long Thành,T67,352616.0
03/06/2025,75,Đồng Nai,26368,Thị Trấn Long Thành,T78,97704.0
03/06/2025,75,Đồng Nai,26368,Thị Trấn Long Thành,Z32,611466.0
03/06/2025,75,Đồng Nai,26374,Phường Tam Phước,Khác,0.0
03/06/2025,75,Đồng Nai,26377,Phường Phước Tân,A15,20774746.0
03/06/2025,75,Đồng Nai,26377,Phường Phước Tân,A16,8224121.0
03/06/2025,75,Đồng Nai,26377,Phường Phước Tân,B90,499249.0
03/06/2025,75,Đồng Nai,26377,Phường Phước Tân,D38,5782283.0
03/06/2025,75,Đồng Nai,26377,Phường Phước Tân,J18,843478.0
03/06/2025,75,Đồng Nai,26377,Phường Phước Tân,J44,22936417.0
03/06/2025,75,Đồng Nai,26377,Phường Phước Tân,J45,706000.0
03/06/2025,75,Đồng Nai,26377,Phường Phước Tân,J47,467890.0
03/06/2025,75,Đồng Nai,26377,Phường Phước Tân,R04,14958185.0
03/06/2025,75,Đồng Nai,26377,Phường Phước Tân,T88,6703059.0
03/06/2025,75,Đồng Nai,26377,Phường Phước Tân,U84,881100.0
03/06/2025,75,Đồng Nai,26440,Xã Xuân Trường,Khác,0.0
03/06/2025,75,Đồng Nai,26452,Xã Suối Cát,Khác,0.0
03/06/2025,75,Đồng Nai,26455,Xã Xuân Hiệp,Khác,0.0
03/06/2025,75,Đồng Nai,26485,Xã Phú Hội,Khác,0.0
03/06/2025,75,Đồng Nai,26497,Xã Vĩnh Thanh,Khác,0.0
04/01/2025,75,Đồng Nai,26341,Thị Trấn Long Giao,Khác,0.0
04/01/2025,75,Đồng Nai,26452,Xã Suối Cát,Khác,0.0
04/02/2025,75,Đồng Nai,25993,Phường Trảng Dài,Khác,0.0
04/02/2025,75,Đồng Nai,26026,Phường Tân Mai,Khác,0.0
04/02/2025,75,Đồng Nai,26080,Phường Xuân An,Khác,0.0
04/02/2025,75,Đồng Nai,26248,Thị Trấn Trảng Bom,Khác,0.0
04/02/2025,75,Đồng Nai,26341,Thị Trấn Long Giao,Khác,0.0
04/02/2025,75,Đồng Nai,26452,Xã Suối Cát,Khác,0.0
04/03/2025,75,Đồng Nai,26026,Phường Tân Mai,Khác,0.0
04/03/2025,75,Đồng Nai,26080,Phường Xuân An,Khác,0.0
04/03/2025,75,Đồng Nai,26248,Thị Trấn Trảng Bom,Khác,0.0
04/03/2025,75,Đồng Nai,26452,Xã Suối Cát,Khác,0.0
04/04/2025,75,Đồng Nai,25993,Phường Trảng Dài,Khác,0.0
04/04/2025,75,Đồng Nai,25996,Phường Tân Phong,Khác,0.0
04/04/2025,75,Đồng Nai,25999,Phường Tân Biên,Khác,0.0
04/04/2025,75,Đồng Nai,26095,Phường Suối Tre,Khác,0.0
04/04/2025,75,Đồng Nai,26116,Thị Trấn Tân Phú,Khác,0.0
04/04/2025,75,Đồng Nai,26206,Thị Trấn Định Quán,Khác,0.0
04/04/2025,75,Đồng Nai,26248,Thị Trấn Trảng Bom,Khác,0.0
04/04/2025,75,Đồng Nai,26272,Xã Hố Nai 3,Khác,0.0
04/04/2025,75,Đồng Nai,26326,Thị Trấn Dầu Giây,Khác,0.0
04/04/2025,75,Đồng Nai,26368,Thị Trấn Long Thành,Khác,0.0
04/04/2025,75,Đồng Nai,26452,Xã Suối Cát,Khác,0.0
04/04/2025,75,Đồng Nai,26485,Xã Phú Hội,Khác,0.0
04/05/2025,75,Đồng Nai,25996,Phường Tân Phong,Khác,0.0
04/05/2025,75,Đồng Nai,25999,Phường Tân Biên,Khác,0.0
04/05/2025,75,Đồng Nai,26029,Phường Thống Nhất,Khác,0.0
04/05/2025,75,Đồng Nai,26068,Phường Hóa An,Khác,0.0
04/05/2025,75,Đồng Nai,26095,Phường Suối Tre,Khác,0.0
04/05/2025,75,Đồng Nai,26116,Thị Trấn Tân Phú,Khác,0.0
04/05/2025,75,Đồng Nai,26206,Thị Trấn Định Quán,Khác,0.0
04/05/2025,75,Đồng Nai,26272,Xã Hố Nai 3,Khác,0.0
04/05/2025,75,Đồng Nai,26326,Thị Trấn Dầu Giây,Khác,0.0
04/05/2025,75,Đồng Nai,26362,Xã Sông Ray,Khác,0.0
04/05/2025,75,Đồng Nai,26368,Thị Trấn Long Thành,Khác,0.0
04/05/2025,75,Đồng Nai,26425,Thị Trấn Gia Ray,Khác,0.0
04/05/2025,75,Đồng Nai,26440,Xã Xuân Trường,Khác,0.0
04/05/2025,75,Đồng Nai,26452,Xã Suối Cát,Khác,0.0
04/05/2025,75,Đồng Nai,26455,Xã Xuân Hiệp,Khác,0.0
04/05/2025,75,Đồng Nai,26497,Xã Vĩnh Thanh,Khác,0.0
04/06/2025,75,Đồng Nai,25996,Phường Tân Phong,Khác,0.0
04/06/2025,75,Đồng Nai,26017,Phường Tam Hiệp,Khác,0.0
04/06/2025,75,Đồng Nai,26020,Phường Long Bình,A09,162840.0
04/06/2025,75,Đồng Nai,26020,Phường Long Bình,G44,185778.0
04/06/2025,75,Đồng Nai,26020,Phường Long Bình,I83,84500.0
04/06/2025,75,Đồng Nai,26020,Phường Long Bình,J06,76300.0
04/06/2025,75,Đồng Nai,26020,Phường Long Bình,J20,140960.0
04/06/2025,75,Đồng Nai,26020,Phường Long Bình,K58,515070.0
04/06/2025,75,Đồng Nai,26020,Phường Long Bình,Khác,0.0
04/06/2025,75,Đồng Nai,26020,Phường Long Bình,M25,226960.0
04/06/2025,75,Đồng Nai,26020,Phường Long Bình,M47,86080.0
04/06/2025,75,Đồng Nai,26020,Phường Long Bình,M50,65630.0
04/06/2025,75,Đồng Nai,26020,Phường Long Bình,N20,147070.0
04/06/2025,75,Đồng Nai,26020,Phường Long Bình,N39,85554.0
04/06/2025,75,Đồng Nai,26020,Phường Long Bình,R10,192880.0
04/06/2025,75,Đồng Nai,26020,Phường Long Bình,R51,73170.0
04/06/2025,75,Đồng Nai,26020,Phường Long Bình,T78,38525.0
04/06/2025,75,Đồng Nai,26029,Phường Thống Nhất,Khác,0.0
04/06/2025,75,Đồng Nai,26050,Phường An Bình,Khác,0.0
04/06/2025,75,Đồng Nai,26068,Phường Hóa An,J32,291600.0
04/06/2025,75,Đồng Nai,26068,Phường Hóa An,Khác,0.0
04/06/2025,75,Đồng Nai,26068,Phường Hóa An,M25,1001280.0
04/06/2025,75,Đồng Nai,26095,Phường Suối Tre,Khác,0.0
04/06/2025,75,Đồng Nai,26206,Thị Trấn Định Quán,Khác,0.0
04/06/2025,75,Đồng Nai,26239,Xã Túc Trưng,Khác,0.0
04/06/2025,75,Đồng Nai,26272,Xã Hố Nai 3,Khác,0.0
04/06/2025,75,Đồng Nai,26296,Xã An Viễn,Khác,0.0
04/06/2025,75,Đồng Nai,26299,Xã Gia Tân 1,Khác,0.0
04/06/2025,75,Đồng Nai,26317,Xã Hưng Lộc,Khác,0.0
04/06/2025,75,Đồng Nai,26326,Thị Trấn Dầu Giây,A04,1560996.0
04/06/2025,75,Đồng Nai,26326,Thị Trấn Dầu Giây,A08,306206.0
04/06/2025,75,Đồng Nai,26326,Thị Trấn Dầu Giây,A15,163380.0
04/06/2025,75,Đồng Nai,26326,Thị Trấn Dầu Giây,A97,47861.0
04/06/2025,75,Đồng Nai,26326,Thị Trấn Dầu Giây,B18,138080.0
04/06/2025,75,Đồng Nai,26326,Thị Trấn Dầu Giây,B34,538124.0
04/06/2025,75,Đồng Nai,26326,Thị Trấn Dầu Giây,B83,39800.0
04/06/2025,75,Đồng Nai,26326,Thị Trấn Dầu Giây,B98,39800.0
04/06/2025,75,Đồng Nai,26326,Thị Trấn Dầu Giây,C18,89850.0
04/06/2025,75,Đồng Nai,26326,Thị Trấn Dầu Giây,C71,39800.0
04/06/2025,75,Đồng Nai,26326,Thị Trấn Dầu Giây,D29,169608.0
04/06/2025,75,Đồng Nai,26326,Thị Trấn Dầu Giây,D32,39800.0
04/06/2025,75,Đồng Nai,26326,Thị Trấn Dầu Giây,D34,39800.0
04/06/2025,75,Đồng Nai,26326,Thị Trấn Dầu Giây,D45,39800.0
04/06/2025,75,Đồng Nai,26326,Thị Trấn Dầu Giây,D50,39800.0
04/06/2025,75,Đồng Nai,26326,Thị Trấn Dầu Giây,D64,384113.0
04/06/2025,75,Đồng Nai,26326,Thị Trấn Dầu Giây,E11,25662024.0
04/06/2025,75,Đồng Nai,26326,Thị Trấn Dầu Giây,E78,1851726.0
04/06/2025,75,Đồng Nai,26326,Thị Trấn Dầu Giây,E89,39800.0
04/06/2025,75,Đồng Nai,26326,Thị Trấn Dầu Giây,F41,39800.0
04/06/2025,75,Đồng Nai,26326,Thị Trấn Dầu Giây,F51,39800.0
04/06/2025,75,Đồng Nai,26326,Thị Trấn Dầu Giây,G47,186310.0
04/06/2025,75,Đồng Nai,26326,Thị Trấn Dầu Giây,G50,137428.0
04/06/2025,75,Đồng Nai,26326,Thị Trấn Dầu Giây,G56,127044.0
04/06/2025,75,Đồng Nai,26326,Thị Trấn Dầu Giây,G64,70600.0
04/06/2025,75,Đồng Nai,26326,Thị Trấn Dầu Giây,G81,2354300.0
04/06/2025,75,Đồng Nai,26326,Thị Trấn Dầu Giây,H00,286740.0
04/06/2025,75,Đồng Nai,26326,Thị Trấn Dầu Giây,H02,39800.0
04/06/2025,75,Đồng Nai,26326,Thị Trấn Dầu Giây,H04,1060480.0
04/06/2025,75,Đồng Nai,26326,Thị Trấn Dầu Giây,H16,147060.0
04/06/2025,75,Đồng Nai,26326,Thị Trấn Dầu Giây,H25,164340.0
04/06/2025,75,Đồng Nai,26326,Thị Trấn Dầu Giây,H52,39800.0
04/06/2025,75,Đồng Nai,26326,Thị Trấn Dầu Giây,H60,139500.0
04/06/2025,75,Đồng Nai,26326,Thị Trấn Dầu Giây,H65,39800.0
04/06/2025,75,Đồng Nai,26326,Thị Trấn Dầu Giây,H81,20355932.0
04/06/2025,75,Đồng Nai,26326,Thị Trấn Dầu Giây,H92,81120.0
04/06/2025,75,Đồng Nai,26326,Thị Trấn Dầu Giây,H94,139244.0
04/06/2025,75,Đồng Nai,26326,Thị Trấn Dầu Giây,I10,12270866.0
04/06/2025,75,Đồng Nai,26326,Thị Trấn Dầu Giây,I20,1170919.0
04/06/2025,75,Đồng Nai,26326,Thị Trấn Dầu Giây,I25,2731844.0
04/06/2025,75,Đồng Nai,26326,Thị Trấn Dầu Giây,I50,666297.0
04/06/2025,75,Đồng Nai,26326,Thị Trấn Dầu Giây,I63,79700.0
04/06/2025,75,Đồng Nai,26326,Thị Trấn Dầu Giây,I83,1060360.0
04/06/2025,75,Đồng Nai,26326,Thị Trấn Dầu Giây,I87,311580.0
04/06/2025,75,Đồng Nai,26326,Thị Trấn Dầu Giây,I95,2083996.0
04/06/2025,75,Đồng Nai,26326,Thị Trấn Dầu Giây,J02,1482702.0
04/06/2025,75,Đồng Nai,26326,Thị Trấn Dầu Giây,J03,176480.0
04/06/2025,75,Đồng Nai,26326,Thị Trấn Dầu Giây,J04,405873.0
04/06/2025,75,Đồng Nai,26326,Thị Trấn Dầu Giây,J06,3704117.0
04/06/2025,75,Đồng Nai,26326,Thị Trấn Dầu Giây,J15,8340992.0
04/06/2025,75,Đồng Nai,26326,Thị Trấn Dầu Giây,J18,413278.0
04/06/2025,75,Đồng Nai,26326,Thị Trấn Dầu Giây,J20,3970868.0
04/06/2025,75,Đồng Nai,26326,Thị Trấn Dầu Giây,J30,240922.0
04/06/2025,75,Đồng Nai,26326,Thị Trấn Dầu Giây,J31,1019001.0
04/06/2025,75,Đồng Nai,26326,Thị Trấn Dầu Giây,J32,799325.0
04/06/2025,75,Đồng Nai,26326,Thị Trấn Dầu Giây,J41,1787900.0
04/06/2025,75,Đồng Nai,26326,Thị Trấn Dầu Giây,J44,7020648.0
04/06/2025,75,Đồng Nai,26326,Thị Trấn Dầu Giây,J45,740229.0
04/06/2025,75,Đồng Nai,26326,Thị Trấn Dầu Giây,J96,1416736.0
04/06/2025,75,Đồng Nai,26326,Thị Trấn Dầu Giây,K01,206600.0
04/06/2025,75,Đồng Nai,26326,Thị Trấn Dầu Giây,K02,1693225.0
04/06/2025,75,Đồng Nai,26326,Thị Trấn Dầu Giây,K04,3164420.0
04/06/2025,75,Đồng Nai,26326,Thị Trấn Dầu Giây,K14,85300.0
04/06/2025,75,Đồng Nai,26326,Thị Trấn Dầu Giây,K21,2883811.0
04/06/2025,75,Đồng Nai,26326,Thị Trấn Dầu Giây,K29,91000.0
04/06/2025,75,Đồng Nai,26326,Thị Trấn Dầu Giây,K30,1964901.0
04/06/2025,75,Đồng Nai,26326,Thị Trấn Dầu Giây,K52,1922363.0
04/06/2025,75,Đồng Nai,26326,Thị Trấn Dầu Giây,K59,391260.0
04/06/2025,75,Đồng Nai,26326,Thị Trấn Dầu Giây,K60,39800.0
04/06/2025,75,Đồng Nai,26326,Thị Trấn Dầu Giây,K64,383071.0
04/06/2025,75,Đồng Nai,26326,Thị Trấn Dầu Giây,K75,448670.0
04/06/2025,75,Đồng Nai,26326,Thị Trấn Dầu Giây,K76,714256.0
04/06/2025,75,Đồng Nai,26326,Thị Trấn Dầu Giây,L02,390300.0
04/06/2025,75,Đồng Nai,26326,Thị Trấn Dầu Giây,M10,485230.0
04/06/2025,75,Đồng Nai,26326,Thị Trấn Dầu Giây,M13,824813.0
04/06/2025,75,Đồng Nai,26326,Thị Trấn Dầu Giây,M17,1689041.0
04/06/2025,75,Đồng Nai,26326,Thị Trấn Dầu Giây,M19,940501.0
04/06/2025,75,Đồng Nai,26326,Thị Trấn Dầu Giây,M25,89630.0
04/06/2025,75,Đồng Nai,26326,Thị Trấn Dầu Giây,M33,139826.0
04/06/2025,75,Đồng Nai,26326,Thị Trấn Dầu Giây,M47,4246787.0
04/06/2025,75,Đồng Nai,26326,Thị Trấn Dầu Giây,M48,410049.0
04/06/2025,75,Đồng Nai,26326,Thị Trấn Dầu Giây,M54,5170670.0
04/06/2025,75,Đồng Nai,26326,Thị Trấn Dầu Giây,M79,170328.0
04/06/2025,75,Đồng Nai,26326,Thị Trấn Dầu Giây,N13,279173.0
04/06/2025,75,Đồng Nai,26326,Thị Trấn Dầu Giây,N18,79600.0
04/06/2025,75,Đồng Nai,26326,Thị Trấn Dầu Giây,N20,850284.0
04/06/2025,75,Đồng Nai,26326,Thị Trấn Dầu Giây,N39,392000.0
04/06/2025,75,Đồng Nai,26326,Thị Trấn Dầu Giây,N40,494333.0
04/06/2025,75,Đồng Nai,26326,Thị Trấn Dầu Giây,N76,363390.0
04/06/2025,75,Đồng Nai,26326,Thị Trấn Dầu Giây,N81,39800.0
04/06/2025,75,Đồng Nai,26326,Thị Trấn Dầu Giây,N92,190496.0
04/06/2025,75,Đồng Nai,26326,Thị Trấn Dầu Giây,O47,174600.0
04/06/2025,75,Đồng Nai,26326,Thị Trấn Dầu Giây,R00,289587.0
04/06/2025,75,Đồng Nai,26326,Thị Trấn Dầu Giây,R10,1690243.0
04/06/2025,75,Đồng Nai,26326,Thị Trấn Dầu Giây,R42,756330.0
04/06/2025,75,Đồng Nai,26326,Thị Trấn Dầu Giây,R51,42680.0
04/06/2025,75,Đồng Nai,26326,Thị Trấn Dầu Giây,R64,1300773.0
04/06/2025,75,Đồng Nai,26326,Thị Trấn Dầu Giây,R73,6442631.0
04/06/2025,75,Đồng Nai,26326,Thị Trấn Dầu Giây,S00,235809.0
04/06/2025,75,Đồng Nai,26326,Thị Trấn Dầu Giây,S01,61184.0
04/06/2025,75,Đồng Nai,26326,Thị Trấn Dầu Giây,S06,39800.0
04/06/2025,75,Đồng Nai,26326,Thị Trấn Dầu Giây,S20,130509.0
04/06/2025,75,Đồng Nai,26326,Thị Trấn Dầu Giây,S30,222453.0
04/06/2025,75,Đồng Nai,26326,Thị Trấn Dầu Giây,S60,52750.0
04/06/2025,75,Đồng Nai,26326,Thị Trấn Dầu Giây,S70,145640.0
04/06/2025,75,Đồng Nai,26326,Thị Trấn Dầu Giây,S80,499097.0
04/06/2025,75,Đồng Nai,26326,Thị Trấn Dầu Giây,S90,165780.0
04/06/2025,75,Đồng Nai,26326,Thị Trấn Dầu Giây,S91,195009.0
04/06/2025,75,Đồng Nai,26326,Thị Trấn Dầu Giây,T26,384000.0
04/06/2025,75,Đồng Nai,26326,Thị Trấn Dầu Giây,T62,456008.0
04/06/2025,75,Đồng Nai,26326,Thị Trấn Dầu Giây,T78,470800.0
04/06/2025,75,Đồng Nai,26326,Thị Trấn Dầu Giây,T88,566424.0
04/06/2025,75,Đồng Nai,26326,Thị Trấn Dầu Giây,Z09,491514.0
04/06/2025,75,Đồng Nai,26326,Thị Trấn Dầu Giây,Z35,1020600.0
04/06/2025,75,Đồng Nai,26326,Thị Trấn Dầu Giây,Z95,39800.0
04/06/2025,75,Đồng Nai,26326,Thị Trấn Dầu Giây,Z96,186512.0
04/06/2025,75,Đồng Nai,26362,Xã Sông Ray,Khác,0.0
04/06/2025,75,Đồng Nai,26368,Thị Trấn Long Thành,A04,747578.0
04/06/2025,75,Đồng Nai,26368,Thị Trấn Long Thành,A97,86200.0
04/06/2025,75,Đồng Nai,26368,Thị Trấn Long Thành,B33,311010.0
04/06/2025,75,Đồng Nai,26368,Thị Trấn Long Thành,E11,985929.0
04/06/2025,75,Đồng Nai,26368,Thị Trấn Long Thành,H10,116810.0
04/06/2025,75,Đồng Nai,26368,Thị Trấn Long Thành,H81,278616.0
04/06/2025,75,Đồng Nai,26368,Thị Trấn Long Thành,I10,321126.0
04/06/2025,75,Đồng Nai,26368,Thị Trấn Long Thành,I20,199350.0
04/06/2025,75,Đồng Nai,26368,Thị Trấn Long Thành,J02,63248.0
04/06/2025,75,Đồng Nai,26368,Thị Trấn Long Thành,J06,1208784.0
04/06/2025,75,Đồng Nai,26368,Thị Trấn Long Thành,J20,543822.0
04/06/2025,75,Đồng Nai,26368,Thị Trấn Long Thành,K29,142025.0
04/06/2025,75,Đồng Nai,26368,Thị Trấn Long Thành,K74,438450.0
04/06/2025,75,Đồng Nai,26368,Thị Trấn Long Thành,K81,232950.0
04/06/2025,75,Đồng Nai,26368,Thị Trấn Long Thành,Khác,0.0
04/06/2025,75,Đồng Nai,26368,Thị Trấn Long Thành,L02,5169024.0
04/06/2025,75,Đồng Nai,26368,Thị Trấn Long Thành,L20,375098.0
04/06/2025,75,Đồng Nai,26368,Thị Trấn Long Thành,L23,46055.0
04/06/2025,75,Đồng Nai,26368,Thị Trấn Long Thành,L28,49350.0
04/06/2025,75,Đồng Nai,26368,Thị Trấn Long Thành,M02,150900.0
04/06/2025,75,Đồng Nai,26368,Thị Trấn Long Thành,M17,247100.0
04/06/2025,75,Đồng Nai,26368,Thị Trấn Long Thành,M54,322160.0
04/06/2025,75,Đồng Nai,26368,Thị Trấn Long Thành,M77,172790.0
04/06/2025,75,Đồng Nai,26368,Thị Trấn Long Thành,N30,177740.0
04/06/2025,75,Đồng Nai,26368,Thị Trấn Long Thành,N39,165970.0
04/06/2025,75,Đồng Nai,26368,Thị Trấn Long Thành,N92,97872.0
04/06/2025,75,Đồng Nai,26368,Thị Trấn Long Thành,O26,307548.0
04/06/2025,75,Đồng Nai,26368,Thị Trấn Long Thành,R07,88160.0
04/06/2025,75,Đồng Nai,26368,Thị Trấn Long Thành,R10,192120.0
04/06/2025,75,Đồng Nai,26368,Thị Trấn Long Thành,R50,2043048.0
04/06/2025,75,Đồng Nai,26368,Thị Trấn Long Thành,S01,114000.0
04/06/2025,75,Đồng Nai,26368,Thị Trấn Long Thành,S20,224340.0
04/06/2025,75,Đồng Nai,26368,Thị Trấn Long Thành,S30,95100.0
04/06/2025,75,Đồng Nai,26368,Thị Trấn Long Thành,S62,38300.0
04/06/2025,75,Đồng Nai,26368,Thị Trấn Long Thành,S70,194660.0
04/06/2025,75,Đồng Nai,26368,Thị Trấn Long Thành,S71,128000.0
04/06/2025,75,Đồng Nai,26368,Thị Trấn Long Thành,S82,122400.0
04/06/2025,75,Đồng Nai,26368,Thị Trấn Long Thành,S91,160860.0
04/06/2025,75,Đồng Nai,26368,Thị Trấn Long Thành,Z32,322216.0
04/06/2025,75,Đồng Nai,26368,Thị Trấn Long Thành,Z97,146750.0
04/06/2025,75,Đồng Nai,26374,Phường Tam Phước,Khác,0.0
04/06/2025,75,Đồng Nai,26377,Phường Phước Tân,A15,19210551.0
04/06/2025,75,Đồng Nai,26377,Phường Phước Tân,A16,15485579.0
04/06/2025,75,Đồng Nai,26377,Phường Phước Tân,A17,45000.0
04/06/2025,75,Đồng Nai,26377,Phường Phước Tân,J40,455749.0
04/06/2025,75,Đồng Nai,26377,Phường Phước Tân,J44,3786124.0
04/06/2025,75,Đồng Nai,26377,Phường Phước Tân,J45,946626.0
04/06/2025,75,Đồng Nai,26377,Phường Phước Tân,K56,3305422.0
04/06/2025,75,Đồng Nai,26377,Phường Phước Tân,U84,6297700.0
04/06/2025,75,Đồng Nai,26416,Xã Phước Bình,Khác,0.0
04/06/2025,75,Đồng Nai,26452,Xã Suối Cát,Khác,0.0
04/06/2025,75,Đồng Nai,26455,Xã Xuân Hiệp,Khác,0.0
04/06/2025,75,Đồng Nai,26497,Xã Vĩnh Thanh,Khác,0.0
04/07/2024,75,Đồng Nai,26206,Thị Trấn Định Quán,Khác,0.0
05/01/2025,75,Đồng Nai,26341,Thị Trấn Long Giao,Khác,0.0
05/01/2025,75,Đồng Nai,26452,Xã Suối Cát,Khác,0.0
05/02/2025,75,Đồng Nai,25993,Phường Trảng Dài,Khác,0.0
05/02/2025,75,Đồng Nai,26026,Phường Tân Mai,Khác,0.0
05/02/2025,75,Đồng Nai,26080,Phường Xuân An,Khác,0.0
05/02/2025,75,Đồng Nai,26248,Thị Trấn Trảng Bom,Khác,0.0
05/02/2025,75,Đồng Nai,26341,Thị Trấn Long Giao,Khác,0.0
05/02/2025,75,Đồng Nai,26452,Xã Suối Cát,Khác,0.0
05/03/2025,75,Đồng Nai,26026,Phường Tân Mai,Khác,0.0
05/03/2025,75,Đồng Nai,26080,Phường Xuân An,Khác,0.0
05/03/2025,75,Đồng Nai,26248,Thị Trấn Trảng Bom,Khác,0.0
05/03/2025,75,Đồng Nai,26326,Thị Trấn Dầu Giây,Khác,0.0
05/03/2025,75,Đồng Nai,26452,Xã Suối Cát,Khác,0.0
05/04/2025,75,Đồng Nai,25999,Phường Tân Biên,Khác,0.0
05/04/2025,75,Đồng Nai,26095,Phường Suối Tre,Khác,0.0
05/04/2025,75,Đồng Nai,26116,Thị Trấn Tân Phú,Khác,0.0
05/04/2025,75,Đồng Nai,26248,Thị Trấn Trảng Bom,Khác,0.0
05/04/2025,75,Đồng Nai,26272,Xã Hố Nai 3,Khác,0.0
05/04/2025,75,Đồng Nai,26326,Thị Trấn Dầu Giây,Khác,0.0
05/04/2025,75,Đồng Nai,26368,Thị Trấn Long Thành,Khác,0.0
05/04/2025,75,Đồng Nai,26440,Xã Xuân Trường,Khác,0.0
05/04/2025,75,Đồng Nai,26452,Xã Suối Cát,Khác,0.0
05/05/2025,75,Đồng Nai,25993,Phường Trảng Dài,Khác,0.0
05/05/2025,75,Đồng Nai,25996,Phường Tân Phong,Khác,0.0
05/05/2025,75,Đồng Nai,25999,Phường Tân Biên,Khác,0.0
05/05/2025,75,Đồng Nai,26008,Phường Tân Hiệp,Khác,0.0
05/05/2025,75,Đồng Nai,26017,Phường Tam Hiệp,Khác,0.0
05/05/2025,75,Đồng Nai,26029,Phường Thống Nhất,Khác,0.0
05/05/2025,75,Đồng Nai,26068,Phường Hóa An,Khác,0.0
05/05/2025,75,Đồng Nai,26095,Phường Suối Tre,Khác,0.0
05/05/2025,75,Đồng Nai,26116,Thị Trấn Tân Phú,Khác,0.0
05/05/2025,75,Đồng Nai,26188,Xã Thạnh Phú,Khác,0.0
05/05/2025,75,Đồng Nai,26206,Thị Trấn Định Quán,Khác,0.0
05/05/2025,75,Đồng Nai,26272,Xã Hố Nai 3,Khác,0.0
05/05/2025,75,Đồng Nai,26326,Thị Trấn Dầu Giây,Khác,0.0
05/05/2025,75,Đồng Nai,26362,Xã Sông Ray,Khác,0.0
05/05/2025,75,Đồng Nai,26368,Thị Trấn Long Thành,Khác,0.0
05/05/2025,75,Đồng Nai,26377,Phường Phước Tân,Khác,0.0
05/05/2025,75,Đồng Nai,26383,Xã An Phước,Khác,0.0
05/05/2025,75,Đồng Nai,26440,Xã Xuân Trường,Khác,0.0
05/05/2025,75,Đồng Nai,26452,Xã Suối Cát,Khác,0.0
05/05/2025,75,Đồng Nai,26455,Xã Xuân Hiệp,Khác,0.0
05/05/2025,75,Đồng Nai,26497,Xã Vĩnh Thanh,Khác,0.0
05/06/2025,75,Đồng Nai,25996,Phường Tân Phong,Khác,0.0
05/06/2025,75,Đồng Nai,26017,Phường Tam Hiệp,Khác,0.0
05/06/2025,75,Đồng Nai,26020,Phường Long Bình,A75,93050.0
05/06/2025,75,Đồng Nai,26020,Phường Long Bình,I10,41046.0
05/06/2025,75,Đồng Nai,26020,Phường Long Bình,J06,213780.0
05/06/2025,75,Đồng Nai,26020,Phường Long Bình,J20,122060.0
05/06/2025,75,Đồng Nai,26020,Phường Long Bình,J40,123165.0
05/06/2025,75,Đồng Nai,26020,Phường Long Bình,J42,90420.0
05/06/2025,75,Đồng Nai,26020,Phường Long Bình,K29,138380.0
05/06/2025,75,Đồng Nai,26020,Phường Long Bình,K52,104240.0
05/06/2025,75,Đồng Nai,26020,Phường Long Bình,K58,209576.0
05/06/2025,75,Đồng Nai,26020,Phường Long Bình,K75,204140.0
05/06/2025,75,Đồng Nai,26020,Phường Long Bình,Khác,0.0
05/06/2025,75,Đồng Nai,26020,Phường Long Bình,N39,85554.0
05/06/2025,75,Đồng Nai,26020,Phường Long Bình,N94,258860.0
05/06/2025,75,Đồng Nai,26020,Phường Long Bình,R10,289320.0
05/06/2025,75,Đồng Nai,26020,Phường Long Bình,R50,158740.0
05/06/2025,75,Đồng Nai,26020,Phường Long Bình,R51,118960.0
05/06/2025,75,Đồng Nai,26020,Phường Long Bình,S50,149870.0
05/06/2025,75,Đồng Nai,26029,Phường Thống Nhất,Khác,0.0
05/06/2025,75,Đồng Nai,26050,Phường An Bình,Khác,0.0
05/06/2025,75,Đồng Nai,26068,Phường Hóa An,B01,191000.0
05/06/2025,75,Đồng Nai,26068,Phường Hóa An,B34,273600.0
05/06/2025,75,Đồng Nai,26068,Phường Hóa An,B73,179890.0
05/06/2025,75,Đồng Nai,26068,Phường Hóa An,E11,1186660.0
05/06/2025,75,Đồng Nai,26068,Phường Hóa An,E78,350170.0
05/06/2025,75,Đồng Nai,26068,Phường Hóa An,G57,656088.0
05/06/2025,75,Đồng Nai,26068,Phường Hóa An,H00,150800.0
05/06/2025,75,Đồng Nai,26068,Phường Hóa An,H10,301600.0
05/06/2025,75,Đồng Nai,26068,Phường Hóa An,H81,1287978.0
05/06/2025,75,Đồng Nai,26068,Phường Hóa An,I10,3479151.0
05/06/2025,75,Đồng Nai,26068,Phường Hóa An,I83,1180100.0
05/06/2025,75,Đồng Nai,26068,Phường Hóa An,J06,2185085.0
05/06/2025,75,Đồng Nai,26068,Phường Hóa An,J20,1380915.0
05/06/2025,75,Đồng Nai,26068,Phường Hóa An,J39,887825.0
05/06/2025,75,Đồng Nai,26068,Phường Hóa An,K21,1510516.0
05/06/2025,75,Đồng Nai,26068,Phường Hóa An,K29,106500.0
05/06/2025,75,Đồng Nai,26068,Phường Hóa An,K30,88160.0
05/06/2025,75,Đồng Nai,26068,Phường Hóa An,K58,209300.0
05/06/2025,75,Đồng Nai,26068,Phường Hóa An,Khác,0.0
05/06/2025,75,Đồng Nai,26068,Phường Hóa An,M10,99812.0
05/06/2025,75,Đồng Nai,26068,Phường Hóa An,M17,893954.0
05/06/2025,75,Đồng Nai,26068,Phường Hóa An,M25,806470.0
05/06/2025,75,Đồng Nai,26068,Phường Hóa An,M47,1868701.0
05/06/2025,75,Đồng Nai,26068,Phường Hóa An,M53,85570.0
05/06/2025,75,Đồng Nai,26068,Phường Hóa An,M54,5422521.0
05/06/2025,75,Đồng Nai,26068,Phường Hóa An,M75,110294.0
05/06/2025,75,Đồng Nai,26068,Phường Hóa An,M76,69890.0
05/06/2025,75,Đồng Nai,26068,Phường Hóa An,M77,607610.0
05/06/2025,75,Đồng Nai,26068,Phường Hóa An,N64,280200.0
05/06/2025,75,Đồng Nai,26068,Phường Hóa An,N76,424895.0
05/06/2025,75,Đồng Nai,26068,Phường Hóa An,R07,106100.0
05/06/2025,75,Đồng Nai,26068,Phường Hóa An,R10,460160.0
05/06/2025,75,Đồng Nai,26068,Phường Hóa An,Z32,170700.0
05/06/2025,75,Đồng Nai,26095,Phường Suối Tre,Khác,0.0
05/06/2025,75,Đồng Nai,26206,Thị Trấn Định Quán,Khác,0.0
05/06/2025,75,Đồng Nai,26239,Xã Túc Trưng,Khác,0.0
05/06/2025,75,Đồng Nai,26272,Xã Hố Nai 3,Khác,0.0
05/06/2025,75,Đồng Nai,26296,Xã An Viễn,Khác,0.0
05/06/2025,75,Đồng Nai,26299,Xã Gia Tân 1,Khác,0.0
05/06/2025,75,Đồng Nai,26311,Xã Quang Trung,Khác,0.0
05/06/2025,75,Đồng Nai,26317,Xã Hưng Lộc,Khác,0.0
05/06/2025,75,Đồng Nai,26326,Thị Trấn Dầu Giây,A04,3340310.0
05/06/2025,75,Đồng Nai,26326,Thị Trấn Dầu Giây,A08,1605270.0
05/06/2025,75,Đồng Nai,26326,Thị Trấn Dầu Giây,A15,1156960.0
05/06/2025,75,Đồng Nai,26326,Thị Trấn Dầu Giây,A75,972096.0
05/06/2025,75,Đồng Nai,26326,Thị Trấn Dầu Giây,A97,10701044.0
05/06/2025,75,Đồng Nai,26326,Thị Trấn Dầu Giây,B08,225742.0
05/06/2025,75,Đồng Nai,26326,Thị Trấn Dầu Giây,B16,159200.0
05/06/2025,75,Đồng Nai,26326,Thị Trấn Dầu Giây,B18,79600.0
05/06/2025,75,Đồng Nai,26326,Thị Trấn Dầu Giây,B34,5179772.0
05/06/2025,75,Đồng Nai,26326,Thị Trấn Dầu Giây,B35,441140.0
05/06/2025,75,Đồng Nai,26326,Thị Trấn Dầu Giây,B48,348898.0
05/06/2025,75,Đồng Nai,26326,Thị Trấn Dầu Giây,B98,238800.0
05/06/2025,75,Đồng Nai,26326,Thị Trấn Dầu Giây,C73,79600.0
05/06/2025,75,Đồng Nai,26326,Thị Trấn Dầu Giây,D13,79600.0
05/06/2025,75,Đồng Nai,26326,Thị Trấn Dầu Giây,D23,9407912.0
05/06/2025,75,Đồng Nai,26326,Thị Trấn Dầu Giây,D25,79600.0
05/06/2025,75,Đồng Nai,26326,Thị Trấn Dầu Giây,D44,79600.0
05/06/2025,75,Đồng Nai,26326,Thị Trấn Dầu Giây,D64,2853776.0
05/06/2025,75,Đồng Nai,26326,Thị Trấn Dầu Giây,E07,79600.0
05/06/2025,75,Đồng Nai,26326,Thị Trấn Dầu Giây,E11,42616067.0
05/06/2025,75,Đồng Nai,26326,Thị Trấn Dầu Giây,E58,224670.0
05/06/2025,75,Đồng Nai,26326,Thị Trấn Dầu Giây,E78,2783704.0
05/06/2025,75,Đồng Nai,26326,Thị Trấn Dầu Giây,G45,79600.0
05/06/2025,75,Đồng Nai,26326,Thị Trấn Dầu Giây,G47,1942726.0
05/06/2025,75,Đồng Nai,26326,Thị Trấn Dầu Giây,G56,546368.0
05/06/2025,75,Đồng Nai,26326,Thị Trấn Dầu Giây,G64,281340.0
05/06/2025,75,Đồng Nai,26326,Thị Trấn Dầu Giây,H04,3493128.0
05/06/2025,75,Đồng Nai,26326,Thị Trấn Dầu Giây,H11,213344.0
05/06/2025,75,Đồng Nai,26326,Thị Trấn Dầu Giây,H26,79600.0
05/06/2025,75,Đồng Nai,26326,Thị Trấn Dầu Giây,H60,647506.0
05/06/2025,75,Đồng Nai,26326,Thị Trấn Dầu Giây,H66,329504.0
05/06/2025,75,Đồng Nai,26326,Thị Trấn Dầu Giây,H81,17641596.0
05/06/2025,75,Đồng Nai,26326,Thị Trấn Dầu Giây,H92,276500.0
05/06/2025,75,Đồng Nai,26326,Thị Trấn Dầu Giây,I10,32886544.0
05/06/2025,75,Đồng Nai,26326,Thị Trấn Dầu Giây,I20,2798742.0
05/06/2025,75,Đồng Nai,26326,Thị Trấn Dầu Giây,I25,1914748.0
05/06/2025,75,Đồng Nai,26326,Thị Trấn Dầu Giây,I48,79600.0
05/06/2025,75,Đồng Nai,26326,Thị Trấn Dầu Giây,I64,79600.0
05/06/2025,75,Đồng Nai,26326,Thị Trấn Dầu Giây,I83,2269894.0
05/06/2025,75,Đồng Nai,26326,Thị Trấn Dầu Giây,J00,889992.0
05/06/2025,75,Đồng Nai,26326,Thị Trấn Dầu Giây,J02,5568158.0
05/06/2025,75,Đồng Nai,26326,Thị Trấn Dầu Giây,J03,2552072.0
05/06/2025,75,Đồng Nai,26326,Thị Trấn Dầu Giây,J06,3429752.0
05/06/2025,75,Đồng Nai,26326,Thị Trấn Dầu Giây,J18,419596.0
05/06/2025,75,Đồng Nai,26326,Thị Trấn Dầu Giây,J20,11131274.0
05/06/2025,75,Đồng Nai,26326,Thị Trấn Dầu Giây,J30,377674.0
05/06/2025,75,Đồng Nai,26326,Thị Trấn Dầu Giây,J31,2651472.0
05/06/2025,75,Đồng Nai,26326,Thị Trấn Dầu Giây,J32,2096242.0
05/06/2025,75,Đồng Nai,26326,Thị Trấn Dầu Giây,J41,1917372.0
05/06/2025,75,Đồng Nai,26326,Thị Trấn Dầu Giây,J44,2485300.0
05/06/2025,75,Đồng Nai,26326,Thị Trấn Dầu Giây,J45,411958.0
05/06/2025,75,Đồng Nai,26326,Thị Trấn Dầu Giây,K02,7060600.0
05/06/2025,75,Đồng Nai,26326,Thị Trấn Dầu Giây,K04,2426600.0
05/06/2025,75,Đồng Nai,26326,Thị Trấn Dầu Giây,K05,843500.0
05/06/2025,75,Đồng Nai,26326,Thị Trấn Dầu Giây,K21,3580228.0
05/06/2025,75,Đồng Nai,26326,Thị Trấn Dầu Giây,K30,1784302.0
05/06/2025,75,Đồng Nai,26326,Thị Trấn Dầu Giây,K52,2709396.0
05/06/2025,75,Đồng Nai,26326,Thị Trấn Dầu Giây,K59,216156.0
05/06/2025,75,Đồng Nai,26326,Thị Trấn Dầu Giây,K64,2090464.0
05/06/2025,75,Đồng Nai,26326,Thị Trấn Dầu Giây,K74,79600.0
05/06/2025,75,Đồng Nai,26326,Thị Trấn Dầu Giây,K76,228350.0
05/06/2025,75,Đồng Nai,26326,Thị Trấn Dầu Giây,K93,312984.0
05/06/2025,75,Đồng Nai,26326,Thị Trấn Dầu Giây,L02,493440.0
05/06/2025,75,Đồng Nai,26326,Thị Trấn Dầu Giây,L04,789390.0
05/06/2025,75,Đồng Nai,26326,Thị Trấn Dầu Giây,L23,79600.0
05/06/2025,75,Đồng Nai,26326,Thị Trấn Dầu Giây,L28,839618.0
05/06/2025,75,Đồng Nai,26326,Thị Trấn Dầu Giây,M13,1505884.0
05/06/2025,75,Đồng Nai,26326,Thị Trấn Dầu Giây,M17,2983718.0
05/06/2025,75,Đồng Nai,26326,Thị Trấn Dầu Giây,M19,944946.0
05/06/2025,75,Đồng Nai,26326,Thị Trấn Dầu Giây,M25,863910.0
05/06/2025,75,Đồng Nai,26326,Thị Trấn Dầu Giây,M47,14021230.0
05/06/2025,75,Đồng Nai,26326,Thị Trấn Dầu Giây,M50,79600.0
05/06/2025,75,Đồng Nai,26326,Thị Trấn Dầu Giây,M51,79600.0
05/06/2025,75,Đồng Nai,26326,Thị Trấn Dầu Giây,M54,7016454.0
05/06/2025,75,Đồng Nai,26326,Thị Trấn Dầu Giây,M62,706540.0
05/06/2025,75,Đồng Nai,26326,Thị Trấn Dầu Giây,M65,448528.0
05/06/2025,75,Đồng Nai,26326,Thị Trấn Dầu Giây,M75,1343942.0
05/06/2025,75,Đồng Nai,26326,Thị Trấn Dầu Giây,N20,1491398.0
05/06/2025,75,Đồng Nai,26326,Thị Trấn Dầu Giây,N23,315704.0
05/06/2025,75,Đồng Nai,26326,Thị Trấn Dầu Giây,N39,376460.0
05/06/2025,75,Đồng Nai,26326,Thị Trấn Dầu Giây,N40,295858.0
05/06/2025,75,Đồng Nai,26326,Thị Trấn Dầu Giây,N64,844608.0
05/06/2025,75,Đồng Nai,26326,Thị Trấn Dầu Giây,N76,2078080.0
05/06/2025,75,Đồng Nai,26326,Thị Trấn Dầu Giây,O03,271800.0
05/06/2025,75,Đồng Nai,26326,Thị Trấn Dầu Giây,O20,6900618.0
05/06/2025,75,Đồng Nai,26326,Thị Trấn Dầu Giây,O21,1776262.0
05/06/2025,75,Đồng Nai,26326,Thị Trấn Dầu Giây,R00,437670.0
05/06/2025,75,Đồng Nai,26326,Thị Trấn Dầu Giây,R10,3509908.0
05/06/2025,75,Đồng Nai,26326,Thị Trấn Dầu Giây,R42,2972034.0
05/06/2025,75,Đồng Nai,26326,Thị Trấn Dầu Giây,R51,174560.0
05/06/2025,75,Đồng Nai,26326,Thị Trấn Dầu Giây,R64,631960.0
05/06/2025,75,Đồng Nai,26326,Thị Trấn Dầu Giây,R73,370180.0
05/06/2025,75,Đồng Nai,26326,Thị Trấn Dầu Giây,S00,705574.0
05/06/2025,75,Đồng Nai,26326,Thị Trấn Dầu Giây,S01,303358.0
05/06/2025,75,Đồng Nai,26326,Thị Trấn Dầu Giây,S06,79600.0
05/06/2025,75,Đồng Nai,26326,Thị Trấn Dầu Giây,S20,1995934.0
05/06/2025,75,Đồng Nai,26326,Thị Trấn Dầu Giây,S60,380906.0
05/06/2025,75,Đồng Nai,26326,Thị Trấn Dầu Giây,S61,1154788.0
05/06/2025,75,Đồng Nai,26326,Thị Trấn Dầu Giây,S80,79600.0
05/06/2025,75,Đồng Nai,26326,Thị Trấn Dầu Giây,S90,422770.0
05/06/2025,75,Đồng Nai,26326,Thị Trấn Dầu Giây,S91,1007436.0
05/06/2025,75,Đồng Nai,26326,Thị Trấn Dầu Giây,T15,416344.0
05/06/2025,75,Đồng Nai,26326,Thị Trấn Dầu Giây,T78,1458048.0
05/06/2025,75,Đồng Nai,26326,Thị Trấn Dầu Giây,T93,91120.0
05/06/2025,75,Đồng Nai,26326,Thị Trấn Dầu Giây,Z09,836600.0
05/06/2025,75,Đồng Nai,26326,Thị Trấn Dầu Giây,Z35,1866000.0
05/06/2025,75,Đồng Nai,26326,Thị Trấn Dầu Giây,Z95,79600.0
05/06/2025,75,Đồng Nai,26326,Thị Trấn Dầu Giây,Z98,79600.0
05/06/2025,75,Đồng Nai,26362,Xã Sông Ray,Khác,0.0
05/06/2025,75,Đồng Nai,26368,Thị Trấn Long Thành,A97,450202.0
05/06/2025,75,Đồng Nai,26368,Thị Trấn Long Thành,B01,128280.0
05/06/2025,75,Đồng Nai,26368,Thị Trấn Long Thành,B33,334952.0
05/06/2025,75,Đồng Nai,26368,Thị Trấn Long Thành,D21,133300.0
05/06/2025,75,Đồng Nai,26368,Thị Trấn Long Thành,E11,349490.0
05/06/2025,75,Đồng Nai,26368,Thị Trấn Long Thành,H01,142980.0
05/06/2025,75,Đồng Nai,26368,Thị Trấn Long Thành,H65,132900.0
05/06/2025,75,Đồng Nai,26368,Thị Trấn Long Thành,H81,187160.0
05/06/2025,75,Đồng Nai,26368,Thị Trấn Long Thành,I69,90890.0
05/06/2025,75,Đồng Nai,26368,Thị Trấn Long Thành,J03,151720.0
05/06/2025,75,Đồng Nai,26368,Thị Trấn Long Thành,J06,815687.0
05/06/2025,75,Đồng Nai,26368,Thị Trấn Long Thành,J20,255950.0
05/06/2025,75,Đồng Nai,26368,Thị Trấn Long Thành,J45,185170.0
05/06/2025,75,Đồng Nai,26368,Thị Trấn Long Thành,K21,139830.0
05/06/2025,75,Đồng Nai,26368,Thị Trấn Long Thành,K29,137300.0
05/06/2025,75,Đồng Nai,26368,Thị Trấn Long Thành,Khác,0.0
05/06/2025,75,Đồng Nai,26368,Thị Trấn Long Thành,L20,174336.0
05/06/2025,75,Đồng Nai,26368,Thị Trấn Long Thành,L50,66330.0
05/06/2025,75,Đồng Nai,26368,Thị Trấn Long Thành,M48,147352.0
05/06/2025,75,Đồng Nai,26368,Thị Trấn Long Thành,M54,210640.0
05/06/2025,75,Đồng Nai,26368,Thị Trấn Long Thành,N76,36500.0
05/06/2025,75,Đồng Nai,26368,Thị Trấn Long Thành,N92,97872.0
05/06/2025,75,Đồng Nai,26368,Thị Trấn Long Thành,O20,101568.0
05/06/2025,75,Đồng Nai,26368,Thị Trấn Long Thành,O26,952418.0
05/06/2025,75,Đồng Nai,26368,Thị Trấn Long Thành,O30,97872.0
05/06/2025,75,Đồng Nai,26368,Thị Trấn Long Thành,R50,1141301.0
05/06/2025,75,Đồng Nai,26368,Thị Trấn Long Thành,S20,123080.0
05/06/2025,75,Đồng Nai,26368,Thị Trấn Long Thành,S52,127800.0
05/06/2025,75,Đồng Nai,26368,Thị Trấn Long Thành,S90,786960.0
05/06/2025,75,Đồng Nai,26368,Thị Trấn Long Thành,S91,109700.0
05/06/2025,75,Đồng Nai,26368,Thị Trấn Long Thành,T17,76500.0
05/06/2025,75,Đồng Nai,26368,Thị Trấn Long Thành,Z32,195744.0
05/06/2025,75,Đồng Nai,26377,Phường Phước Tân,A15,16770452.0
05/06/2025,75,Đồng Nai,26377,Phường Phước Tân,A16,9318068.0
05/06/2025,75,Đồng Nai,26377,Phường Phước Tân,J44,3135621.0
05/06/2025,75,Đồng Nai,26377,Phường Phước Tân,J45,908475.0
05/06/2025,75,Đồng Nai,26377,Phường Phước Tân,J47,869983.0
05/06/2025,75,Đồng Nai,26416,Xã Phước Bình,Khác,0.0
05/06/2025,75,Đồng Nai,26452,Xã Suối Cát,Khác,0.0
05/06/2025,75,Đồng Nai,26455,Xã Xuân Hiệp,Khác,0.0
05/06/2025,75,Đồng Nai,26497,Xã Vĩnh Thanh,Khác,0.0
05/07/2024,75,Đồng Nai,26035,Phường Tam Hòa,Khác,0.0
05/07/2024,75,Đồng Nai,26206,Thị Trấn Định Quán,Khác,0.0
06/01/2025,75,Đồng Nai,26080,Phường Xuân An,Khác,0.0
06/01/2025,75,Đồng Nai,26341,Thị Trấn Long Giao,Khác,0.0
06/01/2025,75,Đồng Nai,26452,Xã Suối Cát,Khác,0.0
06/02/2025,75,Đồng Nai,25993,Phường Trảng Dài,Khác,0.0
06/02/2025,75,Đồng Nai,26026,Phường Tân Mai,Khác,0.0
06/02/2025,75,Đồng Nai,26080,Phường Xuân An,Khác,0.0
06/02/2025,75,Đồng Nai,26248,Thị Trấn Trảng Bom,Khác,0.0
06/02/2025,75,Đồng Nai,26341,Thị Trấn Long Giao,Khác,0.0
06/02/2025,75,Đồng Nai,26452,Xã Suối Cát,Khác,0.0
06/03/2025,75,Đồng Nai,26026,Phường Tân Mai,Khác,0.0
06/03/2025,75,Đồng Nai,26080,Phường Xuân An,Khác,0.0
06/03/2025,75,Đồng Nai,26248,Thị Trấn Trảng Bom,Khác,0.0
06/03/2025,75,Đồng Nai,26452,Xã Suối Cát,Khác,0.0
06/04/2025,75,Đồng Nai,25999,Phường Tân Biên,Khác,0.0
06/04/2025,75,Đồng Nai,26095,Phường Suối Tre,Khác,0.0
06/04/2025,75,Đồng Nai,26116,Thị Trấn Tân Phú,Khác,0.0
06/04/2025,75,Đồng Nai,26248,Thị Trấn Trảng Bom,Khác,0.0
06/04/2025,75,Đồng Nai,26272,Xã Hố Nai 3,Khác,0.0
06/04/2025,75,Đồng Nai,26326,Thị Trấn Dầu Giây,Khác,0.0
06/04/2025,75,Đồng Nai,26368,Thị Trấn Long Thành,Khác,0.0
06/04/2025,75,Đồng Nai,26452,Xã Suối Cát,Khác,0.0
06/05/2025,75,Đồng Nai,25993,Phường Trảng Dài,Khác,0.0
06/05/2025,75,Đồng Nai,25996,Phường Tân Phong,Khác,0.0
06/05/2025,75,Đồng Nai,25999,Phường Tân Biên,Khác,0.0
06/05/2025,75,Đồng Nai,26017,Phường Tam Hiệp,Khác,0.0
06/05/2025,75,Đồng Nai,26029,Phường Thống Nhất,Khác,0.0
06/05/2025,75,Đồng Nai,26068,Phường Hóa An,Khác,0.0
06/05/2025,75,Đồng Nai,26095,Phường Suối Tre,Khác,0.0
06/05/2025,75,Đồng Nai,26116,Thị Trấn Tân Phú,Khác,0.0
06/05/2025,75,Đồng Nai,26188,Xã Thạnh Phú,Khác,0.0
06/05/2025,75,Đồng Nai,26206,Thị Trấn Định Quán,Khác,0.0
06/05/2025,75,Đồng Nai,26272,Xã Hố Nai 3,Khác,0.0
06/05/2025,75,Đồng Nai,26326,Thị Trấn Dầu Giây,Khác,0.0
06/05/2025,75,Đồng Nai,26362,Xã Sông Ray,Khác,0.0
06/05/2025,75,Đồng Nai,26368,Thị Trấn Long Thành,Khác,0.0
06/05/2025,75,Đồng Nai,26377,Phường Phước Tân,Khác,0.0
06/05/2025,75,Đồng Nai,26440,Xã Xuân Trường,Khác,0.0
06/05/2025,75,Đồng Nai,26452,Xã Suối Cát,Khác,0.0
06/05/2025,75,Đồng Nai,26455,Xã Xuân Hiệp,Khác,0.0
06/05/2025,75,Đồng Nai,26497,Xã Vĩnh Thanh,Khác,0.0
06/06/2025,75,Đồng Nai,25996,Phường Tân Phong,G51,912800.0
06/06/2025,75,Đồng Nai,25996,Phường Tân Phong,G56,332000.0
06/06/2025,75,Đồng Nai,25996,Phường Tân Phong,J45,1657053.0
06/06/2025,75,Đồng Nai,25996,Phường Tân Phong,Khác,0.0
06/06/2025,75,Đồng Nai,25996,Phường Tân Phong,M54,21317344.16
06/06/2025,75,Đồng Nai,25996,Phường Tân Phong,M75,975728.9
06/06/2025,75,Đồng Nai,26017,Phường Tam Hiệp,Khác,0.0
06/06/2025,75,Đồng Nai,26020,Phường Long Bình,D25,96440.0
06/06/2025,75,Đồng Nai,26020,Phường Long Bình,I10,91900.0
06/06/2025,75,Đồng Nai,26020,Phường Long Bình,J06,651196.0
06/06/2025,75,Đồng Nai,26020,Phường Long Bình,J20,185670.0
06/06/2025,75,Đồng Nai,26020,Phường Long Bình,J40,131510.0
06/06/2025,75,Đồng Nai,26020,Phường Long Bình,K29,101700.0
06/06/2025,75,Đồng Nai,26020,Phường Long Bình,K52,162840.0
06/06/2025,75,Đồng Nai,26020,Phường Long Bình,K58,602606.0
06/06/2025,75,Đồng Nai,26020,Phường Long Bình,Khác,0.0
06/06/2025,75,Đồng Nai,26020,Phường Long Bình,M25,147130.0
06/06/2025,75,Đồng Nai,26020,Phường Long Bình,M53,41830.0
06/06/2025,75,Đồng Nai,26020,Phường Long Bình,N23,210462.0
06/06/2025,75,Đồng Nai,26020,Phường Long Bình,Q61,160300.0
06/06/2025,75,Đồng Nai,26020,Phường Long Bình,R10,192880.0
06/06/2025,75,Đồng Nai,26020,Phường Long Bình,R51,74090.0
06/06/2025,75,Đồng Nai,26020,Phường Long Bình,T78,51450.0
06/06/2025,75,Đồng Nai,26029,Phường Thống Nhất,Khác,0.0
06/06/2025,75,Đồng Nai,26050,Phường An Bình,Khác,0.0
06/06/2025,75,Đồng Nai,26056,Phường Long Bình Tân,C34,36941670.0
06/06/2025,75,Đồng Nai,26056,Phường Long Bình Tân,K29,33200.0
06/06/2025,75,Đồng Nai,26056,Phường Long Bình Tân,Khác,0.0
06/06/2025,75,Đồng Nai,26056,Phường Long Bình Tân,S06,883200.0
06/06/2025,75,Đồng Nai,26068,Phường Hóa An,A02,226320.0
06/06/2025,75,Đồng Nai,26068,Phường Hóa An,B01,46580.0
06/06/2025,75,Đồng Nai,26068,Phường Hóa An,B73,140053.0
06/06/2025,75,Đồng Nai,26068,Phường Hóa An,B77,109890.0
06/06/2025,75,Đồng Nai,26068,Phường Hóa An,B81,200946.0
06/06/2025,75,Đồng Nai,26068,Phường Hóa An,D50,1604923.0
06/06/2025,75,Đồng Nai,26068,Phường Hóa An,E11,1548150.0
06/06/2025,75,Đồng Nai,26068,Phường Hóa An,E58,65018.0
06/06/2025,75,Đồng Nai,26068,Phường Hóa An,E78,615710.0
06/06/2025,75,Đồng Nai,26068,Phường Hóa An,G57,1899226.0
06/06/2025,75,Đồng Nai,26068,Phường Hóa An,H81,3600483.0
06/06/2025,75,Đồng Nai,26068,Phường Hóa An,I10,3935680.0
06/06/2025,75,Đồng Nai,26068,Phường Hóa An,I20,445550.0
06/06/2025,75,Đồng Nai,26068,Phường Hóa An,I83,387100.0
06/06/2025,75,Đồng Nai,26068,Phường Hóa An,J06,2376973.0
06/06/2025,75,Đồng Nai,26068,Phường Hóa An,J20,1583286.0
06/06/2025,75,Đồng Nai,26068,Phường Hóa An,J39,1024721.0
06/06/2025,75,Đồng Nai,26068,Phường Hóa An,K21,2360314.0
06/06/2025,75,Đồng Nai,26068,Phường Hóa An,K29,219676.0
06/06/2025,75,Đồng Nai,26068,Phường Hóa An,K30,101600.0
06/06/2025,75,Đồng Nai,26068,Phường Hóa An,K58,819600.0
06/06/2025,75,Đồng Nai,26068,Phường Hóa An,K64,73100.0
06/06/2025,75,Đồng Nai,26068,Phường Hóa An,K76,511783.0
06/06/2025,75,Đồng Nai,26068,Phường Hóa An,Khác,0.0
06/06/2025,75,Đồng Nai,26068,Phường Hóa An,M17,350360.0
06/06/2025,75,Đồng Nai,26068,Phường Hóa An,M25,1689292.0
06/06/2025,75,Đồng Nai,26068,Phường Hóa An,M47,2972266.0
06/06/2025,75,Đồng Nai,26068,Phường Hóa An,M54,5043474.0
06/06/2025,75,Đồng Nai,26068,Phường Hóa An,M77,137710.0
06/06/2025,75,Đồng Nai,26068,Phường Hóa An,M79,557430.0
06/06/2025,75,Đồng Nai,26068,Phường Hóa An,N20,159100.0
06/06/2025,75,Đồng Nai,26068,Phường Hóa An,N39,135230.0
06/06/2025,75,Đồng Nai,26068,Phường Hóa An,N64,151848.0
06/06/2025,75,Đồng Nai,26068,Phường Hóa An,N76,72500.0
06/06/2025,75,Đồng Nai,26068,Phường Hóa An,R10,758065.0
06/06/2025,75,Đồng Nai,26068,Phường Hóa An,R51,51188.0
06/06/2025,75,Đồng Nai,26068,Phường Hóa An,R53,57283.0
06/06/2025,75,Đồng Nai,26068,Phường Hóa An,Z32,170700.0
06/06/2025,75,Đồng Nai,26068,Phường Hóa An,Z34,609100.0
06/06/2025,75,Đồng Nai,26095,Phường Suối Tre,Khác,0.0
06/06/2025,75,Đồng Nai,26095,Phường Suối Tre,M54,714900.0
06/06/2025,75,Đồng Nai,26116,Thị Trấn Tân Phú,Khác,0.0
06/06/2025,75,Đồng Nai,26206,Thị Trấn Định Quán,Khác,0.0
06/06/2025,75,Đồng Nai,26239,Xã Túc Trưng,Khác,0.0
06/06/2025,75,Đồng Nai,26272,Xã Hố Nai 3,Khác,0.0
06/06/2025,75,Đồng Nai,26296,Xã An Viễn,Khác,0.0
06/06/2025,75,Đồng Nai,26299,Xã Gia Tân 1,Khác,0.0
06/06/2025,75,Đồng Nai,26317,Xã Hưng Lộc,Khác,0.0
06/06/2025,75,Đồng Nai,26326,Thị Trấn Dầu Giây,A09,706425.0
06/06/2025,75,Đồng Nai,26326,Thị Trấn Dầu Giây,A15,562080.0
06/06/2025,75,Đồng Nai,26326,Thị Trấn Dầu Giây,A97,8076841.0
06/06/2025,75,Đồng Nai,26326,Thị Trấn Dầu Giây,B08,1632080.0
06/06/2025,75,Đồng Nai,26326,Thị Trấn Dầu Giây,B18,993820.0
06/06/2025,75,Đồng Nai,26326,Thị Trấn Dầu Giây,B34,476292.0
06/06/2025,75,Đồng Nai,26326,Thị Trấn Dầu Giây,B83,98400.0
06/06/2025,75,Đồng Nai,26326,Thị Trấn Dầu Giây,B90,39800.0
06/06/2025,75,Đồng Nai,26326,Thị Trấn Dầu Giây,D23,18237370.0
06/06/2025,75,Đồng Nai,26326,Thị Trấn Dầu Giây,D29,181293.0
06/06/2025,75,Đồng Nai,26326,Thị Trấn Dầu Giây,D34,344320.0
06/06/2025,75,Đồng Nai,26326,Thị Trấn Dầu Giây,D61,39800.0
06/06/2025,75,Đồng Nai,26326,Thị Trấn Dầu Giây,D64,738280.0
06/06/2025,75,Đồng Nai,26326,Thị Trấn Dầu Giây,E05,275900.0
06/06/2025,75,Đồng Nai,26326,Thị Trấn Dầu Giây,E11,24964132.0
06/06/2025,75,Đồng Nai,26326,Thị Trấn Dầu Giây,E56,42040.0
06/06/2025,75,Đồng Nai,26326,Thị Trấn Dầu Giây,E58,107700.0
06/06/2025,75,Đồng Nai,26326,Thị Trấn Dầu Giây,E78,3457687.0
06/06/2025,75,Đồng Nai,26326,Thị Trấn Dầu Giây,E83,599335.0
06/06/2025,75,Đồng Nai,26326,Thị Trấn Dầu Giây,E89,280380.0
06/06/2025,75,Đồng Nai,26326,Thị Trấn Dầu Giây,F20,39800.0
06/06/2025,75,Đồng Nai,26326,Thị Trấn Dầu Giây,G44,83440.0
06/06/2025,75,Đồng Nai,26326,Thị Trấn Dầu Giây,G45,180460.0
06/06/2025,75,Đồng Nai,26326,Thị Trấn Dầu Giây,G47,303540.0
06/06/2025,75,Đồng Nai,26326,Thị Trấn Dầu Giây,G51,1891400.0
06/06/2025,75,Đồng Nai,26326,Thị Trấn Dầu Giây,G53,341080.0
06/06/2025,75,Đồng Nai,26326,Thị Trấn Dầu Giây,G64,949236.0
06/06/2025,75,Đồng Nai,26326,Thị Trấn Dầu Giây,H04,780402.0
06/06/2025,75,Đồng Nai,26326,Thị Trấn Dầu Giây,H11,320927.0
06/06/2025,75,Đồng Nai,26326,Thị Trấn Dầu Giây,H25,109140.0
06/06/2025,75,Đồng Nai,26326,Thị Trấn Dầu Giây,H40,79600.0
06/06/2025,75,Đồng Nai,26326,Thị Trấn Dầu Giây,H60,324317.0
06/06/2025,75,Đồng Nai,26326,Thị Trấn Dầu Giây,H81,7130587.0
06/06/2025,75,Đồng Nai,26326,Thị Trấn Dầu Giây,I10,16414141.0
06/06/2025,75,Đồng Nai,26326,Thị Trấn Dầu Giây,I20,3821780.0
06/06/2025,75,Đồng Nai,26326,Thị Trấn Dầu Giây,I25,3112062.0
06/06/2025,75,Đồng Nai,26326,Thị Trấn Dầu Giây,I46,1286085.0
06/06/2025,75,Đồng Nai,26326,Thị Trấn Dầu Giây,I64,39800.0
06/06/2025,75,Đồng Nai,26326,Thị Trấn Dầu Giây,I69,478600.0
06/06/2025,75,Đồng Nai,26326,Thị Trấn Dầu Giây,I83,2211395.0
06/06/2025,75,Đồng Nai,26326,Thị Trấn Dầu Giây,I87,129680.0
06/06/2025,75,Đồng Nai,26326,Thị Trấn Dầu Giây,J00,68615.0
06/06/2025,75,Đồng Nai,26326,Thị Trấn Dầu Giây,J01,257250.0
06/06/2025,75,Đồng Nai,26326,Thị Trấn Dầu Giây,J02,4528274.0
06/06/2025,75,Đồng Nai,26326,Thị Trấn Dầu Giây,J03,1807278.0
06/06/2025,75,Đồng Nai,26326,Thị Trấn Dầu Giây,J06,2577850.0
06/06/2025,75,Đồng Nai,26326,Thị Trấn Dầu Giây,J15,4187199.0
06/06/2025,75,Đồng Nai,26326,Thị Trấn Dầu Giây,J18,3789187.0
06/06/2025,75,Đồng Nai,26326,Thị Trấn Dầu Giây,J20,15251342.0
06/06/2025,75,Đồng Nai,26326,Thị Trấn Dầu Giây,J30,912601.0
06/06/2025,75,Đồng Nai,26326,Thị Trấn Dầu Giây,J31,1233414.0
06/06/2025,75,Đồng Nai,26326,Thị Trấn Dầu Giây,J32,745661.0
06/06/2025,75,Đồng Nai,26326,Thị Trấn Dầu Giây,J34,118700.0
06/06/2025,75,Đồng Nai,26326,Thị Trấn Dầu Giây,J36,102880.0
06/06/2025,75,Đồng Nai,26326,Thị Trấn Dầu Giây,J41,2340349.0
06/06/2025,75,Đồng Nai,26326,Thị Trấn Dầu Giây,J44,6185105.0
06/06/2025,75,Đồng Nai,26326,Thị Trấn Dầu Giây,J45,129860.0
06/06/2025,75,Đồng Nai,26326,Thị Trấn Dầu Giây,K01,89680.0
06/06/2025,75,Đồng Nai,26326,Thị Trấn Dầu Giây,K02,3687656.0
06/06/2025,75,Đồng Nai,26326,Thị Trấn Dầu Giây,K04,188056.0
06/06/2025,75,Đồng Nai,26326,Thị Trấn Dầu Giây,K05,83300.0
06/06/2025,75,Đồng Nai,26326,Thị Trấn Dầu Giây,K11,1838313.0
06/06/2025,75,Đồng Nai,26326,Thị Trấn Dầu Giây,K13,57580.0
06/06/2025,75,Đồng Nai,26326,Thị Trấn Dầu Giây,K14,406020.0
06/06/2025,75,Đồng Nai,26326,Thị Trấn Dầu Giây,K21,2616862.0
06/06/2025,75,Đồng Nai,26326,Thị Trấn Dầu Giây,K29,495540.0
06/06/2025,75,Đồng Nai,26326,Thị Trấn Dầu Giây,K30,861734.0
06/06/2025,75,Đồng Nai,26326,Thị Trấn Dầu Giây,K52,358380.0
06/06/2025,75,Đồng Nai,26326,Thị Trấn Dầu Giây,K58,39800.0
06/06/2025,75,Đồng Nai,26326,Thị Trấn Dầu Giây,K59,656294.0
06/06/2025,75,Đồng Nai,26326,Thị Trấn Dầu Giây,K64,601814.0
06/06/2025,75,Đồng Nai,26326,Thị Trấn Dầu Giây,K75,881723.0
06/06/2025,75,Đồng Nai,26326,Thị Trấn Dầu Giây,K76,336290.0
06/06/2025,75,Đồng Nai,26326,Thị Trấn Dầu Giây,K92,107996.0
06/06/2025,75,Đồng Nai,26326,Thị Trấn Dầu Giây,K93,530298.0
06/06/2025,75,Đồng Nai,26326,Thị Trấn Dầu Giây,L02,234980.0
06/06/2025,75,Đồng Nai,26326,Thị Trấn Dầu Giây,L04,189950.0
06/06/2025,75,Đồng Nai,26326,Thị Trấn Dầu Giây,L23,89983.0
06/06/2025,75,Đồng Nai,26326,Thị Trấn Dầu Giây,M06,39800.0
06/06/2025,75,Đồng Nai,26326,Thị Trấn Dầu Giây,M10,307070.0
06/06/2025,75,Đồng Nai,26326,Thị Trấn Dầu Giây,M13,683868.0
06/06/2025,75,Đồng Nai,26326,Thị Trấn Dầu Giây,M17,1064853.0
06/06/2025,75,Đồng Nai,26326,Thị Trấn Dầu Giây,M19,365020.0
06/06/2025,75,Đồng Nai,26326,Thị Trấn Dầu Giây,M25,761340.0
06/06/2025,75,Đồng Nai,26326,Thị Trấn Dầu Giây,M47,3838332.0
06/06/2025,75,Đồng Nai,26326,Thị Trấn Dầu Giây,M48,288386.0
06/06/2025,75,Đồng Nai,26326,Thị Trấn Dầu Giây,M54,8129551.0
06/06/2025,75,Đồng Nai,26326,Thị Trấn Dầu Giây,M65,4519855.0
06/06/2025,75,Đồng Nai,26326,Thị Trấn Dầu Giây,M75,148020.0
06/06/2025,75,Đồng Nai,26326,Thị Trấn Dầu Giây,M79,79800.0
06/06/2025,75,Đồng Nai,26326,Thị Trấn Dầu Giây,N13,98400.0
06/06/2025,75,Đồng Nai,26326,Thị Trấn Dầu Giây,N18,39800.0
06/06/2025,75,Đồng Nai,26326,Thị Trấn Dầu Giây,N20,1051322.0
06/06/2025,75,Đồng Nai,26326,Thị Trấn Dầu Giây,N23,883262.0
06/06/2025,75,Đồng Nai,26326,Thị Trấn Dầu Giây,N40,1309396.0
06/06/2025,75,Đồng Nai,26326,Thị Trấn Dầu Giây,N47,2012487.0
06/06/2025,75,Đồng Nai,26326,Thị Trấn Dầu Giây,N48,48890.0
06/06/2025,75,Đồng Nai,26326,Thị Trấn Dầu Giây,N61,768332.0
06/06/2025,75,Đồng Nai,26326,Thị Trấn Dầu Giây,N64,178560.0
06/06/2025,75,Đồng Nai,26326,Thị Trấn Dầu Giây,N76,1299368.0
06/06/2025,75,Đồng Nai,26326,Thị Trấn Dầu Giây,N85,541170.0
06/06/2025,75,Đồng Nai,26326,Thị Trấn Dầu Giây,R06,524244.0
06/06/2025,75,Đồng Nai,26326,Thị Trấn Dầu Giây,R10,1008748.0
06/06/2025,75,Đồng Nai,26326,Thị Trấn Dầu Giây,R20,4439800.0
06/06/2025,75,Đồng Nai,26326,Thị Trấn Dầu Giây,R33,141600.0
06/06/2025,75,Đồng Nai,26326,Thị Trấn Dầu Giây,R42,497630.0
06/06/2025,75,Đồng Nai,26326,Thị Trấn Dầu Giây,R51,750048.0
06/06/2025,75,Đồng Nai,26326,Thị Trấn Dầu Giây,R64,2571473.0
06/06/2025,75,Đồng Nai,26326,Thị Trấn Dầu Giây,S00,260687.0
06/06/2025,75,Đồng Nai,26326,Thị Trấn Dầu Giây,S06,859897.0
06/06/2025,75,Đồng Nai,26326,Thị Trấn Dầu Giây,S20,350338.0
06/06/2025,75,Đồng Nai,26326,Thị Trấn Dầu Giây,S30,147587.0
06/06/2025,75,Đồng Nai,26326,Thị Trấn Dầu Giây,S43,189424.0
06/06/2025,75,Đồng Nai,26326,Thị Trấn Dầu Giây,S50,225600.0
06/06/2025,75,Đồng Nai,26326,Thị Trấn Dầu Giây,S51,138085.0
06/06/2025,75,Đồng Nai,26326,Thị Trấn Dầu Giây,S80,102898.0
06/06/2025,75,Đồng Nai,26326,Thị Trấn Dầu Giây,S81,578994.0
06/06/2025,75,Đồng Nai,26326,Thị Trấn Dầu Giây,S90,125535.0
06/06/2025,75,Đồng Nai,26326,Thị Trấn Dầu Giây,S91,502066.0
06/06/2025,75,Đồng Nai,26326,Thị Trấn Dầu Giây,S93,39800.0
06/06/2025,75,Đồng Nai,26326,Thị Trấn Dầu Giây,T15,216772.0
06/06/2025,75,Đồng Nai,26326,Thị Trấn Dầu Giây,T31,138085.0
06/06/2025,75,Đồng Nai,26326,Thị Trấn Dầu Giây,T78,1725339.0
06/06/2025,75,Đồng Nai,26326,Thị Trấn Dầu Giây,Z09,577159.0
06/06/2025,75,Đồng Nai,26326,Thị Trấn Dầu Giây,Z22,195300.0
06/06/2025,75,Đồng Nai,26326,Thị Trấn Dầu Giây,Z35,1743322.0
06/06/2025,75,Đồng Nai,26326,Thị Trấn Dầu Giây,Z96,39800.0
06/06/2025,75,Đồng Nai,26326,Thị Trấn Dầu Giây,Z98,419965.0
06/06/2025,75,Đồng Nai,26362,Xã Sông Ray,Khác,0.0
06/06/2025,75,Đồng Nai,26368,Thị Trấn Long Thành,A09,1125257.0
06/06/2025,75,Đồng Nai,26368,Thị Trấn Long Thành,A97,419544.0
06/06/2025,75,Đồng Nai,26368,Thị Trấn Long Thành,B33,267030.0
06/06/2025,75,Đồng Nai,26368,Thị Trấn Long Thành,E05,198500.0
06/06/2025,75,Đồng Nai,26368,Thị Trấn Long Thành,E11,905952.0
06/06/2025,75,Đồng Nai,26368,Thị Trấn Long Thành,E87,295100.0
06/06/2025,75,Đồng Nai,26368,Thị Trấn Long Thành,G44,55460.0
06/06/2025,75,Đồng Nai,26368,Thị Trấn Long Thành,H10,110100.0
06/06/2025,75,Đồng Nai,26368,Thị Trấn Long Thành,H65,135840.0
06/06/2025,75,Đồng Nai,26368,Thị Trấn Long Thành,I10,414872.0
06/06/2025,75,Đồng Nai,26368,Thị Trấn Long Thành,I80,59600.0
06/06/2025,75,Đồng Nai,26368,Thị Trấn Long Thành,J01,59650.0
06/06/2025,75,Đồng Nai,26368,Thị Trấn Long Thành,J06,271763.0
06/06/2025,75,Đồng Nai,26368,Thị Trấn Long Thành,J45,206795.0
06/06/2025,75,Đồng Nai,26368,Thị Trấn Long Thành,K04,190080.0
06/06/2025,75,Đồng Nai,26368,Thị Trấn Long Thành,K07,150240.0
06/06/2025,75,Đồng Nai,26368,Thị Trấn Long Thành,K21,56000.0
06/06/2025,75,Đồng Nai,26368,Thị Trấn Long Thành,K29,126484.0
06/06/2025,75,Đồng Nai,26368,Thị Trấn Long Thành,K81,371000.0
06/06/2025,75,Đồng Nai,26368,Thị Trấn Long Thành,Khác,0.0
06/06/2025,75,Đồng Nai,26368,Thị Trấn Long Thành,L02,148140.0
06/06/2025,75,Đồng Nai,26368,Thị Trấn Long Thành,L20,218551.0
06/06/2025,75,Đồng Nai,26368,Thị Trấn Long Thành,L23,54740.0
06/06/2025,75,Đồng Nai,26368,Thị Trấn Long Thành,L30,111650.0
06/06/2025,75,Đồng Nai,26368,Thị Trấn Long Thành,M06,243160.0
06/06/2025,75,Đồng Nai,26368,Thị Trấn Long Thành,M17,99200.0
06/06/2025,75,Đồng Nai,26368,Thị Trấn Long Thành,M48,64100.0
06/06/2025,75,Đồng Nai,26368,Thị Trấn Long Thành,M54,637868.0
06/06/2025,75,Đồng Nai,26368,Thị Trấn Long Thành,N30,260400.0
06/06/2025,75,Đồng Nai,26368,Thị Trấn Long Thành,N64,96900.0
06/06/2025,75,Đồng Nai,26368,Thị Trấn Long Thành,N76,261150.0
06/06/2025,75,Đồng Nai,26368,Thị Trấn Long Thành,O26,489360.0
06/06/2025,75,Đồng Nai,26368,Thị Trấn Long Thành,R07,171750.0
06/06/2025,75,Đồng Nai,26368,Thị Trấn Long Thành,R10,400534.0
06/06/2025,75,Đồng Nai,26368,Thị Trấn Long Thành,S20,491640.0
06/06/2025,75,Đồng Nai,26368,Thị Trấn Long Thành,S61,118860.0
06/06/2025,75,Đồng Nai,26368,Thị Trấn Long Thành,Z32,492844.0
06/06/2025,75,Đồng Nai,26374,Phường Tam Phước,Khác,0.0
06/06/2025,75,Đồng Nai,26377,Phường Phước Tân,A15,13686335.0
06/06/2025,75,Đồng Nai,26377,Phường Phước Tân,A16,21726561.0
06/06/2025,75,Đồng Nai,26377,Phường Phước Tân,A17,264632.0
06/06/2025,75,Đồng Nai,26377,Phường Phước Tân,B90,620370.0
06/06/2025,75,Đồng Nai,26377,Phường Phước Tân,J18,310174.0
06/06/2025,75,Đồng Nai,26377,Phường Phước Tân,J44,23667840.0
06/06/2025,75,Đồng Nai,26377,Phường Phước Tân,J45,2306656.0
06/06/2025,75,Đồng Nai,26377,Phường Phước Tân,J47,1142700.0
06/06/2025,75,Đồng Nai,26377,Phường Phước Tân,R04,5671546.0
06/06/2025,75,Đồng Nai,26377,Phường Phước Tân,U84,12262780.0
06/06/2025,75,Đồng Nai,26416,Xã Phước Bình,Khác,0.0
06/06/2025,75,Đồng Nai,26452,Xã Suối Cát,Khác,0.0
06/06/2025,75,Đồng Nai,26455,Xã Xuân Hiệp,Khác,0.0
06/06/2025,75,Đồng Nai,26497,Xã Vĩnh Thanh,A09,109330.0
06/06/2025,75,Đồng Nai,26497,Xã Vĩnh Thanh,B18,382150.0
06/06/2025,75,Đồng Nai,26497,Xã Vĩnh Thanh,E11,680933.0
06/06/2025,75,Đồng Nai,26497,Xã Vĩnh Thanh,G55,14496278.0
06/06/2025,75,Đồng Nai,26497,Xã Vĩnh Thanh,H81,1344094.0
06/06/2025,75,Đồng Nai,26497,Xã Vĩnh Thanh,I10,1762978.0
06/06/2025,75,Đồng Nai,26497,Xã Vĩnh Thanh,I20,129374.0
06/06/2025,75,Đồng Nai,26497,Xã Vĩnh Thanh,J06,354099.0
06/06/2025,75,Đồng Nai,26497,Xã Vĩnh Thanh,J20,418724.0
06/06/2025,75,Đồng Nai,26497,Xã Vĩnh Thanh,K01,452810.0
06/06/2025,75,Đồng Nai,26497,Xã Vĩnh Thanh,K02,735400.0
06/06/2025,75,Đồng Nai,26497,Xã Vĩnh Thanh,K03,195600.0
06/06/2025,75,Đồng Nai,26497,Xã Vĩnh Thanh,K08,36500.0
06/06/2025,75,Đồng Nai,26497,Xã Vĩnh Thanh,K21,3348386.0
06/06/2025,75,Đồng Nai,26497,Xã Vĩnh Thanh,L50,435104.0
06/06/2025,75,Đồng Nai,26497,Xã Vĩnh Thanh,M10,147790.0
06/06/2025,75,Đồng Nai,26497,Xã Vĩnh Thanh,M13,332018.0
06/06/2025,75,Đồng Nai,26497,Xã Vĩnh Thanh,M54,5449644.0
06/06/2025,75,Đồng Nai,26497,Xã Vĩnh Thanh,M75,332666.0
06/06/2025,75,Đồng Nai,26497,Xã Vĩnh Thanh,M77,192580.0
06/06/2025,75,Đồng Nai,26497,Xã Vĩnh Thanh,S07,268676.0
06/06/2025,75,Đồng Nai,26497,Xã Vĩnh Thanh,S13,54405.0
06/06/2025,75,Đồng Nai,26497,Xã Vĩnh Thanh,S23,200270.0
06/06/2025,75,Đồng Nai,26497,Xã Vĩnh Thanh,S52,109800.0
06/06/2025,75,Đồng Nai,26497,Xã Vĩnh Thanh,S60,294366.0
06/06/2025,75,Đồng Nai,26497,Xã Vĩnh Thanh,T00,284390.0
06/06/2025,75,Đồng Nai,26497,Xã Vĩnh Thanh,T03,284390.0
06/06/2025,75,Đồng Nai,26497,Xã Vĩnh Thanh,Z34,135400.0
06/07/2024,75,Đồng Nai,26035,Phường Tam Hòa,Khác,0.0
07/01/2025,75,Đồng Nai,26080,Phường Xuân An,Khác,0.0
07/01/2025,75,Đồng Nai,26341,Thị Trấn Long Giao,Khác,0.0
07/01/2025,75,Đồng Nai,26452,Xã Suối Cát,Khác,0.0
07/02/2025,75,Đồng Nai,26026,Phường Tân Mai,Khác,0.0
07/02/2025,75,Đồng Nai,26080,Phường Xuân An,Khác,0.0
07/02/2025,75,Đồng Nai,26248,Thị Trấn Trảng Bom,Khác,0.0
07/02/2025,75,Đồng Nai,26341,Thị Trấn Long Giao,Khác,0.0
07/02/2025,75,Đồng Nai,26452,Xã Suối Cát,Khác,0.0
07/03/2025,75,Đồng Nai,25996,Phường Tân Phong,Khác,0.0
07/03/2025,75,Đồng Nai,26026,Phường Tân Mai,Khác,0.0
07/03/2025,75,Đồng Nai,26080,Phường Xuân An,Khác,0.0
07/03/2025,75,Đồng Nai,26248,Thị Trấn Trảng Bom,Khác,0.0
07/03/2025,75,Đồng Nai,26368,Thị Trấn Long Thành,Khác,0.0
07/03/2025,75,Đồng Nai,26452,Xã Suối Cát,Khác,0.0
07/04/2025,75,Đồng Nai,25999,Phường Tân Biên,Khác,0.0
07/04/2025,75,Đồng Nai,26095,Phường Suối Tre,Khác,0.0
07/04/2025,75,Đồng Nai,26116,Thị Trấn Tân Phú,Khác,0.0
07/04/2025,75,Đồng Nai,26248,Thị Trấn Trảng Bom,Khác,0.0
07/04/2025,75,Đồng Nai,26272,Xã Hố Nai 3,Khác,0.0
07/04/2025,75,Đồng Nai,26326,Thị Trấn Dầu Giây,Khác,0.0
07/04/2025,75,Đồng Nai,26368,Thị Trấn Long Thành,Khác,0.0
07/04/2025,75,Đồng Nai,26452,Xã Suối Cát,Khác,0.0
07/05/2025,75,Đồng Nai,25993,Phường Trảng Dài,Khác,0.0
07/05/2025,75,Đồng Nai,25996,Phường Tân Phong,Khác,0.0
07/05/2025,75,Đồng Nai,25999,Phường Tân Biên,Khác,0.0
07/05/2025,75,Đồng Nai,26017,Phường Tam Hiệp,Khác,0.0
07/05/2025,75,Đồng Nai,26029,Phường Thống Nhất,Khác,0.0
07/05/2025,75,Đồng Nai,26068,Phường Hóa An,Khác,0.0
07/05/2025,75,Đồng Nai,26095,Phường Suối Tre,Khác,0.0
07/05/2025,75,Đồng Nai,26116,Thị Trấn Tân Phú,Khác,0.0
07/05/2025,75,Đồng Nai,26188,Xã Thạnh Phú,Khác,0.0
07/05/2025,75,Đồng Nai,26206,Thị Trấn Định Quán,Khác,0.0
07/05/2025,75,Đồng Nai,26272,Xã Hố Nai 3,Khác,0.0
07/05/2025,75,Đồng Nai,26326,Thị Trấn Dầu Giây,Khác,0.0
07/05/2025,75,Đồng Nai,26362,Xã Sông Ray,Khác,0.0
07/05/2025,75,Đồng Nai,26368,Thị Trấn Long Thành,Khác,0.0
07/05/2025,75,Đồng Nai,26374,Phường Tam Phước,Khác,0.0
07/05/2025,75,Đồng Nai,26377,Phường Phước Tân,Khác,0.0
07/05/2025,75,Đồng Nai,26440,Xã Xuân Trường,Khác,0.0
07/05/2025,75,Đồng Nai,26452,Xã Suối Cát,Khác,0.0
07/05/2025,75,Đồng Nai,26455,Xã Xuân Hiệp,Khác,0.0
07/05/2025,75,Đồng Nai,26497,Xã Vĩnh Thanh,Khác,0.0
07/06/2025,75,Đồng Nai,25996,Phường Tân Phong,Khác,0.0
07/06/2025,75,Đồng Nai,26017,Phường Tam Hiệp,Khác,0.0
07/06/2025,75,Đồng Nai,26020,Phường Long Bình,J06,285875.0
07/06/2025,75,Đồng Nai,26020,Phường Long Bình,J20,92720.0
07/06/2025,75,Đồng Nai,26020,Phường Long Bình,J40,161165.0
07/06/2025,75,Đồng Nai,26020,Phường Long Bình,K29,162840.0
07/06/2025,75,Đồng Nai,26020,Phường Long Bình,K58,287736.0
07/06/2025,75,Đồng Nai,26020,Phường Long Bình,K75,83325.0
07/06/2025,75,Đồng Nai,26020,Phường Long Bình,M25,41830.0
07/06/2025,75,Đồng Nai,26020,Phường Long Bình,M50,195260.0
07/06/2025,75,Đồng Nai,26020,Phường Long Bình,N20,111180.0
07/06/2025,75,Đồng Nai,26020,Phường Long Bình,N39,85554.0
07/06/2025,75,Đồng Nai,26020,Phường Long Bình,P71,152450.0
07/06/2025,75,Đồng Nai,26020,Phường Long Bình,R10,490374.0
07/06/2025,75,Đồng Nai,26020,Phường Long Bình,R51,140040.0
07/06/2025,75,Đồng Nai,26020,Phường Long Bình,S91,61665.0
07/06/2025,75,Đồng Nai,26029,Phường Thống Nhất,Khác,0.0
07/06/2025,75,Đồng Nai,26050,Phường An Bình,Khác,0.0
07/06/2025,75,Đồng Nai,26068,Phường Hóa An,B18,200000.0
07/06/2025,75,Đồng Nai,26068,Phường Hóa An,D25,779000.0
07/06/2025,75,Đồng Nai,26068,Phường Hóa An,D50,1294558.0
07/06/2025,75,Đồng Nai,26068,Phường Hóa An,E11,812940.0
07/06/2025,75,Đồng Nai,26068,Phường Hóa An,E78,1161028.0
07/06/2025,75,Đồng Nai,26068,Phường Hóa An,G57,1564868.0
07/06/2025,75,Đồng Nai,26068,Phường Hóa An,G58,524150.0
07/06/2025,75,Đồng Nai,26068,Phường Hóa An,H81,2231890.0
07/06/2025,75,Đồng Nai,26068,Phường Hóa An,I10,2923628.0
07/06/2025,75,Đồng Nai,26068,Phường Hóa An,I83,2440226.0
07/06/2025,75,Đồng Nai,26068,Phường Hóa An,J06,1687610.0
07/06/2025,75,Đồng Nai,26068,Phường Hóa An,J20,1816905.0
07/06/2025,75,Đồng Nai,26068,Phường Hóa An,J30,329600.0
07/06/2025,75,Đồng Nai,26068,Phường Hóa An,J39,1223885.0
07/06/2025,75,Đồng Nai,26068,Phường Hóa An,K21,3209802.0
07/06/2025,75,Đồng Nai,26068,Phường Hóa An,K58,1040090.0
07/06/2025,75,Đồng Nai,26068,Phường Hóa An,K76,1045183.0
07/06/2025,75,Đồng Nai,26068,Phường Hóa An,Khác,0.0
07/06/2025,75,Đồng Nai,26068,Phường Hóa An,M17,1371126.0
07/06/2025,75,Đồng Nai,26068,Phường Hóa An,M25,4078440.0
07/06/2025,75,Đồng Nai,26068,Phường Hóa An,M47,8891062.0
07/06/2025,75,Đồng Nai,26068,Phường Hóa An,M54,9314622.0
07/06/2025,75,Đồng Nai,26068,Phường Hóa An,M77,961916.0
07/06/2025,75,Đồng Nai,26068,Phường Hóa An,M79,111290.0
07/06/2025,75,Đồng Nai,26068,Phường Hóa An,N64,135680.0
07/06/2025,75,Đồng Nai,26068,Phường Hóa An,N76,143900.0
07/06/2025,75,Đồng Nai,26068,Phường Hóa An,R10,1174050.0
07/06/2025,75,Đồng Nai,26068,Phường Hóa An,R51,553645.0
07/06/2025,75,Đồng Nai,26068,Phường Hóa An,S62,73600.0
07/06/2025,75,Đồng Nai,26068,Phường Hóa An,S63,301000.0
07/06/2025,75,Đồng Nai,26068,Phường Hóa An,S80,221970.0
07/06/2025,75,Đồng Nai,26068,Phường Hóa An,S83,183480.0
07/06/2025,75,Đồng Nai,26068,Phường Hóa An,Z34,370600.0
07/06/2025,75,Đồng Nai,26095,Phường Suối Tre,Khác,0.0
07/06/2025,75,Đồng Nai,26206,Thị Trấn Định Quán,Khác,0.0
07/06/2025,75,Đồng Nai,26239,Xã Túc Trưng,Khác,0.0
07/06/2025,75,Đồng Nai,26272,Xã Hố Nai 3,Khác,0.0
07/06/2025,75,Đồng Nai,26296,Xã An Viễn,Khác,0.0
07/06/2025,75,Đồng Nai,26311,Xã Quang Trung,Khác,0.0
07/06/2025,75,Đồng Nai,26326,Thị Trấn Dầu Giây,A04,814445.0
07/06/2025,75,Đồng Nai,26326,Thị Trấn Dầu Giây,A08,405252.0
07/06/2025,75,Đồng Nai,26326,Thị Trấn Dầu Giây,A97,274660.0
07/06/2025,75,Đồng Nai,26326,Thị Trấn Dầu Giây,B08,112871.0
07/06/2025,75,Đồng Nai,26326,Thị Trấn Dầu Giây,B34,366670.0
07/06/2025,75,Đồng Nai,26326,Thị Trấn Dầu Giây,D29,410731.0
07/06/2025,75,Đồng Nai,26326,Thị Trấn Dầu Giây,D64,52800.0
07/06/2025,75,Đồng Nai,26326,Thị Trấn Dầu Giây,E11,2295593.0
07/06/2025,75,Đồng Nai,26326,Thị Trấn Dầu Giây,E58,125060.0
07/06/2025,75,Đồng Nai,26326,Thị Trấn Dầu Giây,E78,672171.0
07/06/2025,75,Đồng Nai,26326,Thị Trấn Dầu Giây,G64,161120.0
07/06/2025,75,Đồng Nai,26326,Thị Trấn Dầu Giây,H81,2264098.0
07/06/2025,75,Đồng Nai,26326,Thị Trấn Dầu Giây,I10,814874.0
07/06/2025,75,Đồng Nai,26326,Thị Trấn Dầu Giây,I20,234194.0
07/06/2025,75,Đồng Nai,26326,Thị Trấn Dầu Giây,I70,286755.0
07/06/2025,75,Đồng Nai,26326,Thị Trấn Dầu Giây,I87,224040.0
07/06/2025,75,Đồng Nai,26326,Thị Trấn Dầu Giây,J03,375023.0
07/06/2025,75,Đồng Nai,26326,Thị Trấn Dầu Giây,J06,3133020.0
07/06/2025,75,Đồng Nai,26326,Thị Trấn Dầu Giây,J10,252440.0
07/06/2025,75,Đồng Nai,26326,Thị Trấn Dầu Giây,J18,833390.0
07/06/2025,75,Đồng Nai,26326,Thị Trấn Dầu Giây,J20,661265.0
07/06/2025,75,Đồng Nai,26326,Thị Trấn Dầu Giây,J44,1166960.0
07/06/2025,75,Đồng Nai,26326,Thị Trấn Dầu Giây,J45,344945.0
07/06/2025,75,Đồng Nai,26326,Thị Trấn Dầu Giây,K12,152300.0
07/06/2025,75,Đồng Nai,26326,Thị Trấn Dầu Giây,K21,844662.0
07/06/2025,75,Đồng Nai,26326,Thị Trấn Dầu Giây,K30,661549.0
07/06/2025,75,Đồng Nai,26326,Thị Trấn Dầu Giây,K52,108550.0
07/06/2025,75,Đồng Nai,26326,Thị Trấn Dầu Giây,K59,48800.0
07/06/2025,75,Đồng Nai,26326,Thị Trấn Dầu Giây,K76,214570.0
07/06/2025,75,Đồng Nai,26326,Thị Trấn Dầu Giây,L02,281220.0
07/06/2025,75,Đồng Nai,26326,Thị Trấn Dầu Giây,L03,161880.0
07/06/2025,75,Đồng Nai,26326,Thị Trấn Dầu Giây,L04,183352.0
07/06/2025,75,Đồng Nai,26326,Thị Trấn Dầu Giây,L30,103784.0
07/06/2025,75,Đồng Nai,26326,Thị Trấn Dầu Giây,M13,1163197.0
07/06/2025,75,Đồng Nai,26326,Thị Trấn Dầu Giây,M17,187220.0
07/06/2025,75,Đồng Nai,26326,Thị Trấn Dầu Giây,M47,1846930.0
07/06/2025,75,Đồng Nai,26326,Thị Trấn Dầu Giây,M54,423059.0
07/06/2025,75,Đồng Nai,26326,Thị Trấn Dầu Giây,N48,109400.0
07/06/2025,75,Đồng Nai,26326,Thị Trấn Dầu Giây,N76,204130.0
07/06/2025,75,Đồng Nai,26326,Thị Trấn Dầu Giây,N92,217690.0
07/06/2025,75,Đồng Nai,26326,Thị Trấn Dầu Giây,Q52,39800.0
07/06/2025,75,Đồng Nai,26326,Thị Trấn Dầu Giây,R33,141600.0
07/06/2025,75,Đồng Nai,26326,Thị Trấn Dầu Giây,R51,87254.0
07/06/2025,75,Đồng Nai,26326,Thị Trấn Dầu Giây,S06,39800.0
07/06/2025,75,Đồng Nai,26326,Thị Trấn Dầu Giây,S20,142194.0
07/06/2025,75,Đồng Nai,26326,Thị Trấn Dầu Giây,S42,113100.0
07/06/2025,75,Đồng Nai,26326,Thị Trấn Dầu Giây,S43,182514.0
07/06/2025,75,Đồng Nai,26326,Thị Trấn Dầu Giây,S52,150074.0
07/06/2025,75,Đồng Nai,26326,Thị Trấn Dầu Giây,S61,246994.0
07/06/2025,75,Đồng Nai,26326,Thị Trấn Dầu Giây,S62,567588.0
07/06/2025,75,Đồng Nai,26326,Thị Trấn Dầu Giây,S70,155914.0
07/06/2025,75,Đồng Nai,26326,Thị Trấn Dầu Giây,S80,225600.0
07/06/2025,75,Đồng Nai,26326,Thị Trấn Dầu Giây,S90,191374.0
07/06/2025,75,Đồng Nai,26326,Thị Trấn Dầu Giây,T62,506463.0
07/06/2025,75,Đồng Nai,26326,Thị Trấn Dầu Giây,T78,259497.0
07/06/2025,75,Đồng Nai,26326,Thị Trấn Dầu Giây,X24,231214.0
07/06/2025,75,Đồng Nai,26326,Thị Trấn Dầu Giây,Z34,247360.0
07/06/2025,75,Đồng Nai,26326,Thị Trấn Dầu Giây,Z35,1207622.0
07/06/2025,75,Đồng Nai,26326,Thị Trấn Dầu Giây,Z98,39800.0
07/06/2025,75,Đồng Nai,26362,Xã Sông Ray,Khác,0.0
07/06/2025,75,Đồng Nai,26368,Thị Trấn Long Thành,A04,226532.0
07/06/2025,75,Đồng Nai,26368,Thị Trấn Long Thành,A06,103049.0
07/06/2025,75,Đồng Nai,26368,Thị Trấn Long Thành,A09,746394.0
07/06/2025,75,Đồng Nai,26368,Thị Trấn Long Thành,A97,792210.0
07/06/2025,75,Đồng Nai,26368,Thị Trấn Long Thành,B33,86200.0
07/06/2025,75,Đồng Nai,26368,Thị Trấn Long Thành,E11,466844.0
07/06/2025,75,Đồng Nai,26368,Thị Trấn Long Thành,H00,91300.0
07/06/2025,75,Đồng Nai,26368,Thị Trấn Long Thành,H81,442900.0
07/06/2025,75,Đồng Nai,26368,Thị Trấn Long Thành,I95,107200.0
07/06/2025,75,Đồng Nai,26368,Thị Trấn Long Thành,J00,76415.0
07/06/2025,75,Đồng Nai,26368,Thị Trấn Long Thành,J20,411703.0
07/06/2025,75,Đồng Nai,26368,Thị Trấn Long Thành,K21,177480.0
07/06/2025,75,Đồng Nai,26368,Thị Trấn Long Thành,Khác,0.0
07/06/2025,75,Đồng Nai,26368,Thị Trấn Long Thành,L02,149900.0
07/06/2025,75,Đồng Nai,26368,Thị Trấn Long Thành,L20,41792.0
07/06/2025,75,Đồng Nai,26368,Thị Trấn Long Thành,L70,41792.0
07/06/2025,75,Đồng Nai,26368,Thị Trấn Long Thành,L81,55890.0
07/06/2025,75,Đồng Nai,26368,Thị Trấn Long Thành,M23,144800.0
07/06/2025,75,Đồng Nai,26368,Thị Trấn Long Thành,M54,563144.0
07/06/2025,75,Đồng Nai,26368,Thị Trấn Long Thành,M77,141880.0
07/06/2025,75,Đồng Nai,26368,Thị Trấn Long Thành,N23,160380.0
07/06/2025,75,Đồng Nai,26368,Thị Trấn Long Thành,N76,65550.0
07/06/2025,75,Đồng Nai,26368,Thị Trấn Long Thành,N93,95100.0
07/06/2025,75,Đồng Nai,26368,Thị Trấn Long Thành,O20,96948.0
07/06/2025,75,Đồng Nai,26368,Thị Trấn Long Thành,O26,870660.0
07/06/2025,75,Đồng Nai,26368,Thị Trấn Long Thành,R07,317980.0
07/06/2025,75,Đồng Nai,26368,Thị Trấn Long Thành,R10,643340.0
07/06/2025,75,Đồng Nai,26368,Thị Trấn Long Thành,R50,536725.0
07/06/2025,75,Đồng Nai,26368,Thị Trấn Long Thành,R51,56520.0
07/06/2025,75,Đồng Nai,26368,Thị Trấn Long Thành,R53,39500.0
07/06/2025,75,Đồng Nai,26368,Thị Trấn Long Thành,S01,102980.0
07/06/2025,75,Đồng Nai,26368,Thị Trấn Long Thành,S20,264980.0
07/06/2025,75,Đồng Nai,26368,Thị Trấn Long Thành,S40,319740.0
07/06/2025,75,Đồng Nai,26368,Thị Trấn Long Thành,S42,144080.0
07/06/2025,75,Đồng Nai,26368,Thị Trấn Long Thành,S60,301380.0
07/06/2025,75,Đồng Nai,26368,Thị Trấn Long Thành,S61,165400.0
07/06/2025,75,Đồng Nai,26368,Thị Trấn Long Thành,S70,128800.0
07/06/2025,75,Đồng Nai,26374,Phường Tam Phước,Khác,0.0
07/06/2025,75,Đồng Nai,26377,Phường Phước Tân,A15,7609706.0
07/06/2025,75,Đồng Nai,26416,Xã Phước Bình,Khác,0.0
07/06/2025,75,Đồng Nai,26452,Xã Suối Cát,Khác,0.0
07/06/2025,75,Đồng Nai,26455,Xã Xuân Hiệp,Khác,0.0
07/06/2025,75,Đồng Nai,26497,Xã Vĩnh Thanh,A09,1398412.0
07/06/2025,75,Đồng Nai,26497,Xã Vĩnh Thanh,B34,282664.0
07/06/2025,75,Đồng Nai,26497,Xã Vĩnh Thanh,B77,54398.0
07/06/2025,75,Đồng Nai,26497,Xã Vĩnh Thanh,E11,4697984.0
07/06/2025,75,Đồng Nai,26497,Xã Vĩnh Thanh,I10,2931453.0
07/06/2025,75,Đồng Nai,26497,Xã Vĩnh Thanh,I25,643456.0
07/06/2025,75,Đồng Nai,26497,Xã Vĩnh Thanh,I69,2086600.0
07/06/2025,75,Đồng Nai,26497,Xã Vĩnh Thanh,J00,196775.0
07/06/2025,75,Đồng Nai,26497,Xã Vĩnh Thanh,J06,180660.0
07/06/2025,75,Đồng Nai,26497,Xã Vĩnh Thanh,J39,113332.0
07/06/2025,75,Đồng Nai,26497,Xã Vĩnh Thanh,J45,199484.0
07/06/2025,75,Đồng Nai,26497,Xã Vĩnh Thanh,J68,67146.0
07/06/2025,75,Đồng Nai,26497,Xã Vĩnh Thanh,K02,881880.0
07/06/2025,75,Đồng Nai,26497,Xã Vĩnh Thanh,K21,1027120.0
07/06/2025,75,Đồng Nai,26497,Xã Vĩnh Thanh,M17,1345736.0
07/06/2025,75,Đồng Nai,26497,Xã Vĩnh Thanh,M47,3234910.0
07/06/2025,75,Đồng Nai,26497,Xã Vĩnh Thanh,M54,3646118.0
07/06/2025,75,Đồng Nai,26497,Xã Vĩnh Thanh,M75,1083528.0
07/06/2025,75,Đồng Nai,26497,Xã Vĩnh Thanh,N23,423828.0
07/06/2025,75,Đồng Nai,26497,Xã Vĩnh Thanh,N39,1138200.0
07/06/2025,75,Đồng Nai,26497,Xã Vĩnh Thanh,R10,803624.0
07/06/2025,75,Đồng Nai,26497,Xã Vĩnh Thanh,S00,84728.0
07/06/2025,75,Đồng Nai,26497,Xã Vĩnh Thanh,S53,422375.0
07/06/2025,75,Đồng Nai,26497,Xã Vĩnh Thanh,S81,86380.0
07/06/2025,75,Đồng Nai,26497,Xã Vĩnh Thanh,S90,235730.0
07/06/2025,75,Đồng Nai,26497,Xã Vĩnh Thanh,W57,129414.0
07/06/2025,75,Đồng Nai,26497,Xã Vĩnh Thanh,Z34,312920.0
08/01/2025,75,Đồng Nai,26080,Phường Xuân An,Khác,0.0
08/01/2025,75,Đồng Nai,26341,Thị Trấn Long Giao,Khác,0.0
08/01/2025,75,Đồng Nai,26452,Xã Suối Cát,Khác,0.0
08/02/2025,75,Đồng Nai,26026,Phường Tân Mai,Khác,0.0
08/02/2025,75,Đồng Nai,26248,Thị Trấn Trảng Bom,Khác,0.0
08/02/2025,75,Đồng Nai,26341,Thị Trấn Long Giao,Khác,0.0
08/02/2025,75,Đồng Nai,26452,Xã Suối Cát,Khác,0.0
08/03/2025,75,Đồng Nai,26248,Thị Trấn Trảng Bom,Khác,0.0
08/03/2025,75,Đồng Nai,26254,Xã Cây Gáo,Khác,0.0
08/03/2025,75,Đồng Nai,26272,Xã Hố Nai 3,Khác,0.0
08/03/2025,75,Đồng Nai,26452,Xã Suối Cát,Khác,0.0
08/04/2025,75,Đồng Nai,25993,Phường Trảng Dài,Khác,0.0
08/04/2025,75,Đồng Nai,25996,Phường Tân Phong,Khác,0.0
08/04/2025,75,Đồng Nai,25999,Phường Tân Biên,Khác,0.0
08/04/2025,75,Đồng Nai,26068,Phường Hóa An,Khác,0.0
08/04/2025,75,Đồng Nai,26095,Phường Suối Tre,Khác,0.0
08/04/2025,75,Đồng Nai,26116,Thị Trấn Tân Phú,Khác,0.0
08/04/2025,75,Đồng Nai,26248,Thị Trấn Trảng Bom,Khác,0.0
08/04/2025,75,Đồng Nai,26272,Xã Hố Nai 3,Khác,0.0
08/04/2025,75,Đồng Nai,26326,Thị Trấn Dầu Giây,Khác,0.0
08/04/2025,75,Đồng Nai,26440,Xã Xuân Trường,Khác,0.0
08/04/2025,75,Đồng Nai,26452,Xã Suối Cát,Khác,0.0
08/04/2025,75,Đồng Nai,26470,Xã Phước Thiền,Khác,0.0
08/05/2025,75,Đồng Nai,25993,Phường Trảng Dài,Khác,0.0
08/05/2025,75,Đồng Nai,25996,Phường Tân Phong,Khác,0.0
08/05/2025,75,Đồng Nai,25999,Phường Tân Biên,Khác,0.0
08/05/2025,75,Đồng Nai,26017,Phường Tam Hiệp,Khác,0.0
08/05/2025,75,Đồng Nai,26029,Phường Thống Nhất,Khác,0.0
08/05/2025,75,Đồng Nai,26068,Phường Hóa An,Khác,0.0
08/05/2025,75,Đồng Nai,26095,Phường Suối Tre,Khác,0.0
08/05/2025,75,Đồng Nai,26116,Thị Trấn Tân Phú,Khác,0.0
08/05/2025,75,Đồng Nai,26188,Xã Thạnh Phú,Khác,0.0
08/05/2025,75,Đồng Nai,26206,Thị Trấn Định Quán,Khác,0.0
08/05/2025,75,Đồng Nai,26272,Xã Hố Nai 3,Khác,0.0
08/05/2025,75,Đồng Nai,26296,Xã An Viễn,Khác,0.0
08/05/2025,75,Đồng Nai,26326,Thị Trấn Dầu Giây,Khác,0.0
08/05/2025,75,Đồng Nai,26362,Xã Sông Ray,Khác,0.0
08/05/2025,75,Đồng Nai,26368,Thị Trấn Long Thành,Khác,0.0
08/05/2025,75,Đồng Nai,26377,Phường Phước Tân,Khác,0.0
08/05/2025,75,Đồng Nai,26416,Xã Phước Bình,Khác,0.0
08/05/2025,75,Đồng Nai,26440,Xã Xuân Trường,Khác,0.0
08/05/2025,75,Đồng Nai,26452,Xã Suối Cát,Khác,0.0
08/05/2025,75,Đồng Nai,26455,Xã Xuân Hiệp,Khác,0.0
08/05/2025,75,Đồng Nai,26479,Thị Trấn Hiệp Phước,Khác,0.0
08/05/2025,75,Đồng Nai,26497,Xã Vĩnh Thanh,Khác,0.0
08/06/2025,75,Đồng Nai,25996,Phường Tân Phong,Khác,0.0
08/06/2025,75,Đồng Nai,26029,Phường Thống Nhất,Khác,0.0
08/06/2025,75,Đồng Nai,26050,Phường An Bình,Khác,0.0
08/06/2025,75,Đồng Nai,26068,Phường Hóa An,Khác,0.0
08/06/2025,75,Đồng Nai,26095,Phường Suối Tre,Khác,0.0
08/06/2025,75,Đồng Nai,26206,Thị Trấn Định Quán,Khác,0.0
08/06/2025,75,Đồng Nai,26239,Xã Túc Trưng,Khác,0.0
08/06/2025,75,Đồng Nai,26272,Xã Hố Nai 3,Khác,0.0
08/06/2025,75,Đồng Nai,26296,Xã An Viễn,Khác,0.0
08/06/2025,75,Đồng Nai,26311,Xã Quang Trung,Khác,0.0
08/06/2025,75,Đồng Nai,26326,Thị Trấn Dầu Giây,A97,2523929.0
08/06/2025,75,Đồng Nai,26326,Thị Trấn Dầu Giây,B34,92727.0
08/06/2025,75,Đồng Nai,26326,Thị Trấn Dầu Giây,H81,199700.0
08/06/2025,75,Đồng Nai,26326,Thị Trấn Dầu Giây,J06,90547.0
08/06/2025,75,Đồng Nai,26326,Thị Trấn Dầu Giây,J20,1331039.0
08/06/2025,75,Đồng Nai,26326,Thị Trấn Dầu Giây,K21,437725.0
08/06/2025,75,Đồng Nai,26326,Thị Trấn Dầu Giây,L30,83325.0
08/06/2025,75,Đồng Nai,26326,Thị Trấn Dầu Giây,R10,90432.0
08/06/2025,75,Đồng Nai,26326,Thị Trấn Dầu Giây,R31,39800.0
08/06/2025,75,Đồng Nai,26326,Thị Trấn Dầu Giây,R33,141600.0
08/06/2025,75,Đồng Nai,26326,Thị Trấn Dầu Giây,S00,266655.0
08/06/2025,75,Đồng Nai,26326,Thị Trấn Dầu Giây,S20,115269.0
08/06/2025,75,Đồng Nai,26326,Thị Trấn Dầu Giây,S51,251687.0
08/06/2025,75,Đồng Nai,26326,Thị Trấn Dầu Giây,S61,251687.0
08/06/2025,75,Đồng Nai,26326,Thị Trấn Dầu Giây,S80,252887.0
08/06/2025,75,Đồng Nai,26362,Xã Sông Ray,Khác,0.0
08/06/2025,75,Đồng Nai,26368,Thị Trấn Long Thành,A04,406882.0
08/06/2025,75,Đồng Nai,26368,Thị Trấn Long Thành,A09,262480.0
08/06/2025,75,Đồng Nai,26368,Thị Trấn Long Thành,A97,437458.0
08/06/2025,75,Đồng Nai,26368,Thị Trấn Long Thành,B33,295406.0
08/06/2025,75,Đồng Nai,26368,Thị Trấn Long Thành,D11,202130.0
08/06/2025,75,Đồng Nai,26368,Thị Trấn Long Thành,D44,426640.0
08/06/2025,75,Đồng Nai,26368,Thị Trấn Long Thành,E11,535500.0
08/06/2025,75,Đồng Nai,26368,Thị Trấn Long Thành,G56,52180.0
08/06/2025,75,Đồng Nai,26368,Thị Trấn Long Thành,H10,123550.0
08/06/2025,75,Đồng Nai,26368,Thị Trấn Long Thành,H16,159570.0
08/06/2025,75,Đồng Nai,26368,Thị Trấn Long Thành,H81,181464.0
08/06/2025,75,Đồng Nai,26368,Thị Trấn Long Thành,I10,242260.0
08/06/2025,75,Đồng Nai,26368,Thị Trấn Long Thành,I20,228500.0
08/06/2025,75,Đồng Nai,26368,Thị Trấn Long Thành,J02,195240.0
08/06/2025,75,Đồng Nai,26368,Thị Trấn Long Thành,J06,55274.0
08/06/2025,75,Đồng Nai,26368,Thị Trấn Long Thành,J20,951454.0
08/06/2025,75,Đồng Nai,26368,Thị Trấn Long Thành,J21,185054.0
08/06/2025,75,Đồng Nai,26368,Thị Trấn Long Thành,K02,144220.0
08/06/2025,75,Đồng Nai,26368,Thị Trấn Long Thành,K21,91422.0
08/06/2025,75,Đồng Nai,26368,Thị Trấn Long Thành,Khác,0.0
08/06/2025,75,Đồng Nai,26368,Thị Trấn Long Thành,L03,331550.0
08/06/2025,75,Đồng Nai,26368,Thị Trấn Long Thành,L08,174442.0
08/06/2025,75,Đồng Nai,26368,Thị Trấn Long Thành,L20,43263.0
08/06/2025,75,Đồng Nai,26368,Thị Trấn Long Thành,M02,36500.0
08/06/2025,75,Đồng Nai,26368,Thị Trấn Long Thành,M13,212850.0
08/06/2025,75,Đồng Nai,26368,Thị Trấn Long Thành,M54,80350.0
08/06/2025,75,Đồng Nai,26368,Thị Trấn Long Thành,N13,95100.0
08/06/2025,75,Đồng Nai,26368,Thị Trấn Long Thành,N23,131780.0
08/06/2025,75,Đồng Nai,26368,Thị Trấn Long Thành,N30,51600.0
08/06/2025,75,Đồng Nai,26368,Thị Trấn Long Thành,N64,156650.0
08/06/2025,75,Đồng Nai,26368,Thị Trấn Long Thành,N76,57250.0
08/06/2025,75,Đồng Nai,26368,Thị Trấn Long Thành,N92,97872.0
08/06/2025,75,Đồng Nai,26368,Thị Trấn Long Thành,O20,101568.0
08/06/2025,75,Đồng Nai,26368,Thị Trấn Long Thành,O26,1506484.0
08/06/2025,75,Đồng Nai,26368,Thị Trấn Long Thành,R50,832300.0
08/06/2025,75,Đồng Nai,26368,Thị Trấn Long Thành,R59,159876.0
08/06/2025,75,Đồng Nai,26368,Thị Trấn Long Thành,S00,118000.0
08/06/2025,75,Đồng Nai,26368,Thị Trấn Long Thành,S40,125480.0
08/06/2025,75,Đồng Nai,26368,Thị Trấn Long Thành,S42,233100.0
08/06/2025,75,Đồng Nai,26368,Thị Trấn Long Thành,S51,165500.0
08/06/2025,75,Đồng Nai,26368,Thị Trấn Long Thành,S73,109800.0
08/06/2025,75,Đồng Nai,26368,Thị Trấn Long Thành,S80,146800.0
08/06/2025,75,Đồng Nai,26368,Thị Trấn Long Thành,S83,184650.0
08/06/2025,75,Đồng Nai,26368,Thị Trấn Long Thành,S90,507840.0
08/06/2025,75,Đồng Nai,26368,Thị Trấn Long Thành,Z32,852860.0
08/06/2025,75,Đồng Nai,26368,Thị Trấn Long Thành,Z39,97872.0
08/06/2025,75,Đồng Nai,26374,Phường Tam Phước,Khác,0.0
08/06/2025,75,Đồng Nai,26377,Phường Phước Tân,A16,1708245.0
08/06/2025,75,Đồng Nai,26377,Phường Phước Tân,A17,2861253.0
08/06/2025,75,Đồng Nai,26416,Xã Phước Bình,Khác,0.0
08/06/2025,75,Đồng Nai,26452,Xã Suối Cát,Khác,0.0
08/06/2025,75,Đồng Nai,26455,Xã Xuân Hiệp,Khác,0.0
08/06/2025,75,Đồng Nai,26485,Xã Phú Hội,Khác,0.0
08/06/2025,75,Đồng Nai,26497,Xã Vĩnh Thanh,A09,492968.0
08/06/2025,75,Đồng Nai,26497,Xã Vĩnh Thanh,B02,122000.0
08/06/2025,75,Đồng Nai,26497,Xã Vĩnh Thanh,E11,3006271.0
08/06/2025,75,Đồng Nai,26497,Xã Vĩnh Thanh,G55,1073750.0
08/06/2025,75,Đồng Nai,26497,Xã Vĩnh Thanh,G57,1195778.0
08/06/2025,75,Đồng Nai,26497,Xã Vĩnh Thanh,I10,1024757.0
08/06/2025,75,Đồng Nai,26497,Xã Vĩnh Thanh,I25,184722.0
08/06/2025,75,Đồng Nai,26497,Xã Vĩnh Thanh,I50,633572.0
08/06/2025,75,Đồng Nai,26497,Xã Vĩnh Thanh,J06,106490.0
08/06/2025,75,Đồng Nai,26497,Xã Vĩnh Thanh,J20,375700.0
08/06/2025,75,Đồng Nai,26497,Xã Vĩnh Thanh,J68,258700.0
08/06/2025,75,Đồng Nai,26497,Xã Vĩnh Thanh,K02,899880.0
08/06/2025,75,Đồng Nai,26497,Xã Vĩnh Thanh,K03,195600.0
08/06/2025,75,Đồng Nai,26497,Xã Vĩnh Thanh,K21,1381764.0
08/06/2025,75,Đồng Nai,26497,Xã Vĩnh Thanh,K58,51270.0
08/06/2025,75,Đồng Nai,26497,Xã Vĩnh Thanh,L04,43990.0
08/06/2025,75,Đồng Nai,26497,Xã Vĩnh Thanh,L50,238875.0
08/06/2025,75,Đồng Nai,26497,Xã Vĩnh Thanh,M10,1003587.0
08/06/2025,75,Đồng Nai,26497,Xã Vĩnh Thanh,M17,90204.0
08/06/2025,75,Đồng Nai,26497,Xã Vĩnh Thanh,M47,4455459.0
08/06/2025,75,Đồng Nai,26497,Xã Vĩnh Thanh,M54,4871924.0
08/06/2025,75,Đồng Nai,26497,Xã Vĩnh Thanh,M65,249086.0
08/06/2025,75,Đồng Nai,26497,Xã Vĩnh Thanh,M77,242846.0
08/06/2025,75,Đồng Nai,26497,Xã Vĩnh Thanh,N92,502120.0
08/06/2025,75,Đồng Nai,26497,Xã Vĩnh Thanh,R07,576158.0
08/06/2025,75,Đồng Nai,26497,Xã Vĩnh Thanh,R10,255260.0
08/06/2025,75,Đồng Nai,26497,Xã Vĩnh Thanh,R25,224426.0
08/06/2025,75,Đồng Nai,26497,Xã Vĩnh Thanh,S00,176322.0
08/06/2025,75,Đồng Nai,26497,Xã Vĩnh Thanh,S53,150024.0
08/06/2025,75,Đồng Nai,26497,Xã Vĩnh Thanh,S80,130260.0
08/06/2025,75,Đồng Nai,26497,Xã Vĩnh Thanh,T03,156576.0
08/06/2025,75,Đồng Nai,26497,Xã Vĩnh Thanh,Z34,97860.0
08/07/2024,75,Đồng Nai,26035,Phường Tam Hòa,I25,378800.0
09/01/2025,75,Đồng Nai,26080,Phường Xuân An,Khác,0.0
09/01/2025,75,Đồng Nai,26341,Thị Trấn Long Giao,Khác,0.0
09/01/2025,75,Đồng Nai,26452,Xã Suối Cát,Khác,0.0
09/02/2025,75,Đồng Nai,26248,Thị Trấn Trảng Bom,Khác,0.0
09/02/2025,75,Đồng Nai,26341,Thị Trấn Long Giao,Khác,0.0
09/02/2025,75,Đồng Nai,26452,Xã Suối Cát,Khác,0.0
09/03/2025,75,Đồng Nai,26248,Thị Trấn Trảng Bom,Khác,0.0
09/03/2025,75,Đồng Nai,26452,Xã Suối Cát,Khác,0.0
09/04/2025,75,Đồng Nai,25993,Phường Trảng Dài,Khác,0.0
09/04/2025,75,Đồng Nai,25996,Phường Tân Phong,Khác,0.0
09/04/2025,75,Đồng Nai,25999,Phường Tân Biên,Khác,0.0
09/04/2025,75,Đồng Nai,26095,Phường Suối Tre,Khác,0.0
09/04/2025,75,Đồng Nai,26116,Thị Trấn Tân Phú,Khác,0.0
09/04/2025,75,Đồng Nai,26206,Thị Trấn Định Quán,Khác,0.0
09/04/2025,75,Đồng Nai,26248,Thị Trấn Trảng Bom,Khác,0.0
09/04/2025,75,Đồng Nai,26272,Xã Hố Nai 3,Khác,0.0
09/04/2025,75,Đồng Nai,26326,Thị Trấn Dầu Giây,Khác,0.0
09/04/2025,75,Đồng Nai,26368,Thị Trấn Long Thành,Khác,0.0
09/04/2025,75,Đồng Nai,26440,Xã Xuân Trường,Khác,0.0
09/04/2025,75,Đồng Nai,26452,Xã Suối Cát,Khác,0.0
09/05/2025,75,Đồng Nai,25993,Phường Trảng Dài,Khác,0.0
09/05/2025,75,Đồng Nai,25996,Phường Tân Phong,Khác,0.0
09/05/2025,75,Đồng Nai,25999,Phường Tân Biên,Khác,0.0
09/05/2025,75,Đồng Nai,26017,Phường Tam Hiệp,Khác,0.0
09/05/2025,75,Đồng Nai,26029,Phường Thống Nhất,Khác,0.0
09/05/2025,75,Đồng Nai,26068,Phường Hóa An,Khác,0.0
09/05/2025,75,Đồng Nai,26095,Phường Suối Tre,Khác,0.0
09/05/2025,75,Đồng Nai,26116,Thị Trấn Tân Phú,Khác,0.0
09/05/2025,75,Đồng Nai,26188,Xã Thạnh Phú,Khác,0.0
09/05/2025,75,Đồng Nai,26206,Thị Trấn Định Quán,Khác,0.0
09/05/2025,75,Đồng Nai,26272,Xã Hố Nai 3,Khác,0.0
09/05/2025,75,Đồng Nai,26326,Thị Trấn Dầu Giây,Khác,0.0
09/05/2025,75,Đồng Nai,26362,Xã Sông Ray,Khác,0.0
09/05/2025,75,Đồng Nai,26368,Thị Trấn Long Thành,Khác,0.0
09/05/2025,75,Đồng Nai,26374,Phường Tam Phước,Khác,0.0
09/05/2025,75,Đồng Nai,26377,Phường Phước Tân,Khác,0.0
09/05/2025,75,Đồng Nai,26416,Xã Phước Bình,Khác,0.0
09/05/2025,75,Đồng Nai,26452,Xã Suối Cát,Khác,0.0
09/05/2025,75,Đồng Nai,26455,Xã Xuân Hiệp,Khác,0.0
09/05/2025,75,Đồng Nai,26470,Xã Phước Thiền,Khác,0.0
09/05/2025,75,Đồng Nai,26497,Xã Vĩnh Thanh,Khác,0.0
09/06/2025,75,Đồng Nai,25996,Phường Tân Phong,G56,36500.0
09/06/2025,75,Đồng Nai,25996,Phường Tân Phong,Khác,0.0
09/06/2025,75,Đồng Nai,26017,Phường Tam Hiệp,Khác,0.0
09/06/2025,75,Đồng Nai,26020,Phường Long Bình,E04,106970.0
09/06/2025,75,Đồng Nai,26020,Phường Long Bình,G54,79830.0
09/06/2025,75,Đồng Nai,26020,Phường Long Bình,G56,36500.0
09/06/2025,75,Đồng Nai,26020,Phường Long Bình,I10,177590.0
09/06/2025,75,Đồng Nai,26020,Phường Long Bình,J06,751200.0
09/06/2025,75,Đồng Nai,26020,Phường Long Bình,J39,63250.0
09/06/2025,75,Đồng Nai,26020,Phường Long Bình,J40,205200.0
09/06/2025,75,Đồng Nai,26020,Phường Long Bình,K58,176380.0
09/06/2025,75,Đồng Nai,26020,Phường Long Bình,K70,146788.0
09/06/2025,75,Đồng Nai,26020,Phường Long Bình,Khác,0.0
09/06/2025,75,Đồng Nai,26020,Phường Long Bình,M02,141655.0
09/06/2025,75,Đồng Nai,26020,Phường Long Bình,N23,100430.0
09/06/2025,75,Đồng Nai,26020,Phường Long Bình,R10,351774.0
09/06/2025,75,Đồng Nai,26020,Phường Long Bình,R51,305090.0
09/06/2025,75,Đồng Nai,26020,Phường Long Bình,S61,61665.0
09/06/2025,75,Đồng Nai,26020,Phường Long Bình,T78,38525.0
09/06/2025,75,Đồng Nai,26029,Phường Thống Nhất,Khác,0.0
09/06/2025,75,Đồng Nai,26050,Phường An Bình,Khác,0.0
09/06/2025,75,Đồng Nai,26056,Phường Long Bình Tân,J20,548210.0
09/06/2025,75,Đồng Nai,26056,Phường Long Bình Tân,Khác,0.0
09/06/2025,75,Đồng Nai,26068,Phường Hóa An,B73,175950.0
09/06/2025,75,Đồng Nai,26068,Phường Hóa An,B81,219230.0
09/06/2025,75,Đồng Nai,26068,Phường Hóa An,D50,1530432.0
09/06/2025,75,Đồng Nai,26068,Phường Hóa An,E11,1672340.0
09/06/2025,75,Đồng Nai,26068,Phường Hóa An,E78,163400.0
09/06/2025,75,Đồng Nai,26068,Phường Hóa An,G57,140870.0
09/06/2025,75,Đồng Nai,26068,Phường Hóa An,H81,2290696.0
09/06/2025,75,Đồng Nai,26068,Phường Hóa An,I10,3657905.0
09/06/2025,75,Đồng Nai,26068,Phường Hóa An,I83,1937682.0
09/06/2025,75,Đồng Nai,26068,Phường Hóa An,J06,781225.0
09/06/2025,75,Đồng Nai,26068,Phường Hóa An,J20,2998213.0
09/06/2025,75,Đồng Nai,26068,Phường Hóa An,J30,266600.0
09/06/2025,75,Đồng Nai,26068,Phường Hóa An,J32,2304200.0
09/06/2025,75,Đồng Nai,26068,Phường Hóa An,J39,4218760.0
09/06/2025,75,Đồng Nai,26068,Phường Hóa An,K21,2144490.0
09/06/2025,75,Đồng Nai,26068,Phường Hóa An,K29,424670.0
09/06/2025,75,Đồng Nai,26068,Phường Hóa An,K58,1691620.0
09/06/2025,75,Đồng Nai,26068,Phường Hóa An,K76,2287236.0
09/06/2025,75,Đồng Nai,26068,Phường Hóa An,Khác,0.0
09/06/2025,75,Đồng Nai,26068,Phường Hóa An,L20,69295.0
09/06/2025,75,Đồng Nai,26068,Phường Hóa An,M10,151700.0
09/06/2025,75,Đồng Nai,26068,Phường Hóa An,M17,827130.0
09/06/2025,75,Đồng Nai,26068,Phường Hóa An,M19,309880.0
09/06/2025,75,Đồng Nai,26068,Phường Hóa An,M24,568500.0
09/06/2025,75,Đồng Nai,26068,Phường Hóa An,M25,1694090.0
09/06/2025,75,Đồng Nai,26068,Phường Hóa An,M47,3348230.0
09/06/2025,75,Đồng Nai,26068,Phường Hóa An,M54,5836060.0
09/06/2025,75,Đồng Nai,26068,Phường Hóa An,M75,808000.0
09/06/2025,75,Đồng Nai,26068,Phường Hóa An,M77,94810.0
09/06/2025,75,Đồng Nai,26068,Phường Hóa An,N39,306175.0
09/06/2025,75,Đồng Nai,26068,Phường Hóa An,N64,280200.0
09/06/2025,75,Đồng Nai,26068,Phường Hóa An,P05,301200.0
09/06/2025,75,Đồng Nai,26068,Phường Hóa An,R07,150990.0
09/06/2025,75,Đồng Nai,26068,Phường Hóa An,R10,2383351.0
09/06/2025,75,Đồng Nai,26068,Phường Hóa An,R51,884235.0
09/06/2025,75,Đồng Nai,26068,Phường Hóa An,S83,494060.0
09/06/2025,75,Đồng Nai,26068,Phường Hóa An,S86,128930.0
09/06/2025,75,Đồng Nai,26068,Phường Hóa An,Z34,335800.0
09/06/2025,75,Đồng Nai,26068,Phường Hóa An,Z35,313620.0
09/06/2025,75,Đồng Nai,26095,Phường Suối Tre,K92,2237394.0
09/06/2025,75,Đồng Nai,26095,Phường Suối Tre,Khác,0.0
09/06/2025,75,Đồng Nai,26095,Phường Suối Tre,O00,2811601.0
09/06/2025,75,Đồng Nai,26206,Thị Trấn Định Quán,Khác,0.0
09/06/2025,75,Đồng Nai,26239,Xã Túc Trưng,Khác,0.0
09/06/2025,75,Đồng Nai,26272,Xã Hố Nai 3,Khác,0.0
09/06/2025,75,Đồng Nai,26296,Xã An Viễn,Khác,0.0
09/06/2025,75,Đồng Nai,26311,Xã Quang Trung,Khác,0.0
09/06/2025,75,Đồng Nai,26326,Thị Trấn Dầu Giây,A04,2258622.0
09/06/2025,75,Đồng Nai,26326,Thị Trấn Dầu Giây,A06,274638.0
09/06/2025,75,Đồng Nai,26326,Thị Trấn Dầu Giây,A08,3235686.0
09/06/2025,75,Đồng Nai,26326,Thị Trấn Dầu Giây,A09,335015.0
09/06/2025,75,Đồng Nai,26326,Thị Trấn Dầu Giây,A15,942710.0
09/06/2025,75,Đồng Nai,26326,Thị Trấn Dầu Giây,A97,8804373.0
09/06/2025,75,Đồng Nai,26326,Thị Trấn Dầu Giây,B18,203152.0
09/06/2025,75,Đồng Nai,26326,Thị Trấn Dầu Giây,B34,6397237.0
09/06/2025,75,Đồng Nai,26326,Thị Trấn Dầu Giây,B83,261593.0
09/06/2025,75,Đồng Nai,26326,Thị Trấn Dầu Giây,B98,39800.0
09/06/2025,75,Đồng Nai,26326,Thị Trấn Dầu Giây,C22,39800.0
09/06/2025,75,Đồng Nai,26326,Thị Trấn Dầu Giây,C73,39800.0
09/06/2025,75,Đồng Nai,26326,Thị Trấn Dầu Giây,C83,39800.0
09/06/2025,75,Đồng Nai,26326,Thị Trấn Dầu Giây,D23,3199475.0
09/06/2025,75,Đồng Nai,26326,Thị Trấn Dầu Giây,D38,39800.0
09/06/2025,75,Đồng Nai,26326,Thị Trấn Dầu Giây,D50,83300.0
09/06/2025,75,Đồng Nai,26326,Thị Trấn Dầu Giây,E07,350190.0
09/06/2025,75,Đồng Nai,26326,Thị Trấn Dầu Giây,E11,23688264.0
09/06/2025,75,Đồng Nai,26326,Thị Trấn Dầu Giây,E27,98400.0
09/06/2025,75,Đồng Nai,26326,Thị Trấn Dầu Giây,E30,39800.0
09/06/2025,75,Đồng Nai,26326,Thị Trấn Dầu Giây,E56,67720.0
09/06/2025,75,Đồng Nai,26326,Thị Trấn Dầu Giây,E58,93203.0
09/06/2025,75,Đồng Nai,26326,Thị Trấn Dầu Giây,E63,206200.0
09/06/2025,75,Đồng Nai,26326,Thị Trấn Dầu Giây,E78,2322314.0
09/06/2025,75,Đồng Nai,26326,Thị Trấn Dầu Giây,E83,222632.0
09/06/2025,75,Đồng Nai,26326,Thị Trấn Dầu Giây,F20,39800.0
09/06/2025,75,Đồng Nai,26326,Thị Trấn Dầu Giây,F41,182224.0
09/06/2025,75,Đồng Nai,26326,Thị Trấn Dầu Giây,G44,246000.0
09/06/2025,75,Đồng Nai,26326,Thị Trấn Dầu Giây,G47,688059.0
09/06/2025,75,Đồng Nai,26326,Thị Trấn Dầu Giây,G51,79600.0
09/06/2025,75,Đồng Nai,26326,Thị Trấn Dầu Giây,G53,967159.0
09/06/2025,75,Đồng Nai,26326,Thị Trấn Dầu Giây,G56,159372.0
09/06/2025,75,Đồng Nai,26326,Thị Trấn Dầu Giây,G64,180280.0
09/06/2025,75,Đồng Nai,26326,Thị Trấn Dầu Giây,H16,39800.0
09/06/2025,75,Đồng Nai,26326,Thị Trấn Dầu Giây,H26,119400.0
09/06/2025,75,Đồng Nai,26326,Thị Trấn Dầu Giây,H40,79600.0
09/06/2025,75,Đồng Nai,26326,Thị Trấn Dầu Giây,H57,39800.0
09/06/2025,75,Đồng Nai,26326,Thị Trấn Dầu Giây,H60,472217.0
09/06/2025,75,Đồng Nai,26326,Thị Trấn Dầu Giây,H66,421167.0
09/06/2025,75,Đồng Nai,26326,Thị Trấn Dầu Giây,H81,11907420.0
09/06/2025,75,Đồng Nai,26326,Thị Trấn Dầu Giây,H94,91320.0
09/06/2025,75,Đồng Nai,26326,Thị Trấn Dầu Giây,I10,11307158.0
09/06/2025,75,Đồng Nai,26326,Thị Trấn Dầu Giây,I20,903508.0
09/06/2025,75,Đồng Nai,26326,Thị Trấn Dầu Giây,I25,1613876.0
09/06/2025,75,Đồng Nai,26326,Thị Trấn Dầu Giây,I46,5378751.0
09/06/2025,75,Đồng Nai,26326,Thị Trấn Dầu Giây,I48,79600.0
09/06/2025,75,Đồng Nai,26326,Thị Trấn Dầu Giây,I63,79600.0
09/06/2025,75,Đồng Nai,26326,Thị Trấn Dầu Giây,I69,119400.0
09/06/2025,75,Đồng Nai,26326,Thị Trấn Dầu Giây,I71,114896.0
09/06/2025,75,Đồng Nai,26326,Thị Trấn Dầu Giây,I83,557213.0
09/06/2025,75,Đồng Nai,26326,Thị Trấn Dầu Giây,I87,694604.0
09/06/2025,75,Đồng Nai,26326,Thị Trấn Dầu Giây,J02,2861346.0
09/06/2025,75,Đồng Nai,26326,Thị Trấn Dầu Giây,J03,910601.0
09/06/2025,75,Đồng Nai,26326,Thị Trấn Dầu Giây,J04,306778.0
09/06/2025,75,Đồng Nai,26326,Thị Trấn Dầu Giây,J06,2665580.0
09/06/2025,75,Đồng Nai,26326,Thị Trấn Dầu Giây,J18,5238301.0
09/06/2025,75,Đồng Nai,26326,Thị Trấn Dầu Giây,J20,2884559.0
09/06/2025,75,Đồng Nai,26326,Thị Trấn Dầu Giây,J30,73250.0
09/06/2025,75,Đồng Nai,26326,Thị Trấn Dầu Giây,J31,998208.0
09/06/2025,75,Đồng Nai,26326,Thị Trấn Dầu Giây,J32,1449668.0
09/06/2025,75,Đồng Nai,26326,Thị Trấn Dầu Giây,J34,214017.0
09/06/2025,75,Đồng Nai,26326,Thị Trấn Dầu Giây,J35,279490.0
09/06/2025,75,Đồng Nai,26326,Thị Trấn Dầu Giây,J37,39800.0
09/06/2025,75,Đồng Nai,26326,Thị Trấn Dầu Giây,J41,1614890.0
09/06/2025,75,Đồng Nai,26326,Thị Trấn Dầu Giây,J44,10136836.0
09/06/2025,75,Đồng Nai,26326,Thị Trấn Dầu Giây,J45,3250102.0
09/06/2025,75,Đồng Nai,26326,Thị Trấn Dầu Giây,K04,133460.0
09/06/2025,75,Đồng Nai,26326,Thị Trấn Dầu Giây,K21,5246657.0
09/06/2025,75,Đồng Nai,26326,Thị Trấn Dầu Giây,K30,967022.0
09/06/2025,75,Đồng Nai,26326,Thị Trấn Dầu Giây,K35,98400.0
09/06/2025,75,Đồng Nai,26326,Thị Trấn Dầu Giây,K52,1099938.0
09/06/2025,75,Đồng Nai,26326,Thị Trấn Dầu Giây,K59,1458334.0
09/06/2025,75,Đồng Nai,26326,Thị Trấn Dầu Giây,K76,1877045.0
09/06/2025,75,Đồng Nai,26326,Thị Trấn Dầu Giây,K85,268600.0
09/06/2025,75,Đồng Nai,26326,Thị Trấn Dầu Giây,L02,527810.0
09/06/2025,75,Đồng Nai,26326,Thị Trấn Dầu Giây,L03,117870.0
09/06/2025,75,Đồng Nai,26326,Thị Trấn Dầu Giây,L04,139266.0
09/06/2025,75,Đồng Nai,26326,Thị Trấn Dầu Giây,L13,275940.0
09/06/2025,75,Đồng Nai,26326,Thị Trấn Dầu Giây,L28,213234.0
09/06/2025,75,Đồng Nai,26326,Thị Trấn Dầu Giây,L30,81583.0
09/06/2025,75,Đồng Nai,26326,Thị Trấn Dầu Giây,M10,156770.0
09/06/2025,75,Đồng Nai,26326,Thị Trấn Dầu Giây,M13,2036486.0
09/06/2025,75,Đồng Nai,26326,Thị Trấn Dầu Giây,M17,826050.0
09/06/2025,75,Đồng Nai,26326,Thị Trấn Dầu Giây,M19,476215.0
09/06/2025,75,Đồng Nai,26326,Thị Trấn Dầu Giây,M25,218100.0
09/06/2025,75,Đồng Nai,26326,Thị Trấn Dầu Giây,M47,10353301.0
09/06/2025,75,Đồng Nai,26326,Thị Trấn Dầu Giây,M48,313100.0
09/06/2025,75,Đồng Nai,26326,Thị Trấn Dầu Giây,M50,480761.0
09/06/2025,75,Đồng Nai,26326,Thị Trấn Dầu Giây,M54,742810.0
09/06/2025,75,Đồng Nai,26326,Thị Trấn Dầu Giây,M79,468725.0
09/06/2025,75,Đồng Nai,26326,Thị Trấn Dầu Giây,N04,39800.0
09/06/2025,75,Đồng Nai,26326,Thị Trấn Dầu Giây,N18,159200.0
09/06/2025,75,Đồng Nai,26326,Thị Trấn Dầu Giây,N20,3084436.0
09/06/2025,75,Đồng Nai,26326,Thị Trấn Dầu Giây,N39,919637.0
09/06/2025,75,Đồng Nai,26326,Thị Trấn Dầu Giây,N40,614168.0
09/06/2025,75,Đồng Nai,26326,Thị Trấn Dầu Giây,N76,263570.0
09/06/2025,75,Đồng Nai,26326,Thị Trấn Dầu Giây,N92,2018633.0
09/06/2025,75,Đồng Nai,26326,Thị Trấn Dầu Giây,O20,3652066.0
09/06/2025,75,Đồng Nai,26326,Thị Trấn Dầu Giây,O47,229800.0
09/06/2025,75,Đồng Nai,26326,Thị Trấn Dầu Giây,O80,4416217.0
09/06/2025,75,Đồng Nai,26326,Thị Trấn Dầu Giây,P59,166600.0
09/06/2025,75,Đồng Nai,26326,Thị Trấn Dầu Giây,R10,1440243.0
09/06/2025,75,Đồng Nai,26326,Thị Trấn Dầu Giây,R51,223400.0
09/06/2025,75,Đồng Nai,26326,Thị Trấn Dầu Giây,R64,3863438.0
09/06/2025,75,Đồng Nai,26326,Thị Trấn Dầu Giây,R73,298976.0
09/06/2025,75,Đồng Nai,26326,Thị Trấn Dầu Giây,S01,246803.0
09/06/2025,75,Đồng Nai,26326,Thị Trấn Dầu Giây,S05,39800.0
09/06/2025,75,Đồng Nai,26326,Thị Trấn Dầu Giây,S20,1150924.0
09/06/2025,75,Đồng Nai,26326,Thị Trấn Dầu Giây,S30,352438.0
09/06/2025,75,Đồng Nai,26326,Thị Trấn Dầu Giây,S40,275149.0
09/06/2025,75,Đồng Nai,26326,Thị Trấn Dầu Giây,S42,113100.0
09/06/2025,75,Đồng Nai,26326,Thị Trấn Dầu Giây,S43,66835.0
09/06/2025,75,Đồng Nai,26326,Thị Trấn Dầu Giây,S50,257197.0
09/06/2025,75,Đồng Nai,26326,Thị Trấn Dầu Giây,S51,224409.0
09/06/2025,75,Đồng Nai,26326,Thị Trấn Dầu Giây,S61,151679.0
09/06/2025,75,Đồng Nai,26326,Thị Trấn Dầu Giây,S62,546017.0
09/06/2025,75,Đồng Nai,26326,Thị Trấn Dầu Giây,S72,113100.0
09/06/2025,75,Đồng Nai,26326,Thị Trấn Dầu Giây,S80,623958.0
09/06/2025,75,Đồng Nai,26326,Thị Trấn Dầu Giây,S81,282079.0
09/06/2025,75,Đồng Nai,26326,Thị Trấn Dầu Giây,S90,664556.0
09/06/2025,75,Đồng Nai,26326,Thị Trấn Dầu Giây,S91,446627.0
09/06/2025,75,Đồng Nai,26326,Thị Trấn Dầu Giây,T78,252300.0
09/06/2025,75,Đồng Nai,26326,Thị Trấn Dầu Giây,Z09,1934521.0
09/06/2025,75,Đồng Nai,26326,Thị Trấn Dầu Giây,Z35,715700.0
09/06/2025,75,Đồng Nai,26326,Thị Trấn Dầu Giây,Z95,39800.0
09/06/2025,75,Đồng Nai,26326,Thị Trấn Dầu Giây,Z96,152900.0
09/06/2025,75,Đồng Nai,26326,Thị Trấn Dầu Giây,Z98,713127.0
09/06/2025,75,Đồng Nai,26362,Xã Sông Ray,Khác,0.0
09/06/2025,75,Đồng Nai,26368,Thị Trấn Long Thành,A09,661834.0
09/06/2025,75,Đồng Nai,26368,Thị Trấn Long Thành,A97,494430.0
09/06/2025,75,Đồng Nai,26368,Thị Trấn Long Thành,B01,122255.0
09/06/2025,75,Đồng Nai,26368,Thị Trấn Long Thành,B33,375230.0
09/06/2025,75,Đồng Nai,26368,Thị Trấn Long Thành,B77,36500.0
09/06/2025,75,Đồng Nai,26368,Thị Trấn Long Thành,D12,36500.0
09/06/2025,75,Đồng Nai,26368,Thị Trấn Long Thành,E07,428950.0
09/06/2025,75,Đồng Nai,26368,Thị Trấn Long Thành,E11,904882.0
09/06/2025,75,Đồng Nai,26368,Thị Trấn Long Thành,H00,36500.0
09/06/2025,75,Đồng Nai,26368,Thị Trấn Long Thành,H66,205050.0
09/06/2025,75,Đồng Nai,26368,Thị Trấn Long Thành,H81,143740.0
09/06/2025,75,Đồng Nai,26368,Thị Trấn Long Thành,I10,698140.0
09/06/2025,75,Đồng Nai,26368,Thị Trấn Long Thành,I64,1052000.0
09/06/2025,75,Đồng Nai,26368,Thị Trấn Long Thành,J01,337100.0
09/06/2025,75,Đồng Nai,26368,Thị Trấn Long Thành,J02,126392.0
09/06/2025,75,Đồng Nai,26368,Thị Trấn Long Thành,J06,566505.0
09/06/2025,75,Đồng Nai,26368,Thị Trấn Long Thành,J20,143152.0
09/06/2025,75,Đồng Nai,26368,Thị Trấn Long Thành,J21,57173.0
09/06/2025,75,Đồng Nai,26368,Thị Trấn Long Thành,K14,77600.0
09/06/2025,75,Đồng Nai,26368,Thị Trấn Long Thành,K21,140100.0
09/06/2025,75,Đồng Nai,26368,Thị Trấn Long Thành,Khác,0.0
09/06/2025,75,Đồng Nai,26368,Thị Trấn Long Thành,L08,47812.0
09/06/2025,75,Đồng Nai,26368,Thị Trấn Long Thành,L20,191992.0
09/06/2025,75,Đồng Nai,26368,Thị Trấn Long Thành,M02,103850.0
09/06/2025,75,Đồng Nai,26368,Thị Trấn Long Thành,M06,260750.0
09/06/2025,75,Đồng Nai,26368,Thị Trấn Long Thành,M54,184650.0
09/06/2025,75,Đồng Nai,26368,Thị Trấn Long Thành,M72,135750.0
09/06/2025,75,Đồng Nai,26368,Thị Trấn Long Thành,M75,156150.0
09/06/2025,75,Đồng Nai,26368,Thị Trấn Long Thành,M77,76040.0
09/06/2025,75,Đồng Nai,26368,Thị Trấn Long Thành,N13,105780.0
09/06/2025,75,Đồng Nai,26368,Thị Trấn Long Thành,N39,228040.0
09/06/2025,75,Đồng Nai,26368,Thị Trấn Long Thành,N63,100200.0
09/06/2025,75,Đồng Nai,26368,Thị Trấn Long Thành,N64,100050.0
09/06/2025,75,Đồng Nai,26368,Thị Trấn Long Thành,N75,166350.0
09/06/2025,75,Đồng Nai,26368,Thị Trấn Long Thành,N76,591032.0
09/06/2025,75,Đồng Nai,26368,Thị Trấn Long Thành,O20,200364.0
09/06/2025,75,Đồng Nai,26368,Thị Trấn Long Thành,O26,805376.0
09/06/2025,75,Đồng Nai,26368,Thị Trấn Long Thành,R10,128450.0
09/06/2025,75,Đồng Nai,26368,Thị Trấn Long Thành,R50,242700.0
09/06/2025,75,Đồng Nai,26368,Thị Trấn Long Thành,R57,258900.0
09/06/2025,75,Đồng Nai,26368,Thị Trấn Long Thành,S00,86360.0
09/06/2025,75,Đồng Nai,26368,Thị Trấn Long Thành,S01,98174.0
09/06/2025,75,Đồng Nai,26368,Thị Trấn Long Thành,S20,150370.0
09/06/2025,75,Đồng Nai,26368,Thị Trấn Long Thành,S30,391400.0
09/06/2025,75,Đồng Nai,26368,Thị Trấn Long Thành,S92,125200.0
09/06/2025,75,Đồng Nai,26368,Thị Trấn Long Thành,Z32,1610090.0
09/06/2025,75,Đồng Nai,26374,Phường Tam Phước,Khác,0.0
09/06/2025,75,Đồng Nai,26377,Phường Phước Tân,A15,18500169.0
09/06/2025,75,Đồng Nai,26377,Phường Phước Tân,A16,8411699.0
09/06/2025,75,Đồng Nai,26377,Phường Phước Tân,A31,45000.0
09/06/2025,75,Đồng Nai,26377,Phường Phước Tân,B90,3645620.0
09/06/2025,75,Đồng Nai,26377,Phường Phước Tân,J18,577383.0
09/06/2025,75,Đồng Nai,26377,Phường Phước Tân,J44,8425513.0
09/06/2025,75,Đồng Nai,26377,Phường Phước Tân,J45,792000.0
09/06/2025,75,Đồng Nai,26377,Phường Phước Tân,J47,5678609.0
09/06/2025,75,Đồng Nai,26377,Phường Phước Tân,R04,1241680.0
09/06/2025,75,Đồng Nai,26377,Phường Phước Tân,T88,11621100.0
09/06/2025,75,Đồng Nai,26416,Xã Phước Bình,Khác,0.0
09/06/2025,75,Đồng Nai,26455,Xã Xuân Hiệp,Khác,0.0
09/06/2025,75,Đồng Nai,26485,Xã Phú Hội,Khác,0.0
09/06/2025,75,Đồng Nai,26497,Xã Vĩnh Thanh,A04,108960.0
09/06/2025,75,Đồng Nai,26497,Xã Vĩnh Thanh,B34,877306.0
09/06/2025,75,Đồng Nai,26497,Xã Vĩnh Thanh,B77,99143.0
09/06/2025,75,Đồng Nai,26497,Xã Vĩnh Thanh,E10,109816.0
09/06/2025,75,Đồng Nai,26497,Xã Vĩnh Thanh,E11,996500.0
09/06/2025,75,Đồng Nai,26497,Xã Vĩnh Thanh,H81,807250.0
09/06/2025,75,Đồng Nai,26497,Xã Vĩnh Thanh,I10,1714224.0
09/06/2025,75,Đồng Nai,26497,Xã Vĩnh Thanh,I25,699885.0
09/06/2025,75,Đồng Nai,26497,Xã Vĩnh Thanh,I69,2108300.0
09/06/2025,75,Đồng Nai,26497,Xã Vĩnh Thanh,J06,145273.0
09/06/2025,75,Đồng Nai,26497,Xã Vĩnh Thanh,J20,619494.0
09/06/2025,75,Đồng Nai,26497,Xã Vĩnh Thanh,J44,449160.0
09/06/2025,75,Đồng Nai,26497,Xã Vĩnh Thanh,J45,46524.0
09/06/2025,75,Đồng Nai,26497,Xã Vĩnh Thanh,K01,151080.0
09/06/2025,75,Đồng Nai,26497,Xã Vĩnh Thanh,K02,1347908.0
09/06/2025,75,Đồng Nai,26497,Xã Vĩnh Thanh,K08,73000.0
09/06/2025,75,Đồng Nai,26497,Xã Vĩnh Thanh,K21,2099078.0
09/06/2025,75,Đồng Nai,26497,Xã Vĩnh Thanh,K30,203780.0
09/06/2025,75,Đồng Nai,26497,Xã Vĩnh Thanh,K70,715346.0
09/06/2025,75,Đồng Nai,26497,Xã Vĩnh Thanh,Khác,0.0
09/06/2025,75,Đồng Nai,26497,Xã Vĩnh Thanh,L03,320430.0
09/06/2025,75,Đồng Nai,26497,Xã Vĩnh Thanh,L04,200200.0
09/06/2025,75,Đồng Nai,26497,Xã Vĩnh Thanh,M10,351620.0
09/06/2025,75,Đồng Nai,26497,Xã Vĩnh Thanh,M17,1079250.0
09/06/2025,75,Đồng Nai,26497,Xã Vĩnh Thanh,M47,1045750.0
09/06/2025,75,Đồng Nai,26497,Xã Vĩnh Thanh,M54,3786128.0
09/06/2025,75,Đồng Nai,26497,Xã Vĩnh Thanh,M75,3248340.0
09/06/2025,75,Đồng Nai,26497,Xã Vĩnh Thanh,M79,190050.0
09/06/2025,75,Đồng Nai,26497,Xã Vĩnh Thanh,N39,167650.0
09/06/2025,75,Đồng Nai,26497,Xã Vĩnh Thanh,N40,144692.0
09/06/2025,75,Đồng Nai,26497,Xã Vĩnh Thanh,N92,172200.0
09/06/2025,75,Đồng Nai,26497,Xã Vĩnh Thanh,R10,1368036.0
09/06/2025,75,Đồng Nai,26497,Xã Vĩnh Thanh,S40,125130.0
09/06/2025,75,Đồng Nai,26497,Xã Vĩnh Thanh,S53,118740.0
09/06/2025,75,Đồng Nai,26497,Xã Vĩnh Thanh,S60,119290.0
09/06/2025,75,Đồng Nai,26497,Xã Vĩnh Thanh,S80,122040.0
09/06/2025,75,Đồng Nai,26497,Xã Vĩnh Thanh,S90,159780.0
09/06/2025,75,Đồng Nai,26497,Xã Vĩnh Thanh,S91,36500.0
09/06/2025,75,Đồng Nai,26497,Xã Vĩnh Thanh,Z34,147100.0
10/01/2025,75,Đồng Nai,26080,Phường Xuân An,Khác,0.0
10/01/2025,75,Đồng Nai,26341,Thị Trấn Long Giao,Khác,0.0
10/01/2025,75,Đồng Nai,26452,Xã Suối Cát,Khác,0.0
10/02/2025,75,Đồng Nai,26026,Phường Tân Mai,Khác,0.0
10/02/2025,75,Đồng Nai,26080,Phường Xuân An,Khác,0.0
10/02/2025,75,Đồng Nai,26248,Thị Trấn Trảng Bom,Khác,0.0
10/02/2025,75,Đồng Nai,26341,Thị Trấn Long Giao,Khác,0.0
10/02/2025,75,Đồng Nai,26452,Xã Suối Cát,Khác,0.0
10/03/2025,75,Đồng Nai,26026,Phường Tân Mai,Khác,0.0
10/03/2025,75,Đồng Nai,26080,Phường Xuân An,Khác,0.0
10/03/2025,75,Đồng Nai,26248,Thị Trấn Trảng Bom,Khác,0.0
10/03/2025,75,Đồng Nai,26254,Xã Cây Gáo,Khác,0.0
10/03/2025,75,Đồng Nai,26452,Xã Suối Cát,Khác,0.0
10/04/2025,75,Đồng Nai,25993,Phường Trảng Dài,Khác,0.0
10/04/2025,75,Đồng Nai,25996,Phường Tân Phong,Khác,0.0
10/04/2025,75,Đồng Nai,25999,Phường Tân Biên,Khác,0.0
10/04/2025,75,Đồng Nai,26026,Phường Tân Mai,Khác,0.0
10/04/2025,75,Đồng Nai,26095,Phường Suối Tre,Khác,0.0
10/04/2025,75,Đồng Nai,26116,Thị Trấn Tân Phú,Khác,0.0
10/04/2025,75,Đồng Nai,26206,Thị Trấn Định Quán,Khác,0.0
10/04/2025,75,Đồng Nai,26248,Thị Trấn Trảng Bom,Khác,0.0
10/04/2025,75,Đồng Nai,26326,Thị Trấn Dầu Giây,Khác,0.0
10/04/2025,75,Đồng Nai,26368,Thị Trấn Long Thành,Khác,0.0
10/04/2025,75,Đồng Nai,26377,Phường Phước Tân,Khác,0.0
10/04/2025,75,Đồng Nai,26440,Xã Xuân Trường,Khác,0.0
10/04/2025,75,Đồng Nai,26452,Xã Suối Cát,Khác,0.0
10/05/2025,75,Đồng Nai,25996,Phường Tân Phong,Khác,0.0
10/05/2025,75,Đồng Nai,25999,Phường Tân Biên,Khác,0.0
10/05/2025,75,Đồng Nai,26017,Phường Tam Hiệp,Khác,0.0
10/05/2025,75,Đồng Nai,26029,Phường Thống Nhất,Khác,0.0
10/05/2025,75,Đồng Nai,26068,Phường Hóa An,Khác,0.0
10/05/2025,75,Đồng Nai,26095,Phường Suối Tre,Khác,0.0
10/05/2025,75,Đồng Nai,26116,Thị Trấn Tân Phú,Khác,0.0
10/05/2025,75,Đồng Nai,26206,Thị Trấn Định Quán,Khác,0.0
10/05/2025,75,Đồng Nai,26272,Xã Hố Nai 3,Khác,0.0
10/05/2025,75,Đồng Nai,26326,Thị Trấn Dầu Giây,Khác,0.0
10/05/2025,75,Đồng Nai,26362,Xã Sông Ray,Khác,0.0
10/05/2025,75,Đồng Nai,26368,Thị Trấn Long Thành,Khác,0.0
10/05/2025,75,Đồng Nai,26374,Phường Tam Phước,Khác,0.0
10/05/2025,75,Đồng Nai,26389,Xã Long Đức,Khác,0.0
10/05/2025,75,Đồng Nai,26440,Xã Xuân Trường,Khác,0.0
10/05/2025,75,Đồng Nai,26452,Xã Suối Cát,Khác,0.0
10/05/2025,75,Đồng Nai,26497,Xã Vĩnh Thanh,Khác,0.0
10/06/2025,75,Đồng Nai,25996,Phường Tân Phong,I10,245460.0
10/06/2025,75,Đồng Nai,25996,Phường Tân Phong,I69,867717.04
10/06/2025,75,Đồng Nai,25996,Phường Tân Phong,I83,1104800.0
10/06/2025,75,Đồng Nai,25996,Phường Tân Phong,Khác,0.0
10/06/2025,75,Đồng Nai,26017,Phường Tam Hiệp,Khác,0.0
10/06/2025,75,Đồng Nai,26020,Phường Long Bình,J06,637942.0
10/06/2025,75,Đồng Nai,26020,Phường Long Bình,J39,48218.0
10/06/2025,75,Đồng Nai,26020,Phường Long Bình,J40,63746.0
10/06/2025,75,Đồng Nai,26020,Phường Long Bình,K58,226000.0
10/06/2025,75,Đồng Nai,26020,Phường Long Bình,Khác,0.0
10/06/2025,75,Đồng Nai,26020,Phường Long Bình,M13,60284.0
10/06/2025,75,Đồng Nai,26020,Phường Long Bình,M54,147130.0
10/06/2025,75,Đồng Nai,26020,Phường Long Bình,N23,111180.0
10/06/2025,75,Đồng Nai,26020,Phường Long Bình,R10,301920.0
10/06/2025,75,Đồng Nai,26020,Phường Long Bình,R51,67790.0
10/06/2025,75,Đồng Nai,26050,Phường An Bình,Khác,0.0
10/06/2025,75,Đồng Nai,26056,Phường Long Bình Tân,C20,78080160.0
10/06/2025,75,Đồng Nai,26056,Phường Long Bình Tân,E78,358160.0
10/06/2025,75,Đồng Nai,26056,Phường Long Bình Tân,Khác,0.0
10/06/2025,75,Đồng Nai,26056,Phường Long Bình Tân,M79,314320.0
10/06/2025,75,Đồng Nai,26056,Phường Long Bình Tân,O41,3737024.0
10/06/2025,75,Đồng Nai,26068,Phường Hóa An,B73,175950.0
10/06/2025,75,Đồng Nai,26068,Phường Hóa An,B81,159315.0
10/06/2025,75,Đồng Nai,26068,Phường Hóa An,D50,727216.0
10/06/2025,75,Đồng Nai,26068,Phường Hóa An,E11,1319260.0
10/06/2025,75,Đồng Nai,26068,Phường Hóa An,E78,147380.0
10/06/2025,75,Đồng Nai,26068,Phường Hóa An,G57,618680.0
10/06/2025,75,Đồng Nai,26068,Phường Hóa An,H11,271320.0
10/06/2025,75,Đồng Nai,26068,Phường Hóa An,H81,1761984.0
10/06/2025,75,Đồng Nai,26068,Phường Hóa An,I10,2940650.0
10/06/2025,75,Đồng Nai,26068,Phường Hóa An,I83,2947166.0
10/06/2025,75,Đồng Nai,26068,Phường Hóa An,J06,182700.0
10/06/2025,75,Đồng Nai,26068,Phường Hóa An,J20,1586178.0
10/06/2025,75,Đồng Nai,26068,Phường Hóa An,J30,270360.0
10/06/2025,75,Đồng Nai,26068,Phường Hóa An,J32,1261420.0
10/06/2025,75,Đồng Nai,26068,Phường Hóa An,J39,1917050.0
10/06/2025,75,Đồng Nai,26068,Phường Hóa An,K05,90830.0
10/06/2025,75,Đồng Nai,26068,Phường Hóa An,K21,2574247.0
10/06/2025,75,Đồng Nai,26068,Phường Hóa An,K29,126100.0
10/06/2025,75,Đồng Nai,26068,Phường Hóa An,K76,252500.0
10/06/2025,75,Đồng Nai,26068,Phường Hóa An,Khác,0.0
10/06/2025,75,Đồng Nai,26068,Phường Hóa An,M17,889460.0
10/06/2025,75,Đồng Nai,26068,Phường Hóa An,M25,1739242.0
10/06/2025,75,Đồng Nai,26068,Phường Hóa An,M47,5446726.0
10/06/2025,75,Đồng Nai,26068,Phường Hóa An,M54,6778768.0
10/06/2025,75,Đồng Nai,26068,Phường Hóa An,M77,603450.0
10/06/2025,75,Đồng Nai,26068,Phường Hóa An,M79,117672.0
10/06/2025,75,Đồng Nai,26068,Phường Hóa An,N20,350400.0
10/06/2025,75,Đồng Nai,26068,Phường Hóa An,N39,82205.0
10/06/2025,75,Đồng Nai,26068,Phường Hóa An,N63,605360.0
10/06/2025,75,Đồng Nai,26068,Phường Hóa An,N64,149100.0
10/06/2025,75,Đồng Nai,26068,Phường Hóa An,N76,918650.0
10/06/2025,75,Đồng Nai,26068,Phường Hóa An,N92,131100.0
10/06/2025,75,Đồng Nai,26068,Phường Hóa An,R10,1441056.0
10/06/2025,75,Đồng Nai,26068,Phường Hóa An,Z34,341900.0
10/06/2025,75,Đồng Nai,26095,Phường Suối Tre,Khác,0.0
10/06/2025,75,Đồng Nai,26206,Thị Trấn Định Quán,Khác,0.0
10/06/2025,75,Đồng Nai,26239,Xã Túc Trưng,Khác,0.0
10/06/2025,75,Đồng Nai,26272,Xã Hố Nai 3,Khác,0.0
10/06/2025,75,Đồng Nai,26296,Xã An Viễn,Khác,0.0
10/06/2025,75,Đồng Nai,26299,Xã Gia Tân 1,Khác,0.0
10/06/2025,75,Đồng Nai,26311,Xã Quang Trung,Khác,0.0
10/06/2025,75,Đồng Nai,26317,Xã Hưng Lộc,Khác,0.0
10/06/2025,75,Đồng Nai,26326,Thị Trấn Dầu Giây,A04,1694212.0
10/06/2025,75,Đồng Nai,26326,Thị Trấn Dầu Giây,A08,210220.0
10/06/2025,75,Đồng Nai,26326,Thị Trấn Dầu Giây,A09,655500.0
10/06/2025,75,Đồng Nai,26326,Thị Trấn Dầu Giây,A15,1303680.0
10/06/2025,75,Đồng Nai,26326,Thị Trấn Dầu Giây,A16,235320.0
10/06/2025,75,Đồng Nai,26326,Thị Trấn Dầu Giây,A18,267360.0
10/06/2025,75,Đồng Nai,26326,Thị Trấn Dầu Giây,A97,3797562.0
10/06/2025,75,Đồng Nai,26326,Thị Trấn Dầu Giây,B18,1120927.0
10/06/2025,75,Đồng Nai,26326,Thị Trấn Dầu Giây,B34,1289346.0
10/06/2025,75,Đồng Nai,26326,Thị Trấn Dầu Giây,B36,39800.0
10/06/2025,75,Đồng Nai,26326,Thị Trấn Dầu Giây,C22,440200.0
10/06/2025,75,Đồng Nai,26326,Thị Trấn Dầu Giây,C62,79600.0
10/06/2025,75,Đồng Nai,26326,Thị Trấn Dầu Giây,D29,230247.0
10/06/2025,75,Đồng Nai,26326,Thị Trấn Dầu Giây,D64,339432.0
10/06/2025,75,Đồng Nai,26326,Thị Trấn Dầu Giây,E05,302260.0
10/06/2025,75,Đồng Nai,26326,Thị Trấn Dầu Giây,E07,294700.0
10/06/2025,75,Đồng Nai,26326,Thị Trấn Dầu Giây,E10,329172.0
10/06/2025,75,Đồng Nai,26326,Thị Trấn Dầu Giây,E11,22166262.0
10/06/2025,75,Đồng Nai,26326,Thị Trấn Dầu Giây,E78,1714782.0
10/06/2025,75,Đồng Nai,26326,Thị Trấn Dầu Giây,E83,142980.0
10/06/2025,75,Đồng Nai,26326,Thị Trấn Dầu Giây,F41,39800.0
10/06/2025,75,Đồng Nai,26326,Thị Trấn Dầu Giây,G44,86800.0
10/06/2025,75,Đồng Nai,26326,Thị Trấn Dầu Giây,G47,1126577.0
10/06/2025,75,Đồng Nai,26326,Thị Trấn Dầu Giây,G51,39800.0
10/06/2025,75,Đồng Nai,26326,Thị Trấn Dầu Giây,G53,421260.0
10/06/2025,75,Đồng Nai,26326,Thị Trấn Dầu Giây,G56,5244923.0
10/06/2025,75,Đồng Nai,26326,Thị Trấn Dầu Giây,G64,122379.0
10/06/2025,75,Đồng Nai,26326,Thị Trấn Dầu Giây,H10,39800.0
10/06/2025,75,Đồng Nai,26326,Thị Trấn Dầu Giây,H60,516085.0
10/06/2025,75,Đồng Nai,26326,Thị Trấn Dầu Giây,H81,9203331.0
10/06/2025,75,Đồng Nai,26326,Thị Trấn Dầu Giây,H94,89208.0
10/06/2025,75,Đồng Nai,26326,Thị Trấn Dầu Giây,I08,325580.0
10/06/2025,75,Đồng Nai,26326,Thị Trấn Dầu Giây,I10,9938968.0
10/06/2025,75,Đồng Nai,26326,Thị Trấn Dầu Giây,I20,583128.0
10/06/2025,75,Đồng Nai,26326,Thị Trấn Dầu Giây,I25,811404.0
10/06/2025,75,Đồng Nai,26326,Thị Trấn Dầu Giây,I83,575896.0
10/06/2025,75,Đồng Nai,26326,Thị Trấn Dầu Giây,I87,974893.0
10/06/2025,75,Đồng Nai,26326,Thị Trấn Dầu Giây,J02,2441416.0
10/06/2025,75,Đồng Nai,26326,Thị Trấn Dầu Giây,J03,1233949.0
10/06/2025,75,Đồng Nai,26326,Thị Trấn Dầu Giây,J06,1576235.0
10/06/2025,75,Đồng Nai,26326,Thị Trấn Dầu Giây,J18,1373655.0
10/06/2025,75,Đồng Nai,26326,Thị Trấn Dầu Giây,J20,3726825.0
10/06/2025,75,Đồng Nai,26326,Thị Trấn Dầu Giây,J30,326750.0
10/06/2025,75,Đồng Nai,26326,Thị Trấn Dầu Giây,J31,672177.0
10/06/2025,75,Đồng Nai,26326,Thị Trấn Dầu Giây,J32,2117998.0
10/06/2025,75,Đồng Nai,26326,Thị Trấn Dầu Giây,J41,1749573.0
10/06/2025,75,Đồng Nai,26326,Thị Trấn Dầu Giây,J44,8914876.0
10/06/2025,75,Đồng Nai,26326,Thị Trấn Dầu Giây,J45,823920.0
10/06/2025,75,Đồng Nai,26326,Thị Trấn Dầu Giây,K01,79600.0
10/06/2025,75,Đồng Nai,26326,Thị Trấn Dầu Giây,K02,4870470.0
10/06/2025,75,Đồng Nai,26326,Thị Trấn Dầu Giây,K03,1517800.0
10/06/2025,75,Đồng Nai,26326,Thị Trấn Dầu Giây,K04,849420.0
10/06/2025,75,Đồng Nai,26326,Thị Trấn Dầu Giây,K21,3898500.0
10/06/2025,75,Đồng Nai,26326,Thị Trấn Dầu Giây,K29,1464210.0
10/06/2025,75,Đồng Nai,26326,Thị Trấn Dầu Giây,K30,149286.0
10/06/2025,75,Đồng Nai,26326,Thị Trấn Dầu Giây,K35,98400.0
10/06/2025,75,Đồng Nai,26326,Thị Trấn Dầu Giây,K40,39800.0
10/06/2025,75,Đồng Nai,26326,Thị Trấn Dầu Giây,K51,39800.0
10/06/2025,75,Đồng Nai,26326,Thị Trấn Dầu Giây,K52,1654173.0
10/06/2025,75,Đồng Nai,26326,Thị Trấn Dầu Giây,K58,181771.0
10/06/2025,75,Đồng Nai,26326,Thị Trấn Dầu Giây,K59,156150.0
10/06/2025,75,Đồng Nai,26326,Thị Trấn Dầu Giây,K62,39800.0
10/06/2025,75,Đồng Nai,26326,Thị Trấn Dầu Giây,K64,319940.0
10/06/2025,75,Đồng Nai,26326,Thị Trấn Dầu Giây,K76,2500009.0
10/06/2025,75,Đồng Nai,26326,Thị Trấn Dầu Giây,K80,200057.0
10/06/2025,75,Đồng Nai,26326,Thị Trấn Dầu Giây,K82,39800.0
10/06/2025,75,Đồng Nai,26326,Thị Trấn Dầu Giây,K92,208150.0
10/06/2025,75,Đồng Nai,26326,Thị Trấn Dầu Giây,L02,481980.0
10/06/2025,75,Đồng Nai,26326,Thị Trấn Dầu Giây,L04,559032.0
10/06/2025,75,Đồng Nai,26326,Thị Trấn Dầu Giây,L20,317042.0
10/06/2025,75,Đồng Nai,26326,Thị Trấn Dầu Giây,L24,39800.0
10/06/2025,75,Đồng Nai,26326,Thị Trấn Dầu Giây,M06,74398.0
10/06/2025,75,Đồng Nai,26326,Thị Trấn Dầu Giây,M13,2177257.0
10/06/2025,75,Đồng Nai,26326,Thị Trấn Dầu Giây,M17,680382.0
10/06/2025,75,Đồng Nai,26326,Thị Trấn Dầu Giây,M47,9673653.0
10/06/2025,75,Đồng Nai,26326,Thị Trấn Dầu Giây,M48,98229.0
10/06/2025,75,Đồng Nai,26326,Thị Trấn Dầu Giây,M50,39800.0
10/06/2025,75,Đồng Nai,26326,Thị Trấn Dầu Giây,M51,79600.0
10/06/2025,75,Đồng Nai,26326,Thị Trấn Dầu Giây,M54,609116.0
10/06/2025,75,Đồng Nai,26326,Thị Trấn Dầu Giây,M65,106464.0
10/06/2025,75,Đồng Nai,26326,Thị Trấn Dầu Giây,M75,58553.0
10/06/2025,75,Đồng Nai,26326,Thị Trấn Dầu Giây,M79,39800.0
10/06/2025,75,Đồng Nai,26326,Thị Trấn Dầu Giây,N20,1222963.0
10/06/2025,75,Đồng Nai,26326,Thị Trấn Dầu Giây,N39,333300.0
10/06/2025,75,Đồng Nai,26326,Thị Trấn Dầu Giây,N40,477716.0
10/06/2025,75,Đồng Nai,26326,Thị Trấn Dầu Giây,N45,98400.0
10/06/2025,75,Đồng Nai,26326,Thị Trấn Dầu Giây,N47,58610.0
10/06/2025,75,Đồng Nai,26326,Thị Trấn Dầu Giây,N61,160200.0
10/06/2025,75,Đồng Nai,26326,Thị Trấn Dầu Giây,N64,39800.0
10/06/2025,75,Đồng Nai,26326,Thị Trấn Dầu Giây,N76,621564.0
10/06/2025,75,Đồng Nai,26326,Thị Trấn Dầu Giây,O04,3355046.0
10/06/2025,75,Đồng Nai,26326,Thị Trấn Dầu Giây,O21,1563023.0
10/06/2025,75,Đồng Nai,26326,Thị Trấn Dầu Giây,O91,2248349.0
10/06/2025,75,Đồng Nai,26326,Thị Trấn Dầu Giây,R10,746850.0
10/06/2025,75,Đồng Nai,26326,Thị Trấn Dầu Giây,R42,300095.0
10/06/2025,75,Đồng Nai,26326,Thị Trấn Dầu Giây,R57,302062.0
10/06/2025,75,Đồng Nai,26326,Thị Trấn Dầu Giây,R64,510790.0
10/06/2025,75,Đồng Nai,26326,Thị Trấn Dầu Giây,S00,85944.0
10/06/2025,75,Đồng Nai,26326,Thị Trấn Dầu Giây,S01,895515.0
10/06/2025,75,Đồng Nai,26326,Thị Trấn Dầu Giây,S20,150949.0
10/06/2025,75,Đồng Nai,26326,Thị Trấn Dầu Giây,S30,142553.0
10/06/2025,75,Đồng Nai,26326,Thị Trấn Dầu Giây,S42,39800.0
10/06/2025,75,Đồng Nai,26326,Thị Trấn Dầu Giây,S50,619046.0
10/06/2025,75,Đồng Nai,26326,Thị Trấn Dầu Giây,S61,609875.0
10/06/2025,75,Đồng Nai,26326,Thị Trấn Dầu Giây,S81,185882.0
10/06/2025,75,Đồng Nai,26326,Thị Trấn Dầu Giây,S90,130509.0
10/06/2025,75,Đồng Nai,26326,Thị Trấn Dầu Giây,S91,4800566.0
10/06/2025,75,Đồng Nai,26326,Thị Trấn Dầu Giây,S99,208568.0
10/06/2025,75,Đồng Nai,26326,Thị Trấn Dầu Giây,T31,275615.0
10/06/2025,75,Đồng Nai,26326,Thị Trấn Dầu Giây,T78,202300.0
10/06/2025,75,Đồng Nai,26326,Thị Trấn Dầu Giây,X20,39800.0
10/06/2025,75,Đồng Nai,26326,Thị Trấn Dầu Giây,Z09,298000.0
10/06/2025,75,Đồng Nai,26326,Thị Trấn Dầu Giây,Z34,55074.0
10/06/2025,75,Đồng Nai,26326,Thị Trấn Dầu Giây,Z35,499200.0
10/06/2025,75,Đồng Nai,26326,Thị Trấn Dầu Giây,Z96,152900.0
10/06/2025,75,Đồng Nai,26362,Xã Sông Ray,Khác,0.0
10/06/2025,75,Đồng Nai,26368,Thị Trấn Long Thành,A09,1301742.0
10/06/2025,75,Đồng Nai,26368,Thị Trấn Long Thành,A97,623278.0
10/06/2025,75,Đồng Nai,26368,Thị Trấn Long Thành,B33,526775.0
10/06/2025,75,Đồng Nai,26368,Thị Trấn Long Thành,D24,140100.0
10/06/2025,75,Đồng Nai,26368,Thị Trấn Long Thành,E10,148500.0
10/06/2025,75,Đồng Nai,26368,Thị Trấn Long Thành,E11,796720.0
10/06/2025,75,Đồng Nai,26368,Thị Trấn Long Thành,H60,399802.0
10/06/2025,75,Đồng Nai,26368,Thị Trấn Long Thành,H65,200000.0
10/06/2025,75,Đồng Nai,26368,Thị Trấn Long Thành,H81,439834.0
10/06/2025,75,Đồng Nai,26368,Thị Trấn Long Thành,I10,912940.0
10/06/2025,75,Đồng Nai,26368,Thị Trấn Long Thành,I80,370800.0
10/06/2025,75,Đồng Nai,26368,Thị Trấn Long Thành,J01,179460.0
10/06/2025,75,Đồng Nai,26368,Thị Trấn Long Thành,J02,240120.0
10/06/2025,75,Đồng Nai,26368,Thị Trấn Long Thành,J06,554860.0
10/06/2025,75,Đồng Nai,26368,Thị Trấn Long Thành,J20,396482.0
10/06/2025,75,Đồng Nai,26368,Thị Trấn Long Thành,J34,76500.0
10/06/2025,75,Đồng Nai,26368,Thị Trấn Long Thành,K02,36500.0
10/06/2025,75,Đồng Nai,26368,Thị Trấn Long Thành,K05,168400.0
10/06/2025,75,Đồng Nai,26368,Thị Trấn Long Thành,K29,319588.0
10/06/2025,75,Đồng Nai,26368,Thị Trấn Long Thành,Khác,0.0
10/06/2025,75,Đồng Nai,26368,Thị Trấn Long Thành,L20,313350.0
10/06/2025,75,Đồng Nai,26368,Thị Trấn Long Thành,L23,84422.0
10/06/2025,75,Đồng Nai,26368,Thị Trấn Long Thành,L29,87362.0
10/06/2025,75,Đồng Nai,26368,Thị Trấn Long Thành,M06,76660.0
10/06/2025,75,Đồng Nai,26368,Thị Trấn Long Thành,M16,136352.0
10/06/2025,75,Đồng Nai,26368,Thị Trấn Long Thành,M17,233190.0
10/06/2025,75,Đồng Nai,26368,Thị Trấn Long Thành,M47,375950.0
10/06/2025,75,Đồng Nai,26368,Thị Trấn Long Thành,M54,495570.0
10/06/2025,75,Đồng Nai,26368,Thị Trấn Long Thành,M77,106390.0
10/06/2025,75,Đồng Nai,26368,Thị Trấn Long Thành,N30,207540.0
10/06/2025,75,Đồng Nai,26368,Thị Trấn Long Thành,N39,134560.0
10/06/2025,75,Đồng Nai,26368,Thị Trấn Long Thành,N61,95100.0
10/06/2025,75,Đồng Nai,26368,Thị Trấn Long Thành,N72,57250.0
10/06/2025,75,Đồng Nai,26368,Thị Trấn Long Thành,N92,192972.0
10/06/2025,75,Đồng Nai,26368,Thị Trấn Long Thành,O20,201288.0
10/06/2025,75,Đồng Nai,26368,Thị Trấn Long Thành,O26,672550.0
10/06/2025,75,Đồng Nai,26368,Thị Trấn Long Thành,O60,41000.0
10/06/2025,75,Đồng Nai,26368,Thị Trấn Long Thành,R07,109800.0
10/06/2025,75,Đồng Nai,26368,Thị Trấn Long Thành,R10,208110.0
10/06/2025,75,Đồng Nai,26368,Thị Trấn Long Thành,R51,90834.0
10/06/2025,75,Đồng Nai,26368,Thị Trấn Long Thành,S01,69740.0
10/06/2025,75,Đồng Nai,26368,Thị Trấn Long Thành,S20,96490.0
10/06/2025,75,Đồng Nai,26368,Thị Trấn Long Thành,S60,162900.0
10/06/2025,75,Đồng Nai,26368,Thị Trấn Long Thành,S80,268964.0
10/06/2025,75,Đồng Nai,26368,Thị Trấn Long Thành,S90,224940.0
10/06/2025,75,Đồng Nai,26368,Thị Trấn Long Thành,Z32,783834.0
10/06/2025,75,Đồng Nai,26374,Phường Tam Phước,Khác,0.0
10/06/2025,75,Đồng Nai,26377,Phường Phước Tân,A15,61560027.0
10/06/2025,75,Đồng Nai,26377,Phường Phước Tân,A16,18421846.0
10/06/2025,75,Đồng Nai,26377,Phường Phước Tân,A18,6448071.0
10/06/2025,75,Đồng Nai,26377,Phường Phước Tân,J18,599216.0
10/06/2025,75,Đồng Nai,26377,Phường Phước Tân,J40,370680.0
10/06/2025,75,Đồng Nai,26377,Phường Phước Tân,J44,3288892.0
10/06/2025,75,Đồng Nai,26377,Phường Phước Tân,J45,1575760.0
10/06/2025,75,Đồng Nai,26455,Xã Xuân Hiệp,Khác,0.0
10/06/2025,75,Đồng Nai,26497,Xã Vĩnh Thanh,B16,985528.0
10/06/2025,75,Đồng Nai,26497,Xã Vĩnh Thanh,B18,143880.0
10/06/2025,75,Đồng Nai,26497,Xã Vĩnh Thanh,B34,769816.0
10/06/2025,75,Đồng Nai,26497,Xã Vĩnh Thanh,B77,107694.0
10/06/2025,75,Đồng Nai,26497,Xã Vĩnh Thanh,E11,3129949.0
10/06/2025,75,Đồng Nai,26497,Xã Vĩnh Thanh,H81,95520.0
10/06/2025,75,Đồng Nai,26497,Xã Vĩnh Thanh,I10,2691374.0
10/06/2025,75,Đồng Nai,26497,Xã Vĩnh Thanh,I25,119912.0
10/06/2025,75,Đồng Nai,26497,Xã Vĩnh Thanh,J00,92180.0
10/06/2025,75,Đồng Nai,26497,Xã Vĩnh Thanh,J20,144864.0
10/06/2025,75,Đồng Nai,26497,Xã Vĩnh Thanh,J39,615316.0
10/06/2025,75,Đồng Nai,26497,Xã Vĩnh Thanh,J68,724872.0
10/06/2025,75,Đồng Nai,26497,Xã Vĩnh Thanh,K02,849800.0
10/06/2025,75,Đồng Nai,26497,Xã Vĩnh Thanh,K03,195600.0
10/06/2025,75,Đồng Nai,26497,Xã Vĩnh Thanh,K21,1832074.0
10/06/2025,75,Đồng Nai,26497,Xã Vĩnh Thanh,M10,732168.0
10/06/2025,75,Đồng Nai,26497,Xã Vĩnh Thanh,M47,2355020.0
10/06/2025,75,Đồng Nai,26497,Xã Vĩnh Thanh,M54,6474216.0
10/06/2025,75,Đồng Nai,26497,Xã Vĩnh Thanh,M77,210130.0
10/06/2025,75,Đồng Nai,26497,Xã Vĩnh Thanh,N39,153810.0
10/06/2025,75,Đồng Nai,26497,Xã Vĩnh Thanh,R07,175726.0
10/06/2025,75,Đồng Nai,26497,Xã Vĩnh Thanh,R10,423922.0
10/06/2025,75,Đồng Nai,26497,Xã Vĩnh Thanh,S02,36500.0
10/06/2025,75,Đồng Nai,26497,Xã Vĩnh Thanh,S20,120800.0
10/06/2025,75,Đồng Nai,26497,Xã Vĩnh Thanh,S80,119290.0
10/06/2025,75,Đồng Nai,26497,Xã Vĩnh Thanh,T00,670252.0
10/06/2025,75,Đồng Nai,26497,Xã Vĩnh Thanh,Z34,135400.0
11/01/2025,75,Đồng Nai,26341,Thị Trấn Long Giao,Khác,0.0
11/01/2025,75,Đồng Nai,26452,Xã Suối Cát,Khác,0.0
11/02/2025,75,Đồng Nai,25993,Phường Trảng Dài,Khác,0.0
11/02/2025,75,Đồng Nai,26026,Phường Tân Mai,Khác,0.0
11/02/2025,75,Đồng Nai,26080,Phường Xuân An,Khác,0.0
11/02/2025,75,Đồng Nai,26248,Thị Trấn Trảng Bom,Khác,0.0
11/02/2025,75,Đồng Nai,26341,Thị Trấn Long Giao,Khác,0.0
11/02/2025,75,Đồng Nai,26452,Xã Suối Cát,Khác,0.0
11/03/2025,75,Đồng Nai,26026,Phường Tân Mai,Khác,0.0
11/03/2025,75,Đồng Nai,26080,Phường Xuân An,Khác,0.0
11/03/2025,75,Đồng Nai,26248,Thị Trấn Trảng Bom,Khác,0.0
11/03/2025,75,Đồng Nai,26272,Xã Hố Nai 3,Khác,0.0
11/03/2025,75,Đồng Nai,26452,Xã Suối Cát,Khác,0.0
11/04/2025,75,Đồng Nai,25993,Phường Trảng Dài,Khác,0.0
11/04/2025,75,Đồng Nai,25996,Phường Tân Phong,Khác,0.0
11/04/2025,75,Đồng Nai,25999,Phường Tân Biên,Khác,0.0
11/04/2025,75,Đồng Nai,26095,Phường Suối Tre,Khác,0.0
11/04/2025,75,Đồng Nai,26116,Thị Trấn Tân Phú,Khác,0.0
11/04/2025,75,Đồng Nai,26206,Thị Trấn Định Quán,Khác,0.0
11/04/2025,75,Đồng Nai,26248,Thị Trấn Trảng Bom,Khác,0.0
11/04/2025,75,Đồng Nai,26275,Xã Tây Hoà,Khác,0.0
11/04/2025,75,Đồng Nai,26326,Thị Trấn Dầu Giây,Khác,0.0
11/04/2025,75,Đồng Nai,26341,Thị Trấn Long Giao,Khác,0.0
11/04/2025,75,Đồng Nai,26368,Thị Trấn Long Thành,Khác,0.0
11/04/2025,75,Đồng Nai,26377,Phường Phước Tân,Khác,0.0
11/04/2025,75,Đồng Nai,26452,Xã Suối Cát,Khác,0.0
11/05/2025,75,Đồng Nai,25996,Phường Tân Phong,Khác,0.0
11/05/2025,75,Đồng Nai,25999,Phường Tân Biên,Khác,0.0
11/05/2025,75,Đồng Nai,26029,Phường Thống Nhất,Khác,0.0
11/05/2025,75,Đồng Nai,26068,Phường Hóa An,Khác,0.0
11/05/2025,75,Đồng Nai,26095,Phường Suối Tre,Khác,0.0
11/05/2025,75,Đồng Nai,26116,Thị Trấn Tân Phú,Khác,0.0
11/05/2025,75,Đồng Nai,26206,Thị Trấn Định Quán,Khác,0.0
11/05/2025,75,Đồng Nai,26272,Xã Hố Nai 3,Khác,0.0
11/05/2025,75,Đồng Nai,26326,Thị Trấn Dầu Giây,Khác,0.0
11/05/2025,75,Đồng Nai,26362,Xã Sông Ray,Khác,0.0
11/05/2025,75,Đồng Nai,26368,Thị Trấn Long Thành,Khác,0.0
11/05/2025,75,Đồng Nai,26374,Phường Tam Phước,Khác,0.0
11/05/2025,75,Đồng Nai,26377,Phường Phước Tân,Khác,0.0
11/05/2025,75,Đồng Nai,26416,Xã Phước Bình,Khác,0.0
11/05/2025,75,Đồng Nai,26440,Xã Xuân Trường,Khác,0.0
11/05/2025,75,Đồng Nai,26452,Xã Suối Cát,Khác,0.0
11/05/2025,75,Đồng Nai,26455,Xã Xuân Hiệp,Khác,0.0
11/05/2025,75,Đồng Nai,26485,Xã Phú Hội,Khác,0.0
11/05/2025,75,Đồng Nai,26497,Xã Vĩnh Thanh,Khác,0.0
11/06/2025,75,Đồng Nai,25996,Phường Tân Phong,Khác,0.0
11/06/2025,75,Đồng Nai,25996,Phường Tân Phong,R10,333990.0
11/06/2025,75,Đồng Nai,25996,Phường Tân Phong,W44,147800.0
11/06/2025,75,Đồng Nai,26017,Phường Tam Hiệp,Khác,0.0
11/06/2025,75,Đồng Nai,26020,Phường Long Bình,A09,104240.0
11/06/2025,75,Đồng Nai,26020,Phường Long Bình,I10,45950.0
11/06/2025,75,Đồng Nai,26020,Phường Long Bình,J06,517155.0
11/06/2025,75,Đồng Nai,26020,Phường Long Bình,J40,53144.0
11/06/2025,75,Đồng Nai,26020,Phường Long Bình,J42,93900.0
11/06/2025,75,Đồng Nai,26020,Phường Long Bình,K58,300960.0
11/06/2025,75,Đồng Nai,26020,Phường Long Bình,Khác,0.0
11/06/2025,75,Đồng Nai,26020,Phường Long Bình,N30,144154.0
11/06/2025,75,Đồng Nai,26020,Phường Long Bình,N94,111180.0
11/06/2025,75,Đồng Nai,26020,Phường Long Bình,R10,192880.0
11/06/2025,75,Đồng Nai,26020,Phường Long Bình,R51,127892.0
11/06/2025,75,Đồng Nai,26020,Phường Long Bình,S50,68890.0
11/06/2025,75,Đồng Nai,26050,Phường An Bình,Khác,0.0
11/06/2025,75,Đồng Nai,26056,Phường Long Bình Tân,D34,1674600.0
11/06/2025,75,Đồng Nai,26056,Phường Long Bình Tân,D68,360200.0
11/06/2025,75,Đồng Nai,26056,Phường Long Bình Tân,I49,33200.0
11/06/2025,75,Đồng Nai,26056,Phường Long Bình Tân,I87,225200.0
11/06/2025,75,Đồng Nai,26056,Phường Long Bình Tân,K02,33200.0
11/06/2025,75,Đồng Nai,26056,Phường Long Bình Tân,K21,33200.0
11/06/2025,75,Đồng Nai,26056,Phường Long Bình Tân,Khác,0.0
11/06/2025,75,Đồng Nai,26056,Phường Long Bình Tân,L23,66400.0
11/06/2025,75,Đồng Nai,26056,Phường Long Bình Tân,L50,33200.0
11/06/2025,75,Đồng Nai,26056,Phường Long Bình Tân,M54,969600.0
11/06/2025,75,Đồng Nai,26056,Phường Long Bình Tân,N39,656400.0
11/06/2025,75,Đồng Nai,26056,Phường Long Bình Tân,N40,648222.0
11/06/2025,75,Đồng Nai,26056,Phường Long Bình Tân,O30,66400.0
11/06/2025,75,Đồng Nai,26056,Phường Long Bình Tân,R07,1431400.0
11/06/2025,75,Đồng Nai,26056,Phường Long Bình Tân,R73,136400.0
11/06/2025,75,Đồng Nai,26056,Phường Long Bình Tân,S01,488160.0
11/06/2025,75,Đồng Nai,26056,Phường Long Bình Tân,Z34,33200.0
11/06/2025,75,Đồng Nai,26056,Phường Long Bình Tân,Z35,216400.0
11/06/2025,75,Đồng Nai,26068,Phường Hóa An,B18,92000.0
11/06/2025,75,Đồng Nai,26068,Phường Hóa An,B73,366490.0
11/06/2025,75,Đồng Nai,26068,Phường Hóa An,D50,1447096.0
11/06/2025,75,Đồng Nai,26068,Phường Hóa An,E11,1042906.0
11/06/2025,75,Đồng Nai,26068,Phường Hóa An,E78,102500.0
11/06/2025,75,Đồng Nai,26068,Phường Hóa An,G57,466000.0
11/06/2025,75,Đồng Nai,26068,Phường Hóa An,H81,3761901.0
11/06/2025,75,Đồng Nai,26068,Phường Hóa An,I10,3872374.0
11/06/2025,75,Đồng Nai,26068,Phường Hóa An,I83,587220.0
11/06/2025,75,Đồng Nai,26068,Phường Hóa An,J01,422113.0
11/06/2025,75,Đồng Nai,26068,Phường Hóa An,J02,146485.0
11/06/2025,75,Đồng Nai,26068,Phường Hóa An,J20,1990805.0
11/06/2025,75,Đồng Nai,26068,Phường Hóa An,J31,717260.0
11/06/2025,75,Đồng Nai,26068,Phường Hóa An,J32,1913440.0
11/06/2025,75,Đồng Nai,26068,Phường Hóa An,J39,1702345.0
11/06/2025,75,Đồng Nai,26068,Phường Hóa An,J45,510666.0
11/06/2025,75,Đồng Nai,26068,Phường Hóa An,K05,181660.0
11/06/2025,75,Đồng Nai,26068,Phường Hóa An,K21,1394820.0
11/06/2025,75,Đồng Nai,26068,Phường Hóa An,K29,143740.0
11/06/2025,75,Đồng Nai,26068,Phường Hóa An,K30,155540.0
11/06/2025,75,Đồng Nai,26068,Phường Hóa An,K58,679260.0
11/06/2025,75,Đồng Nai,26068,Phường Hóa An,K76,741890.0
11/06/2025,75,Đồng Nai,26068,Phường Hóa An,Khác,0.0
11/06/2025,75,Đồng Nai,26068,Phường Hóa An,M24,568500.0
11/06/2025,75,Đồng Nai,26068,Phường Hóa An,M25,1992670.0
11/06/2025,75,Đồng Nai,26068,Phường Hóa An,M47,3384570.0
11/06/2025,75,Đồng Nai,26068,Phường Hóa An,M53,103070.0
11/06/2025,75,Đồng Nai,26068,Phường Hóa An,M54,12635068.0
11/06/2025,75,Đồng Nai,26068,Phường Hóa An,M75,533000.0
11/06/2025,75,Đồng Nai,26068,Phường Hóa An,M77,306150.0
11/06/2025,75,Đồng Nai,26068,Phường Hóa An,N20,323132.0
11/06/2025,75,Đồng Nai,26068,Phường Hóa An,N39,82205.0
11/06/2025,75,Đồng Nai,26068,Phường Hóa An,N64,298200.0
11/06/2025,75,Đồng Nai,26068,Phường Hóa An,N76,818000.0
11/06/2025,75,Đồng Nai,26068,Phường Hóa An,N92,131100.0
11/06/2025,75,Đồng Nai,26068,Phường Hóa An,R10,1162961.0
11/06/2025,75,Đồng Nai,26068,Phường Hóa An,R51,606390.0
11/06/2025,75,Đồng Nai,26068,Phường Hóa An,S63,347030.0
11/06/2025,75,Đồng Nai,26068,Phường Hóa An,S83,246830.0
11/06/2025,75,Đồng Nai,26068,Phường Hóa An,Z34,130900.0
11/06/2025,75,Đồng Nai,26095,Phường Suối Tre,Khác,0.0
11/06/2025,75,Đồng Nai,26206,Thị Trấn Định Quán,Khác,0.0
11/06/2025,75,Đồng Nai,26239,Xã Túc Trưng,Khác,0.0
11/06/2025,75,Đồng Nai,26272,Xã Hố Nai 3,Khác,0.0
11/06/2025,75,Đồng Nai,26296,Xã An Viễn,Khác,0.0
11/06/2025,75,Đồng Nai,26299,Xã Gia Tân 1,Khác,0.0
11/06/2025,75,Đồng Nai,26317,Xã Hưng Lộc,Khác,0.0
11/06/2025,75,Đồng Nai,26326,Thị Trấn Dầu Giây,A04,1887880.0
11/06/2025,75,Đồng Nai,26326,Thị Trấn Dầu Giây,A09,128577.0
11/06/2025,75,Đồng Nai,26326,Thị Trấn Dầu Giây,A15,461700.0
11/06/2025,75,Đồng Nai,26326,Thị Trấn Dầu Giây,A18,326760.0
11/06/2025,75,Đồng Nai,26326,Thị Trấn Dầu Giây,A97,1562259.0
11/06/2025,75,Đồng Nai,26326,Thị Trấn Dầu Giây,B18,522711.0
11/06/2025,75,Đồng Nai,26326,Thị Trấn Dầu Giây,B34,950083.0
11/06/2025,75,Đồng Nai,26326,Thị Trấn Dầu Giây,B83,39800.0
11/06/2025,75,Đồng Nai,26326,Thị Trấn Dầu Giây,B98,79600.0
11/06/2025,75,Đồng Nai,26326,Thị Trấn Dầu Giây,C18,89850.0
11/06/2025,75,Đồng Nai,26326,Thị Trấn Dầu Giây,C22,39800.0
11/06/2025,75,Đồng Nai,26326,Thị Trấn Dầu Giây,D29,219693.0
11/06/2025,75,Đồng Nai,26326,Thị Trấn Dầu Giây,D41,39800.0
11/06/2025,75,Đồng Nai,26326,Thị Trấn Dầu Giây,D44,39800.0
11/06/2025,75,Đồng Nai,26326,Thị Trấn Dầu Giây,E05,79600.0
11/06/2025,75,Đồng Nai,26326,Thị Trấn Dầu Giây,E11,27708400.0
11/06/2025,75,Đồng Nai,26326,Thị Trấn Dầu Giây,E63,127284.0
11/06/2025,75,Đồng Nai,26326,Thị Trấn Dầu Giây,E78,1514774.0
11/06/2025,75,Đồng Nai,26326,Thị Trấn Dầu Giây,G44,145100.0
11/06/2025,75,Đồng Nai,26326,Thị Trấn Dầu Giây,G47,590390.0
11/06/2025,75,Đồng Nai,26326,Thị Trấn Dầu Giây,G56,149740.0
11/06/2025,75,Đồng Nai,26326,Thị Trấn Dầu Giây,G57,173220.0
11/06/2025,75,Đồng Nai,26326,Thị Trấn Dầu Giây,H04,477255.0
11/06/2025,75,Đồng Nai,26326,Thị Trấn Dầu Giây,H10,79780.0
11/06/2025,75,Đồng Nai,26326,Thị Trấn Dầu Giây,H17,39800.0
11/06/2025,75,Đồng Nai,26326,Thị Trấn Dầu Giây,H60,386837.0
11/06/2025,75,Đồng Nai,26326,Thị Trấn Dầu Giây,H66,288229.0
11/06/2025,75,Đồng Nai,26326,Thị Trấn Dầu Giây,H81,10347765.0
11/06/2025,75,Đồng Nai,26326,Thị Trấn Dầu Giây,H92,152130.0
11/06/2025,75,Đồng Nai,26326,Thị Trấn Dầu Giây,I10,18936339.0
11/06/2025,75,Đồng Nai,26326,Thị Trấn Dầu Giây,I20,2030020.0
11/06/2025,75,Đồng Nai,26326,Thị Trấn Dầu Giây,I69,275252.0
11/06/2025,75,Đồng Nai,26326,Thị Trấn Dầu Giây,I83,1492284.0
11/06/2025,75,Đồng Nai,26326,Thị Trấn Dầu Giây,I87,242380.0
11/06/2025,75,Đồng Nai,26326,Thị Trấn Dầu Giây,J00,315717.0
11/06/2025,75,Đồng Nai,26326,Thị Trấn Dầu Giây,J01,168040.0
11/06/2025,75,Đồng Nai,26326,Thị Trấn Dầu Giây,J02,2060079.0
11/06/2025,75,Đồng Nai,26326,Thị Trấn Dầu Giây,J03,191585.0
11/06/2025,75,Đồng Nai,26326,Thị Trấn Dầu Giây,J04,182131.0
11/06/2025,75,Đồng Nai,26326,Thị Trấn Dầu Giây,J06,2213138.0
11/06/2025,75,Đồng Nai,26326,Thị Trấn Dầu Giây,J15,2763708.0
11/06/2025,75,Đồng Nai,26326,Thị Trấn Dầu Giây,J18,1455277.0
11/06/2025,75,Đồng Nai,26326,Thị Trấn Dầu Giây,J20,1956186.0
11/06/2025,75,Đồng Nai,26326,Thị Trấn Dầu Giây,J21,149239.0
11/06/2025,75,Đồng Nai,26326,Thị Trấn Dầu Giây,J31,281162.0
11/06/2025,75,Đồng Nai,26326,Thị Trấn Dầu Giây,J32,1802775.0
11/06/2025,75,Đồng Nai,26326,Thị Trấn Dầu Giây,J41,2287857.0
11/06/2025,75,Đồng Nai,26326,Thị Trấn Dầu Giây,J44,7863007.0
11/06/2025,75,Đồng Nai,26326,Thị Trấn Dầu Giây,J45,2287141.0
11/06/2025,75,Đồng Nai,26326,Thị Trấn Dầu Giây,K01,39800.0
11/06/2025,75,Đồng Nai,26326,Thị Trấn Dầu Giây,K02,3837479.0
11/06/2025,75,Đồng Nai,26326,Thị Trấn Dầu Giây,K04,1415860.0
11/06/2025,75,Đồng Nai,26326,Thị Trấn Dầu Giây,K05,173260.0
11/06/2025,75,Đồng Nai,26326,Thị Trấn Dầu Giây,K21,2417232.0
11/06/2025,75,Đồng Nai,26326,Thị Trấn Dầu Giây,K30,257024.0
11/06/2025,75,Đồng Nai,26326,Thị Trấn Dầu Giây,K40,98400.0
11/06/2025,75,Đồng Nai,26326,Thị Trấn Dầu Giây,K52,887750.0
11/06/2025,75,Đồng Nai,26326,Thị Trấn Dầu Giây,K59,271290.0
11/06/2025,75,Đồng Nai,26326,Thị Trấn Dầu Giây,K60,39800.0
11/06/2025,75,Đồng Nai,26326,Thị Trấn Dầu Giây,K64,311120.0
11/06/2025,75,Đồng Nai,26326,Thị Trấn Dầu Giây,K76,2308997.0
11/06/2025,75,Đồng Nai,26326,Thị Trấn Dầu Giây,K85,39800.0
11/06/2025,75,Đồng Nai,26326,Thị Trấn Dầu Giây,L02,211620.0
11/06/2025,75,Đồng Nai,26326,Thị Trấn Dầu Giây,L04,39800.0
11/06/2025,75,Đồng Nai,26326,Thị Trấn Dầu Giây,L20,195790.0
11/06/2025,75,Đồng Nai,26326,Thị Trấn Dầu Giây,L23,221900.0
11/06/2025,75,Đồng Nai,26326,Thị Trấn Dầu Giây,L28,105450.0
11/06/2025,75,Đồng Nai,26326,Thị Trấn Dầu Giây,M10,268935.0
11/06/2025,75,Đồng Nai,26326,Thị Trấn Dầu Giây,M13,1751522.0
11/06/2025,75,Đồng Nai,26326,Thị Trấn Dầu Giây,M17,2533080.0
11/06/2025,75,Đồng Nai,26326,Thị Trấn Dầu Giây,M47,9720108.0
11/06/2025,75,Đồng Nai,26326,Thị Trấn Dầu Giây,M48,532049.0
11/06/2025,75,Đồng Nai,26326,Thị Trấn Dầu Giây,M50,39800.0
11/06/2025,75,Đồng Nai,26326,Thị Trấn Dầu Giây,M54,2484140.0
11/06/2025,75,Đồng Nai,26326,Thị Trấn Dầu Giây,M77,99100.0
11/06/2025,75,Đồng Nai,26326,Thị Trấn Dầu Giây,N18,146800.0
11/06/2025,75,Đồng Nai,26326,Thị Trấn Dầu Giây,N20,785795.0
11/06/2025,75,Đồng Nai,26326,Thị Trấn Dầu Giây,N39,617346.0
11/06/2025,75,Đồng Nai,26326,Thị Trấn Dầu Giây,N40,943086.0
11/06/2025,75,Đồng Nai,26326,Thị Trấn Dầu Giây,N61,962397.0
11/06/2025,75,Đồng Nai,26326,Thị Trấn Dầu Giây,N64,219052.0
11/06/2025,75,Đồng Nai,26326,Thị Trấn Dầu Giây,N76,2320824.0
11/06/2025,75,Đồng Nai,26326,Thị Trấn Dầu Giây,N92,2317550.0
11/06/2025,75,Đồng Nai,26326,Thị Trấn Dầu Giây,O20,1984224.0
11/06/2025,75,Đồng Nai,26326,Thị Trấn Dầu Giây,O80,1839772.0
11/06/2025,75,Đồng Nai,26326,Thị Trấn Dầu Giây,Q61,98400.0
11/06/2025,75,Đồng Nai,26326,Thị Trấn Dầu Giây,R10,751150.0
11/06/2025,75,Đồng Nai,26326,Thị Trấn Dầu Giây,R39,570993.0
11/06/2025,75,Đồng Nai,26326,Thị Trấn Dầu Giây,R42,254210.0
11/06/2025,75,Đồng Nai,26326,Thị Trấn Dầu Giây,R51,42680.0
11/06/2025,75,Đồng Nai,26326,Thị Trấn Dầu Giây,R64,2287131.0
11/06/2025,75,Đồng Nai,26326,Thị Trấn Dầu Giây,S00,356635.0
11/06/2025,75,Đồng Nai,26326,Thị Trấn Dầu Giây,S01,394684.0
11/06/2025,75,Đồng Nai,26326,Thị Trấn Dầu Giây,S20,143109.0
11/06/2025,75,Đồng Nai,26326,Thị Trấn Dầu Giây,S61,2444924.0
11/06/2025,75,Đồng Nai,26326,Thị Trấn Dầu Giây,S80,538032.0
11/06/2025,75,Đồng Nai,26326,Thị Trấn Dầu Giây,S81,514697.0
11/06/2025,75,Đồng Nai,26326,Thị Trấn Dầu Giây,S82,145100.0
11/06/2025,75,Đồng Nai,26326,Thị Trấn Dầu Giây,S90,719128.0
11/06/2025,75,Đồng Nai,26326,Thị Trấn Dầu Giây,S91,477760.0
11/06/2025,75,Đồng Nai,26326,Thị Trấn Dầu Giây,T15,222372.0
11/06/2025,75,Đồng Nai,26326,Thị Trấn Dầu Giây,T78,759634.0
11/06/2025,75,Đồng Nai,26326,Thị Trấn Dầu Giây,Z09,534535.0
11/06/2025,75,Đồng Nai,26326,Thị Trấn Dầu Giây,Z35,1064180.0
11/06/2025,75,Đồng Nai,26326,Thị Trấn Dầu Giây,Z95,39800.0
11/06/2025,75,Đồng Nai,26362,Xã Sông Ray,Khác,0.0
11/06/2025,75,Đồng Nai,26368,Thị Trấn Long Thành,A04,511274.0
11/06/2025,75,Đồng Nai,26368,Thị Trấn Long Thành,A09,2074795.0
11/06/2025,75,Đồng Nai,26368,Thị Trấn Long Thành,A97,447970.0
11/06/2025,75,Đồng Nai,26368,Thị Trấn Long Thành,B02,313886.0
11/06/2025,75,Đồng Nai,26368,Thị Trấn Long Thành,B33,398540.0
11/06/2025,75,Đồng Nai,26368,Thị Trấn Long Thành,E11,418920.0
11/06/2025,75,Đồng Nai,26368,Thị Trấn Long Thành,G64,432800.0
11/06/2025,75,Đồng Nai,26368,Thị Trấn Long Thành,H10,45440.0
11/06/2025,75,Đồng Nai,26368,Thị Trấn Long Thành,I10,837948.0
11/06/2025,75,Đồng Nai,26368,Thị Trấn Long Thành,I20,1455202.0
11/06/2025,75,Đồng Nai,26368,Thị Trấn Long Thành,J01,286500.0
11/06/2025,75,Đồng Nai,26368,Thị Trấn Long Thành,J02,143140.0
11/06/2025,75,Đồng Nai,26368,Thị Trấn Long Thành,J06,810494.0
11/06/2025,75,Đồng Nai,26368,Thị Trấn Long Thành,J18,298408.0
11/06/2025,75,Đồng Nai,26368,Thị Trấn Long Thành,J45,57450.0
11/06/2025,75,Đồng Nai,26368,Thị Trấn Long Thành,K05,66050.0
11/06/2025,75,Đồng Nai,26368,Thị Trấn Long Thành,K21,380878.0
11/06/2025,75,Đồng Nai,26368,Thị Trấn Long Thành,K29,140960.0
11/06/2025,75,Đồng Nai,26368,Thị Trấn Long Thành,Khác,0.0
11/06/2025,75,Đồng Nai,26368,Thị Trấn Long Thành,L02,137500.0
11/06/2025,75,Đồng Nai,26368,Thị Trấn Long Thành,L20,100040.0
11/06/2025,75,Đồng Nai,26368,Thị Trấn Long Thành,M13,233200.0
11/06/2025,75,Đồng Nai,26368,Thị Trấn Long Thành,M16,253222.0
11/06/2025,75,Đồng Nai,26368,Thị Trấn Long Thành,M47,174990.0
11/06/2025,75,Đồng Nai,26368,Thị Trấn Long Thành,M54,244390.0
11/06/2025,75,Đồng Nai,26368,Thị Trấn Long Thành,M72,125030.0
11/06/2025,75,Đồng Nai,26368,Thị Trấn Long Thành,N30,474856.0
11/06/2025,75,Đồng Nai,26368,Thị Trấn Long Thành,N39,228530.0
11/06/2025,75,Đồng Nai,26368,Thị Trấn Long Thành,N64,287700.0
11/06/2025,75,Đồng Nai,26368,Thị Trấn Long Thành,N76,160650.0
11/06/2025,75,Đồng Nai,26368,Thị Trấn Long Thành,N92,97872.0
11/06/2025,75,Đồng Nai,26368,Thị Trấn Long Thành,O03,102840.0
11/06/2025,75,Đồng Nai,26368,Thị Trấn Long Thành,O20,101568.0
11/06/2025,75,Đồng Nai,26368,Thị Trấn Long Thành,O26,878076.0
11/06/2025,75,Đồng Nai,26368,Thị Trấn Long Thành,R10,310366.0
11/06/2025,75,Đồng Nai,26368,Thị Trấn Long Thành,R50,270496.0
11/06/2025,75,Đồng Nai,26368,Thị Trấn Long Thành,R51,175160.0
11/06/2025,75,Đồng Nai,26368,Thị Trấn Long Thành,S00,148400.0
11/06/2025,75,Đồng Nai,26368,Thị Trấn Long Thành,S42,159800.0
11/06/2025,75,Đồng Nai,26368,Thị Trấn Long Thành,S52,181200.0
11/06/2025,75,Đồng Nai,26368,Thị Trấn Long Thành,S60,115200.0
11/06/2025,75,Đồng Nai,26368,Thị Trấn Long Thành,S80,167490.0
11/06/2025,75,Đồng Nai,26368,Thị Trấn Long Thành,S82,176300.0
11/06/2025,75,Đồng Nai,26368,Thị Trấn Long Thành,S91,178300.0
11/06/2025,75,Đồng Nai,26368,Thị Trấn Long Thành,Z32,245444.0
11/06/2025,75,Đồng Nai,26374,Phường Tam Phước,Khác,0.0
11/06/2025,75,Đồng Nai,26377,Phường Phước Tân,A15,14270338.0
11/06/2025,75,Đồng Nai,26377,Phường Phước Tân,A16,9178569.0
11/06/2025,75,Đồng Nai,26377,Phường Phước Tân,B90,2712880.0
11/06/2025,75,Đồng Nai,26377,Phường Phước Tân,J20,6878230.0
11/06/2025,75,Đồng Nai,26377,Phường Phước Tân,J44,21833081.0
11/06/2025,75,Đồng Nai,26377,Phường Phước Tân,J45,2399398.0
11/06/2025,75,Đồng Nai,26377,Phường Phước Tân,J47,8491071.0
11/06/2025,75,Đồng Nai,26377,Phường Phước Tân,M90,7995935.0
11/06/2025,75,Đồng Nai,26377,Phường Phước Tân,R04,1220680.0
11/06/2025,75,Đồng Nai,26377,Phường Phước Tân,U84,9302800.0
11/06/2025,75,Đồng Nai,26416,Xã Phước Bình,Khác,0.0
11/06/2025,75,Đồng Nai,26455,Xã Xuân Hiệp,Khác,0.0
11/06/2025,75,Đồng Nai,26497,Xã Vĩnh Thanh,A04,279114.0
11/06/2025,75,Đồng Nai,26497,Xã Vĩnh Thanh,A09,333976.0
11/06/2025,75,Đồng Nai,26497,Xã Vĩnh Thanh,E11,177856.0
11/06/2025,75,Đồng Nai,26497,Xã Vĩnh Thanh,H81,464850.0
11/06/2025,75,Đồng Nai,26497,Xã Vĩnh Thanh,I10,2398381.0
11/06/2025,75,Đồng Nai,26497,Xã Vĩnh Thanh,I25,116842.0
11/06/2025,75,Đồng Nai,26497,Xã Vĩnh Thanh,J06,90650.0
11/06/2025,75,Đồng Nai,26497,Xã Vĩnh Thanh,J44,243264.0
11/06/2025,75,Đồng Nai,26497,Xã Vĩnh Thanh,J68,84190.0
11/06/2025,75,Đồng Nai,26497,Xã Vĩnh Thanh,K02,959400.0
11/06/2025,75,Đồng Nai,26497,Xã Vĩnh Thanh,K03,565100.0
11/06/2025,75,Đồng Nai,26497,Xã Vĩnh Thanh,K21,353116.0
11/06/2025,75,Đồng Nai,26497,Xã Vĩnh Thanh,K74,370292.0
11/06/2025,75,Đồng Nai,26497,Xã Vĩnh Thanh,M17,442550.0
11/06/2025,75,Đồng Nai,26497,Xã Vĩnh Thanh,M47,3206850.0
11/06/2025,75,Đồng Nai,26497,Xã Vĩnh Thanh,M54,3713880.0
11/06/2025,75,Đồng Nai,26497,Xã Vĩnh Thanh,M65,87740.0
11/06/2025,75,Đồng Nai,26497,Xã Vĩnh Thanh,M76,132500.0
11/06/2025,75,Đồng Nai,26497,Xã Vĩnh Thanh,N39,553667.0
11/06/2025,75,Đồng Nai,26497,Xã Vĩnh Thanh,N95,121604.0
11/06/2025,75,Đồng Nai,26497,Xã Vĩnh Thanh,R10,862584.0
11/06/2025,75,Đồng Nai,26497,Xã Vĩnh Thanh,R74,63750.0
11/06/2025,75,Đồng Nai,26497,Xã Vĩnh Thanh,S01,36500.0
11/06/2025,75,Đồng Nai,26497,Xã Vĩnh Thanh,S90,543330.0
11/06/2025,75,Đồng Nai,26497,Xã Vĩnh Thanh,Z34,140080.0
12/01/2025,75,Đồng Nai,26341,Thị Trấn Long Giao,Khác,0.0
12/01/2025,75,Đồng Nai,26452,Xã Suối Cát,Khác,0.0
12/02/2025,75,Đồng Nai,25993,Phường Trảng Dài,Khác,0.0
12/02/2025,75,Đồng Nai,26080,Phường Xuân An,Khác,0.0
12/02/2025,75,Đồng Nai,26248,Thị Trấn Trảng Bom,Khác,0.0
12/02/2025,75,Đồng Nai,26341,Thị Trấn Long Giao,Khác,0.0
12/02/2025,75,Đồng Nai,26452,Xã Suối Cát,Khác,0.0
12/03/2025,75,Đồng Nai,26026,Phường Tân Mai,Khác,0.0
12/03/2025,75,Đồng Nai,26080,Phường Xuân An,Khác,0.0
12/03/2025,75,Đồng Nai,26248,Thị Trấn Trảng Bom,Khác,0.0
12/03/2025,75,Đồng Nai,26452,Xã Suối Cát,Khác,0.0
12/04/2025,75,Đồng Nai,25999,Phường Tân Biên,Khác,0.0
12/04/2025,75,Đồng Nai,26095,Phường Suối Tre,Khác,0.0
12/04/2025,75,Đồng Nai,26116,Thị Trấn Tân Phú,Khác,0.0
12/04/2025,75,Đồng Nai,26206,Thị Trấn Định Quán,Khác,0.0
12/04/2025,75,Đồng Nai,26248,Thị Trấn Trảng Bom,Khác,0.0
12/04/2025,75,Đồng Nai,26326,Thị Trấn Dầu Giây,Khác,0.0
12/04/2025,75,Đồng Nai,26368,Thị Trấn Long Thành,Khác,0.0
12/04/2025,75,Đồng Nai,26452,Xã Suối Cát,Khác,0.0
12/04/2025,75,Đồng Nai,26485,Xã Phú Hội,Khác,0.0
12/05/2025,75,Đồng Nai,25993,Phường Trảng Dài,Khác,0.0
12/05/2025,75,Đồng Nai,25996,Phường Tân Phong,Khác,0.0
12/05/2025,75,Đồng Nai,25999,Phường Tân Biên,Khác,0.0
12/05/2025,75,Đồng Nai,26017,Phường Tam Hiệp,Khác,0.0
12/05/2025,75,Đồng Nai,26029,Phường Thống Nhất,Khác,0.0
12/05/2025,75,Đồng Nai,26068,Phường Hóa An,Khác,0.0
12/05/2025,75,Đồng Nai,26095,Phường Suối Tre,Khác,0.0
12/05/2025,75,Đồng Nai,26116,Thị Trấn Tân Phú,Khác,0.0
12/05/2025,75,Đồng Nai,26188,Xã Thạnh Phú,Khác,0.0
12/05/2025,75,Đồng Nai,26206,Thị Trấn Định Quán,Khác,0.0
12/05/2025,75,Đồng Nai,26272,Xã Hố Nai 3,Khác,0.0
12/05/2025,75,Đồng Nai,26326,Thị Trấn Dầu Giây,Khác,0.0
12/05/2025,75,Đồng Nai,26362,Xã Sông Ray,Khác,0.0
12/05/2025,75,Đồng Nai,26368,Thị Trấn Long Thành,Khác,0.0
12/05/2025,75,Đồng Nai,26374,Phường Tam Phước,Khác,0.0
12/05/2025,75,Đồng Nai,26377,Phường Phước Tân,Khác,0.0
12/05/2025,75,Đồng Nai,26389,Xã Long Đức,Khác,0.0
12/05/2025,75,Đồng Nai,26416,Xã Phước Bình,Khác,0.0
12/05/2025,75,Đồng Nai,26440,Xã Xuân Trường,Khác,0.0
12/05/2025,75,Đồng Nai,26449,Xã Xuân Tâm,Khác,0.0
12/05/2025,75,Đồng Nai,26455,Xã Xuân Hiệp,Khác,0.0
12/05/2025,75,Đồng Nai,26485,Xã Phú Hội,Khác,0.0
12/05/2025,75,Đồng Nai,26497,Xã Vĩnh Thanh,Khác,0.0
12/06/2025,75,Đồng Nai,25996,Phường Tân Phong,Khác,0.0
12/06/2025,75,Đồng Nai,25996,Phường Tân Phong,M54,23604502.92
12/06/2025,75,Đồng Nai,26017,Phường Tam Hiệp,Khác,0.0
12/06/2025,75,Đồng Nai,26020,Phường Long Bình,E11,78500.0
12/06/2025,75,Đồng Nai,26020,Phường Long Bình,I10,45950.0
12/06/2025,75,Đồng Nai,26020,Phường Long Bình,I49,36500.0
12/06/2025,75,Đồng Nai,26020,Phường Long Bình,J06,909269.0
12/06/2025,75,Đồng Nai,26020,Phường Long Bình,K29,74500.0
12/06/2025,75,Đồng Nai,26020,Phường Long Bình,K58,95562.0
12/06/2025,75,Đồng Nai,26020,Phường Long Bình,Khác,0.0
12/06/2025,75,Đồng Nai,26020,Phường Long Bình,M25,300260.0
12/06/2025,75,Đồng Nai,26020,Phường Long Bình,M47,147130.0
12/06/2025,75,Đồng Nai,26020,Phường Long Bình,M54,41830.0
12/06/2025,75,Đồng Nai,26020,Phường Long Bình,N20,97780.0
12/06/2025,75,Đồng Nai,26020,Phường Long Bình,R10,96440.0
12/06/2025,75,Đồng Nai,26020,Phường Long Bình,S61,80630.0
12/06/2025,75,Đồng Nai,26020,Phường Long Bình,S80,117870.0
12/06/2025,75,Đồng Nai,26020,Phường Long Bình,T78,38525.0
12/06/2025,75,Đồng Nai,26050,Phường An Bình,Khác,0.0
12/06/2025,75,Đồng Nai,26056,Phường Long Bình Tân,C73,546400.0
12/06/2025,75,Đồng Nai,26056,Phường Long Bình Tân,E78,293200.0
12/06/2025,75,Đồng Nai,26056,Phường Long Bình Tân,G47,105930.0
12/06/2025,75,Đồng Nai,26056,Phường Long Bình Tân,I10,16977238.0
12/06/2025,75,Đồng Nai,26056,Phường Long Bình Tân,K00,186320.0
12/06/2025,75,Đồng Nai,26056,Phường Long Bình Tân,K02,86320.0
12/06/2025,75,Đồng Nai,26056,Phường Long Bình Tân,K05,646400.0
12/06/2025,75,Đồng Nai,26056,Phường Long Bình Tân,Khác,0.0
12/06/2025,75,Đồng Nai,26056,Phường Long Bình Tân,L04,474600.0
12/06/2025,75,Đồng Nai,26056,Phường Long Bình Tân,M13,158200.0
12/06/2025,75,Đồng Nai,26056,Phường Long Bình Tân,M17,347485.0
12/06/2025,75,Đồng Nai,26056,Phường Long Bình Tân,M51,1833200.0
12/06/2025,75,Đồng Nai,26056,Phường Long Bình Tân,M54,585510.0
12/06/2025,75,Đồng Nai,26056,Phường Long Bình Tân,M77,316400.0
12/06/2025,75,Đồng Nai,26056,Phường Long Bình Tân,N20,4127800.0
12/06/2025,75,Đồng Nai,26056,Phường Long Bình Tân,N64,314600.0
12/06/2025,75,Đồng Nai,26056,Phường Long Bình Tân,N92,66400.0
12/06/2025,75,Đồng Nai,26056,Phường Long Bình Tân,R20,1076000.0
12/06/2025,75,Đồng Nai,26056,Phường Long Bình Tân,R74,293200.0
12/06/2025,75,Đồng Nai,26056,Phường Long Bình Tân,S00,1166400.0
12/06/2025,75,Đồng Nai,26056,Phường Long Bình Tân,Z34,132800.0
12/06/2025,75,Đồng Nai,26056,Phường Long Bình Tân,Z35,296400.0
12/06/2025,75,Đồng Nai,26068,Phường Hóa An,B73,57388.0
12/06/2025,75,Đồng Nai,26068,Phường Hóa An,D50,884498.0
12/06/2025,75,Đồng Nai,26068,Phường Hóa An,E58,193580.0
12/06/2025,75,Đồng Nai,26068,Phường Hóa An,G57,627450.0
12/06/2025,75,Đồng Nai,26068,Phường Hóa An,H66,146715.0
12/06/2025,75,Đồng Nai,26068,Phường Hóa An,H81,1347323.0
12/06/2025,75,Đồng Nai,26068,Phường Hóa An,I10,8159959.0
12/06/2025,75,Đồng Nai,26068,Phường Hóa An,I83,1198080.0
12/06/2025,75,Đồng Nai,26068,Phường Hóa An,J01,124875.0
12/06/2025,75,Đồng Nai,26068,Phường Hóa An,J02,345525.0
12/06/2025,75,Đồng Nai,26068,Phường Hóa An,J06,675670.0
12/06/2025,75,Đồng Nai,26068,Phường Hóa An,J20,299470.0
12/06/2025,75,Đồng Nai,26068,Phường Hóa An,J30,124875.0
12/06/2025,75,Đồng Nai,26068,Phường Hóa An,J31,820355.0
12/06/2025,75,Đồng Nai,26068,Phường Hóa An,J32,1604390.0
12/06/2025,75,Đồng Nai,26068,Phường Hóa An,J39,599130.0
12/06/2025,75,Đồng Nai,26068,Phường Hóa An,K04,100080.0
12/06/2025,75,Đồng Nai,26068,Phường Hóa An,K21,2362793.0
12/06/2025,75,Đồng Nai,26068,Phường Hóa An,K29,132953.0
12/06/2025,75,Đồng Nai,26068,Phường Hóa An,K59,322500.0
12/06/2025,75,Đồng Nai,26068,Phường Hóa An,K64,72200.0
12/06/2025,75,Đồng Nai,26068,Phường Hóa An,K76,1921545.0
12/06/2025,75,Đồng Nai,26068,Phường Hóa An,Khác,0.0
12/06/2025,75,Đồng Nai,26068,Phường Hóa An,L04,169530.0
12/06/2025,75,Đồng Nai,26068,Phường Hóa An,M17,1159366.0
12/06/2025,75,Đồng Nai,26068,Phường Hóa An,M24,673800.0
12/06/2025,75,Đồng Nai,26068,Phường Hóa An,M25,1575090.0
12/06/2025,75,Đồng Nai,26068,Phường Hóa An,M47,2969158.0
12/06/2025,75,Đồng Nai,26068,Phường Hóa An,M54,6793049.0
12/06/2025,75,Đồng Nai,26068,Phường Hóa An,M76,195399.0
12/06/2025,75,Đồng Nai,26068,Phường Hóa An,M77,99500.0
12/06/2025,75,Đồng Nai,26068,Phường Hóa An,N20,221300.0
12/06/2025,75,Đồng Nai,26068,Phường Hóa An,N64,864008.0
12/06/2025,75,Đồng Nai,26068,Phường Hóa An,N72,166100.0
12/06/2025,75,Đồng Nai,26068,Phường Hóa An,N76,90500.0
12/06/2025,75,Đồng Nai,26068,Phường Hóa An,R10,1641605.0
12/06/2025,75,Đồng Nai,26068,Phường Hóa An,R51,346350.0
12/06/2025,75,Đồng Nai,26068,Phường Hóa An,S43,246130.0
12/06/2025,75,Đồng Nai,26068,Phường Hóa An,S93,200600.0
12/06/2025,75,Đồng Nai,26068,Phường Hóa An,Z34,444700.0
12/06/2025,75,Đồng Nai,26095,Phường Suối Tre,Khác,0.0
12/06/2025,75,Đồng Nai,26206,Thị Trấn Định Quán,Khác,0.0
12/06/2025,75,Đồng Nai,26239,Xã Túc Trưng,Khác,0.0
12/06/2025,75,Đồng Nai,26272,Xã Hố Nai 3,Khác,0.0
12/06/2025,75,Đồng Nai,26296,Xã An Viễn,Khác,0.0
12/06/2025,75,Đồng Nai,26299,Xã Gia Tân 1,Khác,0.0
12/06/2025,75,Đồng Nai,26311,Xã Quang Trung,Khác,0.0
12/06/2025,75,Đồng Nai,26317,Xã Hưng Lộc,Khác,0.0
12/06/2025,75,Đồng Nai,26326,Thị Trấn Dầu Giây,A04,440078.0
12/06/2025,75,Đồng Nai,26326,Thị Trấn Dầu Giây,A09,280647.0
12/06/2025,75,Đồng Nai,26326,Thị Trấn Dầu Giây,A15,98400.0
12/06/2025,75,Đồng Nai,26326,Thị Trấn Dầu Giây,A97,2834514.0
12/06/2025,75,Đồng Nai,26326,Thị Trấn Dầu Giây,B18,237693.0
12/06/2025,75,Đồng Nai,26326,Thị Trấn Dầu Giây,B34,195790.0
12/06/2025,75,Đồng Nai,26326,Thị Trấn Dầu Giây,C83,39800.0
12/06/2025,75,Đồng Nai,26326,Thị Trấn Dầu Giây,D17,39800.0
12/06/2025,75,Đồng Nai,26326,Thị Trấn Dầu Giây,D23,5095760.0
12/06/2025,75,Đồng Nai,26326,Thị Trấn Dầu Giây,D34,39800.0
12/06/2025,75,Đồng Nai,26326,Thị Trấn Dầu Giây,D50,148195.0
12/06/2025,75,Đồng Nai,26326,Thị Trấn Dầu Giây,D64,347108.0
12/06/2025,75,Đồng Nai,26326,Thị Trấn Dầu Giây,E05,362830.0
12/06/2025,75,Đồng Nai,26326,Thị Trấn Dầu Giây,E11,23824817.0
12/06/2025,75,Đồng Nai,26326,Thị Trấn Dầu Giây,E27,39800.0
12/06/2025,75,Đồng Nai,26326,Thị Trấn Dầu Giây,E78,3273752.0
12/06/2025,75,Đồng Nai,26326,Thị Trấn Dầu Giây,G25,39800.0
12/06/2025,75,Đồng Nai,26326,Thị Trấn Dầu Giây,G44,178460.0
12/06/2025,75,Đồng Nai,26326,Thị Trấn Dầu Giây,G47,1952691.0
12/06/2025,75,Đồng Nai,26326,Thị Trấn Dầu Giây,G56,180557.0
12/06/2025,75,Đồng Nai,26326,Thị Trấn Dầu Giây,H01,359815.0
12/06/2025,75,Đồng Nai,26326,Thị Trấn Dầu Giây,H04,456950.0
12/06/2025,75,Đồng Nai,26326,Thị Trấn Dầu Giây,H10,432283.0
12/06/2025,75,Đồng Nai,26326,Thị Trấn Dầu Giây,H26,39800.0
12/06/2025,75,Đồng Nai,26326,Thị Trấn Dầu Giây,H57,59500.0
12/06/2025,75,Đồng Nai,26326,Thị Trấn Dầu Giây,H60,254558.0
12/06/2025,75,Đồng Nai,26326,Thị Trấn Dầu Giây,H66,128314.0
12/06/2025,75,Đồng Nai,26326,Thị Trấn Dầu Giây,H81,7344370.0
12/06/2025,75,Đồng Nai,26326,Thị Trấn Dầu Giây,H92,207175.0
12/06/2025,75,Đồng Nai,26326,Thị Trấn Dầu Giây,I10,16638098.0
12/06/2025,75,Đồng Nai,26326,Thị Trấn Dầu Giây,I20,238544.0
12/06/2025,75,Đồng Nai,26326,Thị Trấn Dầu Giây,I21,532564.0
12/06/2025,75,Đồng Nai,26326,Thị Trấn Dầu Giây,I25,823500.0
12/06/2025,75,Đồng Nai,26326,Thị Trấn Dầu Giây,I63,39800.0
12/06/2025,75,Đồng Nai,26326,Thị Trấn Dầu Giây,I64,39800.0
12/06/2025,75,Đồng Nai,26326,Thị Trấn Dầu Giây,I70,385663.0
12/06/2025,75,Đồng Nai,26326,Thị Trấn Dầu Giây,I83,378916.0
12/06/2025,75,Đồng Nai,26326,Thị Trấn Dầu Giây,I87,546170.0
12/06/2025,75,Đồng Nai,26326,Thị Trấn Dầu Giây,I98,39800.0
12/06/2025,75,Đồng Nai,26326,Thị Trấn Dầu Giây,J02,2641660.0
12/06/2025,75,Đồng Nai,26326,Thị Trấn Dầu Giây,J03,298170.0
12/06/2025,75,Đồng Nai,26326,Thị Trấn Dầu Giây,J04,180256.0
12/06/2025,75,Đồng Nai,26326,Thị Trấn Dầu Giây,J06,1710357.0
12/06/2025,75,Đồng Nai,26326,Thị Trấn Dầu Giây,J15,4051639.0
12/06/2025,75,Đồng Nai,26326,Thị Trấn Dầu Giây,J18,2034149.0
12/06/2025,75,Đồng Nai,26326,Thị Trấn Dầu Giây,J20,3427396.0
12/06/2025,75,Đồng Nai,26326,Thị Trấn Dầu Giây,J30,125706.0
12/06/2025,75,Đồng Nai,26326,Thị Trấn Dầu Giây,J31,924499.0
12/06/2025,75,Đồng Nai,26326,Thị Trấn Dầu Giây,J32,2785654.0
12/06/2025,75,Đồng Nai,26326,Thị Trấn Dầu Giây,J41,943685.0
12/06/2025,75,Đồng Nai,26326,Thị Trấn Dầu Giây,J44,455201.0
12/06/2025,75,Đồng Nai,26326,Thị Trấn Dầu Giây,J45,491262.0
12/06/2025,75,Đồng Nai,26326,Thị Trấn Dầu Giây,K02,2996925.0
12/06/2025,75,Đồng Nai,26326,Thị Trấn Dầu Giây,K04,1274520.0
12/06/2025,75,Đồng Nai,26326,Thị Trấn Dầu Giây,K05,421500.0
12/06/2025,75,Đồng Nai,26326,Thị Trấn Dầu Giây,K21,2323132.0
12/06/2025,75,Đồng Nai,26326,Thị Trấn Dầu Giây,K29,1452766.0
12/06/2025,75,Đồng Nai,26326,Thị Trấn Dầu Giây,K30,63740.0
12/06/2025,75,Đồng Nai,26326,Thị Trấn Dầu Giây,K52,578425.0
12/06/2025,75,Đồng Nai,26326,Thị Trấn Dầu Giây,K59,239833.0
12/06/2025,75,Đồng Nai,26326,Thị Trấn Dầu Giây,K60,112530.0
12/06/2025,75,Đồng Nai,26326,Thị Trấn Dầu Giây,K64,905274.0
12/06/2025,75,Đồng Nai,26326,Thị Trấn Dầu Giây,K74,39800.0
12/06/2025,75,Đồng Nai,26326,Thị Trấn Dầu Giây,K76,2027627.0
12/06/2025,75,Đồng Nai,26326,Thị Trấn Dầu Giây,K80,141900.0
12/06/2025,75,Đồng Nai,26326,Thị Trấn Dầu Giây,L02,6157902.0
12/06/2025,75,Đồng Nai,26326,Thị Trấn Dầu Giây,L04,312150.0
12/06/2025,75,Đồng Nai,26326,Thị Trấn Dầu Giây,L20,223083.0
12/06/2025,75,Đồng Nai,26326,Thị Trấn Dầu Giây,M10,56810.0
12/06/2025,75,Đồng Nai,26326,Thị Trấn Dầu Giây,M13,2326371.0
12/06/2025,75,Đồng Nai,26326,Thị Trấn Dầu Giây,M17,678148.0
12/06/2025,75,Đồng Nai,26326,Thị Trấn Dầu Giây,M19,353852.0
12/06/2025,75,Đồng Nai,26326,Thị Trấn Dầu Giây,M47,7340106.0
12/06/2025,75,Đồng Nai,26326,Thị Trấn Dầu Giây,M51,39800.0
12/06/2025,75,Đồng Nai,26326,Thị Trấn Dầu Giây,M54,2542540.0
12/06/2025,75,Đồng Nai,26326,Thị Trấn Dầu Giây,M62,253570.0
12/06/2025,75,Đồng Nai,26326,Thị Trấn Dầu Giây,M75,273529.0
12/06/2025,75,Đồng Nai,26326,Thị Trấn Dầu Giây,N20,441205.0
12/06/2025,75,Đồng Nai,26326,Thị Trấn Dầu Giây,N39,269545.0
12/06/2025,75,Đồng Nai,26326,Thị Trấn Dầu Giây,N40,1243468.0
12/06/2025,75,Đồng Nai,26326,Thị Trấn Dầu Giây,N76,137280.0
12/06/2025,75,Đồng Nai,26326,Thị Trấn Dầu Giây,N92,718113.0
12/06/2025,75,Đồng Nai,26326,Thị Trấn Dầu Giây,O47,284500.0
12/06/2025,75,Đồng Nai,26326,Thị Trấn Dầu Giây,Q76,39800.0
12/06/2025,75,Đồng Nai,26326,Thị Trấn Dầu Giây,R10,1030050.0
12/06/2025,75,Đồng Nai,26326,Thị Trấn Dầu Giây,R20,1428500.0
12/06/2025,75,Đồng Nai,26326,Thị Trấn Dầu Giây,R39,345640.0
12/06/2025,75,Đồng Nai,26326,Thị Trấn Dầu Giây,R51,85030.0
12/06/2025,75,Đồng Nai,26326,Thị Trấn Dầu Giây,R59,39800.0
12/06/2025,75,Đồng Nai,26326,Thị Trấn Dầu Giây,R64,1364369.0
12/06/2025,75,Đồng Nai,26326,Thị Trấn Dầu Giây,S01,580268.0
12/06/2025,75,Đồng Nai,26326,Thị Trấn Dầu Giây,S03,208324.0
12/06/2025,75,Đồng Nai,26326,Thị Trấn Dầu Giây,S20,444324.0
12/06/2025,75,Đồng Nai,26326,Thị Trấn Dầu Giây,S40,457587.0
12/06/2025,75,Đồng Nai,26326,Thị Trấn Dầu Giây,S61,4431146.0
12/06/2025,75,Đồng Nai,26326,Thị Trấn Dầu Giây,S62,412009.0
12/06/2025,75,Đồng Nai,26326,Thị Trấn Dầu Giây,S70,341109.0
12/06/2025,75,Đồng Nai,26326,Thị Trấn Dầu Giây,S80,221109.0
12/06/2025,75,Đồng Nai,26326,Thị Trấn Dầu Giây,S82,413460.0
12/06/2025,75,Đồng Nai,26326,Thị Trấn Dầu Giây,S90,261018.0
12/06/2025,75,Đồng Nai,26326,Thị Trấn Dầu Giây,S91,351338.0
12/06/2025,75,Đồng Nai,26326,Thị Trấn Dầu Giây,S92,131853.0
12/06/2025,75,Đồng Nai,26326,Thị Trấn Dầu Giây,T15,167172.0
12/06/2025,75,Đồng Nai,26326,Thị Trấn Dầu Giây,T31,173729.0
12/06/2025,75,Đồng Nai,26326,Thị Trấn Dầu Giây,T78,230650.0
12/06/2025,75,Đồng Nai,26326,Thị Trấn Dầu Giây,Z09,815375.0
12/06/2025,75,Đồng Nai,26326,Thị Trấn Dầu Giây,Z35,1688172.0
12/06/2025,75,Đồng Nai,26326,Thị Trấn Dầu Giây,Z49,39800.0
12/06/2025,75,Đồng Nai,26362,Xã Sông Ray,Khác,0.0
12/06/2025,75,Đồng Nai,26368,Thị Trấn Long Thành,A04,120696.0
12/06/2025,75,Đồng Nai,26368,Thị Trấn Long Thành,A09,494597.0
12/06/2025,75,Đồng Nai,26368,Thị Trấn Long Thành,A97,615140.0
12/06/2025,75,Đồng Nai,26368,Thị Trấn Long Thành,B33,633424.0
12/06/2025,75,Đồng Nai,26368,Thị Trấn Long Thành,D21,229582.0
12/06/2025,75,Đồng Nai,26368,Thị Trấn Long Thành,E11,1881594.0
12/06/2025,75,Đồng Nai,26368,Thị Trấn Long Thành,E78,106550.0
12/06/2025,75,Đồng Nai,26368,Thị Trấn Long Thành,H10,143700.0
12/06/2025,75,Đồng Nai,26368,Thị Trấn Long Thành,H81,1356640.0
12/06/2025,75,Đồng Nai,26368,Thị Trấn Long Thành,I10,766162.0
12/06/2025,75,Đồng Nai,26368,Thị Trấn Long Thành,I20,214490.0
12/06/2025,75,Đồng Nai,26368,Thị Trấn Long Thành,I25,127600.0
12/06/2025,75,Đồng Nai,26368,Thị Trấn Long Thành,J02,469835.0
12/06/2025,75,Đồng Nai,26368,Thị Trấn Long Thành,J06,1088059.0
12/06/2025,75,Đồng Nai,26368,Thị Trấn Long Thành,J20,1237718.0
12/06/2025,75,Đồng Nai,26368,Thị Trấn Long Thành,J21,101782.0
12/06/2025,75,Đồng Nai,26368,Thị Trấn Long Thành,J44,77744.0
12/06/2025,75,Đồng Nai,26368,Thị Trấn Long Thành,J45,86200.0
12/06/2025,75,Đồng Nai,26368,Thị Trấn Long Thành,K11,183503.0
12/06/2025,75,Đồng Nai,26368,Thị Trấn Long Thành,K29,318180.0
12/06/2025,75,Đồng Nai,26368,Thị Trấn Long Thành,Khác,0.0
12/06/2025,75,Đồng Nai,26368,Thị Trấn Long Thành,L28,72830.0
12/06/2025,75,Đồng Nai,26368,Thị Trấn Long Thành,M02,155090.0
12/06/2025,75,Đồng Nai,26368,Thị Trấn Long Thành,M47,289700.0
12/06/2025,75,Đồng Nai,26368,Thị Trấn Long Thành,M53,151516.0
12/06/2025,75,Đồng Nai,26368,Thị Trấn Long Thành,M54,51494.0
12/06/2025,75,Đồng Nai,26368,Thị Trấn Long Thành,N20,97020.0
12/06/2025,75,Đồng Nai,26368,Thị Trấn Long Thành,N47,96370.0
12/06/2025,75,Đồng Nai,26368,Thị Trấn Long Thành,N76,272100.0
12/06/2025,75,Đồng Nai,26368,Thị Trấn Long Thành,O26,981916.0
12/06/2025,75,Đồng Nai,26368,Thị Trấn Long Thành,R10,342720.0
12/06/2025,75,Đồng Nai,26368,Thị Trấn Long Thành,R50,242070.0
12/06/2025,75,Đồng Nai,26368,Thị Trấn Long Thành,R51,156300.0
12/06/2025,75,Đồng Nai,26368,Thị Trấn Long Thành,S00,66000.0
12/06/2025,75,Đồng Nai,26368,Thị Trấn Long Thành,S42,146550.0
12/06/2025,75,Đồng Nai,26368,Thị Trấn Long Thành,S52,109800.0
12/06/2025,75,Đồng Nai,26368,Thị Trấn Long Thành,T78,55340.0
12/06/2025,75,Đồng Nai,26368,Thị Trấn Long Thành,Z32,587594.0
12/06/2025,75,Đồng Nai,26374,Phường Tam Phước,Khác,0.0
12/06/2025,75,Đồng Nai,26377,Phường Phước Tân,A15,18706767.0
12/06/2025,75,Đồng Nai,26377,Phường Phước Tân,A16,1056748.0
12/06/2025,75,Đồng Nai,26377,Phường Phước Tân,A18,383920.0
12/06/2025,75,Đồng Nai,26377,Phường Phước Tân,B90,10915408.0
12/06/2025,75,Đồng Nai,26377,Phường Phước Tân,C38,3374441.0
12/06/2025,75,Đồng Nai,26377,Phường Phước Tân,J15,6583224.0
12/06/2025,75,Đồng Nai,26377,Phường Phước Tân,J18,481390.0
12/06/2025,75,Đồng Nai,26377,Phường Phước Tân,J44,14734623.0
12/06/2025,75,Đồng Nai,26377,Phường Phước Tân,J45,2140897.0
12/06/2025,75,Đồng Nai,26377,Phường Phước Tân,J90,1884680.0
12/06/2025,75,Đồng Nai,26377,Phường Phước Tân,K21,332400.0
12/06/2025,75,Đồng Nai,26377,Phường Phước Tân,M49,346840.0
12/06/2025,75,Đồng Nai,26377,Phường Phước Tân,R04,1170573.0
12/06/2025,75,Đồng Nai,26377,Phường Phước Tân,U84,14512520.0
12/06/2025,75,Đồng Nai,26416,Xã Phước Bình,Khác,0.0
12/06/2025,75,Đồng Nai,26455,Xã Xuân Hiệp,Khác,0.0
12/06/2025,75,Đồng Nai,26497,Xã Vĩnh Thanh,A09,338560.0
12/06/2025,75,Đồng Nai,26497,Xã Vĩnh Thanh,B08,66500.0
12/06/2025,75,Đồng Nai,26497,Xã Vĩnh Thanh,B34,127837.0
12/06/2025,75,Đồng Nai,26497,Xã Vĩnh Thanh,E11,1178247.0
12/06/2025,75,Đồng Nai,26497,Xã Vĩnh Thanh,G56,274368.0
12/06/2025,75,Đồng Nai,26497,Xã Vĩnh Thanh,H81,659078.0
12/06/2025,75,Đồng Nai,26497,Xã Vĩnh Thanh,I10,4526414.0
12/06/2025,75,Đồng Nai,26497,Xã Vĩnh Thanh,I69,1057650.0
12/06/2025,75,Đồng Nai,26497,Xã Vĩnh Thanh,J39,365667.0
12/06/2025,75,Đồng Nai,26497,Xã Vĩnh Thanh,J68,187366.0
12/06/2025,75,Đồng Nai,26497,Xã Vĩnh Thanh,K02,1212216.0
12/06/2025,75,Đồng Nai,26497,Xã Vĩnh Thanh,K03,406000.0
12/06/2025,75,Đồng Nai,26497,Xã Vĩnh Thanh,K21,1504495.0
12/06/2025,75,Đồng Nai,26497,Xã Vĩnh Thanh,K29,125610.0
12/06/2025,75,Đồng Nai,26497,Xã Vĩnh Thanh,M06,354172.0
12/06/2025,75,Đồng Nai,26497,Xã Vĩnh Thanh,M10,1023981.0
12/06/2025,75,Đồng Nai,26497,Xã Vĩnh Thanh,M17,2168730.0
12/06/2025,75,Đồng Nai,26497,Xã Vĩnh Thanh,M47,4222230.0
12/06/2025,75,Đồng Nai,26497,Xã Vĩnh Thanh,M54,1276940.0
12/06/2025,75,Đồng Nai,26497,Xã Vĩnh Thanh,M62,83840.0
12/06/2025,75,Đồng Nai,26497,Xã Vĩnh Thanh,N20,348132.0
12/06/2025,75,Đồng Nai,26497,Xã Vĩnh Thanh,N39,149978.0
12/06/2025,75,Đồng Nai,26497,Xã Vĩnh Thanh,N64,576785.0
12/06/2025,75,Đồng Nai,26497,Xã Vĩnh Thanh,N76,296178.0
12/06/2025,75,Đồng Nai,26497,Xã Vĩnh Thanh,P05,91760.0
12/06/2025,75,Đồng Nai,26497,Xã Vĩnh Thanh,R07,464922.0
12/06/2025,75,Đồng Nai,26497,Xã Vĩnh Thanh,R51,103136.0
12/06/2025,75,Đồng Nai,26497,Xã Vĩnh Thanh,S00,520045.0
12/06/2025,75,Đồng Nai,26497,Xã Vĩnh Thanh,S30,263350.0
12/06/2025,75,Đồng Nai,26497,Xã Vĩnh Thanh,S60,118050.0
12/06/2025,75,Đồng Nai,26497,Xã Vĩnh Thanh,S81,86380.0
12/06/2025,75,Đồng Nai,26497,Xã Vĩnh Thanh,S92,201886.0
12/06/2025,75,Đồng Nai,26497,Xã Vĩnh Thanh,Z34,177460.0
12/06/2025,75,Đồng Nai,26497,Xã Vĩnh Thanh,Z97,140300.0
13/01/2025,75,Đồng Nai,26080,Phường Xuân An,Khác,0.0
13/01/2025,75,Đồng Nai,26341,Thị Trấn Long Giao,Khác,0.0
13/01/2025,75,Đồng Nai,26452,Xã Suối Cát,Khác,0.0
13/02/2025,75,Đồng Nai,25993,Phường Trảng Dài,Khác,0.0
13/02/2025,75,Đồng Nai,26080,Phường Xuân An,Khác,0.0
13/02/2025,75,Đồng Nai,26248,Thị Trấn Trảng Bom,Khác,0.0
13/02/2025,75,Đồng Nai,26341,Thị Trấn Long Giao,Khác,0.0
13/02/2025,75,Đồng Nai,26452,Xã Suối Cát,Khác,0.0
13/03/2025,75,Đồng Nai,26026,Phường Tân Mai,Khác,0.0
13/03/2025,75,Đồng Nai,26248,Thị Trấn Trảng Bom,Khác,0.0
13/03/2025,75,Đồng Nai,26254,Xã Cây Gáo,Khác,0.0
13/03/2025,75,Đồng Nai,26452,Xã Suối Cát,Khác,0.0
13/04/2025,75,Đồng Nai,25999,Phường Tân Biên,Khác,0.0
13/04/2025,75,Đồng Nai,26008,Phường Tân Hiệp,Khác,0.0
13/04/2025,75,Đồng Nai,26068,Phường Hóa An,Khác,0.0
13/04/2025,75,Đồng Nai,26095,Phường Suối Tre,Khác,0.0
13/04/2025,75,Đồng Nai,26116,Thị Trấn Tân Phú,Khác,0.0
13/04/2025,75,Đồng Nai,26206,Thị Trấn Định Quán,Khác,0.0
13/04/2025,75,Đồng Nai,26248,Thị Trấn Trảng Bom,Khác,0.0
13/04/2025,75,Đồng Nai,26326,Thị Trấn Dầu Giây,Khác,0.0
13/04/2025,75,Đồng Nai,26368,Thị Trấn Long Thành,Khác,0.0
13/04/2025,75,Đồng Nai,26452,Xã Suối Cát,Khác,0.0
13/04/2025,75,Đồng Nai,26485,Xã Phú Hội,Khác,0.0
13/05/2025,75,Đồng Nai,25993,Phường Trảng Dài,Khác,0.0
13/05/2025,75,Đồng Nai,25996,Phường Tân Phong,Khác,0.0
13/05/2025,75,Đồng Nai,25999,Phường Tân Biên,Khác,0.0
13/05/2025,75,Đồng Nai,26017,Phường Tam Hiệp,Khác,0.0
13/05/2025,75,Đồng Nai,26029,Phường Thống Nhất,Khác,0.0
13/05/2025,75,Đồng Nai,26068,Phường Hóa An,Khác,0.0
13/05/2025,75,Đồng Nai,26095,Phường Suối Tre,Khác,0.0
13/05/2025,75,Đồng Nai,26116,Thị Trấn Tân Phú,Khác,0.0
13/05/2025,75,Đồng Nai,26188,Xã Thạnh Phú,Khác,0.0
13/05/2025,75,Đồng Nai,26206,Thị Trấn Định Quán,Khác,0.0
13/05/2025,75,Đồng Nai,26272,Xã Hố Nai 3,Khác,0.0
13/05/2025,75,Đồng Nai,26299,Xã Gia Tân 1,Khác,0.0
13/05/2025,75,Đồng Nai,26311,Xã Quang Trung,Khác,0.0
13/05/2025,75,Đồng Nai,26317,Xã Hưng Lộc,Khác,0.0
13/05/2025,75,Đồng Nai,26326,Thị Trấn Dầu Giây,Khác,0.0
13/05/2025,75,Đồng Nai,26362,Xã Sông Ray,Khác,0.0
13/05/2025,75,Đồng Nai,26368,Thị Trấn Long Thành,Khác,0.0
13/05/2025,75,Đồng Nai,26374,Phường Tam Phước,Khác,0.0
13/05/2025,75,Đồng Nai,26377,Phường Phước Tân,Khác,0.0
13/05/2025,75,Đồng Nai,26455,Xã Xuân Hiệp,Khác,0.0
13/05/2025,75,Đồng Nai,26479,Thị Trấn Hiệp Phước,Khác,0.0
13/05/2025,75,Đồng Nai,26485,Xã Phú Hội,Khác,0.0
13/05/2025,75,Đồng Nai,26497,Xã Vĩnh Thanh,Khác,0.0
13/06/2025,75,Đồng Nai,25996,Phường Tân Phong,G45,441110.56
13/06/2025,75,Đồng Nai,25996,Phường Tân Phong,Khác,0.0
13/06/2025,75,Đồng Nai,26017,Phường Tam Hiệp,Khác,0.0
13/06/2025,75,Đồng Nai,26020,Phường Long Bình,J06,734866.0
13/06/2025,75,Đồng Nai,26020,Phường Long Bình,J40,95300.0
13/06/2025,75,Đồng Nai,26020,Phường Long Bình,J42,75475.0
13/06/2025,75,Đồng Nai,26020,Phường Long Bình,K52,104240.0
13/06/2025,75,Đồng Nai,26020,Phường Long Bình,K58,812198.0
13/06/2025,75,Đồng Nai,26020,Phường Long Bình,Khác,0.0
13/06/2025,75,Đồng Nai,26020,Phường Long Bình,M25,79830.0
13/06/2025,75,Đồng Nai,26020,Phường Long Bình,N23,100430.0
13/06/2025,75,Đồng Nai,26020,Phường Long Bình,N94,95100.0
13/06/2025,75,Đồng Nai,26020,Phường Long Bình,R10,327906.0
13/06/2025,75,Đồng Nai,26020,Phường Long Bình,R51,67790.0
13/06/2025,75,Đồng Nai,26020,Phường Long Bình,S00,36500.0
13/06/2025,75,Đồng Nai,26050,Phường An Bình,Khác,0.0
13/06/2025,75,Đồng Nai,26056,Phường Long Bình Tân,B18,66400.0
13/06/2025,75,Đồng Nai,26056,Phường Long Bình Tân,G47,2928400.0
13/06/2025,75,Đồng Nai,26056,Phường Long Bình Tân,G83,3246400.0
13/06/2025,75,Đồng Nai,26056,Phường Long Bình Tân,H81,7885388.0
13/06/2025,75,Đồng Nai,26056,Phường Long Bình Tân,I10,991704.0
13/06/2025,75,Đồng Nai,26056,Phường Long Bình Tân,I63,7775958.0
13/06/2025,75,Đồng Nai,26056,Phường Long Bình Tân,I69,9047440.0
13/06/2025,75,Đồng Nai,26056,Phường Long Bình Tân,I88,99600.0
13/06/2025,75,Đồng Nai,26056,Phường Long Bình Tân,J04,844060.0
13/06/2025,75,Đồng Nai,26056,Phường Long Bình Tân,J06,168160.0
13/06/2025,75,Đồng Nai,26056,Phường Long Bình Tân,K02,683200.0
13/06/2025,75,Đồng Nai,26056,Phường Long Bình Tân,K21,158200.0
13/06/2025,75,Đồng Nai,26056,Phường Long Bình Tân,K52,33200.0
13/06/2025,75,Đồng Nai,26056,Phường Long Bình Tân,Khác,0.0
13/06/2025,75,Đồng Nai,26056,Phường Long Bình Tân,L29,66400.0
13/06/2025,75,Đồng Nai,26056,Phường Long Bình Tân,M17,43160.0
13/06/2025,75,Đồng Nai,26056,Phường Long Bình Tân,M51,713940.0
13/06/2025,75,Đồng Nai,26056,Phường Long Bình Tân,M54,79792559.0
13/06/2025,75,Đồng Nai,26056,Phường Long Bình Tân,M75,4437600.0
13/06/2025,75,Đồng Nai,26056,Phường Long Bình Tân,N18,12606808.0
13/06/2025,75,Đồng Nai,26056,Phường Long Bình Tân,N39,325290.0
13/06/2025,75,Đồng Nai,26056,Phường Long Bình Tân,N60,33200.0
13/06/2025,75,Đồng Nai,26056,Phường Long Bình Tân,R10,158200.0
13/06/2025,75,Đồng Nai,26056,Phường Long Bình Tân,R51,22030444.0
13/06/2025,75,Đồng Nai,26056,Phường Long Bình Tân,S01,57980.0
13/06/2025,75,Đồng Nai,26056,Phường Long Bình Tân,S83,1833200.0
13/06/2025,75,Đồng Nai,26056,Phường Long Bình Tân,Z34,33200.0
13/06/2025,75,Đồng Nai,26068,Phường Hóa An,B16,184000.0
13/06/2025,75,Đồng Nai,26068,Phường Hóa An,B73,134115.0
13/06/2025,75,Đồng Nai,26068,Phường Hóa An,B81,195430.0
13/06/2025,75,Đồng Nai,26068,Phường Hóa An,D25,284000.0
13/06/2025,75,Đồng Nai,26068,Phường Hóa An,D50,90440.0
13/06/2025,75,Đồng Nai,26068,Phường Hóa An,E11,212500.0
13/06/2025,75,Đồng Nai,26068,Phường Hóa An,E78,200500.0
13/06/2025,75,Đồng Nai,26068,Phường Hóa An,G51,611420.0
13/06/2025,75,Đồng Nai,26068,Phường Hóa An,G57,1019113.0
13/06/2025,75,Đồng Nai,26068,Phường Hóa An,G64,855030.0
13/06/2025,75,Đồng Nai,26068,Phường Hóa An,H65,164875.0
13/06/2025,75,Đồng Nai,26068,Phường Hóa An,H81,1606810.0
13/06/2025,75,Đồng Nai,26068,Phường Hóa An,I10,2075340.0
13/06/2025,75,Đồng Nai,26068,Phường Hóa An,I20,89370.0
13/06/2025,75,Đồng Nai,26068,Phường Hóa An,I83,1523793.0
13/06/2025,75,Đồng Nai,26068,Phường Hóa An,J00,660040.0
13/06/2025,75,Đồng Nai,26068,Phường Hóa An,J01,1471220.0
13/06/2025,75,Đồng Nai,26068,Phường Hóa An,J02,287645.0
13/06/2025,75,Đồng Nai,26068,Phường Hóa An,J20,677940.0
13/06/2025,75,Đồng Nai,26068,Phường Hóa An,J31,3167130.0
13/06/2025,75,Đồng Nai,26068,Phường Hóa An,J32,1110340.0
13/06/2025,75,Đồng Nai,26068,Phường Hóa An,J39,1263150.0
13/06/2025,75,Đồng Nai,26068,Phường Hóa An,K02,88950.0
13/06/2025,75,Đồng Nai,26068,Phường Hóa An,K21,1749080.0
13/06/2025,75,Đồng Nai,26068,Phường Hóa An,K58,195250.0
13/06/2025,75,Đồng Nai,26068,Phường Hóa An,K76,393616.0
13/06/2025,75,Đồng Nai,26068,Phường Hóa An,Khác,0.0
13/06/2025,75,Đồng Nai,26068,Phường Hóa An,M17,2196210.0
13/06/2025,75,Đồng Nai,26068,Phường Hóa An,M25,1707280.0
13/06/2025,75,Đồng Nai,26068,Phường Hóa An,M47,3809890.0
13/06/2025,75,Đồng Nai,26068,Phường Hóa An,M54,13290884.0
13/06/2025,75,Đồng Nai,26068,Phường Hóa An,M76,153680.0
13/06/2025,75,Đồng Nai,26068,Phường Hóa An,M77,283810.0
13/06/2025,75,Đồng Nai,26068,Phường Hóa An,N76,260900.0
13/06/2025,75,Đồng Nai,26068,Phường Hóa An,O21,227400.0
13/06/2025,75,Đồng Nai,26068,Phường Hóa An,R10,1359815.0
13/06/2025,75,Đồng Nai,26068,Phường Hóa An,S63,368470.0
13/06/2025,75,Đồng Nai,26068,Phường Hóa An,S83,153652.0
13/06/2025,75,Đồng Nai,26068,Phường Hóa An,S93,196570.0
13/06/2025,75,Đồng Nai,26095,Phường Suối Tre,I21,16561447.0
13/06/2025,75,Đồng Nai,26095,Phường Suối Tre,Khác,0.0
13/06/2025,75,Đồng Nai,26095,Phường Suối Tre,S82,21124601.0
13/06/2025,75,Đồng Nai,26206,Thị Trấn Định Quán,Khác,0.0
13/06/2025,75,Đồng Nai,26239,Xã Túc Trưng,Khác,0.0
13/06/2025,75,Đồng Nai,26272,Xã Hố Nai 3,Khác,0.0
13/06/2025,75,Đồng Nai,26296,Xã An Viễn,Khác,0.0
13/06/2025,75,Đồng Nai,26299,Xã Gia Tân 1,Khác,0.0
13/06/2025,75,Đồng Nai,26311,Xã Quang Trung,Khác,0.0
13/06/2025,75,Đồng Nai,26317,Xã Hưng Lộc,Khác,0.0
13/06/2025,75,Đồng Nai,26326,Thị Trấn Dầu Giây,A04,323805.0
13/06/2025,75,Đồng Nai,26326,Thị Trấn Dầu Giây,A09,209364.0
13/06/2025,75,Đồng Nai,26326,Thị Trấn Dầu Giây,A15,1083800.0
13/06/2025,75,Đồng Nai,26326,Thị Trấn Dầu Giây,A16,226380.0
13/06/2025,75,Đồng Nai,26326,Thị Trấn Dầu Giây,A18,226380.0
13/06/2025,75,Đồng Nai,26326,Thị Trấn Dầu Giây,A97,3171414.0
13/06/2025,75,Đồng Nai,26326,Thị Trấn Dầu Giây,B01,216730.0
13/06/2025,75,Đồng Nai,26326,Thị Trấn Dầu Giây,B18,631920.0
13/06/2025,75,Đồng Nai,26326,Thị Trấn Dầu Giây,B34,1266298.0
13/06/2025,75,Đồng Nai,26326,Thị Trấn Dầu Giây,C11,39800.0
13/06/2025,75,Đồng Nai,26326,Thị Trấn Dầu Giây,D23,6842640.0
13/06/2025,75,Đồng Nai,26326,Thị Trấn Dầu Giây,D34,39800.0
13/06/2025,75,Đồng Nai,26326,Thị Trấn Dầu Giây,D43,39800.0
13/06/2025,75,Đồng Nai,26326,Thị Trấn Dầu Giây,E04,39800.0
13/06/2025,75,Đồng Nai,26326,Thị Trấn Dầu Giây,E05,433906.0
13/06/2025,75,Đồng Nai,26326,Thị Trấn Dầu Giây,E07,386885.0
13/06/2025,75,Đồng Nai,26326,Thị Trấn Dầu Giây,E11,43974568.0
13/06/2025,75,Đồng Nai,26326,Thị Trấn Dầu Giây,E78,2299221.0
13/06/2025,75,Đồng Nai,26326,Thị Trấn Dầu Giây,F41,39800.0
13/06/2025,75,Đồng Nai,26326,Thị Trấn Dầu Giây,G44,39800.0
13/06/2025,75,Đồng Nai,26326,Thị Trấn Dầu Giây,G47,1638710.0
13/06/2025,75,Đồng Nai,26326,Thị Trấn Dầu Giây,G55,39800.0
13/06/2025,75,Đồng Nai,26326,Thị Trấn Dầu Giây,G63,63488.0
13/06/2025,75,Đồng Nai,26326,Thị Trấn Dầu Giây,G64,456487.0
13/06/2025,75,Đồng Nai,26326,Thị Trấn Dầu Giây,H31,39800.0
13/06/2025,75,Đồng Nai,26326,Thị Trấn Dầu Giây,H40,39800.0
13/06/2025,75,Đồng Nai,26326,Thị Trấn Dầu Giây,H60,403644.0
13/06/2025,75,Đồng Nai,26326,Thị Trấn Dầu Giây,H66,79800.0
13/06/2025,75,Đồng Nai,26326,Thị Trấn Dầu Giây,H81,11767633.0
13/06/2025,75,Đồng Nai,26326,Thị Trấn Dầu Giây,H92,255767.0
13/06/2025,75,Đồng Nai,26326,Thị Trấn Dầu Giây,I10,17960056.0
13/06/2025,75,Đồng Nai,26326,Thị Trấn Dầu Giây,I20,595755.0
13/06/2025,75,Đồng Nai,26326,Thị Trấn Dầu Giây,I25,785377.0
13/06/2025,75,Đồng Nai,26326,Thị Trấn Dầu Giây,I46,1443664.0
13/06/2025,75,Đồng Nai,26326,Thị Trấn Dầu Giây,I50,79600.0
13/06/2025,75,Đồng Nai,26326,Thị Trấn Dầu Giây,I63,39800.0
13/06/2025,75,Đồng Nai,26326,Thị Trấn Dầu Giây,I69,119400.0
13/06/2025,75,Đồng Nai,26326,Thị Trấn Dầu Giây,I83,1247532.0
13/06/2025,75,Đồng Nai,26326,Thị Trấn Dầu Giây,I87,395489.0
13/06/2025,75,Đồng Nai,26326,Thị Trấn Dầu Giây,J00,319399.0
13/06/2025,75,Đồng Nai,26326,Thị Trấn Dầu Giây,J02,2973905.0
13/06/2025,75,Đồng Nai,26326,Thị Trấn Dầu Giây,J03,381535.0
13/06/2025,75,Đồng Nai,26326,Thị Trấn Dầu Giây,J06,2533898.0
13/06/2025,75,Đồng Nai,26326,Thị Trấn Dầu Giây,J15,39800.0
13/06/2025,75,Đồng Nai,26326,Thị Trấn Dầu Giây,J18,404150.0
13/06/2025,75,Đồng Nai,26326,Thị Trấn Dầu Giây,J20,542081.0
13/06/2025,75,Đồng Nai,26326,Thị Trấn Dầu Giây,J30,95940.0
13/06/2025,75,Đồng Nai,26326,Thị Trấn Dầu Giây,J31,1436711.0
13/06/2025,75,Đồng Nai,26326,Thị Trấn Dầu Giây,J32,644436.0
13/06/2025,75,Đồng Nai,26326,Thị Trấn Dầu Giây,J34,422564.0
13/06/2025,75,Đồng Nai,26326,Thị Trấn Dầu Giây,J35,406948.0
13/06/2025,75,Đồng Nai,26326,Thị Trấn Dầu Giây,J41,1552128.0
13/06/2025,75,Đồng Nai,26326,Thị Trấn Dầu Giây,J44,4102073.0
13/06/2025,75,Đồng Nai,26326,Thị Trấn Dầu Giây,J45,728357.0
13/06/2025,75,Đồng Nai,26326,Thị Trấn Dầu Giây,K02,3409235.0
13/06/2025,75,Đồng Nai,26326,Thị Trấn Dầu Giây,K04,2425500.0
13/06/2025,75,Đồng Nai,26326,Thị Trấn Dầu Giây,K05,198900.0
13/06/2025,75,Đồng Nai,26326,Thị Trấn Dầu Giây,K21,2946978.0
13/06/2025,75,Đồng Nai,26326,Thị Trấn Dầu Giây,K27,39800.0
13/06/2025,75,Đồng Nai,26326,Thị Trấn Dầu Giây,K29,228858.0
13/06/2025,75,Đồng Nai,26326,Thị Trấn Dầu Giây,K30,580700.0
13/06/2025,75,Đồng Nai,26326,Thị Trấn Dầu Giây,K52,1925352.0
13/06/2025,75,Đồng Nai,26326,Thị Trấn Dầu Giây,K58,166430.0
13/06/2025,75,Đồng Nai,26326,Thị Trấn Dầu Giây,K59,391856.0
13/06/2025,75,Đồng Nai,26326,Thị Trấn Dầu Giây,K64,298716.0
13/06/2025,75,Đồng Nai,26326,Thị Trấn Dầu Giây,K76,798846.0
13/06/2025,75,Đồng Nai,26326,Thị Trấn Dầu Giây,K80,331100.0
13/06/2025,75,Đồng Nai,26326,Thị Trấn Dầu Giây,L02,3616127.0
13/06/2025,75,Đồng Nai,26326,Thị Trấn Dầu Giây,L23,191448.0
13/06/2025,75,Đồng Nai,26326,Thị Trấn Dầu Giây,M13,1454062.0
13/06/2025,75,Đồng Nai,26326,Thị Trấn Dầu Giây,M17,757163.0
13/06/2025,75,Đồng Nai,26326,Thị Trấn Dầu Giây,M19,375924.0
13/06/2025,75,Đồng Nai,26326,Thị Trấn Dầu Giây,M47,12433884.0
13/06/2025,75,Đồng Nai,26326,Thị Trấn Dầu Giây,M54,7810930.0
13/06/2025,75,Đồng Nai,26326,Thị Trấn Dầu Giây,M62,536004.0
13/06/2025,75,Đồng Nai,26326,Thị Trấn Dầu Giây,M65,289496.0
13/06/2025,75,Đồng Nai,26326,Thị Trấn Dầu Giây,M75,116170.0
13/06/2025,75,Đồng Nai,26326,Thị Trấn Dầu Giây,M77,142400.0
13/06/2025,75,Đồng Nai,26326,Thị Trấn Dầu Giây,M79,73400.0
13/06/2025,75,Đồng Nai,26326,Thị Trấn Dầu Giây,N18,39800.0
13/06/2025,75,Đồng Nai,26326,Thị Trấn Dầu Giây,N20,1152500.0
13/06/2025,75,Đồng Nai,26326,Thị Trấn Dầu Giây,N23,112925.0
13/06/2025,75,Đồng Nai,26326,Thị Trấn Dầu Giây,N39,314075.0
13/06/2025,75,Đồng Nai,26326,Thị Trấn Dầu Giây,N40,1503205.0
13/06/2025,75,Đồng Nai,26326,Thị Trấn Dầu Giây,N64,158600.0
13/06/2025,75,Đồng Nai,26326,Thị Trấn Dầu Giây,N76,979708.0
13/06/2025,75,Đồng Nai,26326,Thị Trấn Dầu Giây,N85,1184560.0
13/06/2025,75,Đồng Nai,26326,Thị Trấn Dầu Giây,N92,530725.0
13/06/2025,75,Đồng Nai,26326,Thị Trấn Dầu Giây,P37,39800.0
13/06/2025,75,Đồng Nai,26326,Thị Trấn Dầu Giây,Q66,152900.0
13/06/2025,75,Đồng Nai,26326,Thị Trấn Dầu Giây,R07,114540.0
13/06/2025,75,Đồng Nai,26326,Thị Trấn Dầu Giây,R10,271360.0
13/06/2025,75,Đồng Nai,26326,Thị Trấn Dầu Giây,R20,9342500.0
13/06/2025,75,Đồng Nai,26326,Thị Trấn Dầu Giây,R33,288030.0
13/06/2025,75,Đồng Nai,26326,Thị Trấn Dầu Giây,R42,1096344.0
13/06/2025,75,Đồng Nai,26326,Thị Trấn Dầu Giây,R51,170720.0
13/06/2025,75,Đồng Nai,26326,Thị Trấn Dầu Giây,R61,172900.0
13/06/2025,75,Đồng Nai,26326,Thị Trấn Dầu Giây,R64,1733720.0
13/06/2025,75,Đồng Nai,26326,Thị Trấn Dầu Giây,R73,294615.0
13/06/2025,75,Đồng Nai,26326,Thị Trấn Dầu Giây,S00,1569272.0
13/06/2025,75,Đồng Nai,26326,Thị Trấn Dầu Giây,S01,807082.0
13/06/2025,75,Đồng Nai,26326,Thị Trấn Dầu Giây,S02,39800.0
13/06/2025,75,Đồng Nai,26326,Thị Trấn Dầu Giây,S20,74429.0
13/06/2025,75,Đồng Nai,26326,Thị Trấn Dầu Giây,S21,357704.0
13/06/2025,75,Đồng Nai,26326,Thị Trấn Dầu Giây,S22,150949.0
13/06/2025,75,Đồng Nai,26326,Thị Trấn Dầu Giây,S81,509386.0
13/06/2025,75,Đồng Nai,26326,Thị Trấn Dầu Giây,S90,239124.0
13/06/2025,75,Đồng Nai,26326,Thị Trấn Dầu Giây,S92,324708.0
13/06/2025,75,Đồng Nai,26326,Thị Trấn Dầu Giây,S99,118074.0
13/06/2025,75,Đồng Nai,26326,Thị Trấn Dầu Giây,T78,506860.0
13/06/2025,75,Đồng Nai,26326,Thị Trấn Dầu Giây,W44,42080.0
13/06/2025,75,Đồng Nai,26326,Thị Trấn Dầu Giây,Z09,600653.0
13/06/2025,75,Đồng Nai,26326,Thị Trấn Dầu Giây,Z35,1637100.0
13/06/2025,75,Đồng Nai,26326,Thị Trấn Dầu Giây,Z95,83375.0
13/06/2025,75,Đồng Nai,26326,Thị Trấn Dầu Giây,Z96,302800.0
13/06/2025,75,Đồng Nai,26362,Xã Sông Ray,Khác,0.0
13/06/2025,75,Đồng Nai,26368,Thị Trấn Long Thành,A09,408398.0
13/06/2025,75,Đồng Nai,26368,Thị Trấn Long Thành,A97,375270.0
13/06/2025,75,Đồng Nai,26368,Thị Trấn Long Thành,B33,522078.0
13/06/2025,75,Đồng Nai,26368,Thị Trấn Long Thành,E10,165880.0
13/06/2025,75,Đồng Nai,26368,Thị Trấn Long Thành,E11,870308.0
13/06/2025,75,Đồng Nai,26368,Thị Trấn Long Thành,E58,87700.0
13/06/2025,75,Đồng Nai,26368,Thị Trấn Long Thành,G45,95100.0
13/06/2025,75,Đồng Nai,26368,Thị Trấn Long Thành,H01,64800.0
13/06/2025,75,Đồng Nai,26368,Thị Trấn Long Thành,H10,73100.0
13/06/2025,75,Đồng Nai,26368,Thị Trấn Long Thành,H16,70450.0
13/06/2025,75,Đồng Nai,26368,Thị Trấn Long Thành,H81,580268.0
13/06/2025,75,Đồng Nai,26368,Thị Trấn Long Thành,I10,232430.0
13/06/2025,75,Đồng Nai,26368,Thị Trấn Long Thành,I20,186700.0
13/06/2025,75,Đồng Nai,26368,Thị Trấn Long Thành,I69,36500.0
13/06/2025,75,Đồng Nai,26368,Thị Trấn Long Thành,J01,226440.0
13/06/2025,75,Đồng Nai,26368,Thị Trấn Long Thành,J06,1105514.0
13/06/2025,75,Đồng Nai,26368,Thị Trấn Long Thành,J20,309255.0
13/06/2025,75,Đồng Nai,26368,Thị Trấn Long Thành,Khác,0.0
13/06/2025,75,Đồng Nai,26368,Thị Trấn Long Thành,L02,108500.0
13/06/2025,75,Đồng Nai,26368,Thị Trấn Long Thành,L20,72830.0
13/06/2025,75,Đồng Nai,26368,Thị Trấn Long Thành,L23,158700.0
13/06/2025,75,Đồng Nai,26368,Thị Trấn Long Thành,M02,376502.0
13/06/2025,75,Đồng Nai,26368,Thị Trấn Long Thành,M13,316890.0
13/06/2025,75,Đồng Nai,26368,Thị Trấn Long Thành,M47,175600.0
13/06/2025,75,Đồng Nai,26368,Thị Trấn Long Thành,M54,392576.0
13/06/2025,75,Đồng Nai,26368,Thị Trấn Long Thành,N45,283780.0
13/06/2025,75,Đồng Nai,26368,Thị Trấn Long Thành,N72,196850.0
13/06/2025,75,Đồng Nai,26368,Thị Trấn Long Thành,N76,57250.0
13/06/2025,75,Đồng Nai,26368,Thị Trấn Long Thành,N92,244600.0
13/06/2025,75,Đồng Nai,26368,Thị Trấn Long Thành,O20,203136.0
13/06/2025,75,Đồng Nai,26368,Thị Trấn Long Thành,O26,873858.0
13/06/2025,75,Đồng Nai,26368,Thị Trấn Long Thành,O32,123700.0
13/06/2025,75,Đồng Nai,26368,Thị Trấn Long Thành,R10,285442.0
13/06/2025,75,Đồng Nai,26368,Thị Trấn Long Thành,R50,1190314.0
13/06/2025,75,Đồng Nai,26368,Thị Trấn Long Thành,S01,130950.0
13/06/2025,75,Đồng Nai,26368,Thị Trấn Long Thành,S90,123080.0
13/06/2025,75,Đồng Nai,26368,Thị Trấn Long Thành,Z32,260844.0
13/06/2025,75,Đồng Nai,26374,Phường Tam Phước,Khác,0.0
13/06/2025,75,Đồng Nai,26377,Phường Phước Tân,A15,40029795.0
13/06/2025,75,Đồng Nai,26377,Phường Phước Tân,A16,352832.0
13/06/2025,75,Đồng Nai,26377,Phường Phước Tân,A18,309632.0
13/06/2025,75,Đồng Nai,26377,Phường Phước Tân,J18,318600.0
13/06/2025,75,Đồng Nai,26377,Phường Phước Tân,J44,21112162.0
13/06/2025,75,Đồng Nai,26377,Phường Phước Tân,J45,2290122.0
13/06/2025,75,Đồng Nai,26377,Phường Phước Tân,R04,584367.0
13/06/2025,75,Đồng Nai,26377,Phường Phước Tân,U84,765500.0
13/06/2025,75,Đồng Nai,26416,Xã Phước Bình,Khác,0.0
13/06/2025,75,Đồng Nai,26455,Xã Xuân Hiệp,Khác,0.0
13/06/2025,75,Đồng Nai,26497,Xã Vĩnh Thanh,A09,233950.0
13/06/2025,75,Đồng Nai,26497,Xã Vĩnh Thanh,A97,211275.0
13/06/2025,75,Đồng Nai,26497,Xã Vĩnh Thanh,B18,112800.0
13/06/2025,75,Đồng Nai,26497,Xã Vĩnh Thanh,B34,749730.0
13/06/2025,75,Đồng Nai,26497,Xã Vĩnh Thanh,D50,612718.0
13/06/2025,75,Đồng Nai,26497,Xã Vĩnh Thanh,E05,318238.0
13/06/2025,75,Đồng Nai,26497,Xã Vĩnh Thanh,E79,90260.0
13/06/2025,75,Đồng Nai,26497,Xã Vĩnh Thanh,G51,2180060.0
13/06/2025,75,Đồng Nai,26497,Xã Vĩnh Thanh,G55,1073750.0
13/06/2025,75,Đồng Nai,26497,Xã Vĩnh Thanh,I10,3339583.0
13/06/2025,75,Đồng Nai,26497,Xã Vĩnh Thanh,I25,1401464.0
13/06/2025,75,Đồng Nai,26497,Xã Vĩnh Thanh,I48,72119.0
13/06/2025,75,Đồng Nai,26497,Xã Vĩnh Thanh,I50,484608.0
13/06/2025,75,Đồng Nai,26497,Xã Vĩnh Thanh,I69,1074610.0
13/06/2025,75,Đồng Nai,26497,Xã Vĩnh Thanh,J03,68528.0
13/06/2025,75,Đồng Nai,26497,Xã Vĩnh Thanh,J06,231845.0
13/06/2025,75,Đồng Nai,26497,Xã Vĩnh Thanh,J44,326566.0
13/06/2025,75,Đồng Nai,26497,Xã Vĩnh Thanh,J68,119690.0
13/06/2025,75,Đồng Nai,26497,Xã Vĩnh Thanh,K02,992780.0
13/06/2025,75,Đồng Nai,26497,Xã Vĩnh Thanh,K08,36500.0
13/06/2025,75,Đồng Nai,26497,Xã Vĩnh Thanh,K21,1038727.0
13/06/2025,75,Đồng Nai,26497,Xã Vĩnh Thanh,L03,406946.0
13/06/2025,75,Đồng Nai,26497,Xã Vĩnh Thanh,M17,147085.0
13/06/2025,75,Đồng Nai,26497,Xã Vĩnh Thanh,M47,10276910.0
13/06/2025,75,Đồng Nai,26497,Xã Vĩnh Thanh,M54,4520120.0
13/06/2025,75,Đồng Nai,26497,Xã Vĩnh Thanh,M67,530310.0
13/06/2025,75,Đồng Nai,26497,Xã Vĩnh Thanh,M75,1250086.0
13/06/2025,75,Đồng Nai,26497,Xã Vĩnh Thanh,N17,531200.0
13/06/2025,75,Đồng Nai,26497,Xã Vĩnh Thanh,P05,148060.0
13/06/2025,75,Đồng Nai,26497,Xã Vĩnh Thanh,R10,98166.0
13/06/2025,75,Đồng Nai,26497,Xã Vĩnh Thanh,S00,207470.0
13/06/2025,75,Đồng Nai,26497,Xã Vĩnh Thanh,S13,64130.0
13/06/2025,75,Đồng Nai,26497,Xã Vĩnh Thanh,S20,566460.0
13/06/2025,75,Đồng Nai,26497,Xã Vĩnh Thanh,S60,122980.0
13/06/2025,75,Đồng Nai,26497,Xã Vĩnh Thanh,Z34,107700.0
14/01/2025,75,Đồng Nai,26080,Phường Xuân An,Khác,0.0
14/01/2025,75,Đồng Nai,26341,Thị Trấn Long Giao,Khác,0.0
14/01/2025,75,Đồng Nai,26452,Xã Suối Cát,Khác,0.0
14/02/2025,75,Đồng Nai,26026,Phường Tân Mai,Khác,0.0
14/02/2025,75,Đồng Nai,26080,Phường Xuân An,Khác,0.0
14/02/2025,75,Đồng Nai,26248,Thị Trấn Trảng Bom,Khác,0.0
14/02/2025,75,Đồng Nai,26341,Thị Trấn Long Giao,Khác,0.0
14/02/2025,75,Đồng Nai,26452,Xã Suối Cát,Khác,0.0
14/03/2025,75,Đồng Nai,25996,Phường Tân Phong,Khác,0.0
14/03/2025,75,Đồng Nai,26026,Phường Tân Mai,Khác,0.0
14/03/2025,75,Đồng Nai,26080,Phường Xuân An,Khác,0.0
14/03/2025,75,Đồng Nai,26248,Thị Trấn Trảng Bom,Khác,0.0
14/03/2025,75,Đồng Nai,26254,Xã Cây Gáo,Khác,0.0
14/03/2025,75,Đồng Nai,26452,Xã Suối Cát,Khác,0.0
14/04/2025,75,Đồng Nai,25993,Phường Trảng Dài,Khác,0.0
14/04/2025,75,Đồng Nai,25996,Phường Tân Phong,Khác,0.0
14/04/2025,75,Đồng Nai,25999,Phường Tân Biên,Khác,0.0
14/04/2025,75,Đồng Nai,26095,Phường Suối Tre,Khác,0.0
14/04/2025,75,Đồng Nai,26116,Thị Trấn Tân Phú,Khác,0.0
14/04/2025,75,Đồng Nai,26206,Thị Trấn Định Quán,Khác,0.0
14/04/2025,75,Đồng Nai,26248,Thị Trấn Trảng Bom,Khác,0.0
14/04/2025,75,Đồng Nai,26326,Thị Trấn Dầu Giây,Khác,0.0
14/04/2025,75,Đồng Nai,26368,Thị Trấn Long Thành,Khác,0.0
14/04/2025,75,Đồng Nai,26377,Phường Phước Tân,Khác,0.0
14/04/2025,75,Đồng Nai,26452,Xã Suối Cát,Khác,0.0
14/04/2025,75,Đồng Nai,26485,Xã Phú Hội,Khác,0.0
14/05/2025,75,Đồng Nai,25996,Phường Tân Phong,Khác,0.0
14/05/2025,75,Đồng Nai,25999,Phường Tân Biên,Khác,0.0
14/05/2025,75,Đồng Nai,26017,Phường Tam Hiệp,Khác,0.0
14/05/2025,75,Đồng Nai,26029,Phường Thống Nhất,Khác,0.0
14/05/2025,75,Đồng Nai,26068,Phường Hóa An,Khác,0.0
14/05/2025,75,Đồng Nai,26095,Phường Suối Tre,Khác,0.0
14/05/2025,75,Đồng Nai,26116,Thị Trấn Tân Phú,Khác,0.0
14/05/2025,75,Đồng Nai,26188,Xã Thạnh Phú,Khác,0.0
14/05/2025,75,Đồng Nai,26206,Thị Trấn Định Quán,Khác,0.0
14/05/2025,75,Đồng Nai,26272,Xã Hố Nai 3,Khác,0.0
14/05/2025,75,Đồng Nai,26311,Xã Quang Trung,Khác,0.0
14/05/2025,75,Đồng Nai,26317,Xã Hưng Lộc,Khác,0.0
14/05/2025,75,Đồng Nai,26362,Xã Sông Ray,Khác,0.0
14/05/2025,75,Đồng Nai,26368,Thị Trấn Long Thành,Khác,0.0
14/05/2025,75,Đồng Nai,26374,Phường Tam Phước,Khác,0.0
14/05/2025,75,Đồng Nai,26377,Phường Phước Tân,Khác,0.0
14/05/2025,75,Đồng Nai,26416,Xã Phước Bình,Khác,0.0
14/05/2025,75,Đồng Nai,26455,Xã Xuân Hiệp,Khác,0.0
14/05/2025,75,Đồng Nai,26497,Xã Vĩnh Thanh,Khác,0.0
14/06/2025,75,Đồng Nai,26017,Phường Tam Hiệp,Khác,0.0
14/06/2025,75,Đồng Nai,26020,Phường Long Bình,A75,127820.0
14/06/2025,75,Đồng Nai,26020,Phường Long Bình,G44,66870.0
14/06/2025,75,Đồng Nai,26020,Phường Long Bình,J06,602267.0
14/06/2025,75,Đồng Nai,26020,Phường Long Bình,J20,48370.0
14/06/2025,75,Đồng Nai,26020,Phường Long Bình,K29,104240.0
14/06/2025,75,Đồng Nai,26020,Phường Long Bình,M79,56780.0
14/06/2025,75,Đồng Nai,26020,Phường Long Bình,N94,90750.0
14/06/2025,75,Đồng Nai,26020,Phường Long Bình,P71,71500.0
14/06/2025,75,Đồng Nai,26020,Phường Long Bình,R10,96440.0
14/06/2025,75,Đồng Nai,26020,Phường Long Bình,R51,54722.0
14/06/2025,75,Đồng Nai,26020,Phường Long Bình,S91,153930.0
14/06/2025,75,Đồng Nai,26020,Phường Long Bình,T78,154350.0
14/06/2025,75,Đồng Nai,26050,Phường An Bình,Khác,0.0
14/06/2025,75,Đồng Nai,26056,Phường Long Bình Tân,B18,33200.0
14/06/2025,75,Đồng Nai,26056,Phường Long Bình Tân,D34,316400.0
14/06/2025,75,Đồng Nai,26056,Phường Long Bình Tân,E04,286200.0
14/06/2025,75,Đồng Nai,26056,Phường Long Bình Tân,E05,852800.0
14/06/2025,75,Đồng Nai,26056,Phường Long Bình Tân,E11,423200.0
14/06/2025,75,Đồng Nai,26056,Phường Long Bình Tân,E78,293200.0
14/06/2025,75,Đồng Nai,26056,Phường Long Bình Tân,G44,4513798.0
14/06/2025,75,Đồng Nai,26056,Phường Long Bình Tân,G47,12151880.0
14/06/2025,75,Đồng Nai,26056,Phường Long Bình Tân,G83,5870200.0
14/06/2025,75,Đồng Nai,26056,Phường Long Bình Tân,H81,1401088.0
14/06/2025,75,Đồng Nai,26056,Phường Long Bình Tân,I63,33200.0
14/06/2025,75,Đồng Nai,26056,Phường Long Bình Tân,I69,26078118.0
14/06/2025,75,Đồng Nai,26056,Phường Long Bình Tân,J00,816400.0
14/06/2025,75,Đồng Nai,26056,Phường Long Bình Tân,K02,1119480.0
14/06/2025,75,Đồng Nai,26056,Phường Long Bình Tân,K05,1244560.0
14/06/2025,75,Đồng Nai,26056,Phường Long Bình Tân,K29,483210.0
14/06/2025,75,Đồng Nai,26056,Phường Long Bình Tân,Khác,0.0
14/06/2025,75,Đồng Nai,26056,Phường Long Bình Tân,L23,66400.0
14/06/2025,75,Đồng Nai,26056,Phường Long Bình Tân,L30,33200.0
14/06/2025,75,Đồng Nai,26056,Phường Long Bình Tân,M16,3713120.0
14/06/2025,75,Đồng Nai,26056,Phường Long Bình Tân,M17,536140.0
14/06/2025,75,Đồng Nai,26056,Phường Long Bình Tân,M24,9484000.0
14/06/2025,75,Đồng Nai,26056,Phường Long Bình Tân,M46,33200.0
14/06/2025,75,Đồng Nai,26056,Phường Long Bình Tân,M54,76906799.0
14/06/2025,75,Đồng Nai,26056,Phường Long Bình Tân,M75,4382800.0
14/06/2025,75,Đồng Nai,26056,Phường Long Bình Tân,M77,1623200.0
14/06/2025,75,Đồng Nai,26056,Phường Long Bình Tân,N18,18250320.0
14/06/2025,75,Đồng Nai,26056,Phường Long Bình Tân,N20,1938160.0
14/06/2025,75,Đồng Nai,26056,Phường Long Bình Tân,N21,963200.0
14/06/2025,75,Đồng Nai,26056,Phường Long Bình Tân,N61,248200.0
14/06/2025,75,Đồng Nai,26056,Phường Long Bình Tân,R04,86320.0
14/06/2025,75,Đồng Nai,26056,Phường Long Bình Tân,R10,358870.0
14/06/2025,75,Đồng Nai,26056,Phường Long Bình Tân,R51,28426490.0
14/06/2025,75,Đồng Nai,26056,Phường Long Bình Tân,S63,316400.0
14/06/2025,75,Đồng Nai,26056,Phường Long Bình Tân,Z34,66400.0
14/06/2025,75,Đồng Nai,26068,Phường Hóa An,D50,329740.0
14/06/2025,75,Đồng Nai,26068,Phường Hóa An,E11,654640.0
14/06/2025,75,Đồng Nai,26068,Phường Hóa An,E78,444300.0
14/06/2025,75,Đồng Nai,26068,Phường Hóa An,G51,601500.0
14/06/2025,75,Đồng Nai,26068,Phường Hóa An,G57,2049748.0
14/06/2025,75,Đồng Nai,26068,Phường Hóa An,G64,326220.0
14/06/2025,75,Đồng Nai,26068,Phường Hóa An,H81,1883957.0
14/06/2025,75,Đồng Nai,26068,Phường Hóa An,H83,224725.0
14/06/2025,75,Đồng Nai,26068,Phường Hóa An,I10,3171200.0
14/06/2025,75,Đồng Nai,26068,Phường Hóa An,I83,743930.0
14/06/2025,75,Đồng Nai,26068,Phường Hóa An,J01,442255.0
14/06/2025,75,Đồng Nai,26068,Phường Hóa An,J02,731555.0
14/06/2025,75,Đồng Nai,26068,Phường Hóa An,J06,108595.0
14/06/2025,75,Đồng Nai,26068,Phường Hóa An,J20,313445.0
14/06/2025,75,Đồng Nai,26068,Phường Hóa An,J31,1991805.0
14/06/2025,75,Đồng Nai,26068,Phường Hóa An,J32,266600.0
14/06/2025,75,Đồng Nai,26068,Phường Hóa An,J39,1336785.0
14/06/2025,75,Đồng Nai,26068,Phường Hóa An,J45,168823.0
14/06/2025,75,Đồng Nai,26068,Phường Hóa An,K21,1711815.0
14/06/2025,75,Đồng Nai,26068,Phường Hóa An,K29,726392.0
14/06/2025,75,Đồng Nai,26068,Phường Hóa An,K59,61700.0
14/06/2025,75,Đồng Nai,26068,Phường Hóa An,K76,80240.0
14/06/2025,75,Đồng Nai,26068,Phường Hóa An,Khác,0.0
14/06/2025,75,Đồng Nai,26068,Phường Hóa An,M17,2208012.0
14/06/2025,75,Đồng Nai,26068,Phường Hóa An,M25,2867655.0
14/06/2025,75,Đồng Nai,26068,Phường Hóa An,M47,6688962.0
14/06/2025,75,Đồng Nai,26068,Phường Hóa An,M54,12692218.0
14/06/2025,75,Đồng Nai,26068,Phường Hóa An,M77,514410.0
14/06/2025,75,Đồng Nai,26068,Phường Hóa An,M79,540072.0
14/06/2025,75,Đồng Nai,26068,Phường Hóa An,N39,306976.0
14/06/2025,75,Đồng Nai,26068,Phường Hóa An,N64,404060.0
14/06/2025,75,Đồng Nai,26068,Phường Hóa An,N76,293240.0
14/06/2025,75,Đồng Nai,26068,Phường Hóa An,R10,1778998.0
14/06/2025,75,Đồng Nai,26068,Phường Hóa An,R51,1390865.0
14/06/2025,75,Đồng Nai,26095,Phường Suối Tre,Khác,0.0
14/06/2025,75,Đồng Nai,26206,Thị Trấn Định Quán,Khác,0.0
14/06/2025,75,Đồng Nai,26239,Xã Túc Trưng,Khác,0.0
14/06/2025,75,Đồng Nai,26272,Xã Hố Nai 3,Khác,0.0
14/06/2025,75,Đồng Nai,26296,Xã An Viễn,Khác,0.0
14/06/2025,75,Đồng Nai,26299,Xã Gia Tân 1,Khác,0.0
14/06/2025,75,Đồng Nai,26311,Xã Quang Trung,Khác,0.0
14/06/2025,75,Đồng Nai,26317,Xã Hưng Lộc,Khác,0.0
14/06/2025,75,Đồng Nai,26326,Thị Trấn Dầu Giây,A04,209947.0
14/06/2025,75,Đồng Nai,26326,Thị Trấn Dầu Giây,A09,297923.0
14/06/2025,75,Đồng Nai,26326,Thị Trấn Dầu Giây,A97,366772.0
14/06/2025,75,Đồng Nai,26326,Thị Trấn Dầu Giây,B34,1339385.0
14/06/2025,75,Đồng Nai,26326,Thị Trấn Dầu Giây,D29,153613.0
14/06/2025,75,Đồng Nai,26326,Thị Trấn Dầu Giây,E07,285657.0
14/06/2025,75,Đồng Nai,26326,Thị Trấn Dầu Giây,E11,829591.0
14/06/2025,75,Đồng Nai,26326,Thị Trấn Dầu Giây,E28,98400.0
14/06/2025,75,Đồng Nai,26326,Thị Trấn Dầu Giây,E58,411351.0
14/06/2025,75,Đồng Nai,26326,Thị Trấn Dầu Giây,E78,626270.0
14/06/2025,75,Đồng Nai,26326,Thị Trấn Dầu Giây,G44,87844.0
14/06/2025,75,Đồng Nai,26326,Thị Trấn Dầu Giây,G47,98194.0
14/06/2025,75,Đồng Nai,26326,Thị Trấn Dầu Giây,G64,189052.0
14/06/2025,75,Đồng Nai,26326,Thị Trấn Dầu Giây,H60,39800.0
14/06/2025,75,Đồng Nai,26326,Thị Trấn Dầu Giây,H81,2927224.0
14/06/2025,75,Đồng Nai,26326,Thị Trấn Dầu Giây,I10,896629.0
14/06/2025,75,Đồng Nai,26326,Thị Trấn Dầu Giây,I20,1128191.0
14/06/2025,75,Đồng Nai,26326,Thị Trấn Dầu Giây,I83,877160.0
14/06/2025,75,Đồng Nai,26326,Thị Trấn Dầu Giây,J02,425908.0
14/06/2025,75,Đồng Nai,26326,Thị Trấn Dầu Giây,J03,75415.0
14/06/2025,75,Đồng Nai,26326,Thị Trấn Dầu Giây,J06,3983721.0
14/06/2025,75,Đồng Nai,26326,Thị Trấn Dầu Giây,J20,1537309.0
14/06/2025,75,Đồng Nai,26326,Thị Trấn Dầu Giây,J45,635780.0
14/06/2025,75,Đồng Nai,26326,Thị Trấn Dầu Giây,J96,1231392.0
14/06/2025,75,Đồng Nai,26326,Thị Trấn Dầu Giây,K21,615931.0
14/06/2025,75,Đồng Nai,26326,Thị Trấn Dầu Giây,K30,657550.0
14/06/2025,75,Đồng Nai,26326,Thị Trấn Dầu Giây,K35,282400.0
14/06/2025,75,Đồng Nai,26326,Thị Trấn Dầu Giây,K52,334967.0
14/06/2025,75,Đồng Nai,26326,Thị Trấn Dầu Giây,L23,108748.0
14/06/2025,75,Đồng Nai,26326,Thị Trấn Dầu Giây,M10,182243.0
14/06/2025,75,Đồng Nai,26326,Thị Trấn Dầu Giây,M13,754805.0
14/06/2025,75,Đồng Nai,26326,Thị Trấn Dầu Giây,M17,582441.0
14/06/2025,75,Đồng Nai,26326,Thị Trấn Dầu Giây,M19,2759621.0
14/06/2025,75,Đồng Nai,26326,Thị Trấn Dầu Giây,M47,692376.0
14/06/2025,75,Đồng Nai,26326,Thị Trấn Dầu Giây,M54,174900.0
14/06/2025,75,Đồng Nai,26326,Thị Trấn Dầu Giây,M75,191374.0
14/06/2025,75,Đồng Nai,26326,Thị Trấn Dầu Giây,N20,1461307.0
14/06/2025,75,Đồng Nai,26326,Thị Trấn Dầu Giây,N39,2172753.0
14/06/2025,75,Đồng Nai,26326,Thị Trấn Dầu Giây,N76,326710.0
14/06/2025,75,Đồng Nai,26326,Thị Trấn Dầu Giây,O20,98400.0
14/06/2025,75,Đồng Nai,26326,Thị Trấn Dầu Giây,R07,171100.0
14/06/2025,75,Đồng Nai,26326,Thị Trấn Dầu Giây,R10,326800.0
14/06/2025,75,Đồng Nai,26326,Thị Trấn Dầu Giây,R51,202244.0
14/06/2025,75,Đồng Nai,26326,Thị Trấn Dầu Giây,R64,767132.0
14/06/2025,75,Đồng Nai,26326,Thị Trấn Dầu Giây,S01,248094.0
14/06/2025,75,Đồng Nai,26326,Thị Trấn Dầu Giây,S42,250400.0
14/06/2025,75,Đồng Nai,26326,Thị Trấn Dầu Giây,S61,322788.0
14/06/2025,75,Đồng Nai,26326,Thị Trấn Dầu Giây,S80,153820.0
14/06/2025,75,Đồng Nai,26326,Thị Trấn Dầu Giây,S81,584080.0
14/06/2025,75,Đồng Nai,26326,Thị Trấn Dầu Giây,S91,244124.0
14/06/2025,75,Đồng Nai,26326,Thị Trấn Dầu Giây,T16,212377.0
14/06/2025,75,Đồng Nai,26326,Thị Trấn Dầu Giây,T78,218302.0
14/06/2025,75,Đồng Nai,26326,Thị Trấn Dầu Giây,Z34,127000.0
14/06/2025,75,Đồng Nai,26326,Thị Trấn Dầu Giây,Z35,360530.0
14/06/2025,75,Đồng Nai,26362,Xã Sông Ray,Khác,0.0
14/06/2025,75,Đồng Nai,26368,Thị Trấn Long Thành,A04,986535.0
14/06/2025,75,Đồng Nai,26368,Thị Trấn Long Thành,A09,423270.0
14/06/2025,75,Đồng Nai,26368,Thị Trấn Long Thành,A97,829876.0
14/06/2025,75,Đồng Nai,26368,Thị Trấn Long Thành,B01,58133.0
14/06/2025,75,Đồng Nai,26368,Thị Trấn Long Thành,B33,512120.0
14/06/2025,75,Đồng Nai,26368,Thị Trấn Long Thành,D46,86200.0
14/06/2025,75,Đồng Nai,26368,Thị Trấn Long Thành,E11,262700.0
14/06/2025,75,Đồng Nai,26368,Thị Trấn Long Thành,G44,53668.0
14/06/2025,75,Đồng Nai,26368,Thị Trấn Long Thành,H10,233910.0
14/06/2025,75,Đồng Nai,26368,Thị Trấn Long Thành,H66,167250.0
14/06/2025,75,Đồng Nai,26368,Thị Trấn Long Thành,H81,381496.0
14/06/2025,75,Đồng Nai,26368,Thị Trấn Long Thành,I10,250168.0
14/06/2025,75,Đồng Nai,26368,Thị Trấn Long Thành,I20,374110.0
14/06/2025,75,Đồng Nai,26368,Thị Trấn Long Thành,J01,115560.0
14/06/2025,75,Đồng Nai,26368,Thị Trấn Long Thành,J03,128400.0
14/06/2025,75,Đồng Nai,26368,Thị Trấn Long Thành,J06,190570.0
14/06/2025,75,Đồng Nai,26368,Thị Trấn Long Thành,J20,836633.0
14/06/2025,75,Đồng Nai,26368,Thị Trấn Long Thành,K21,692554.0
14/06/2025,75,Đồng Nai,26368,Thị Trấn Long Thành,Khác,0.0
14/06/2025,75,Đồng Nai,26368,Thị Trấn Long Thành,M02,392560.0
14/06/2025,75,Đồng Nai,26368,Thị Trấn Long Thành,M06,80350.0
14/06/2025,75,Đồng Nai,26368,Thị Trấn Long Thành,M17,780800.0
14/06/2025,75,Đồng Nai,26368,Thị Trấn Long Thành,M47,185650.0
14/06/2025,75,Đồng Nai,26368,Thị Trấn Long Thành,M54,159914.0
14/06/2025,75,Đồng Nai,26368,Thị Trấn Long Thành,N92,296272.0
14/06/2025,75,Đồng Nai,26368,Thị Trấn Long Thành,O26,1110026.0
14/06/2025,75,Đồng Nai,26368,Thị Trấn Long Thành,R07,286424.0
14/06/2025,75,Đồng Nai,26368,Thị Trấn Long Thành,R10,445014.0
14/06/2025,75,Đồng Nai,26368,Thị Trấn Long Thành,R50,471553.0
14/06/2025,75,Đồng Nai,26368,Thị Trấn Long Thành,R51,100820.0
14/06/2025,75,Đồng Nai,26368,Thị Trấn Long Thành,R53,197000.0
14/06/2025,75,Đồng Nai,26368,Thị Trấn Long Thành,S20,135510.0
14/06/2025,75,Đồng Nai,26368,Thị Trấn Long Thành,S40,123000.0
14/06/2025,75,Đồng Nai,26368,Thị Trấn Long Thành,S52,124200.0
14/06/2025,75,Đồng Nai,26368,Thị Trấn Long Thành,S60,201700.0
14/06/2025,75,Đồng Nai,26368,Thị Trấn Long Thành,S61,254050.0
14/06/2025,75,Đồng Nai,26368,Thị Trấn Long Thành,S62,218300.0
14/06/2025,75,Đồng Nai,26368,Thị Trấn Long Thành,S90,123080.0
14/06/2025,75,Đồng Nai,26368,Thị Trấn Long Thành,S92,109800.0
14/06/2025,75,Đồng Nai,26368,Thị Trấn Long Thành,Z32,342500.0
14/06/2025,75,Đồng Nai,26368,Thị Trấn Long Thành,Z97,109800.0
14/06/2025,75,Đồng Nai,26374,Phường Tam Phước,Khác,0.0
14/06/2025,75,Đồng Nai,26416,Xã Phước Bình,Khác,0.0
14/06/2025,75,Đồng Nai,26455,Xã Xuân Hiệp,Khác,0.0
14/06/2025,75,Đồng Nai,26497,Xã Vĩnh Thanh,A97,95877.0
14/06/2025,75,Đồng Nai,26497,Xã Vĩnh Thanh,B34,52400.0
14/06/2025,75,Đồng Nai,26497,Xã Vĩnh Thanh,B77,58914.0
14/06/2025,75,Đồng Nai,26497,Xã Vĩnh Thanh,D25,136230.0
14/06/2025,75,Đồng Nai,26497,Xã Vĩnh Thanh,D50,657948.0
14/06/2025,75,Đồng Nai,26497,Xã Vĩnh Thanh,E03,67020.0
14/06/2025,75,Đồng Nai,26497,Xã Vĩnh Thanh,E05,75602.0
14/06/2025,75,Đồng Nai,26497,Xã Vĩnh Thanh,E11,385473.0
14/06/2025,75,Đồng Nai,26497,Xã Vĩnh Thanh,H81,451012.0
14/06/2025,75,Đồng Nai,26497,Xã Vĩnh Thanh,I10,2533521.0
14/06/2025,75,Đồng Nai,26497,Xã Vĩnh Thanh,I20,246676.0
14/06/2025,75,Đồng Nai,26497,Xã Vĩnh Thanh,I25,650738.0
14/06/2025,75,Đồng Nai,26497,Xã Vĩnh Thanh,I69,3137250.0
14/06/2025,75,Đồng Nai,26497,Xã Vĩnh Thanh,J00,60650.0
14/06/2025,75,Đồng Nai,26497,Xã Vĩnh Thanh,J06,150660.0
14/06/2025,75,Đồng Nai,26497,Xã Vĩnh Thanh,J39,1750661.0
14/06/2025,75,Đồng Nai,26497,Xã Vĩnh Thanh,J68,759900.0
14/06/2025,75,Đồng Nai,26497,Xã Vĩnh Thanh,K01,85180.0
14/06/2025,75,Đồng Nai,26497,Xã Vĩnh Thanh,K02,2047616.0
14/06/2025,75,Đồng Nai,26497,Xã Vĩnh Thanh,K21,247274.0
14/06/2025,75,Đồng Nai,26497,Xã Vĩnh Thanh,K29,330090.0
14/06/2025,75,Đồng Nai,26497,Xã Vĩnh Thanh,K30,355300.0
14/06/2025,75,Đồng Nai,26497,Xã Vĩnh Thanh,K58,91086.0
14/06/2025,75,Đồng Nai,26497,Xã Vĩnh Thanh,L03,96710.0
14/06/2025,75,Đồng Nai,26497,Xã Vĩnh Thanh,M47,7161440.0
14/06/2025,75,Đồng Nai,26497,Xã Vĩnh Thanh,M54,6785684.0
14/06/2025,75,Đồng Nai,26497,Xã Vĩnh Thanh,M65,109876.0
14/06/2025,75,Đồng Nai,26497,Xã Vĩnh Thanh,M75,1341930.0
14/06/2025,75,Đồng Nai,26497,Xã Vĩnh Thanh,N18,320496.0
14/06/2025,75,Đồng Nai,26497,Xã Vĩnh Thanh,N39,317040.0
14/06/2025,75,Đồng Nai,26497,Xã Vĩnh Thanh,R10,477700.0
14/06/2025,75,Đồng Nai,26497,Xã Vĩnh Thanh,R25,51060.0
14/06/2025,75,Đồng Nai,26497,Xã Vĩnh Thanh,S60,547842.0
14/06/2025,75,Đồng Nai,26497,Xã Vĩnh Thanh,S91,334260.0
14/06/2025,75,Đồng Nai,26497,Xã Vĩnh Thanh,S92,263578.0
14/06/2025,75,Đồng Nai,26497,Xã Vĩnh Thanh,Z34,199544.0
15/01/2025,75,Đồng Nai,26080,Phường Xuân An,Khác,0.0
15/01/2025,75,Đồng Nai,26248,Thị Trấn Trảng Bom,Khác,0.0
15/01/2025,75,Đồng Nai,26341,Thị Trấn Long Giao,Khác,0.0
15/01/2025,75,Đồng Nai,26452,Xã Suối Cát,Khác,0.0
15/02/2025,75,Đồng Nai,26248,Thị Trấn Trảng Bom,Khác,0.0
15/02/2025,75,Đồng Nai,26452,Xã Suối Cát,Khác,0.0
15/03/2025,75,Đồng Nai,26248,Thị Trấn Trảng Bom,Khác,0.0
15/03/2025,75,Đồng Nai,26254,Xã Cây Gáo,Khác,0.0
15/03/2025,75,Đồng Nai,26452,Xã Suối Cát,Khác,0.0
15/04/2025,75,Đồng Nai,25993,Phường Trảng Dài,Khác,0.0
15/04/2025,75,Đồng Nai,25996,Phường Tân Phong,Khác,0.0
15/04/2025,75,Đồng Nai,25999,Phường Tân Biên,Khác,0.0
15/04/2025,75,Đồng Nai,26095,Phường Suối Tre,Khác,0.0
15/04/2025,75,Đồng Nai,26116,Thị Trấn Tân Phú,Khác,0.0
15/04/2025,75,Đồng Nai,26206,Thị Trấn Định Quán,Khác,0.0
15/04/2025,75,Đồng Nai,26248,Thị Trấn Trảng Bom,Khác,0.0
15/04/2025,75,Đồng Nai,26272,Xã Hố Nai 3,Khác,0.0
15/04/2025,75,Đồng Nai,26275,Xã Tây Hoà,Khác,0.0
15/04/2025,75,Đồng Nai,26326,Thị Trấn Dầu Giây,Khác,0.0
15/04/2025,75,Đồng Nai,26368,Thị Trấn Long Thành,Khác,0.0
15/04/2025,75,Đồng Nai,26377,Phường Phước Tân,Khác,0.0
15/04/2025,75,Đồng Nai,26452,Xã Suối Cát,Khác,0.0
15/04/2025,75,Đồng Nai,26470,Xã Phước Thiền,Khác,0.0
15/04/2025,75,Đồng Nai,26485,Xã Phú Hội,Khác,0.0
15/05/2025,75,Đồng Nai,25993,Phường Trảng Dài,Khác,0.0
15/05/2025,75,Đồng Nai,25996,Phường Tân Phong,Khác,0.0
15/05/2025,75,Đồng Nai,25999,Phường Tân Biên,Khác,0.0
15/05/2025,75,Đồng Nai,26017,Phường Tam Hiệp,Khác,0.0
15/05/2025,75,Đồng Nai,26029,Phường Thống Nhất,Khác,0.0
15/05/2025,75,Đồng Nai,26068,Phường Hóa An,Khác,0.0
15/05/2025,75,Đồng Nai,26095,Phường Suối Tre,Khác,0.0
15/05/2025,75,Đồng Nai,26116,Thị Trấn Tân Phú,Khác,0.0
15/05/2025,75,Đồng Nai,26206,Thị Trấn Định Quán,Khác,0.0
15/05/2025,75,Đồng Nai,26272,Xã Hố Nai 3,Khác,0.0
15/05/2025,75,Đồng Nai,26299,Xã Gia Tân 1,Khác,0.0
15/05/2025,75,Đồng Nai,26311,Xã Quang Trung,Khác,0.0
15/05/2025,75,Đồng Nai,26317,Xã Hưng Lộc,Khác,0.0
15/05/2025,75,Đồng Nai,26326,Thị Trấn Dầu Giây,Khác,0.0
15/05/2025,75,Đồng Nai,26362,Xã Sông Ray,Khác,0.0
15/05/2025,75,Đồng Nai,26368,Thị Trấn Long Thành,Khác,0.0
15/05/2025,75,Đồng Nai,26374,Phường Tam Phước,Khác,0.0
15/05/2025,75,Đồng Nai,26377,Phường Phước Tân,Khác,0.0
15/05/2025,75,Đồng Nai,26455,Xã Xuân Hiệp,Khác,0.0
15/05/2025,75,Đồng Nai,26497,Xã Vĩnh Thanh,Khác,0.0
15/06/2025,75,Đồng Nai,25996,Phường Tân Phong,Khác,0.0
15/06/2025,75,Đồng Nai,26017,Phường Tam Hiệp,H01,962796.0
15/06/2025,75,Đồng Nai,26017,Phường Tam Hiệp,H04,1563200.0
15/06/2025,75,Đồng Nai,26017,Phường Tam Hiệp,H10,1747484.0
15/06/2025,75,Đồng Nai,26017,Phường Tam Hiệp,H11,1438400.0
15/06/2025,75,Đồng Nai,26017,Phường Tam Hiệp,H25,6501664.0
15/06/2025,75,Đồng Nai,26017,Phường Tam Hiệp,H35,1048400.0
15/06/2025,75,Đồng Nai,26017,Phường Tam Hiệp,H40,247200.0
15/06/2025,75,Đồng Nai,26017,Phường Tam Hiệp,H43,998000.0
15/06/2025,75,Đồng Nai,26029,Phường Thống Nhất,Khác,0.0
15/06/2025,75,Đồng Nai,26056,Phường Long Bình Tân,A04,4526328.0
15/06/2025,75,Đồng Nai,26056,Phường Long Bình Tân,A09,2102338.0
15/06/2025,75,Đồng Nai,26056,Phường Long Bình Tân,A41,3837134.0
15/06/2025,75,Đồng Nai,26056,Phường Long Bình Tân,B18,1661040.0
15/06/2025,75,Đồng Nai,26056,Phường Long Bình Tân,E03,398200.0
15/06/2025,75,Đồng Nai,26056,Phường Long Bình Tân,E11,68200.0
15/06/2025,75,Đồng Nai,26056,Phường Long Bình Tân,I25,411462.0
15/06/2025,75,Đồng Nai,26056,Phường Long Bình Tân,J18,26380538.0
15/06/2025,75,Đồng Nai,26056,Phường Long Bình Tân,J35,24080540.0
15/06/2025,75,Đồng Nai,26056,Phường Long Bình Tân,Khác,0.0
15/06/2025,75,Đồng Nai,26056,Phường Long Bình Tân,L81,181200.0
15/06/2025,75,Đồng Nai,26056,Phường Long Bình Tân,M17,283200.0
15/06/2025,75,Đồng Nai,26056,Phường Long Bình Tân,N20,8900604.0
15/06/2025,75,Đồng Nai,26056,Phường Long Bình Tân,O00,32283200.0
15/06/2025,75,Đồng Nai,26056,Phường Long Bình Tân,O47,4050000.0
15/06/2025,75,Đồng Nai,26056,Phường Long Bình Tân,O80,22322376.0
15/06/2025,75,Đồng Nai,26056,Phường Long Bình Tân,O82,215472450.0
15/06/2025,75,Đồng Nai,26056,Phường Long Bình Tân,T07,1496697.0
15/06/2025,75,Đồng Nai,26056,Phường Long Bình Tân,Z34,776000.0
15/06/2025,75,Đồng Nai,26068,Phường Hóa An,K00,166200.0
15/06/2025,75,Đồng Nai,26068,Phường Hóa An,Khác,0.0
15/06/2025,75,Đồng Nai,26068,Phường Hóa An,M54,633690.0
15/06/2025,75,Đồng Nai,26095,Phường Suối Tre,Khác,0.0
15/06/2025,75,Đồng Nai,26206,Thị Trấn Định Quán,Khác,0.0
15/06/2025,75,Đồng Nai,26272,Xã Hố Nai 3,A41,352060.0
15/06/2025,75,Đồng Nai,26272,Xã Hố Nai 3,A99,309920.0
15/06/2025,75,Đồng Nai,26272,Xã Hố Nai 3,B35,435468.0
15/06/2025,75,Đồng Nai,26272,Xã Hố Nai 3,D23,303200.0
15/06/2025,75,Đồng Nai,26272,Xã Hố Nai 3,D50,1182260.0
15/06/2025,75,Đồng Nai,26272,Xã Hố Nai 3,E04,217890.0
15/06/2025,75,Đồng Nai,26272,Xã Hố Nai 3,E11,15026750.0
15/06/2025,75,Đồng Nai,26272,Xã Hố Nai 3,E89,1060336.0
15/06/2025,75,Đồng Nai,26272,Xã Hố Nai 3,H10,576840.0
15/06/2025,75,Đồng Nai,26272,Xã Hố Nai 3,H44,182400.0
15/06/2025,75,Đồng Nai,26272,Xã Hố Nai 3,H60,76244.0
15/06/2025,75,Đồng Nai,26272,Xã Hố Nai 3,H66,1825634.0
15/06/2025,75,Đồng Nai,26272,Xã Hố Nai 3,H81,1024043.0
15/06/2025,75,Đồng Nai,26272,Xã Hố Nai 3,I08,1500650.0
15/06/2025,75,Đồng Nai,26272,Xã Hố Nai 3,I10,6844626.0
15/06/2025,75,Đồng Nai,26272,Xã Hố Nai 3,I20,294200.0
15/06/2025,75,Đồng Nai,26272,Xã Hố Nai 3,I83,326986.0
15/06/2025,75,Đồng Nai,26272,Xã Hố Nai 3,J01,567925.0
15/06/2025,75,Đồng Nai,26272,Xã Hố Nai 3,J06,419165.0
15/06/2025,75,Đồng Nai,26272,Xã Hố Nai 3,J20,292254.0
15/06/2025,75,Đồng Nai,26272,Xã Hố Nai 3,J32,2425960.0
15/06/2025,75,Đồng Nai,26272,Xã Hố Nai 3,K02,1383320.0
15/06/2025,75,Đồng Nai,26272,Xã Hố Nai 3,K05,391200.0
15/06/2025,75,Đồng Nai,26272,Xã Hố Nai 3,K08,284180.0
15/06/2025,75,Đồng Nai,26272,Xã Hố Nai 3,K21,179463.0
15/06/2025,75,Đồng Nai,26272,Xã Hố Nai 3,K59,97518.0
15/06/2025,75,Đồng Nai,26272,Xã Hố Nai 3,K64,60852.0
15/06/2025,75,Đồng Nai,26272,Xã Hố Nai 3,K77,1121286.0
15/06/2025,75,Đồng Nai,26272,Xã Hố Nai 3,Khác,0.0
15/06/2025,75,Đồng Nai,26272,Xã Hố Nai 3,L02,146150.0
15/06/2025,75,Đồng Nai,26272,Xã Hố Nai 3,L20,274112.0
15/06/2025,75,Đồng Nai,26272,Xã Hố Nai 3,L50,36850.0
15/06/2025,75,Đồng Nai,26272,Xã Hố Nai 3,L70,117858.0
15/06/2025,75,Đồng Nai,26272,Xã Hố Nai 3,M13,143825.0
15/06/2025,75,Đồng Nai,26272,Xã Hố Nai 3,M25,235610.0
15/06/2025,75,Đồng Nai,26272,Xã Hố Nai 3,M47,13321610.0
15/06/2025,75,Đồng Nai,26272,Xã Hố Nai 3,M54,25608475.0
15/06/2025,75,Đồng Nai,26272,Xã Hố Nai 3,M60,51494.0
15/06/2025,75,Đồng Nai,26272,Xã Hố Nai 3,M65,212908.0
15/06/2025,75,Đồng Nai,26272,Xã Hố Nai 3,M77,38775.0
15/06/2025,75,Đồng Nai,26272,Xã Hố Nai 3,N39,1040086.0
15/06/2025,75,Đồng Nai,26272,Xã Hố Nai 3,N76,194385.0
15/06/2025,75,Đồng Nai,26272,Xã Hố Nai 3,N92,140490.0
15/06/2025,75,Đồng Nai,26272,Xã Hố Nai 3,N94,100600.0
15/06/2025,75,Đồng Nai,26272,Xã Hố Nai 3,O03,179300.0
15/06/2025,75,Đồng Nai,26272,Xã Hố Nai 3,O20,183700.0
15/06/2025,75,Đồng Nai,26272,Xã Hố Nai 3,O30,190200.0
15/06/2025,75,Đồng Nai,26272,Xã Hố Nai 3,R07,2129632.0
15/06/2025,75,Đồng Nai,26272,Xã Hố Nai 3,R10,2827350.0
15/06/2025,75,Đồng Nai,26272,Xã Hố Nai 3,R51,48750.0
15/06/2025,75,Đồng Nai,26272,Xã Hố Nai 3,S60,378708.0
15/06/2025,75,Đồng Nai,26272,Xã Hố Nai 3,S61,120625.0
15/06/2025,75,Đồng Nai,26272,Xã Hố Nai 3,S62,122050.0
15/06/2025,75,Đồng Nai,26272,Xã Hố Nai 3,S82,283600.0
15/06/2025,75,Đồng Nai,26272,Xã Hố Nai 3,S92,117500.0
15/06/2025,75,Đồng Nai,26272,Xã Hố Nai 3,T25,86490.0
15/06/2025,75,Đồng Nai,26272,Xã Hố Nai 3,Z34,2679500.0
15/06/2025,75,Đồng Nai,26272,Xã Hố Nai 3,Z35,1004600.0
15/06/2025,75,Đồng Nai,26272,Xã Hố Nai 3,Z96,219600.0
15/06/2025,75,Đồng Nai,26296,Xã An Viễn,Khác,0.0
15/06/2025,75,Đồng Nai,26311,Xã Quang Trung,Khác,0.0
15/06/2025,75,Đồng Nai,26317,Xã Hưng Lộc,Khác,0.0
15/06/2025,75,Đồng Nai,26326,Thị Trấn Dầu Giây,A97,385867.0
15/06/2025,75,Đồng Nai,26326,Thị Trấn Dầu Giây,H81,206968.0
15/06/2025,75,Đồng Nai,26326,Thị Trấn Dầu Giây,I20,272921.0
15/06/2025,75,Đồng Nai,26326,Thị Trấn Dầu Giây,J06,404884.0
15/06/2025,75,Đồng Nai,26326,Thị Trấn Dầu Giây,K29,2956992.0
15/06/2025,75,Đồng Nai,26326,Thị Trấn Dầu Giây,K71,576864.0
15/06/2025,75,Đồng Nai,26326,Thị Trấn Dầu Giây,K75,247900.0
15/06/2025,75,Đồng Nai,26326,Thị Trấn Dầu Giây,R10,268600.0
15/06/2025,75,Đồng Nai,26326,Thị Trấn Dầu Giây,R56,39800.0
15/06/2025,75,Đồng Nai,26326,Thị Trấn Dầu Giây,S00,386397.0
15/06/2025,75,Đồng Nai,26326,Thị Trấn Dầu Giây,S51,241297.0
15/06/2025,75,Đồng Nai,26326,Thị Trấn Dầu Giây,S80,219840.0
15/06/2025,75,Đồng Nai,26326,Thị Trấn Dầu Giây,S81,425494.0
15/06/2025,75,Đồng Nai,26326,Thị Trấn Dầu Giây,S91,241297.0
15/06/2025,75,Đồng Nai,26326,Thị Trấn Dầu Giây,W44,140100.0
15/06/2025,75,Đồng Nai,26362,Xã Sông Ray,Khác,0.0
15/06/2025,75,Đồng Nai,26368,Thị Trấn Long Thành,A04,504570.0
15/06/2025,75,Đồng Nai,26368,Thị Trấn Long Thành,A09,214090.0
15/06/2025,75,Đồng Nai,26368,Thị Trấn Long Thành,A97,787380.0
15/06/2025,75,Đồng Nai,26368,Thị Trấn Long Thành,B00,56100.0
15/06/2025,75,Đồng Nai,26368,Thị Trấn Long Thành,B33,253860.0
15/06/2025,75,Đồng Nai,26368,Thị Trấn Long Thành,B77,53800.0
15/06/2025,75,Đồng Nai,26368,Thị Trấn Long Thành,D21,85300.0
15/06/2025,75,Đồng Nai,26368,Thị Trấn Long Thành,E04,178208.0
15/06/2025,75,Đồng Nai,26368,Thị Trấn Long Thành,E10,177144.0
15/06/2025,75,Đồng Nai,26368,Thị Trấn Long Thành,E11,826057.0
15/06/2025,75,Đồng Nai,26368,Thị Trấn Long Thành,H60,103660.0
15/06/2025,75,Đồng Nai,26368,Thị Trấn Long Thành,H81,387720.0
15/06/2025,75,Đồng Nai,26368,Thị Trấn Long Thành,H93,62020.0
15/06/2025,75,Đồng Nai,26368,Thị Trấn Long Thành,I10,470570.0
15/06/2025,75,Đồng Nai,26368,Thị Trấn Long Thành,I20,275500.0
15/06/2025,75,Đồng Nai,26368,Thị Trấn Long Thành,J00,99600.0
15/06/2025,75,Đồng Nai,26368,Thị Trấn Long Thành,J02,73200.0
15/06/2025,75,Đồng Nai,26368,Thị Trấn Long Thành,J06,638065.0
15/06/2025,75,Đồng Nai,26368,Thị Trấn Long Thành,J20,354860.0
15/06/2025,75,Đồng Nai,26368,Thị Trấn Long Thành,J21,75682.0
15/06/2025,75,Đồng Nai,26368,Thị Trấn Long Thành,K02,177350.0
15/06/2025,75,Đồng Nai,26368,Thị Trấn Long Thành,K05,102470.0
15/06/2025,75,Đồng Nai,26368,Thị Trấn Long Thành,K11,135753.0
15/06/2025,75,Đồng Nai,26368,Thị Trấn Long Thành,K21,344004.0
15/06/2025,75,Đồng Nai,26368,Thị Trấn Long Thành,Khác,0.0
15/06/2025,75,Đồng Nai,26368,Thị Trấn Long Thành,L20,185350.0
15/06/2025,75,Đồng Nai,26368,Thị Trấn Long Thành,L23,63800.0
15/06/2025,75,Đồng Nai,26368,Thị Trấn Long Thành,L72,279300.0
15/06/2025,75,Đồng Nai,26368,Thị Trấn Long Thành,L81,48960.0
15/06/2025,75,Đồng Nai,26368,Thị Trấn Long Thành,M10,270200.0
15/06/2025,75,Đồng Nai,26368,Thị Trấn Long Thành,M13,160000.0
15/06/2025,75,Đồng Nai,26368,Thị Trấn Long Thành,M17,275180.0
15/06/2025,75,Đồng Nai,26368,Thị Trấn Long Thành,M47,281480.0
15/06/2025,75,Đồng Nai,26368,Thị Trấn Long Thành,M54,82350.0
15/06/2025,75,Đồng Nai,26368,Thị Trấn Long Thành,N39,473291.0
15/06/2025,75,Đồng Nai,26368,Thị Trấn Long Thành,N72,90750.0
15/06/2025,75,Đồng Nai,26368,Thị Trấn Long Thành,N76,95100.0
15/06/2025,75,Đồng Nai,26368,Thị Trấn Long Thành,N92,36500.0
15/06/2025,75,Đồng Nai,26368,Thị Trấn Long Thành,O20,213636.0
15/06/2025,75,Đồng Nai,26368,Thị Trấn Long Thành,O26,1167996.0
15/06/2025,75,Đồng Nai,26368,Thị Trấn Long Thành,O36,95100.0
15/06/2025,75,Đồng Nai,26368,Thị Trấn Long Thành,R07,276156.0
15/06/2025,75,Đồng Nai,26368,Thị Trấn Long Thành,R10,348962.0
15/06/2025,75,Đồng Nai,26368,Thị Trấn Long Thành,R51,239700.0
15/06/2025,75,Đồng Nai,26368,Thị Trấn Long Thành,R59,227000.0
15/06/2025,75,Đồng Nai,26368,Thị Trấn Long Thành,S00,595100.0
15/06/2025,75,Đồng Nai,26368,Thị Trấn Long Thành,S30,216900.0
15/06/2025,75,Đồng Nai,26368,Thị Trấn Long Thành,S52,113800.0
15/06/2025,75,Đồng Nai,26368,Thị Trấn Long Thành,S53,243090.0
15/06/2025,75,Đồng Nai,26368,Thị Trấn Long Thành,S91,171000.0
15/06/2025,75,Đồng Nai,26368,Thị Trấn Long Thành,T78,216400.0
15/06/2025,75,Đồng Nai,26368,Thị Trấn Long Thành,Z32,1237600.0
15/06/2025,75,Đồng Nai,26374,Phường Tam Phước,Khác,0.0
15/06/2025,75,Đồng Nai,26452,Xã Suối Cát,A04,247320.0
15/06/2025,75,Đồng Nai,26452,Xã Suối Cát,B34,83300.0
15/06/2025,75,Đồng Nai,26452,Xã Suối Cát,I20,271009.4
15/06/2025,75,Đồng Nai,26452,Xã Suối Cát,J06,226159.0
15/06/2025,75,Đồng Nai,26452,Xã Suối Cát,L02,39800.0
15/06/2025,75,Đồng Nai,26455,Xã Xuân Hiệp,A04,2280702.0
15/06/2025,75,Đồng Nai,26455,Xã Xuân Hiệp,A97,307200.0
15/06/2025,75,Đồng Nai,26455,Xã Xuân Hiệp,B18,819240.0
15/06/2025,75,Đồng Nai,26455,Xã Xuân Hiệp,B33,868170.0
15/06/2025,75,Đồng Nai,26455,Xã Xuân Hiệp,B35,1199013.0
15/06/2025,75,Đồng Nai,26455,Xã Xuân Hiệp,B36,855924.0
15/06/2025,75,Đồng Nai,26455,Xã Xuân Hiệp,B83,1992204.0
15/06/2025,75,Đồng Nai,26455,Xã Xuân Hiệp,D50,376275.0
15/06/2025,75,Đồng Nai,26455,Xã Xuân Hiệp,E04,1769040.0
15/06/2025,75,Đồng Nai,26455,Xã Xuân Hiệp,E11,33151203.0
15/06/2025,75,Đồng Nai,26455,Xã Xuân Hiệp,E60,687540.0
15/06/2025,75,Đồng Nai,26455,Xã Xuân Hiệp,E78,4914519.0
15/06/2025,75,Đồng Nai,26455,Xã Xuân Hiệp,F45,230880.0
15/06/2025,75,Đồng Nai,26455,Xã Xuân Hiệp,G43,803838.0
15/06/2025,75,Đồng Nai,26455,Xã Xuân Hiệp,G56,1171380.0
15/06/2025,75,Đồng Nai,26455,Xã Xuân Hiệp,H00,729765.0
15/06/2025,75,Đồng Nai,26455,Xã Xuân Hiệp,H04,2584485.0
15/06/2025,75,Đồng Nai,26455,Xã Xuân Hiệp,H10,1680945.0
15/06/2025,75,Đồng Nai,26455,Xã Xuân Hiệp,H25,754458.0
15/06/2025,75,Đồng Nai,26455,Xã Xuân Hiệp,H60,336270.0
15/06/2025,75,Đồng Nai,26455,Xã Xuân Hiệp,H66,4093515.0
15/06/2025,75,Đồng Nai,26455,Xã Xuân Hiệp,H81,1524726.0
15/06/2025,75,Đồng Nai,26455,Xã Xuân Hiệp,I10,40601094.0
15/06/2025,75,Đồng Nai,26455,Xã Xuân Hiệp,I20,843240.0
15/06/2025,75,Đồng Nai,26455,Xã Xuân Hiệp,I25,7286370.0
15/06/2025,75,Đồng Nai,26455,Xã Xuân Hiệp,I50,1140429.0
15/06/2025,75,Đồng Nai,26455,Xã Xuân Hiệp,I70,1026300.0
15/06/2025,75,Đồng Nai,26455,Xã Xuân Hiệp,I83,4196040.0
15/06/2025,75,Đồng Nai,26455,Xã Xuân Hiệp,J01,5943504.0
15/06/2025,75,Đồng Nai,26455,Xã Xuân Hiệp,J02,2503779.0
15/06/2025,75,Đồng Nai,26455,Xã Xuân Hiệp,J06,1513968.0
15/06/2025,75,Đồng Nai,26455,Xã Xuân Hiệp,J20,1594908.0
15/06/2025,75,Đồng Nai,26455,Xã Xuân Hiệp,J30,803103.0
15/06/2025,75,Đồng Nai,26455,Xã Xuân Hiệp,J45,716994.0
15/06/2025,75,Đồng Nai,26455,Xã Xuân Hiệp,K00,548775.0
15/06/2025,75,Đồng Nai,26455,Xã Xuân Hiệp,K02,8083140.0
15/06/2025,75,Đồng Nai,26455,Xã Xuân Hiệp,K04,5191878.0
15/06/2025,75,Đồng Nai,26455,Xã Xuân Hiệp,K05,2136450.0
15/06/2025,75,Đồng Nai,26455,Xã Xuân Hiệp,K21,2538717.0
15/06/2025,75,Đồng Nai,26455,Xã Xuân Hiệp,K29,820350.0
15/06/2025,75,Đồng Nai,26455,Xã Xuân Hiệp,K59,1098639.0
15/06/2025,75,Đồng Nai,26455,Xã Xuân Hiệp,L20,3704784.0
15/06/2025,75,Đồng Nai,26455,Xã Xuân Hiệp,M06,582000.0
15/06/2025,75,Đồng Nai,26455,Xã Xuân Hiệp,M13,481440.0
15/06/2025,75,Đồng Nai,26455,Xã Xuân Hiệp,M15,655602.0
15/06/2025,75,Đồng Nai,26455,Xã Xuân Hiệp,M17,5724726.0
15/06/2025,75,Đồng Nai,26455,Xã Xuân Hiệp,M47,6009717.0
15/06/2025,75,Đồng Nai,26455,Xã Xuân Hiệp,M54,9887172.0
15/06/2025,75,Đồng Nai,26455,Xã Xuân Hiệp,M60,674280.0
15/06/2025,75,Đồng Nai,26455,Xã Xuân Hiệp,M62,525216.0
15/06/2025,75,Đồng Nai,26455,Xã Xuân Hiệp,M65,2081769.0
15/06/2025,75,Đồng Nai,26455,Xã Xuân Hiệp,M75,1190850.0
15/06/2025,75,Đồng Nai,26455,Xã Xuân Hiệp,M77,1844370.0
15/06/2025,75,Đồng Nai,26455,Xã Xuân Hiệp,N20,4224048.0
15/06/2025,75,Đồng Nai,26455,Xã Xuân Hiệp,N39,606270.0
15/06/2025,75,Đồng Nai,26455,Xã Xuân Hiệp,N61,600000.0
15/06/2025,75,Đồng Nai,26455,Xã Xuân Hiệp,N81,109500.0
15/06/2025,75,Đồng Nai,26455,Xã Xuân Hiệp,R07,1659243.0
15/06/2025,75,Đồng Nai,26455,Xã Xuân Hiệp,R10,1906671.0
15/06/2025,75,Đồng Nai,26455,Xã Xuân Hiệp,R42,1911960.0
15/06/2025,75,Đồng Nai,26455,Xã Xuân Hiệp,R59,886860.0
15/06/2025,75,Đồng Nai,26455,Xã Xuân Hiệp,S00,282420.0
15/06/2025,75,Đồng Nai,26455,Xã Xuân Hiệp,S22,425400.0
15/06/2025,75,Đồng Nai,26455,Xã Xuân Hiệp,S33,645300.0
15/06/2025,75,Đồng Nai,26455,Xã Xuân Hiệp,S40,814695.0
15/06/2025,75,Đồng Nai,26455,Xã Xuân Hiệp,S50,591855.0
15/06/2025,75,Đồng Nai,26455,Xã Xuân Hiệp,S53,639105.0
15/06/2025,75,Đồng Nai,26455,Xã Xuân Hiệp,S63,495855.0
15/06/2025,75,Đồng Nai,26455,Xã Xuân Hiệp,S80,993558.0
15/06/2025,75,Đồng Nai,26455,Xã Xuân Hiệp,S93,432870.0
15/06/2025,75,Đồng Nai,26455,Xã Xuân Hiệp,T15,973620.0
15/06/2025,75,Đồng Nai,26455,Xã Xuân Hiệp,T78,1409853.0
15/06/2025,75,Đồng Nai,26455,Xã Xuân Hiệp,T79,989100.0
15/06/2025,75,Đồng Nai,26455,Xã Xuân Hiệp,Z34,4218570.0
15/06/2025,75,Đồng Nai,26455,Xã Xuân Hiệp,Z35,461100.0
15/06/2025,75,Đồng Nai,26455,Xã Xuân Hiệp,Z47,329400.0
15/06/2025,75,Đồng Nai,26455,Xã Xuân Hiệp,Z48,371400.0
15/06/2025,75,Đồng Nai,26497,Xã Vĩnh Thanh,A09,384850.0
15/06/2025,75,Đồng Nai,26497,Xã Vĩnh Thanh,B77,116295.0
15/06/2025,75,Đồng Nai,26497,Xã Vĩnh Thanh,D50,641435.0
15/06/2025,75,Đồng Nai,26497,Xã Vĩnh Thanh,E11,2903009.0
15/06/2025,75,Đồng Nai,26497,Xã Vĩnh Thanh,G56,240286.0
15/06/2025,75,Đồng Nai,26497,Xã Vĩnh Thanh,G81,1072940.0
15/06/2025,75,Đồng Nai,26497,Xã Vĩnh Thanh,I10,2872133.0
15/06/2025,75,Đồng Nai,26497,Xã Vĩnh Thanh,I20,593840.0
15/06/2025,75,Đồng Nai,26497,Xã Vĩnh Thanh,I25,72648.0
15/06/2025,75,Đồng Nai,26497,Xã Vĩnh Thanh,J06,299620.0
15/06/2025,75,Đồng Nai,26497,Xã Vĩnh Thanh,J20,414100.0
15/06/2025,75,Đồng Nai,26497,Xã Vĩnh Thanh,J30,219600.0
15/06/2025,75,Đồng Nai,26497,Xã Vĩnh Thanh,J44,82672.0
15/06/2025,75,Đồng Nai,26497,Xã Vĩnh Thanh,J68,143411.0
15/06/2025,75,Đồng Nai,26497,Xã Vĩnh Thanh,K02,1357476.0
15/06/2025,75,Đồng Nai,26497,Xã Vĩnh Thanh,K21,1075965.0
15/06/2025,75,Đồng Nai,26497,Xã Vĩnh Thanh,K30,156481.0
15/06/2025,75,Đồng Nai,26497,Xã Vĩnh Thanh,L50,121100.0
15/06/2025,75,Đồng Nai,26497,Xã Vĩnh Thanh,M10,671010.0
15/06/2025,75,Đồng Nai,26497,Xã Vĩnh Thanh,M17,633834.0
15/06/2025,75,Đồng Nai,26497,Xã Vĩnh Thanh,M47,6029510.0
15/06/2025,75,Đồng Nai,26497,Xã Vĩnh Thanh,M53,473650.0
15/06/2025,75,Đồng Nai,26497,Xã Vĩnh Thanh,M54,3714266.0
15/06/2025,75,Đồng Nai,26497,Xã Vĩnh Thanh,M65,55178.0
15/06/2025,75,Đồng Nai,26497,Xã Vĩnh Thanh,M75,2236616.0
15/06/2025,75,Đồng Nai,26497,Xã Vĩnh Thanh,M77,366557.0
15/06/2025,75,Đồng Nai,26497,Xã Vĩnh Thanh,N76,418480.0
15/06/2025,75,Đồng Nai,26497,Xã Vĩnh Thanh,N95,648790.0
15/06/2025,75,Đồng Nai,26497,Xã Vĩnh Thanh,R07,587323.0
15/06/2025,75,Đồng Nai,26497,Xã Vĩnh Thanh,R59,384766.0
15/06/2025,75,Đồng Nai,26497,Xã Vĩnh Thanh,S00,210066.0
15/06/2025,75,Đồng Nai,26497,Xã Vĩnh Thanh,S52,445061.0
15/06/2025,75,Đồng Nai,26497,Xã Vĩnh Thanh,S60,142190.0
15/06/2025,75,Đồng Nai,26497,Xã Vĩnh Thanh,S90,330976.0
15/06/2025,75,Đồng Nai,26497,Xã Vĩnh Thanh,Z34,119460.0
16/01/2025,75,Đồng Nai,25993,Phường Trảng Dài,Khác,0.0
16/01/2025,75,Đồng Nai,26080,Phường Xuân An,Khác,0.0
16/01/2025,75,Đồng Nai,26341,Thị Trấn Long Giao,Khác,0.0
16/01/2025,75,Đồng Nai,26452,Xã Suối Cát,Khác,0.0
16/02/2025,75,Đồng Nai,26248,Thị Trấn Trảng Bom,Khác,0.0
16/02/2025,75,Đồng Nai,26341,Thị Trấn Long Giao,Khác,0.0
16/02/2025,75,Đồng Nai,26452,Xã Suối Cát,Khác,0.0
16/03/2025,75,Đồng Nai,26248,Thị Trấn Trảng Bom,Khác,0.0
16/03/2025,75,Đồng Nai,26452,Xã Suối Cát,Khác,0.0
16/04/2025,75,Đồng Nai,25993,Phường Trảng Dài,Khác,0.0
16/04/2025,75,Đồng Nai,25996,Phường Tân Phong,Khác,0.0
16/04/2025,75,Đồng Nai,25999,Phường Tân Biên,Khác,0.0
16/04/2025,75,Đồng Nai,26095,Phường Suối Tre,Khác,0.0
16/04/2025,75,Đồng Nai,26116,Thị Trấn Tân Phú,Khác,0.0
16/04/2025,75,Đồng Nai,26206,Thị Trấn Định Quán,Khác,0.0
16/04/2025,75,Đồng Nai,26248,Thị Trấn Trảng Bom,Khác,0.0
16/04/2025,75,Đồng Nai,26272,Xã Hố Nai 3,Khác,0.0
16/04/2025,75,Đồng Nai,26326,Thị Trấn Dầu Giây,Khác,0.0
16/04/2025,75,Đồng Nai,26368,Thị Trấn Long Thành,Khác,0.0
16/04/2025,75,Đồng Nai,26377,Phường Phước Tân,Khác,0.0
16/04/2025,75,Đồng Nai,26452,Xã Suối Cát,Khác,0.0
16/05/2025,75,Đồng Nai,25996,Phường Tân Phong,Khác,0.0
16/05/2025,75,Đồng Nai,25999,Phường Tân Biên,Khác,0.0
16/05/2025,75,Đồng Nai,26017,Phường Tam Hiệp,Khác,0.0
16/05/2025,75,Đồng Nai,26029,Phường Thống Nhất,Khác,0.0
16/05/2025,75,Đồng Nai,26068,Phường Hóa An,Khác,0.0
16/05/2025,75,Đồng Nai,26095,Phường Suối Tre,Khác,0.0
16/05/2025,75,Đồng Nai,26116,Thị Trấn Tân Phú,Khác,0.0
16/05/2025,75,Đồng Nai,26206,Thị Trấn Định Quán,Khác,0.0
16/05/2025,75,Đồng Nai,26272,Xã Hố Nai 3,Khác,0.0
16/05/2025,75,Đồng Nai,26299,Xã Gia Tân 1,Khác,0.0
16/05/2025,75,Đồng Nai,26311,Xã Quang Trung,Khác,0.0
16/05/2025,75,Đồng Nai,26317,Xã Hưng Lộc,Khác,0.0
16/05/2025,75,Đồng Nai,26326,Thị Trấn Dầu Giây,Khác,0.0
16/05/2025,75,Đồng Nai,26362,Xã Sông Ray,Khác,0.0
16/05/2025,75,Đồng Nai,26368,Thị Trấn Long Thành,Khác,0.0
16/05/2025,75,Đồng Nai,26377,Phường Phước Tân,Khác,0.0
16/05/2025,75,Đồng Nai,26440,Xã Xuân Trường,Khác,0.0
16/05/2025,75,Đồng Nai,26455,Xã Xuân Hiệp,Khác,0.0
16/05/2025,75,Đồng Nai,26479,Thị Trấn Hiệp Phước,Khác,0.0
16/05/2025,75,Đồng Nai,26497,Xã Vĩnh Thanh,Khác,0.0
16/06/2025,75,Đồng Nai,25996,Phường Tân Phong,J20,256100.0
16/06/2025,75,Đồng Nai,25996,Phường Tân Phong,Khác,0.0
16/06/2025,75,Đồng Nai,25999,Phường Tân Biên,Khác,0.0
16/06/2025,75,Đồng Nai,26002,Phường Hố Nai,Khác,0.0
16/06/2025,75,Đồng Nai,26017,Phường Tam Hiệp,D31,1578520.0
16/06/2025,75,Đồng Nai,26017,Phường Tam Hiệp,H01,2249200.0
16/06/2025,75,Đồng Nai,26017,Phường Tam Hiệp,H02,159200.0
16/06/2025,75,Đồng Nai,26017,Phường Tam Hiệp,H04,1756800.0
16/06/2025,75,Đồng Nai,26017,Phường Tam Hiệp,H10,3331192.0
16/06/2025,75,Đồng Nai,26017,Phường Tam Hiệp,H11,15904460.0
16/06/2025,75,Đồng Nai,26017,Phường Tam Hiệp,H25,910101600.0
16/06/2025,75,Đồng Nai,26017,Phường Tam Hiệp,H26,175088600.0
16/06/2025,75,Đồng Nai,26017,Phường Tam Hiệp,H35,3705200.0
16/06/2025,75,Đồng Nai,26017,Phường Tam Hiệp,H40,1173256.0
16/06/2025,75,Đồng Nai,26017,Phường Tam Hiệp,H43,998000.0
16/06/2025,75,Đồng Nai,26017,Phường Tam Hiệp,H52,1438400.0
16/06/2025,75,Đồng Nai,26017,Phường Tam Hiệp,H59,2492800.0
16/06/2025,75,Đồng Nai,26020,Phường Long Bình,G44,68590.0
16/06/2025,75,Đồng Nai,26020,Phường Long Bình,H82,39040.0
16/06/2025,75,Đồng Nai,26020,Phường Long Bình,I10,39650.0
16/06/2025,75,Đồng Nai,26020,Phường Long Bình,J06,396765.0
16/06/2025,75,Đồng Nai,26020,Phường Long Bình,K58,173714.0
16/06/2025,75,Đồng Nai,26020,Phường Long Bình,Khác,0.0
16/06/2025,75,Đồng Nai,26020,Phường Long Bình,M13,41830.0
16/06/2025,75,Đồng Nai,26020,Phường Long Bình,M54,183630.0
16/06/2025,75,Đồng Nai,26020,Phường Long Bình,M79,42800.0
16/06/2025,75,Đồng Nai,26020,Phường Long Bình,N39,126428.0
16/06/2025,75,Đồng Nai,26020,Phường Long Bình,P71,54000.0
16/06/2025,75,Đồng Nai,26020,Phường Long Bình,R10,319270.0
16/06/2025,75,Đồng Nai,26020,Phường Long Bình,R51,381502.0
16/06/2025,75,Đồng Nai,26020,Phường Long Bình,S05,44570.0
16/06/2025,75,Đồng Nai,26020,Phường Long Bình,S91,153930.0
16/06/2025,75,Đồng Nai,26029,Phường Thống Nhất,Khác,0.0
16/06/2025,75,Đồng Nai,26050,Phường An Bình,Khác,0.0
16/06/2025,75,Đồng Nai,26056,Phường Long Bình Tân,A04,28026986.0
16/06/2025,75,Đồng Nai,26056,Phường Long Bình Tân,A08,1467420.0
16/06/2025,75,Đồng Nai,26056,Phường Long Bình Tân,A09,23267916.0
16/06/2025,75,Đồng Nai,26056,Phường Long Bình Tân,A41,24748907.0
16/06/2025,75,Đồng Nai,26056,Phường Long Bình Tân,A75,313400.0
16/06/2025,75,Đồng Nai,26056,Phường Long Bình Tân,A97,26787166.0
16/06/2025,75,Đồng Nai,26056,Phường Long Bình Tân,B01,293820.0
16/06/2025,75,Đồng Nai,26056,Phường Long Bình Tân,B08,1751444.0
16/06/2025,75,Đồng Nai,26056,Phường Long Bình Tân,B18,2195000.0
16/06/2025,75,Đồng Nai,26056,Phường Long Bình Tân,B33,426860.0
16/06/2025,75,Đồng Nai,26056,Phường Long Bình Tân,B35,3322600.0
16/06/2025,75,Đồng Nai,26056,Phường Long Bình Tân,B98,158200.0
16/06/2025,75,Đồng Nai,26056,Phường Long Bình Tân,C00,33200.0
16/06/2025,75,Đồng Nai,26056,Phường Long Bình Tân,C18,2156400.0
16/06/2025,75,Đồng Nai,26056,Phường Long Bình Tân,C32,1243940.0
16/06/2025,75,Đồng Nai,26056,Phường Long Bình Tân,C34,107573948.0
16/06/2025,75,Đồng Nai,26056,Phường Long Bình Tân,C50,61438690.0
16/06/2025,75,Đồng Nai,26056,Phường Long Bình Tân,D17,499050.0
16/06/2025,75,Đồng Nai,26056,Phường Long Bình Tân,D25,1099600.0
16/06/2025,75,Đồng Nai,26056,Phường Long Bình Tân,D32,3571060.0
16/06/2025,75,Đồng Nai,26056,Phường Long Bình Tân,D34,2290270.0
16/06/2025,75,Đồng Nai,26056,Phường Long Bình Tân,D43,3233200.0
16/06/2025,75,Đồng Nai,26056,Phường Long Bình Tân,D50,694060.0
16/06/2025,75,Đồng Nai,26056,Phường Long Bình Tân,D64,248200.0
16/06/2025,75,Đồng Nai,26056,Phường Long Bình Tân,E03,1278644.0
16/06/2025,75,Đồng Nai,26056,Phường Long Bình Tân,E05,2068800.0
16/06/2025,75,Đồng Nai,26056,Phường Long Bình Tân,E07,1791320.0
16/06/2025,75,Đồng Nai,26056,Phường Long Bình Tân,E11,32547670.0
16/06/2025,75,Đồng Nai,26056,Phường Long Bình Tân,E29,248200.0
16/06/2025,75,Đồng Nai,26056,Phường Long Bình Tân,E58,268000.0
16/06/2025,75,Đồng Nai,26056,Phường Long Bình Tân,E78,1743108.0
16/06/2025,75,Đồng Nai,26056,Phường Long Bình Tân,E83,530424.0
16/06/2025,75,Đồng Nai,26056,Phường Long Bình Tân,F51,662296.0
16/06/2025,75,Đồng Nai,26056,Phường Long Bình Tân,G44,12577254.0
16/06/2025,75,Đồng Nai,26056,Phường Long Bình Tân,G47,10023482.0
16/06/2025,75,Đồng Nai,26056,Phường Long Bình Tân,G55,4118400.0
16/06/2025,75,Đồng Nai,26056,Phường Long Bình Tân,G56,174284.0
16/06/2025,75,Đồng Nai,26056,Phường Long Bình Tân,G72,168160.0
16/06/2025,75,Đồng Nai,26056,Phường Long Bình Tân,G83,3319420.0
16/06/2025,75,Đồng Nai,26056,Phường Long Bình Tân,H00,1005706.0
16/06/2025,75,Đồng Nai,26056,Phường Long Bình Tân,H04,2478430.0
16/06/2025,75,Đồng Nai,26056,Phường Long Bình Tân,H10,2575572.0
16/06/2025,75,Đồng Nai,26056,Phường Long Bình Tân,H11,12591272.0
16/06/2025,75,Đồng Nai,26056,Phường Long Bình Tân,H25,2623971.0
16/06/2025,75,Đồng Nai,26056,Phường Long Bình Tân,H35,240480.0
16/06/2025,75,Đồng Nai,26056,Phường Long Bình Tân,H81,24343402.0
16/06/2025,75,Đồng Nai,26056,Phường Long Bình Tân,H93,488160.0
16/06/2025,75,Đồng Nai,26056,Phường Long Bình Tân,I08,711378.0
16/06/2025,75,Đồng Nai,26056,Phường Long Bình Tân,I10,32828496.0
16/06/2025,75,Đồng Nai,26056,Phường Long Bình Tân,I20,3218712.0
16/06/2025,75,Đồng Nai,26056,Phường Long Bình Tân,I21,3366136.0
16/06/2025,75,Đồng Nai,26056,Phường Long Bình Tân,I25,4246224.0
16/06/2025,75,Đồng Nai,26056,Phường Long Bình Tân,I60,14103488.0
16/06/2025,75,Đồng Nai,26056,Phường Long Bình Tân,I67,11551850.0
16/06/2025,75,Đồng Nai,26056,Phường Long Bình Tân,I69,12218606.0
16/06/2025,75,Đồng Nai,26056,Phường Long Bình Tân,I83,664842.0
16/06/2025,75,Đồng Nai,26056,Phường Long Bình Tân,I87,2543520.0
16/06/2025,75,Đồng Nai,26056,Phường Long Bình Tân,I88,43160.0
16/06/2025,75,Đồng Nai,26056,Phường Long Bình Tân,J00,3533787.0
16/06/2025,75,Đồng Nai,26056,Phường Long Bình Tân,J01,923528.0
16/06/2025,75,Đồng Nai,26056,Phường Long Bình Tân,J02,5448011.0
16/06/2025,75,Đồng Nai,26056,Phường Long Bình Tân,J03,1151106.0
16/06/2025,75,Đồng Nai,26056,Phường Long Bình Tân,J06,4877970.0
16/06/2025,75,Đồng Nai,26056,Phường Long Bình Tân,J15,12854180.0
16/06/2025,75,Đồng Nai,26056,Phường Long Bình Tân,J18,76146469.0
16/06/2025,75,Đồng Nai,26056,Phường Long Bình Tân,J20,1881099.0
16/06/2025,75,Đồng Nai,26056,Phường Long Bình Tân,J21,7100245.0
16/06/2025,75,Đồng Nai,26056,Phường Long Bình Tân,J31,565808.0
16/06/2025,75,Đồng Nai,26056,Phường Long Bình Tân,J32,29787038.0
16/06/2025,75,Đồng Nai,26056,Phường Long Bình Tân,J44,1582885.0
16/06/2025,75,Đồng Nai,26056,Phường Long Bình Tân,J45,299844.0
16/06/2025,75,Đồng Nai,26056,Phường Long Bình Tân,K00,43160.0
16/06/2025,75,Đồng Nai,26056,Phường Long Bình Tân,K01,1535800.0
16/06/2025,75,Đồng Nai,26056,Phường Long Bình Tân,K02,5420610.0
16/06/2025,75,Đồng Nai,26056,Phường Long Bình Tân,K04,756900.0
16/06/2025,75,Đồng Nai,26056,Phường Long Bình Tân,K05,4055400.0
16/06/2025,75,Đồng Nai,26056,Phường Long Bình Tân,K21,9672728.0
16/06/2025,75,Đồng Nai,26056,Phường Long Bình Tân,K25,6173640.0
16/06/2025,75,Đồng Nai,26056,Phường Long Bình Tân,K29,19805328.0
16/06/2025,75,Đồng Nai,26056,Phường Long Bình Tân,K30,1361609.0
16/06/2025,75,Đồng Nai,26056,Phường Long Bình Tân,K51,5540299.0
16/06/2025,75,Đồng Nai,26056,Phường Long Bình Tân,K52,7956518.0
16/06/2025,75,Đồng Nai,26056,Phường Long Bình Tân,K58,317392.0
16/06/2025,75,Đồng Nai,26056,Phường Long Bình Tân,K60,18255404.0
16/06/2025,75,Đồng Nai,26056,Phường Long Bình Tân,K64,15982308.0
16/06/2025,75,Đồng Nai,26056,Phường Long Bình Tân,K77,1994980.0
16/06/2025,75,Đồng Nai,26056,Phường Long Bình Tân,K80,24912994.0
16/06/2025,75,Đồng Nai,26056,Phường Long Bình Tân,Khác,0.0
16/06/2025,75,Đồng Nai,26056,Phường Long Bình Tân,L02,703865.0
16/06/2025,75,Đồng Nai,26056,Phường Long Bình Tân,L03,1841012.0
16/06/2025,75,Đồng Nai,26056,Phường Long Bình Tân,L04,1683150.0
16/06/2025,75,Đồng Nai,26056,Phường Long Bình Tân,L23,1778305.0
16/06/2025,75,Đồng Nai,26056,Phường Long Bình Tân,L29,815420.0
16/06/2025,75,Đồng Nai,26056,Phường Long Bình Tân,L30,277660.0
16/06/2025,75,Đồng Nai,26056,Phường Long Bình Tân,L60,368360.0
16/06/2025,75,Đồng Nai,26056,Phường Long Bình Tân,L65,484832.0
16/06/2025,75,Đồng Nai,26056,Phường Long Bình Tân,L70,3423760.0
16/06/2025,75,Đồng Nai,26056,Phường Long Bình Tân,L73,295700.0
16/06/2025,75,Đồng Nai,26056,Phường Long Bình Tân,L81,129660.0
16/06/2025,75,Đồng Nai,26056,Phường Long Bình Tân,M10,782154.0
16/06/2025,75,Đồng Nai,26056,Phường Long Bình Tân,M13,7068428.0
16/06/2025,75,Đồng Nai,26056,Phường Long Bình Tân,M17,4374396.0
16/06/2025,75,Đồng Nai,26056,Phường Long Bình Tân,M25,627900.0
16/06/2025,75,Đồng Nai,26056,Phường Long Bình Tân,M41,1563200.0
16/06/2025,75,Đồng Nai,26056,Phường Long Bình Tân,M43,120098610.0
16/06/2025,75,Đồng Nai,26056,Phường Long Bình Tân,M47,3273724.0
16/06/2025,75,Đồng Nai,26056,Phường Long Bình Tân,M48,29623534.0
16/06/2025,75,Đồng Nai,26056,Phường Long Bình Tân,M50,19539374.0
16/06/2025,75,Đồng Nai,26056,Phường Long Bình Tân,M51,105136252.0
16/06/2025,75,Đồng Nai,26056,Phường Long Bình Tân,M54,61382284.0
16/06/2025,75,Đồng Nai,26056,Phường Long Bình Tân,M62,135808.0
16/06/2025,75,Đồng Nai,26056,Phường Long Bình Tân,M65,11728000.0
16/06/2025,75,Đồng Nai,26056,Phường Long Bình Tân,M75,14382875.0
16/06/2025,75,Đồng Nai,26056,Phường Long Bình Tân,M77,3281425.0
16/06/2025,75,Đồng Nai,26056,Phường Long Bình Tân,M87,299314320.0
16/06/2025,75,Đồng Nai,26056,Phường Long Bình Tân,N18,123200.0
16/06/2025,75,Đồng Nai,26056,Phường Long Bình Tân,N20,63443262.0
16/06/2025,75,Đồng Nai,26056,Phường Long Bình Tân,N23,5709461.0
16/06/2025,75,Đồng Nai,26056,Phường Long Bình Tân,N30,2026820.0
16/06/2025,75,Đồng Nai,26056,Phường Long Bình Tân,N34,1239460.0
16/06/2025,75,Đồng Nai,26056,Phường Long Bình Tân,N39,12413006.0
16/06/2025,75,Đồng Nai,26056,Phường Long Bình Tân,N40,1687584.0
16/06/2025,75,Đồng Nai,26056,Phường Long Bình Tân,N45,5537028.0
16/06/2025,75,Đồng Nai,26056,Phường Long Bình Tân,N47,129480.0
16/06/2025,75,Đồng Nai,26056,Phường Long Bình Tân,N48,66400.0
16/06/2025,75,Đồng Nai,26056,Phường Long Bình Tân,N49,1973068.0
16/06/2025,75,Đồng Nai,26056,Phường Long Bình Tân,N60,66400.0
16/06/2025,75,Đồng Nai,26056,Phường Long Bình Tân,N64,992800.0
16/06/2025,75,Đồng Nai,26056,Phường Long Bình Tân,N76,2489340.0
16/06/2025,75,Đồng Nai,26056,Phường Long Bình Tân,N92,1173680.0
16/06/2025,75,Đồng Nai,26056,Phường Long Bình Tân,O02,66400.0
16/06/2025,75,Đồng Nai,26056,Phường Long Bình Tân,O20,17453058.0
16/06/2025,75,Đồng Nai,26056,Phường Long Bình Tân,O80,8393020.0
16/06/2025,75,Đồng Nai,26056,Phường Long Bình Tân,O82,145981600.0
16/06/2025,75,Đồng Nai,26056,Phường Long Bình Tân,R00,1838160.0
16/06/2025,75,Đồng Nai,26056,Phường Long Bình Tân,R07,2480160.0
16/06/2025,75,Đồng Nai,26056,Phường Long Bình Tân,R10,6296352.0
16/06/2025,75,Đồng Nai,26056,Phường Long Bình Tân,R42,963160.0
16/06/2025,75,Đồng Nai,26056,Phường Long Bình Tân,R51,21073906.0
16/06/2025,75,Đồng Nai,26056,Phường Long Bình Tân,R53,1026400.0
16/06/2025,75,Đồng Nai,26056,Phường Long Bình Tân,S00,553200.0
16/06/2025,75,Đồng Nai,26056,Phường Long Bình Tân,S06,62830119.0
16/06/2025,75,Đồng Nai,26056,Phường Long Bình Tân,S22,1037880.0
16/06/2025,75,Đồng Nai,26056,Phường Long Bình Tân,S40,196000.0
16/06/2025,75,Đồng Nai,26056,Phường Long Bình Tân,S42,8438112.0
16/06/2025,75,Đồng Nai,26056,Phường Long Bình Tân,S66,887400.0
16/06/2025,75,Đồng Nai,26056,Phường Long Bình Tân,S83,8270824.0
16/06/2025,75,Đồng Nai,26056,Phường Long Bình Tân,S90,611020.0
16/06/2025,75,Đồng Nai,26056,Phường Long Bình Tân,S91,158200.0
16/06/2025,75,Đồng Nai,26056,Phường Long Bình Tân,S92,688660.0
16/06/2025,75,Đồng Nai,26056,Phường Long Bình Tân,S93,247800.0
16/06/2025,75,Đồng Nai,26056,Phường Long Bình Tân,T18,158200.0
16/06/2025,75,Đồng Nai,26056,Phường Long Bình Tân,T23,66400.0
16/06/2025,75,Đồng Nai,26056,Phường Long Bình Tân,T78,135280.0
16/06/2025,75,Đồng Nai,26056,Phường Long Bình Tân,Z32,168160.0
16/06/2025,75,Đồng Nai,26056,Phường Long Bình Tân,Z34,5563830.0
16/06/2025,75,Đồng Nai,26056,Phường Long Bình Tân,Z35,2344060.0
16/06/2025,75,Đồng Nai,26056,Phường Long Bình Tân,Z47,316400.0
16/06/2025,75,Đồng Nai,26056,Phường Long Bình Tân,Z95,1666192.0
16/06/2025,75,Đồng Nai,26056,Phường Long Bình Tân,Z96,7886250.0
16/06/2025,75,Đồng Nai,26056,Phường Long Bình Tân,Z98,1392295.0
16/06/2025,75,Đồng Nai,26068,Phường Hóa An,E11,232738.0
16/06/2025,75,Đồng Nai,26068,Phường Hóa An,G64,983210.0
16/06/2025,75,Đồng Nai,26068,Phường Hóa An,I10,250355.0
16/06/2025,75,Đồng Nai,26068,Phường Hóa An,J30,158570.0
16/06/2025,75,Đồng Nai,26068,Phường Hóa An,J32,399900.0
16/06/2025,75,Đồng Nai,26068,Phường Hóa An,Khác,0.0
16/06/2025,75,Đồng Nai,26068,Phường Hóa An,M24,312200.0
16/06/2025,75,Đồng Nai,26068,Phường Hóa An,M54,4076090.0
16/06/2025,75,Đồng Nai,26095,Phường Suối Tre,Khác,0.0
16/06/2025,75,Đồng Nai,26170,Thị Trấn Vĩnh An,Khác,0.0
16/06/2025,75,Đồng Nai,26206,Thị Trấn Định Quán,Khác,0.0
16/06/2025,75,Đồng Nai,26272,Xã Hố Nai 3,A04,1100360.0
16/06/2025,75,Đồng Nai,26272,Xã Hố Nai 3,A08,248700.0
16/06/2025,75,Đồng Nai,26272,Xã Hố Nai 3,A97,78486.0
16/06/2025,75,Đồng Nai,26272,Xã Hố Nai 3,C73,105000.0
16/06/2025,75,Đồng Nai,26272,Xã Hố Nai 3,D50,423226.0
16/06/2025,75,Đồng Nai,26272,Xã Hố Nai 3,E07,210360.0
16/06/2025,75,Đồng Nai,26272,Xã Hố Nai 3,E11,4271217.0
16/06/2025,75,Đồng Nai,26272,Xã Hố Nai 3,E78,877460.0
16/06/2025,75,Đồng Nai,26272,Xã Hố Nai 3,G58,222830.0
16/06/2025,75,Đồng Nai,26272,Xã Hố Nai 3,G81,2109000.0
16/06/2025,75,Đồng Nai,26272,Xã Hố Nai 3,H16,990010.0
16/06/2025,75,Đồng Nai,26272,Xã Hố Nai 3,H66,1274090.0
16/06/2025,75,Đồng Nai,26272,Xã Hố Nai 3,H81,1082950.0
16/06/2025,75,Đồng Nai,26272,Xã Hố Nai 3,I10,2525720.0
16/06/2025,75,Đồng Nai,26272,Xã Hố Nai 3,I20,1224435.0
16/06/2025,75,Đồng Nai,26272,Xã Hố Nai 3,I25,870171.0
16/06/2025,75,Đồng Nai,26272,Xã Hố Nai 3,I87,412244.0
16/06/2025,75,Đồng Nai,26272,Xã Hố Nai 3,J01,2290855.0
16/06/2025,75,Đồng Nai,26272,Xã Hố Nai 3,J02,291008.0
16/06/2025,75,Đồng Nai,26272,Xã Hố Nai 3,J06,2897715.0
16/06/2025,75,Đồng Nai,26272,Xã Hố Nai 3,J20,66209.0
16/06/2025,75,Đồng Nai,26272,Xã Hố Nai 3,J32,6432745.0
16/06/2025,75,Đồng Nai,26272,Xã Hố Nai 3,K02,1383320.0
16/06/2025,75,Đồng Nai,26272,Xã Hố Nai 3,K05,644460.0
16/06/2025,75,Đồng Nai,26272,Xã Hố Nai 3,K25,109440.0
16/06/2025,75,Đồng Nai,26272,Xã Hố Nai 3,K35,138600.0
16/06/2025,75,Đồng Nai,26272,Xã Hố Nai 3,K77,1172280.0
16/06/2025,75,Đồng Nai,26272,Xã Hố Nai 3,Khác,0.0
16/06/2025,75,Đồng Nai,26272,Xã Hố Nai 3,L02,128740.0
16/06/2025,75,Đồng Nai,26272,Xã Hố Nai 3,L03,89000.0
16/06/2025,75,Đồng Nai,26272,Xã Hố Nai 3,L04,207625.0
16/06/2025,75,Đồng Nai,26272,Xã Hố Nai 3,L23,275475.0
16/06/2025,75,Đồng Nai,26272,Xã Hố Nai 3,L50,450120.0
16/06/2025,75,Đồng Nai,26272,Xã Hố Nai 3,M13,128644.0
16/06/2025,75,Đồng Nai,26272,Xã Hố Nai 3,M17,2522760.0
16/06/2025,75,Đồng Nai,26272,Xã Hố Nai 3,M25,297850.0
16/06/2025,75,Đồng Nai,26272,Xã Hố Nai 3,M47,11277741.0
16/06/2025,75,Đồng Nai,26272,Xã Hố Nai 3,M54,19734472.0
16/06/2025,75,Đồng Nai,26272,Xã Hố Nai 3,M65,719635.0
16/06/2025,75,Đồng Nai,26272,Xã Hố Nai 3,N23,295200.0
16/06/2025,75,Đồng Nai,26272,Xã Hố Nai 3,N39,1150232.0
16/06/2025,75,Đồng Nai,26272,Xã Hố Nai 3,N45,86320.0
16/06/2025,75,Đồng Nai,26272,Xã Hố Nai 3,N76,221200.0
16/06/2025,75,Đồng Nai,26272,Xã Hố Nai 3,N92,587260.0
16/06/2025,75,Đồng Nai,26272,Xã Hố Nai 3,N93,757390.0
16/06/2025,75,Đồng Nai,26272,Xã Hố Nai 3,N94,130690.0
16/06/2025,75,Đồng Nai,26272,Xã Hố Nai 3,O20,103500.0
16/06/2025,75,Đồng Nai,26272,Xã Hố Nai 3,O91,323900.0
16/06/2025,75,Đồng Nai,26272,Xã Hố Nai 3,R10,5428438.0
16/06/2025,75,Đồng Nai,26272,Xã Hố Nai 3,R50,5124112.0
16/06/2025,75,Đồng Nai,26272,Xã Hố Nai 3,S32,320894.0
16/06/2025,75,Đồng Nai,26272,Xã Hố Nai 3,S41,577200.0
16/06/2025,75,Đồng Nai,26272,Xã Hố Nai 3,S42,118050.0
16/06/2025,75,Đồng Nai,26272,Xã Hố Nai 3,S43,189568.0
16/06/2025,75,Đồng Nai,26272,Xã Hố Nai 3,S51,191050.0
16/06/2025,75,Đồng Nai,26272,Xã Hố Nai 3,S52,225240.0
16/06/2025,75,Đồng Nai,26272,Xã Hố Nai 3,S61,279384.0
16/06/2025,75,Đồng Nai,26272,Xã Hố Nai 3,S80,255920.0
16/06/2025,75,Đồng Nai,26272,Xã Hố Nai 3,S81,274200.0
16/06/2025,75,Đồng Nai,26272,Xã Hố Nai 3,S82,472484.0
16/06/2025,75,Đồng Nai,26272,Xã Hố Nai 3,S83,153300.0
16/06/2025,75,Đồng Nai,26272,Xã Hố Nai 3,S86,168400.0
16/06/2025,75,Đồng Nai,26272,Xã Hố Nai 3,S99,118620.0
16/06/2025,75,Đồng Nai,26272,Xã Hố Nai 3,Z34,1321300.0
16/06/2025,75,Đồng Nai,26272,Xã Hố Nai 3,Z35,3629020.0
16/06/2025,75,Đồng Nai,26296,Xã An Viễn,Khác,0.0
16/06/2025,75,Đồng Nai,26299,Xã Gia Tân 1,Khác,0.0
16/06/2025,75,Đồng Nai,26311,Xã Quang Trung,Khác,0.0
16/06/2025,75,Đồng Nai,26317,Xã Hưng Lộc,Khác,0.0
16/06/2025,75,Đồng Nai,26326,Thị Trấn Dầu Giây,A04,1316485.0
16/06/2025,75,Đồng Nai,26326,Thị Trấn Dầu Giây,A08,779172.0
16/06/2025,75,Đồng Nai,26326,Thị Trấn Dầu Giây,A09,401235.0
16/06/2025,75,Đồng Nai,26326,Thị Trấn Dầu Giây,A15,1060140.0
16/06/2025,75,Đồng Nai,26326,Thị Trấn Dầu Giây,A97,14808097.0
16/06/2025,75,Đồng Nai,26326,Thị Trấn Dầu Giây,B05,3475857.0
16/06/2025,75,Đồng Nai,26326,Thị Trấn Dầu Giây,B18,707160.0
16/06/2025,75,Đồng Nai,26326,Thị Trấn Dầu Giây,B34,4146288.0
16/06/2025,75,Đồng Nai,26326,Thị Trấn Dầu Giây,B36,86770.0
16/06/2025,75,Đồng Nai,26326,Thị Trấn Dầu Giây,B77,91460.0
16/06/2025,75,Đồng Nai,26326,Thị Trấn Dầu Giây,B83,39800.0
16/06/2025,75,Đồng Nai,26326,Thị Trấn Dầu Giây,D23,3452885.0
16/06/2025,75,Đồng Nai,26326,Thị Trấn Dầu Giây,D34,39800.0
16/06/2025,75,Đồng Nai,26326,Thị Trấn Dầu Giây,D43,663200.0
16/06/2025,75,Đồng Nai,26326,Thị Trấn Dầu Giây,D50,108680.0
16/06/2025,75,Đồng Nai,26326,Thị Trấn Dầu Giây,D64,847566.0
16/06/2025,75,Đồng Nai,26326,Thị Trấn Dầu Giây,E05,92830.0
16/06/2025,75,Đồng Nai,26326,Thị Trấn Dầu Giây,E11,21124218.0
16/06/2025,75,Đồng Nai,26326,Thị Trấn Dầu Giây,E27,39800.0
16/06/2025,75,Đồng Nai,26326,Thị Trấn Dầu Giây,E63,270100.0
16/06/2025,75,Đồng Nai,26326,Thị Trấn Dầu Giây,E78,3832543.0
16/06/2025,75,Đồng Nai,26326,Thị Trấn Dầu Giây,E83,74800.0
16/06/2025,75,Đồng Nai,26326,Thị Trấn Dầu Giây,E89,39800.0
16/06/2025,75,Đồng Nai,26326,Thị Trấn Dầu Giây,F41,105194.0
16/06/2025,75,Đồng Nai,26326,Thị Trấn Dầu Giây,F78,84400.0
16/06/2025,75,Đồng Nai,26326,Thị Trấn Dầu Giây,G40,39800.0
16/06/2025,75,Đồng Nai,26326,Thị Trấn Dầu Giây,G44,144720.0
16/06/2025,75,Đồng Nai,26326,Thị Trấn Dầu Giây,G45,311132.0
16/06/2025,75,Đồng Nai,26326,Thị Trấn Dầu Giây,G47,773540.0
16/06/2025,75,Đồng Nai,26326,Thị Trấn Dầu Giây,G51,39800.0
16/06/2025,75,Đồng Nai,26326,Thị Trấn Dầu Giây,G53,354820.0
16/06/2025,75,Đồng Nai,26326,Thị Trấn Dầu Giây,G56,482704.0
16/06/2025,75,Đồng Nai,26326,Thị Trấn Dầu Giây,G58,255960.0
16/06/2025,75,Đồng Nai,26326,Thị Trấn Dầu Giây,H00,326121.0
16/06/2025,75,Đồng Nai,26326,Thị Trấn Dầu Giây,H01,138140.0
16/06/2025,75,Đồng Nai,26326,Thị Trấn Dầu Giây,H04,1186126.0
16/06/2025,75,Đồng Nai,26326,Thị Trấn Dầu Giây,H10,264776.0
16/06/2025,75,Đồng Nai,26326,Thị Trấn Dầu Giây,H25,39800.0
16/06/2025,75,Đồng Nai,26326,Thị Trấn Dầu Giây,H26,39800.0
16/06/2025,75,Đồng Nai,26326,Thị Trấn Dầu Giây,H40,847974.0
16/06/2025,75,Đồng Nai,26326,Thị Trấn Dầu Giây,H60,154600.0
16/06/2025,75,Đồng Nai,26326,Thị Trấn Dầu Giây,H66,119600.0
16/06/2025,75,Đồng Nai,26326,Thị Trấn Dầu Giây,H81,15113178.0
16/06/2025,75,Đồng Nai,26326,Thị Trấn Dầu Giây,I10,12888657.0
16/06/2025,75,Đồng Nai,26326,Thị Trấn Dầu Giây,I20,1400404.0
16/06/2025,75,Đồng Nai,26326,Thị Trấn Dầu Giây,I25,729434.0
16/06/2025,75,Đồng Nai,26326,Thị Trấn Dầu Giây,I49,420462.0
16/06/2025,75,Đồng Nai,26326,Thị Trấn Dầu Giây,I50,4951517.0
16/06/2025,75,Đồng Nai,26326,Thị Trấn Dầu Giây,I69,299682.0
16/06/2025,75,Đồng Nai,26326,Thị Trấn Dầu Giây,I83,267270.0
16/06/2025,75,Đồng Nai,26326,Thị Trấn Dầu Giây,I87,661008.0
16/06/2025,75,Đồng Nai,26326,Thị Trấn Dầu Giây,J02,2088406.0
16/06/2025,75,Đồng Nai,26326,Thị Trấn Dầu Giây,J03,2053015.0
16/06/2025,75,Đồng Nai,26326,Thị Trấn Dầu Giây,J04,128429.0
16/06/2025,75,Đồng Nai,26326,Thị Trấn Dầu Giây,J06,1843318.0
16/06/2025,75,Đồng Nai,26326,Thị Trấn Dầu Giây,J15,12149900.0
16/06/2025,75,Đồng Nai,26326,Thị Trấn Dầu Giây,J18,2045974.0
16/06/2025,75,Đồng Nai,26326,Thị Trấn Dầu Giây,J20,13217846.0
16/06/2025,75,Đồng Nai,26326,Thị Trấn Dầu Giây,J21,347415.0
16/06/2025,75,Đồng Nai,26326,Thị Trấn Dầu Giây,J30,143190.0
16/06/2025,75,Đồng Nai,26326,Thị Trấn Dầu Giây,J31,1791490.0
16/06/2025,75,Đồng Nai,26326,Thị Trấn Dầu Giây,J32,2750541.0
16/06/2025,75,Đồng Nai,26326,Thị Trấn Dầu Giây,J41,1250584.0
16/06/2025,75,Đồng Nai,26326,Thị Trấn Dầu Giây,J44,4940942.0
16/06/2025,75,Đồng Nai,26326,Thị Trấn Dầu Giây,J45,3776923.0
16/06/2025,75,Đồng Nai,26326,Thị Trấn Dầu Giây,K01,39800.0
16/06/2025,75,Đồng Nai,26326,Thị Trấn Dầu Giây,K02,4562015.0
16/06/2025,75,Đồng Nai,26326,Thị Trấn Dầu Giây,K04,1125009.0
16/06/2025,75,Đồng Nai,26326,Thị Trấn Dầu Giây,K05,198900.0
16/06/2025,75,Đồng Nai,26326,Thị Trấn Dầu Giây,K07,40370.0
16/06/2025,75,Đồng Nai,26326,Thị Trấn Dầu Giây,K21,4770076.0
16/06/2025,75,Đồng Nai,26326,Thị Trấn Dầu Giây,K27,784215.0
16/06/2025,75,Đồng Nai,26326,Thị Trấn Dầu Giây,K29,2858972.0
16/06/2025,75,Đồng Nai,26326,Thị Trấn Dầu Giây,K30,1202354.0
16/06/2025,75,Đồng Nai,26326,Thị Trấn Dầu Giây,K35,39800.0
16/06/2025,75,Đồng Nai,26326,Thị Trấn Dầu Giây,K51,39800.0
16/06/2025,75,Đồng Nai,26326,Thị Trấn Dầu Giây,K52,1069238.0
16/06/2025,75,Đồng Nai,26326,Thị Trấn Dầu Giây,K59,1158982.0
16/06/2025,75,Đồng Nai,26326,Thị Trấn Dầu Giây,K64,205698.0
16/06/2025,75,Đồng Nai,26326,Thị Trấn Dầu Giây,K75,339547.0
16/06/2025,75,Đồng Nai,26326,Thị Trấn Dầu Giây,K76,1460985.0
16/06/2025,75,Đồng Nai,26326,Thị Trấn Dầu Giây,K80,280580.0
16/06/2025,75,Đồng Nai,26326,Thị Trấn Dầu Giây,L02,86273.0
16/06/2025,75,Đồng Nai,26326,Thị Trấn Dầu Giây,L03,468591.0
16/06/2025,75,Đồng Nai,26326,Thị Trấn Dầu Giây,L20,312628.0
16/06/2025,75,Đồng Nai,26326,Thị Trấn Dầu Giây,L28,424940.0
16/06/2025,75,Đồng Nai,26326,Thị Trấn Dầu Giây,M10,499530.0
16/06/2025,75,Đồng Nai,26326,Thị Trấn Dầu Giây,M13,4728046.0
16/06/2025,75,Đồng Nai,26326,Thị Trấn Dầu Giây,M17,2278051.0
16/06/2025,75,Đồng Nai,26326,Thị Trấn Dầu Giây,M19,538994.0
16/06/2025,75,Đồng Nai,26326,Thị Trấn Dầu Giây,M45,39800.0
16/06/2025,75,Đồng Nai,26326,Thị Trấn Dầu Giây,M47,8524517.0
16/06/2025,75,Đồng Nai,26326,Thị Trấn Dầu Giây,M51,79600.0
16/06/2025,75,Đồng Nai,26326,Thị Trấn Dầu Giây,M54,3601315.0
16/06/2025,75,Đồng Nai,26326,Thị Trấn Dầu Giây,M62,238733.0
16/06/2025,75,Đồng Nai,26326,Thị Trấn Dầu Giây,M65,371444.0
16/06/2025,75,Đồng Nai,26326,Thị Trấn Dầu Giây,M77,245869.0
16/06/2025,75,Đồng Nai,26326,Thị Trấn Dầu Giây,N18,119400.0
16/06/2025,75,Đồng Nai,26326,Thị Trấn Dầu Giây,N20,568281.0
16/06/2025,75,Đồng Nai,26326,Thị Trấn Dầu Giây,N39,751883.0
16/06/2025,75,Đồng Nai,26326,Thị Trấn Dầu Giây,N40,2234943.0
16/06/2025,75,Đồng Nai,26326,Thị Trấn Dầu Giây,N47,137032.0
16/06/2025,75,Đồng Nai,26326,Thị Trấn Dầu Giây,N70,2087141.0
16/06/2025,75,Đồng Nai,26326,Thị Trấn Dầu Giây,N80,1166412.0
16/06/2025,75,Đồng Nai,26326,Thị Trấn Dầu Giây,N92,2145892.0
16/06/2025,75,Đồng Nai,26326,Thị Trấn Dầu Giây,O03,1147912.0
16/06/2025,75,Đồng Nai,26326,Thị Trấn Dầu Giây,O20,2395465.0
16/06/2025,75,Đồng Nai,26326,Thị Trấn Dầu Giây,O80,2110843.0
16/06/2025,75,Đồng Nai,26326,Thị Trấn Dầu Giây,P59,43500.0
16/06/2025,75,Đồng Nai,26326,Thị Trấn Dầu Giây,R00,173360.0
16/06/2025,75,Đồng Nai,26326,Thị Trấn Dầu Giây,R07,347130.0
16/06/2025,75,Đồng Nai,26326,Thị Trấn Dầu Giây,R10,696235.0
16/06/2025,75,Đồng Nai,26326,Thị Trấn Dầu Giây,R39,706310.0
16/06/2025,75,Đồng Nai,26326,Thị Trấn Dầu Giây,R42,223445.0
16/06/2025,75,Đồng Nai,26326,Thị Trấn Dầu Giây,R51,3952850.0
16/06/2025,75,Đồng Nai,26326,Thị Trấn Dầu Giây,R56,595839.0
16/06/2025,75,Đồng Nai,26326,Thị Trấn Dầu Giây,R64,1620324.0
16/06/2025,75,Đồng Nai,26326,Thị Trấn Dầu Giây,R73,4294955.0
16/06/2025,75,Đồng Nai,26326,Thị Trấn Dầu Giây,S00,166720.0
16/06/2025,75,Đồng Nai,26326,Thị Trấn Dầu Giây,S01,651419.0
16/06/2025,75,Đồng Nai,26326,Thị Trấn Dầu Giây,S03,42941.0
16/06/2025,75,Đồng Nai,26326,Thị Trấn Dầu Giây,S20,105845.0
16/06/2025,75,Đồng Nai,26326,Thị Trấn Dầu Giây,S42,115587.0
16/06/2025,75,Đồng Nai,26326,Thị Trấn Dầu Giây,S60,296067.0
16/06/2025,75,Đồng Nai,26326,Thị Trấn Dầu Giây,S61,351814.0
16/06/2025,75,Đồng Nai,26326,Thị Trấn Dầu Giây,S81,694420.0
16/06/2025,75,Đồng Nai,26326,Thị Trấn Dầu Giây,S82,145100.0
16/06/2025,75,Đồng Nai,26326,Thị Trấn Dầu Giây,S90,340650.0
16/06/2025,75,Đồng Nai,26326,Thị Trấn Dầu Giây,T15,390144.0
16/06/2025,75,Đồng Nai,26326,Thị Trấn Dầu Giây,T31,198836.0
16/06/2025,75,Đồng Nai,26326,Thị Trấn Dầu Giây,T78,1705680.0
16/06/2025,75,Đồng Nai,26326,Thị Trấn Dầu Giây,T88,735587.0
16/06/2025,75,Đồng Nai,26326,Thị Trấn Dầu Giây,T90,39800.0
16/06/2025,75,Đồng Nai,26326,Thị Trấn Dầu Giây,Z09,1600989.0
16/06/2025,75,Đồng Nai,26326,Thị Trấn Dầu Giây,Z34,98400.0
16/06/2025,75,Đồng Nai,26326,Thị Trấn Dầu Giây,Z35,1507400.0
16/06/2025,75,Đồng Nai,26326,Thị Trấn Dầu Giây,Z96,145100.0
16/06/2025,75,Đồng Nai,26326,Thị Trấn Dầu Giây,Z98,235953.0
16/06/2025,75,Đồng Nai,26362,Xã Sông Ray,Khác,0.0
16/06/2025,75,Đồng Nai,26368,Thị Trấn Long Thành,A04,146212.0
16/06/2025,75,Đồng Nai,26368,Thị Trấn Long Thành,A09,894862.0
16/06/2025,75,Đồng Nai,26368,Thị Trấn Long Thành,A97,501763.0
16/06/2025,75,Đồng Nai,26368,Thị Trấn Long Thành,B33,486570.0
16/06/2025,75,Đồng Nai,26368,Thị Trấn Long Thành,D24,153700.0
16/06/2025,75,Đồng Nai,26368,Thị Trấn Long Thành,D50,251000.0
16/06/2025,75,Đồng Nai,26368,Thị Trấn Long Thành,E11,263990.0
16/06/2025,75,Đồng Nai,26368,Thị Trấn Long Thành,H10,86510.0
16/06/2025,75,Đồng Nai,26368,Thị Trấn Long Thành,H60,163950.0
16/06/2025,75,Đồng Nai,26368,Thị Trấn Long Thành,H61,86200.0
16/06/2025,75,Đồng Nai,26368,Thị Trấn Long Thành,H81,545843.0
16/06/2025,75,Đồng Nai,26368,Thị Trấn Long Thành,I10,142695.0
16/06/2025,75,Đồng Nai,26368,Thị Trấn Long Thành,I20,44270.0
16/06/2025,75,Đồng Nai,26368,Thị Trấn Long Thành,I95,106300.0
16/06/2025,75,Đồng Nai,26368,Thị Trấn Long Thành,J01,291655.0
16/06/2025,75,Đồng Nai,26368,Thị Trấn Long Thành,J02,76500.0
16/06/2025,75,Đồng Nai,26368,Thị Trấn Long Thành,J06,870282.0
16/06/2025,75,Đồng Nai,26368,Thị Trấn Long Thành,J20,629890.0
16/06/2025,75,Đồng Nai,26368,Thị Trấn Long Thành,J21,52082.0
16/06/2025,75,Đồng Nai,26368,Thị Trấn Long Thành,J39,126200.0
16/06/2025,75,Đồng Nai,26368,Thị Trấn Long Thành,K05,168400.0
16/06/2025,75,Đồng Nai,26368,Thị Trấn Long Thành,K29,142025.0
16/06/2025,75,Đồng Nai,26368,Thị Trấn Long Thành,K35,86200.0
16/06/2025,75,Đồng Nai,26368,Thị Trấn Long Thành,K76,428153.0
16/06/2025,75,Đồng Nai,26368,Thị Trấn Long Thành,Khác,0.0
16/06/2025,75,Đồng Nai,26368,Thị Trấn Long Thành,L03,250210.0
16/06/2025,75,Đồng Nai,26368,Thị Trấn Long Thành,L08,171712.0
16/06/2025,75,Đồng Nai,26368,Thị Trấn Long Thành,L20,102196.0
16/06/2025,75,Đồng Nai,26368,Thị Trấn Long Thành,M02,49790.0
16/06/2025,75,Đồng Nai,26368,Thị Trấn Long Thành,M13,100250.0
16/06/2025,75,Đồng Nai,26368,Thị Trấn Long Thành,M47,243370.0
16/06/2025,75,Đồng Nai,26368,Thị Trấn Long Thành,M54,559330.0
16/06/2025,75,Đồng Nai,26368,Thị Trấn Long Thành,M62,47500.0
16/06/2025,75,Đồng Nai,26368,Thị Trấn Long Thành,N20,232810.0
16/06/2025,75,Đồng Nai,26368,Thị Trấn Long Thành,N30,89100.0
16/06/2025,75,Đồng Nai,26368,Thị Trấn Long Thành,N39,180016.0
16/06/2025,75,Đồng Nai,26368,Thị Trấn Long Thành,N40,122540.0
16/06/2025,75,Đồng Nai,26368,Thị Trấn Long Thành,N47,72422.0
16/06/2025,75,Đồng Nai,26368,Thị Trấn Long Thành,N64,125800.0
16/06/2025,75,Đồng Nai,26368,Thị Trấn Long Thành,N76,190240.0
16/06/2025,75,Đồng Nai,26368,Thị Trấn Long Thành,N92,95100.0
16/06/2025,75,Đồng Nai,26368,Thị Trấn Long Thành,O20,199440.0
16/06/2025,75,Đồng Nai,26368,Thị Trấn Long Thành,O26,1433614.0
16/06/2025,75,Đồng Nai,26368,Thị Trấn Long Thành,R10,105180.0
16/06/2025,75,Đồng Nai,26368,Thị Trấn Long Thành,R50,468002.0
16/06/2025,75,Đồng Nai,26368,Thị Trấn Long Thành,S00,118200.0
16/06/2025,75,Đồng Nai,26368,Thị Trấn Long Thành,S10,147050.0
16/06/2025,75,Đồng Nai,26368,Thị Trấn Long Thành,S30,363250.0
16/06/2025,75,Đồng Nai,26368,Thị Trấn Long Thành,S61,73100.0
16/06/2025,75,Đồng Nai,26368,Thị Trấn Long Thành,S91,183000.0
16/06/2025,75,Đồng Nai,26368,Thị Trấn Long Thành,Z32,976054.0
16/06/2025,75,Đồng Nai,26374,Phường Tam Phước,Khác,0.0
16/06/2025,75,Đồng Nai,26377,Phường Phước Tân,A15,24524538.0
16/06/2025,75,Đồng Nai,26377,Phường Phước Tân,A16,12995266.0
16/06/2025,75,Đồng Nai,26377,Phường Phước Tân,A18,318600.0
16/06/2025,75,Đồng Nai,26377,Phường Phước Tân,B90,540500.0
16/06/2025,75,Đồng Nai,26377,Phường Phước Tân,J44,6980623.0
16/06/2025,75,Đồng Nai,26377,Phường Phước Tân,J45,432300.0
16/06/2025,75,Đồng Nai,26377,Phường Phước Tân,J47,5669752.0
16/06/2025,75,Đồng Nai,26377,Phường Phước Tân,R04,159730.0
16/06/2025,75,Đồng Nai,26377,Phường Phước Tân,T36,246600.0
16/06/2025,75,Đồng Nai,26377,Phường Phước Tân,T88,6556659.0
16/06/2025,75,Đồng Nai,26452,Xã Suối Cát,A04,17117405.0
16/06/2025,75,Đồng Nai,26452,Xã Suối Cát,A06,128800.0
16/06/2025,75,Đồng Nai,26452,Xã Suối Cát,A09,2616168.0
16/06/2025,75,Đồng Nai,26452,Xã Suối Cát,A15,1714228.0
16/06/2025,75,Đồng Nai,26452,Xã Suối Cát,A16,315868.0
16/06/2025,75,Đồng Nai,26452,Xã Suối Cát,A97,16605931.0
16/06/2025,75,Đồng Nai,26452,Xã Suối Cát,B00,950469.0
16/06/2025,75,Đồng Nai,26452,Xã Suối Cát,B02,2383062.0
16/06/2025,75,Đồng Nai,26452,Xã Suối Cát,B05,1585138.0
16/06/2025,75,Đồng Nai,26452,Xã Suối Cát,B08,3221910.0
16/06/2025,75,Đồng Nai,26452,Xã Suối Cát,B18,308016.0
16/06/2025,75,Đồng Nai,26452,Xã Suối Cát,B34,2912680.0
16/06/2025,75,Đồng Nai,26452,Xã Suối Cát,C16,39800.0
16/06/2025,75,Đồng Nai,26452,Xã Suối Cát,C18,730051.0
16/06/2025,75,Đồng Nai,26452,Xã Suối Cát,C22,39800.0
16/06/2025,75,Đồng Nai,26452,Xã Suối Cát,C91,39800.0
16/06/2025,75,Đồng Nai,26452,Xã Suối Cát,D23,5918300.0
16/06/2025,75,Đồng Nai,26452,Xã Suối Cát,D25,462226.0
16/06/2025,75,Đồng Nai,26452,Xã Suối Cát,D33,629800.0
16/06/2025,75,Đồng Nai,26452,Xã Suối Cát,D44,39800.0
16/06/2025,75,Đồng Nai,26452,Xã Suối Cát,D50,229200.0
16/06/2025,75,Đồng Nai,26452,Xã Suối Cát,E01,753066.0
16/06/2025,75,Đồng Nai,26452,Xã Suối Cát,E05,39800.0
16/06/2025,75,Đồng Nai,26452,Xã Suối Cát,E11,52999771.0
16/06/2025,75,Đồng Nai,26452,Xã Suối Cát,E16,899653.0
16/06/2025,75,Đồng Nai,26452,Xã Suối Cát,E58,3674903.0
16/06/2025,75,Đồng Nai,26452,Xã Suối Cát,E60,69800.0
16/06/2025,75,Đồng Nai,26452,Xã Suối Cát,E72,945347.0
16/06/2025,75,Đồng Nai,26452,Xã Suối Cát,E78,4892360.0
16/06/2025,75,Đồng Nai,26452,Xã Suối Cát,F41,39800.0
16/06/2025,75,Đồng Nai,26452,Xã Suối Cát,F51,1589140.0
16/06/2025,75,Đồng Nai,26452,Xã Suối Cát,G25,4479596.0
16/06/2025,75,Đồng Nai,26452,Xã Suối Cát,G44,39800.0
16/06/2025,75,Đồng Nai,26452,Xã Suối Cát,G56,4307380.0
16/06/2025,75,Đồng Nai,26452,Xã Suối Cát,H00,328230.0
16/06/2025,75,Đồng Nai,26452,Xã Suối Cát,H01,1832008.0
16/06/2025,75,Đồng Nai,26452,Xã Suối Cát,H04,291785.0
16/06/2025,75,Đồng Nai,26452,Xã Suối Cát,H10,1448216.0
16/06/2025,75,Đồng Nai,26452,Xã Suối Cát,H11,1632704.0
16/06/2025,75,Đồng Nai,26452,Xã Suối Cát,H16,39800.0
16/06/2025,75,Đồng Nai,26452,Xã Suối Cát,H25,99800.0
16/06/2025,75,Đồng Nai,26452,Xã Suối Cát,H35,99800.0
16/06/2025,75,Đồng Nai,26452,Xã Suối Cát,H52,144800.0
16/06/2025,75,Đồng Nai,26452,Xã Suối Cát,H60,102810.0
16/06/2025,75,Đồng Nai,26452,Xã Suối Cát,H66,691213.0
16/06/2025,75,Đồng Nai,26452,Xã Suối Cát,H81,14715401.0
16/06/2025,75,Đồng Nai,26452,Xã Suối Cát,I10,35248002.0
16/06/2025,75,Đồng Nai,26452,Xã Suối Cát,I20,5174860.0
16/06/2025,75,Đồng Nai,26452,Xã Suối Cát,I25,1214320.0
16/06/2025,75,Đồng Nai,26452,Xã Suối Cát,I48,195956.0
16/06/2025,75,Đồng Nai,26452,Xã Suối Cát,I50,664536.0
16/06/2025,75,Đồng Nai,26452,Xã Suối Cát,I63,1295679.0
16/06/2025,75,Đồng Nai,26452,Xã Suối Cát,I69,228901.0
16/06/2025,75,Đồng Nai,26452,Xã Suối Cát,I83,2928355.0
16/06/2025,75,Đồng Nai,26452,Xã Suối Cát,J00,394995.0
16/06/2025,75,Đồng Nai,26452,Xã Suối Cát,J01,8530560.0
16/06/2025,75,Đồng Nai,26452,Xã Suối Cát,J02,1266703.0
16/06/2025,75,Đồng Nai,26452,Xã Suối Cát,J03,251214.0
16/06/2025,75,Đồng Nai,26452,Xã Suối Cát,J06,12879567.0
16/06/2025,75,Đồng Nai,26452,Xã Suối Cát,J10,336920.0
16/06/2025,75,Đồng Nai,26452,Xã Suối Cát,J12,180570.0
16/06/2025,75,Đồng Nai,26452,Xã Suối Cát,J15,192012.0
16/06/2025,75,Đồng Nai,26452,Xã Suối Cát,J20,7200348.0
16/06/2025,75,Đồng Nai,26452,Xã Suối Cát,J21,12299993.0
16/06/2025,75,Đồng Nai,26452,Xã Suối Cát,J30,49215.0
16/06/2025,75,Đồng Nai,26452,Xã Suối Cát,J31,252479.0
16/06/2025,75,Đồng Nai,26452,Xã Suối Cát,J32,1161900.0
16/06/2025,75,Đồng Nai,26452,Xã Suối Cát,J39,79800.0
16/06/2025,75,Đồng Nai,26452,Xã Suối Cát,J44,12404367.8
16/06/2025,75,Đồng Nai,26452,Xã Suối Cát,J45,7045478.0
16/06/2025,75,Đồng Nai,26452,Xã Suối Cát,J98,374879.0
16/06/2025,75,Đồng Nai,26452,Xã Suối Cát,K00,87150.0
16/06/2025,75,Đồng Nai,26452,Xã Suối Cát,K01,63371.0
16/06/2025,75,Đồng Nai,26452,Xã Suối Cát,K04,1237880.0
16/06/2025,75,Đồng Nai,26452,Xã Suối Cát,K07,89960.0
16/06/2025,75,Đồng Nai,26452,Xã Suối Cát,K12,142280.0
16/06/2025,75,Đồng Nai,26452,Xã Suối Cát,K14,1592502.0
16/06/2025,75,Đồng Nai,26452,Xã Suối Cát,K21,12752668.0
16/06/2025,75,Đồng Nai,26452,Xã Suối Cát,K25,1119700.0
16/06/2025,75,Đồng Nai,26452,Xã Suối Cát,K27,2221594.0
16/06/2025,75,Đồng Nai,26452,Xã Suối Cát,K29,624400.0
16/06/2025,75,Đồng Nai,26452,Xã Suối Cát,K35,6616418.0
16/06/2025,75,Đồng Nai,26452,Xã Suối Cát,K52,511800.0
16/06/2025,75,Đồng Nai,26452,Xã Suối Cát,K59,141900.0
16/06/2025,75,Đồng Nai,26452,Xã Suối Cát,K64,906290.0
16/06/2025,75,Đồng Nai,26452,Xã Suối Cát,K73,328476.0
16/06/2025,75,Đồng Nai,26452,Xã Suối Cát,K74,39800.0
16/06/2025,75,Đồng Nai,26452,Xã Suối Cát,K76,641465.0
16/06/2025,75,Đồng Nai,26452,Xã Suối Cát,K80,1465657.0
16/06/2025,75,Đồng Nai,26452,Xã Suối Cát,L02,1867106.0
16/06/2025,75,Đồng Nai,26452,Xã Suối Cát,L03,215930.0
16/06/2025,75,Đồng Nai,26452,Xã Suối Cát,L04,171900.0
16/06/2025,75,Đồng Nai,26452,Xã Suối Cát,L20,1210700.0
16/06/2025,75,Đồng Nai,26452,Xã Suối Cát,L23,176060.0
16/06/2025,75,Đồng Nai,26452,Xã Suối Cát,L60,380660.0
16/06/2025,75,Đồng Nai,26452,Xã Suối Cát,M06,1479300.0
16/06/2025,75,Đồng Nai,26452,Xã Suối Cát,M10,4868823.0
16/06/2025,75,Đồng Nai,26452,Xã Suối Cát,M13,2168191.0
16/06/2025,75,Đồng Nai,26452,Xã Suối Cát,M17,1388290.0
16/06/2025,75,Đồng Nai,26452,Xã Suối Cát,M47,2348021.0
16/06/2025,75,Đồng Nai,26452,Xã Suối Cát,M53,11296396.0
16/06/2025,75,Đồng Nai,26452,Xã Suối Cát,M54,28525763.0
16/06/2025,75,Đồng Nai,26452,Xã Suối Cát,M65,294896.0
16/06/2025,75,Đồng Nai,26452,Xã Suối Cát,M67,3985575.0
16/06/2025,75,Đồng Nai,26452,Xã Suối Cát,M77,1349892.0
16/06/2025,75,Đồng Nai,26452,Xã Suối Cát,N13,98400.0
16/06/2025,75,Đồng Nai,26452,Xã Suối Cát,N17,13281552.0
16/06/2025,75,Đồng Nai,26452,Xã Suối Cát,N18,352600.0
16/06/2025,75,Đồng Nai,26452,Xã Suối Cát,N20,1577855.0
16/06/2025,75,Đồng Nai,26452,Xã Suối Cát,N23,2554941.0
16/06/2025,75,Đồng Nai,26452,Xã Suối Cát,N30,15640818.0
16/06/2025,75,Đồng Nai,26452,Xã Suối Cát,N39,5474178.0
16/06/2025,75,Đồng Nai,26452,Xã Suối Cát,N40,2923772.0
16/06/2025,75,Đồng Nai,26452,Xã Suối Cát,N72,198460.0
16/06/2025,75,Đồng Nai,26452,Xã Suối Cát,N75,79085.0
16/06/2025,75,Đồng Nai,26452,Xã Suối Cát,N76,198460.0
16/06/2025,75,Đồng Nai,26452,Xã Suối Cát,N92,149120.0
16/06/2025,75,Đồng Nai,26452,Xã Suối Cát,N93,39800.0
16/06/2025,75,Đồng Nai,26452,Xã Suối Cát,O21,1941542.0
16/06/2025,75,Đồng Nai,26452,Xã Suối Cát,O26,552800.0
16/06/2025,75,Đồng Nai,26452,Xã Suối Cát,O28,2038026.0
16/06/2025,75,Đồng Nai,26452,Xã Suối Cát,O80,2172940.0
16/06/2025,75,Đồng Nai,26452,Xã Suối Cát,O82,6119036.0
16/06/2025,75,Đồng Nai,26452,Xã Suối Cát,O91,153399.0
16/06/2025,75,Đồng Nai,26452,Xã Suối Cát,R00,2791944.0
16/06/2025,75,Đồng Nai,26452,Xã Suối Cát,R05,149800.0
16/06/2025,75,Đồng Nai,26452,Xã Suối Cát,R06,933474.0
16/06/2025,75,Đồng Nai,26452,Xã Suối Cát,R07,298800.0
16/06/2025,75,Đồng Nai,26452,Xã Suối Cát,R10,355460.0
16/06/2025,75,Đồng Nai,26452,Xã Suối Cát,R33,3536646.0
16/06/2025,75,Đồng Nai,26452,Xã Suối Cát,R42,348600.0
16/06/2025,75,Đồng Nai,26452,Xã Suối Cát,R53,39800.0
16/06/2025,75,Đồng Nai,26452,Xã Suối Cát,R56,1400827.0
16/06/2025,75,Đồng Nai,26452,Xã Suối Cát,R94,383537.0
16/06/2025,75,Đồng Nai,26452,Xã Suối Cát,R99,935821.0
16/06/2025,75,Đồng Nai,26452,Xã Suối Cát,S00,6264899.0
16/06/2025,75,Đồng Nai,26452,Xã Suối Cát,S01,3181950.0
16/06/2025,75,Đồng Nai,26452,Xã Suối Cát,S02,589900.0
16/06/2025,75,Đồng Nai,26452,Xã Suối Cát,S06,1260815.0
16/06/2025,75,Đồng Nai,26452,Xã Suối Cát,S20,186400.0
16/06/2025,75,Đồng Nai,26452,Xã Suối Cát,S33,816336.0
16/06/2025,75,Đồng Nai,26452,Xã Suối Cát,S40,389634.0
16/06/2025,75,Đồng Nai,26452,Xã Suối Cát,S42,548247.0
16/06/2025,75,Đồng Nai,26452,Xã Suối Cát,S43,163150.0
16/06/2025,75,Đồng Nai,26452,Xã Suối Cát,S50,439250.0
16/06/2025,75,Đồng Nai,26452,Xã Suối Cát,S51,4113313.0
16/06/2025,75,Đồng Nai,26452,Xã Suối Cát,S52,1768040.0
16/06/2025,75,Đồng Nai,26452,Xã Suối Cát,S53,163150.0
16/06/2025,75,Đồng Nai,26452,Xã Suối Cát,S60,224979.0
16/06/2025,75,Đồng Nai,26452,Xã Suối Cát,S66,312140.0
16/06/2025,75,Đồng Nai,26452,Xã Suối Cát,S72,149040.0
16/06/2025,75,Đồng Nai,26452,Xã Suối Cát,S80,1906812.0
16/06/2025,75,Đồng Nai,26452,Xã Suối Cát,S81,277150.0
16/06/2025,75,Đồng Nai,26452,Xã Suối Cát,S82,2033871.0
16/06/2025,75,Đồng Nai,26452,Xã Suối Cát,S83,57300.0
16/06/2025,75,Đồng Nai,26452,Xã Suối Cát,S90,597766.0
16/06/2025,75,Đồng Nai,26452,Xã Suối Cát,S91,215979.0
16/06/2025,75,Đồng Nai,26452,Xã Suối Cát,S92,1997254.0
16/06/2025,75,Đồng Nai,26452,Xã Suối Cát,S93,65315.0
16/06/2025,75,Đồng Nai,26452,Xã Suối Cát,T15,222530.0
16/06/2025,75,Đồng Nai,26452,Xã Suối Cát,T17,258950.0
16/06/2025,75,Đồng Nai,26452,Xã Suối Cát,T78,3648362.0
16/06/2025,75,Đồng Nai,26452,Xã Suối Cát,T79,206734.0
16/06/2025,75,Đồng Nai,26452,Xã Suối Cát,T90,73210.0
16/06/2025,75,Đồng Nai,26452,Xã Suối Cát,W44,39800.0
16/06/2025,75,Đồng Nai,26452,Xã Suối Cát,Z01,39800.0
16/06/2025,75,Đồng Nai,26452,Xã Suối Cát,Z47,5776800.0
16/06/2025,75,Đồng Nai,26452,Xã Suối Cát,Z48,701500.0
16/06/2025,75,Đồng Nai,26452,Xã Suối Cát,Z93,343176.0
16/06/2025,75,Đồng Nai,26452,Xã Suối Cát,Z95,665326.0
16/06/2025,75,Đồng Nai,26452,Xã Suối Cát,Z96,366300.0
16/06/2025,75,Đồng Nai,26452,Xã Suối Cát,Z98,1961575.0
16/06/2025,75,Đồng Nai,26455,Xã Xuân Hiệp,A04,1788651.0
16/06/2025,75,Đồng Nai,26455,Xã Xuân Hiệp,B00,366594.0
16/06/2025,75,Đồng Nai,26455,Xã Xuân Hiệp,B08,435915.0
16/06/2025,75,Đồng Nai,26455,Xã Xuân Hiệp,B18,109500.0
16/06/2025,75,Đồng Nai,26455,Xã Xuân Hiệp,B34,4842075.0
16/06/2025,75,Đồng Nai,26455,Xã Xuân Hiệp,C73,109500.0
16/06/2025,75,Đồng Nai,26455,Xã Xuân Hiệp,D23,498600.0
16/06/2025,75,Đồng Nai,26455,Xã Xuân Hiệp,D50,147300.0
16/06/2025,75,Đồng Nai,26455,Xã Xuân Hiệp,D61,258600.0
16/06/2025,75,Đồng Nai,26455,Xã Xuân Hiệp,E01,570426.0
16/06/2025,75,Đồng Nai,26455,Xã Xuân Hiệp,E11,64268265.0
16/06/2025,75,Đồng Nai,26455,Xã Xuân Hiệp,E58,170190.0
16/06/2025,75,Đồng Nai,26455,Xã Xuân Hiệp,E60,244725.0
16/06/2025,75,Đồng Nai,26455,Xã Xuân Hiệp,E78,6770301.0
16/06/2025,75,Đồng Nai,26455,Xã Xuân Hiệp,G44,355350.0
16/06/2025,75,Đồng Nai,26455,Xã Xuân Hiệp,G45,992079.0
16/06/2025,75,Đồng Nai,26455,Xã Xuân Hiệp,G57,264858.0
16/06/2025,75,Đồng Nai,26455,Xã Xuân Hiệp,G58,261600.0
16/06/2025,75,Đồng Nai,26455,Xã Xuân Hiệp,G95,142350.0
16/06/2025,75,Đồng Nai,26455,Xã Xuân Hiệp,H00,1070490.0
16/06/2025,75,Đồng Nai,26455,Xã Xuân Hiệp,H02,523590.0
16/06/2025,75,Đồng Nai,26455,Xã Xuân Hiệp,H10,3531006.0
16/06/2025,75,Đồng Nai,26455,Xã Xuân Hiệp,H16,744327.0
16/06/2025,75,Đồng Nai,26455,Xã Xuân Hiệp,H25,5060244.0
16/06/2025,75,Đồng Nai,26455,Xã Xuân Hiệp,H66,3317571.0
16/06/2025,75,Đồng Nai,26455,Xã Xuân Hiệp,I10,65629281.0
16/06/2025,75,Đồng Nai,26455,Xã Xuân Hiệp,I25,3567876.0
16/06/2025,75,Đồng Nai,26455,Xã Xuân Hiệp,I64,109500.0
16/06/2025,75,Đồng Nai,26455,Xã Xuân Hiệp,I69,4911060.0
16/06/2025,75,Đồng Nai,26455,Xã Xuân Hiệp,I83,9935082.0
16/06/2025,75,Đồng Nai,26455,Xã Xuân Hiệp,J00,1965300.0
16/06/2025,75,Đồng Nai,26455,Xã Xuân Hiệp,J01,22553808.0
16/06/2025,75,Đồng Nai,26455,Xã Xuân Hiệp,J02,1835970.0
16/06/2025,75,Đồng Nai,26455,Xã Xuân Hiệp,J03,480000.0
16/06/2025,75,Đồng Nai,26455,Xã Xuân Hiệp,J06,9091305.0
16/06/2025,75,Đồng Nai,26455,Xã Xuân Hiệp,J18,333168.0
16/06/2025,75,Đồng Nai,26455,Xã Xuân Hiệp,J20,6744507.0
16/06/2025,75,Đồng Nai,26455,Xã Xuân Hiệp,J21,319812.0
16/06/2025,75,Đồng Nai,26455,Xã Xuân Hiệp,J30,999906.0
16/06/2025,75,Đồng Nai,26455,Xã Xuân Hiệp,J42,691500.0
16/06/2025,75,Đồng Nai,26455,Xã Xuân Hiệp,J44,699108.0
16/06/2025,75,Đồng Nai,26455,Xã Xuân Hiệp,K00,911670.0
16/06/2025,75,Đồng Nai,26455,Xã Xuân Hiệp,K02,6213597.0
16/06/2025,75,Đồng Nai,26455,Xã Xuân Hiệp,K04,18707499.0
16/06/2025,75,Đồng Nai,26455,Xã Xuân Hiệp,K05,4967625.0
16/06/2025,75,Đồng Nai,26455,Xã Xuân Hiệp,K11,665187.0
16/06/2025,75,Đồng Nai,26455,Xã Xuân Hiệp,K21,1819167.0
16/06/2025,75,Đồng Nai,26455,Xã Xuân Hiệp,K29,1459374.0
16/06/2025,75,Đồng Nai,26455,Xã Xuân Hiệp,K35,434400.0
16/06/2025,75,Đồng Nai,26455,Xã Xuân Hiệp,K59,544425.0
16/06/2025,75,Đồng Nai,26455,Xã Xuân Hiệp,K64,109500.0
16/06/2025,75,Đồng Nai,26455,Xã Xuân Hiệp,K76,732120.0
16/06/2025,75,Đồng Nai,26455,Xã Xuân Hiệp,K80,581820.0
16/06/2025,75,Đồng Nai,26455,Xã Xuân Hiệp,L02,6056907.0
16/06/2025,75,Đồng Nai,26455,Xã Xuân Hiệp,L08,1427400.0
16/06/2025,75,Đồng Nai,26455,Xã Xuân Hiệp,L20,4270587.0
16/06/2025,75,Đồng Nai,26455,Xã Xuân Hiệp,M10,451590.0
16/06/2025,75,Đồng Nai,26455,Xã Xuân Hiệp,M13,4164060.0
16/06/2025,75,Đồng Nai,26455,Xã Xuân Hiệp,M17,6261411.0
16/06/2025,75,Đồng Nai,26455,Xã Xuân Hiệp,M47,15898911.0
16/06/2025,75,Đồng Nai,26455,Xã Xuân Hiệp,M54,8197842.0
16/06/2025,75,Đồng Nai,26455,Xã Xuân Hiệp,M60,481350.0
16/06/2025,75,Đồng Nai,26455,Xã Xuân Hiệp,M65,726708.0
16/06/2025,75,Đồng Nai,26455,Xã Xuân Hiệp,M75,2607798.0
16/06/2025,75,Đồng Nai,26455,Xã Xuân Hiệp,M76,1037880.0
16/06/2025,75,Đồng Nai,26455,Xã Xuân Hiệp,M77,2208663.0
16/06/2025,75,Đồng Nai,26455,Xã Xuân Hiệp,N20,1438800.0
16/06/2025,75,Đồng Nai,26455,Xã Xuân Hiệp,N39,703950.0
16/06/2025,75,Đồng Nai,26455,Xã Xuân Hiệp,N40,613200.0
16/06/2025,75,Đồng Nai,26455,Xã Xuân Hiệp,N47,244350.0
16/06/2025,75,Đồng Nai,26455,Xã Xuân Hiệp,N72,2065200.0
16/06/2025,75,Đồng Nai,26455,Xã Xuân Hiệp,R06,2806800.0
16/06/2025,75,Đồng Nai,26455,Xã Xuân Hiệp,R07,1339233.0
16/06/2025,75,Đồng Nai,26455,Xã Xuân Hiệp,R10,5816004.0
16/06/2025,75,Đồng Nai,26455,Xã Xuân Hiệp,R42,5724126.0
16/06/2025,75,Đồng Nai,26455,Xã Xuân Hiệp,S01,1057347.0
16/06/2025,75,Đồng Nai,26455,Xã Xuân Hiệp,S33,2874927.0
16/06/2025,75,Đồng Nai,26455,Xã Xuân Hiệp,S80,591855.0
16/06/2025,75,Đồng Nai,26455,Xã Xuân Hiệp,S83,109500.0
16/06/2025,75,Đồng Nai,26455,Xã Xuân Hiệp,S92,168300.0
16/06/2025,75,Đồng Nai,26455,Xã Xuân Hiệp,S93,3080496.0
16/06/2025,75,Đồng Nai,26455,Xã Xuân Hiệp,T78,6668805.0
16/06/2025,75,Đồng Nai,26455,Xã Xuân Hiệp,T79,491100.0
16/06/2025,75,Đồng Nai,26455,Xã Xuân Hiệp,W45,689883.0
16/06/2025,75,Đồng Nai,26455,Xã Xuân Hiệp,Z34,7368750.0
16/06/2025,75,Đồng Nai,26455,Xã Xuân Hiệp,Z35,2170500.0
16/06/2025,75,Đồng Nai,26455,Xã Xuân Hiệp,Z47,151500.0
16/06/2025,75,Đồng Nai,26455,Xã Xuân Hiệp,Z48,973800.0
16/06/2025,75,Đồng Nai,26455,Xã Xuân Hiệp,Z98,804600.0
16/06/2025,75,Đồng Nai,26497,Xã Vĩnh Thanh,A04,125100.0
16/06/2025,75,Đồng Nai,26497,Xã Vĩnh Thanh,A97,393302.0
16/06/2025,75,Đồng Nai,26497,Xã Vĩnh Thanh,B34,206900.0
16/06/2025,75,Đồng Nai,26497,Xã Vĩnh Thanh,E03,502910.0
16/06/2025,75,Đồng Nai,26497,Xã Vĩnh Thanh,E11,2210647.0
16/06/2025,75,Đồng Nai,26497,Xã Vĩnh Thanh,G55,1073750.0
16/06/2025,75,Đồng Nai,26497,Xã Vĩnh Thanh,I10,4210183.0
16/06/2025,75,Đồng Nai,26497,Xã Vĩnh Thanh,I25,48337.0
16/06/2025,75,Đồng Nai,26497,Xã Vĩnh Thanh,I69,1045750.0
16/06/2025,75,Đồng Nai,26497,Xã Vĩnh Thanh,J06,623424.0
16/06/2025,75,Đồng Nai,26497,Xã Vĩnh Thanh,J18,595450.0
16/06/2025,75,Đồng Nai,26497,Xã Vĩnh Thanh,J20,964482.0
16/06/2025,75,Đồng Nai,26497,Xã Vĩnh Thanh,J44,591060.0
16/06/2025,75,Đồng Nai,26497,Xã Vĩnh Thanh,J68,2392445.0
16/06/2025,75,Đồng Nai,26497,Xã Vĩnh Thanh,K02,1178872.0
16/06/2025,75,Đồng Nai,26497,Xã Vĩnh Thanh,K03,406000.0
16/06/2025,75,Đồng Nai,26497,Xã Vĩnh Thanh,K04,241908.0
16/06/2025,75,Đồng Nai,26497,Xã Vĩnh Thanh,K21,562576.0
16/06/2025,75,Đồng Nai,26497,Xã Vĩnh Thanh,K30,156785.0
16/06/2025,75,Đồng Nai,26497,Xã Vĩnh Thanh,K80,285951.0
16/06/2025,75,Đồng Nai,26497,Xã Vĩnh Thanh,L04,295630.0
16/06/2025,75,Đồng Nai,26497,Xã Vĩnh Thanh,M10,1012852.0
16/06/2025,75,Đồng Nai,26497,Xã Vĩnh Thanh,M17,122250.0
16/06/2025,75,Đồng Nai,26497,Xã Vĩnh Thanh,M47,7760930.0
16/06/2025,75,Đồng Nai,26497,Xã Vĩnh Thanh,M54,2188850.0
16/06/2025,75,Đồng Nai,26497,Xã Vĩnh Thanh,N39,795942.0
16/06/2025,75,Đồng Nai,26497,Xã Vĩnh Thanh,N92,207300.0
16/06/2025,75,Đồng Nai,26497,Xã Vĩnh Thanh,N94,131650.0
16/06/2025,75,Đồng Nai,26497,Xã Vĩnh Thanh,O20,228800.0
16/06/2025,75,Đồng Nai,26497,Xã Vĩnh Thanh,R07,547578.0
16/06/2025,75,Đồng Nai,26497,Xã Vĩnh Thanh,R10,2060120.0
16/06/2025,75,Đồng Nai,26497,Xã Vĩnh Thanh,R51,42657.0
16/06/2025,75,Đồng Nai,26497,Xã Vĩnh Thanh,R59,533226.0
16/06/2025,75,Đồng Nai,26497,Xã Vĩnh Thanh,S00,93995.0
16/06/2025,75,Đồng Nai,26497,Xã Vĩnh Thanh,S61,116750.0
16/06/2025,75,Đồng Nai,26497,Xã Vĩnh Thanh,S90,323785.0
16/06/2025,75,Đồng Nai,26497,Xã Vĩnh Thanh,S91,146300.0
16/06/2025,75,Đồng Nai,26497,Xã Vĩnh Thanh,T00,263350.0
16/06/2025,75,Đồng Nai,26497,Xã Vĩnh Thanh,Z34,335960.0
17/01/2025,75,Đồng Nai,26080,Phường Xuân An,Khác,0.0
17/01/2025,75,Đồng Nai,26341,Thị Trấn Long Giao,Khác,0.0
17/01/2025,75,Đồng Nai,26452,Xã Suối Cát,Khác,0.0
17/02/2025,75,Đồng Nai,26026,Phường Tân Mai,Khác,0.0
17/02/2025,75,Đồng Nai,26080,Phường Xuân An,Khác,0.0
17/02/2025,75,Đồng Nai,26248,Thị Trấn Trảng Bom,Khác,0.0
17/02/2025,75,Đồng Nai,26341,Thị Trấn Long Giao,Khác,0.0
17/02/2025,75,Đồng Nai,26452,Xã Suối Cát,Khác,0.0
17/03/2025,75,Đồng Nai,26026,Phường Tân Mai,Khác,0.0
17/03/2025,75,Đồng Nai,26080,Phường Xuân An,Khác,0.0
17/03/2025,75,Đồng Nai,26248,Thị Trấn Trảng Bom,Khác,0.0
17/03/2025,75,Đồng Nai,26254,Xã Cây Gáo,Khác,0.0
17/03/2025,75,Đồng Nai,26272,Xã Hố Nai 3,Khác,0.0
17/03/2025,75,Đồng Nai,26452,Xã Suối Cát,Khác,0.0
17/04/2025,75,Đồng Nai,25993,Phường Trảng Dài,Khác,0.0
17/04/2025,75,Đồng Nai,25996,Phường Tân Phong,Khác,0.0
17/04/2025,75,Đồng Nai,25999,Phường Tân Biên,Khác,0.0
17/04/2025,75,Đồng Nai,26095,Phường Suối Tre,Khác,0.0
17/04/2025,75,Đồng Nai,26206,Thị Trấn Định Quán,Khác,0.0
17/04/2025,75,Đồng Nai,26272,Xã Hố Nai 3,Khác,0.0
17/04/2025,75,Đồng Nai,26326,Thị Trấn Dầu Giây,Khác,0.0
17/04/2025,75,Đồng Nai,26368,Thị Trấn Long Thành,Khác,0.0
17/04/2025,75,Đồng Nai,26377,Phường Phước Tân,Khác,0.0
17/04/2025,75,Đồng Nai,26452,Xã Suối Cát,Khác,0.0
17/05/2025,75,Đồng Nai,25996,Phường Tân Phong,Khác,0.0
17/05/2025,75,Đồng Nai,25999,Phường Tân Biên,Khác,0.0
17/05/2025,75,Đồng Nai,26017,Phường Tam Hiệp,Khác,0.0
17/05/2025,75,Đồng Nai,26029,Phường Thống Nhất,Khác,0.0
17/05/2025,75,Đồng Nai,26068,Phường Hóa An,Khác,0.0
17/05/2025,75,Đồng Nai,26095,Phường Suối Tre,Khác,0.0
17/05/2025,75,Đồng Nai,26116,Thị Trấn Tân Phú,Khác,0.0
17/05/2025,75,Đồng Nai,26206,Thị Trấn Định Quán,Khác,0.0
17/05/2025,75,Đồng Nai,26272,Xã Hố Nai 3,Khác,0.0
17/05/2025,75,Đồng Nai,26299,Xã Gia Tân 1,Khác,0.0
17/05/2025,75,Đồng Nai,26317,Xã Hưng Lộc,Khác,0.0
17/05/2025,75,Đồng Nai,26326,Thị Trấn Dầu Giây,Khác,0.0
17/05/2025,75,Đồng Nai,26362,Xã Sông Ray,Khác,0.0
17/05/2025,75,Đồng Nai,26368,Thị Trấn Long Thành,Khác,0.0
17/05/2025,75,Đồng Nai,26374,Phường Tam Phước,Khác,0.0
17/05/2025,75,Đồng Nai,26416,Xã Phước Bình,Khác,0.0
17/05/2025,75,Đồng Nai,26440,Xã Xuân Trường,Khác,0.0
17/05/2025,75,Đồng Nai,26455,Xã Xuân Hiệp,Khác,0.0
17/05/2025,75,Đồng Nai,26497,Xã Vĩnh Thanh,Khác,0.0
17/06/2025,75,Đồng Nai,25996,Phường Tân Phong,Khác,0.0
17/06/2025,75,Đồng Nai,25999,Phường Tân Biên,Khác,0.0
17/06/2025,75,Đồng Nai,26002,Phường Hố Nai,Khác,0.0
17/06/2025,75,Đồng Nai,26017,Phường Tam Hiệp,D23,1578520.0
17/06/2025,75,Đồng Nai,26017,Phường Tam Hiệp,H01,2324800.0
17/06/2025,75,Đồng Nai,26017,Phường Tam Hiệp,H04,2761600.0
17/06/2025,75,Đồng Nai,26017,Phường Tam Hiệp,H10,1778000.0
17/06/2025,75,Đồng Nai,26017,Phường Tam Hiệp,H11,33969420.0
17/06/2025,75,Đồng Nai,26017,Phường Tam Hiệp,H25,930422600.0
17/06/2025,75,Đồng Nai,26017,Phường Tam Hiệp,H26,34876600.0
17/06/2025,75,Đồng Nai,26017,Phường Tam Hiệp,H35,1887200.0
17/06/2025,75,Đồng Nai,26017,Phường Tam Hiệp,H40,3546400.0
17/06/2025,75,Đồng Nai,26017,Phường Tam Hiệp,H59,4342800.0
17/06/2025,75,Đồng Nai,26020,Phường Long Bình,J06,1148671.0
17/06/2025,75,Đồng Nai,26020,Phường Long Bình,J39,103835.0
17/06/2025,75,Đồng Nai,26020,Phường Long Bình,J40,143300.0
17/06/2025,75,Đồng Nai,26020,Phường Long Bình,K29,72890.0
17/06/2025,75,Đồng Nai,26020,Phường Long Bình,K58,331616.0
17/06/2025,75,Đồng Nai,26020,Phường Long Bình,K70,96696.0
17/06/2025,75,Đồng Nai,26020,Phường Long Bình,Khác,0.0
17/06/2025,75,Đồng Nai,26020,Phường Long Bình,M13,58580.0
17/06/2025,75,Đồng Nai,26020,Phường Long Bình,M25,267370.0
17/06/2025,75,Đồng Nai,26020,Phường Long Bình,M54,147130.0
17/06/2025,75,Đồng Nai,26020,Phường Long Bình,N23,100430.0
17/06/2025,75,Đồng Nai,26020,Phường Long Bình,N39,56954.0
17/06/2025,75,Đồng Nai,26020,Phường Long Bình,N94,90750.0
17/06/2025,75,Đồng Nai,26020,Phường Long Bình,P71,54000.0
17/06/2025,75,Đồng Nai,26020,Phường Long Bình,R10,351774.0
17/06/2025,75,Đồng Nai,26020,Phường Long Bình,R50,117590.0
17/06/2025,75,Đồng Nai,26020,Phường Long Bình,R51,135580.0
17/06/2025,75,Đồng Nai,26020,Phường Long Bình,S60,117870.0
17/06/2025,75,Đồng Nai,26029,Phường Thống Nhất,Khác,0.0
17/06/2025,75,Đồng Nai,26050,Phường An Bình,Khác,0.0
17/06/2025,75,Đồng Nai,26056,Phường Long Bình Tân,A04,1933213.0
17/06/2025,75,Đồng Nai,26056,Phường Long Bình Tân,A09,5960628.0
17/06/2025,75,Đồng Nai,26056,Phường Long Bình Tân,A41,1100200.0
17/06/2025,75,Đồng Nai,26056,Phường Long Bình Tân,A97,2173074.0
17/06/2025,75,Đồng Nai,26056,Phường Long Bình Tân,A99,8303638.0
17/06/2025,75,Đồng Nai,26056,Phường Long Bình Tân,B01,847900.0
17/06/2025,75,Đồng Nai,26056,Phường Long Bình Tân,B02,145150.0
17/06/2025,75,Đồng Nai,26056,Phường Long Bình Tân,B08,7188070.0
17/06/2025,75,Đồng Nai,26056,Phường Long Bình Tân,B18,4993440.0
17/06/2025,75,Đồng Nai,26056,Phường Long Bình Tân,B33,1761154.0
17/06/2025,75,Đồng Nai,26056,Phường Long Bình Tân,B34,407000.0
17/06/2025,75,Đồng Nai,26056,Phường Long Bình Tân,B35,1651560.0
17/06/2025,75,Đồng Nai,26056,Phường Long Bình Tân,B36,81200.0
17/06/2025,75,Đồng Nai,26056,Phường Long Bình Tân,B77,314720.0
17/06/2025,75,Đồng Nai,26056,Phường Long Bình Tân,B88,319644.0
17/06/2025,75,Đồng Nai,26056,Phường Long Bình Tân,B97,166000.0
17/06/2025,75,Đồng Nai,26056,Phường Long Bình Tân,B98,567637.0
17/06/2025,75,Đồng Nai,26056,Phường Long Bình Tân,C18,14028420.0
17/06/2025,75,Đồng Nai,26056,Phường Long Bình Tân,C23,2750200.0
17/06/2025,75,Đồng Nai,26056,Phường Long Bình Tân,C34,93980.0
17/06/2025,75,Đồng Nai,26056,Phường Long Bình Tân,C50,1433780.0
17/06/2025,75,Đồng Nai,26056,Phường Long Bình Tân,C67,12497646.0
17/06/2025,75,Đồng Nai,26056,Phường Long Bình Tân,C77,44135238.0
17/06/2025,75,Đồng Nai,26056,Phường Long Bình Tân,D13,2181510.0
17/06/2025,75,Đồng Nai,26056,Phường Long Bình Tân,D23,11582780.0
17/06/2025,75,Đồng Nai,26056,Phường Long Bình Tân,D30,523680.0
17/06/2025,75,Đồng Nai,26056,Phường Long Bình Tân,D34,1756400.0
17/06/2025,75,Đồng Nai,26056,Phường Long Bình Tân,D35,31022607.0
17/06/2025,75,Đồng Nai,26056,Phường Long Bình Tân,D37,6466400.0
17/06/2025,75,Đồng Nai,26056,Phường Long Bình Tân,D50,253440.0
17/06/2025,75,Đồng Nai,26056,Phường Long Bình Tân,D69,540400.0
17/06/2025,75,Đồng Nai,26056,Phường Long Bình Tân,D73,33200.0
17/06/2025,75,Đồng Nai,26056,Phường Long Bình Tân,E03,700000.0
17/06/2025,75,Đồng Nai,26056,Phường Long Bình Tân,E05,8201152.0
17/06/2025,75,Đồng Nai,26056,Phường Long Bình Tân,E07,398200.0
17/06/2025,75,Đồng Nai,26056,Phường Long Bình Tân,E11,59069899.0
17/06/2025,75,Đồng Nai,26056,Phường Long Bình Tân,E27,1867892.0
17/06/2025,75,Đồng Nai,26056,Phường Long Bình Tân,E78,6048422.0
17/06/2025,75,Đồng Nai,26056,Phường Long Bình Tân,E89,838912.0
17/06/2025,75,Đồng Nai,26056,Phường Long Bình Tân,F41,1265200.0
17/06/2025,75,Đồng Nai,26056,Phường Long Bình Tân,G20,1073392.0
17/06/2025,75,Đồng Nai,26056,Phường Long Bình Tân,G44,1801320.0
17/06/2025,75,Đồng Nai,26056,Phường Long Bình Tân,G47,2575005.0
17/06/2025,75,Đồng Nai,26056,Phường Long Bình Tân,G51,1623200.0
17/06/2025,75,Đồng Nai,26056,Phường Long Bình Tân,G55,6563850.0
17/06/2025,75,Đồng Nai,26056,Phường Long Bình Tân,G82,1719200.0
17/06/2025,75,Đồng Nai,26056,Phường Long Bình Tân,G83,1323200.0
17/06/2025,75,Đồng Nai,26056,Phường Long Bình Tân,H01,1011706.0
17/06/2025,75,Đồng Nai,26056,Phường Long Bình Tân,H04,1763509.0
17/06/2025,75,Đồng Nai,26056,Phường Long Bình Tân,H10,1636140.0
17/06/2025,75,Đồng Nai,26056,Phường Long Bình Tân,H11,5514986.0
17/06/2025,75,Đồng Nai,26056,Phường Long Bình Tân,H16,131264.0
17/06/2025,75,Đồng Nai,26056,Phường Long Bình Tân,H18,329920.0
17/06/2025,75,Đồng Nai,26056,Phường Long Bình Tân,H25,1495258.0
17/06/2025,75,Đồng Nai,26056,Phường Long Bình Tân,H26,306104.0
17/06/2025,75,Đồng Nai,26056,Phường Long Bình Tân,H40,777064.0
17/06/2025,75,Đồng Nai,26056,Phường Long Bình Tân,H52,780429.0
17/06/2025,75,Đồng Nai,26056,Phường Long Bình Tân,H60,66400.0
17/06/2025,75,Đồng Nai,26056,Phường Long Bình Tân,H66,1063576.0
17/06/2025,75,Đồng Nai,26056,Phường Long Bình Tân,H81,11428371.0
17/06/2025,75,Đồng Nai,26056,Phường Long Bình Tân,H93,169720.0
17/06/2025,75,Đồng Nai,26056,Phường Long Bình Tân,I08,1135820.0
17/06/2025,75,Đồng Nai,26056,Phường Long Bình Tân,I10,85110629.0
17/06/2025,75,Đồng Nai,26056,Phường Long Bình Tân,I11,1729148.0
17/06/2025,75,Đồng Nai,26056,Phường Long Bình Tân,I20,1345131.0
17/06/2025,75,Đồng Nai,26056,Phường Long Bình Tân,I21,2218354.0
17/06/2025,75,Đồng Nai,26056,Phường Long Bình Tân,I25,24693473.0
17/06/2025,75,Đồng Nai,26056,Phường Long Bình Tân,I49,2718337.0
17/06/2025,75,Đồng Nai,26056,Phường Long Bình Tân,I50,2056742.0
17/06/2025,75,Đồng Nai,26056,Phường Long Bình Tân,I63,3575805.0
17/06/2025,75,Đồng Nai,26056,Phường Long Bình Tân,I69,3642400.0
17/06/2025,75,Đồng Nai,26056,Phường Long Bình Tân,I82,209432.0
17/06/2025,75,Đồng Nai,26056,Phường Long Bình Tân,I83,1421600.0
17/06/2025,75,Đồng Nai,26056,Phường Long Bình Tân,I87,1981022.0
17/06/2025,75,Đồng Nai,26056,Phường Long Bình Tân,J00,1695895.0
17/06/2025,75,Đồng Nai,26056,Phường Long Bình Tân,J01,2204199.0
17/06/2025,75,Đồng Nai,26056,Phường Long Bình Tân,J02,7536625.0
17/06/2025,75,Đồng Nai,26056,Phường Long Bình Tân,J03,1849052.0
17/06/2025,75,Đồng Nai,26056,Phường Long Bình Tân,J04,1036600.0
17/06/2025,75,Đồng Nai,26056,Phường Long Bình Tân,J06,2603353.0
17/06/2025,75,Đồng Nai,26056,Phường Long Bình Tân,J15,19673604.0
17/06/2025,75,Đồng Nai,26056,Phường Long Bình Tân,J18,28643239.0
17/06/2025,75,Đồng Nai,26056,Phường Long Bình Tân,J20,9625374.0
17/06/2025,75,Đồng Nai,26056,Phường Long Bình Tân,J21,14711998.0
17/06/2025,75,Đồng Nai,26056,Phường Long Bình Tân,J32,6266150.0
17/06/2025,75,Đồng Nai,26056,Phường Long Bình Tân,J34,1160200.0
17/06/2025,75,Đồng Nai,26056,Phường Long Bình Tân,J44,2634716.0
17/06/2025,75,Đồng Nai,26056,Phường Long Bình Tân,J45,800337.0
17/06/2025,75,Đồng Nai,26056,Phường Long Bình Tân,J81,16493772.0
17/06/2025,75,Đồng Nai,26056,Phường Long Bình Tân,K00,186320.0
17/06/2025,75,Đồng Nai,26056,Phường Long Bình Tân,K01,4866802.0
17/06/2025,75,Đồng Nai,26056,Phường Long Bình Tân,K02,6503990.0
17/06/2025,75,Đồng Nai,26056,Phường Long Bình Tân,K04,976500.0
17/06/2025,75,Đồng Nai,26056,Phường Long Bình Tân,K05,2476680.0
17/06/2025,75,Đồng Nai,26056,Phường Long Bình Tân,K11,336600.0
17/06/2025,75,Đồng Nai,26056,Phường Long Bình Tân,K12,615200.0
17/06/2025,75,Đồng Nai,26056,Phường Long Bình Tân,K20,1038000.0
17/06/2025,75,Đồng Nai,26056,Phường Long Bình Tân,K21,11631231.0
17/06/2025,75,Đồng Nai,26056,Phường Long Bình Tân,K25,4972920.0
17/06/2025,75,Đồng Nai,26056,Phường Long Bình Tân,K29,18077857.0
17/06/2025,75,Đồng Nai,26056,Phường Long Bình Tân,K35,11910454.0
17/06/2025,75,Đồng Nai,26056,Phường Long Bình Tân,K38,4353020.0
17/06/2025,75,Đồng Nai,26056,Phường Long Bình Tân,K52,26901854.0
17/06/2025,75,Đồng Nai,26056,Phường Long Bình Tân,K57,214800.0
17/06/2025,75,Đồng Nai,26056,Phường Long Bình Tân,K58,1110967.0
17/06/2025,75,Đồng Nai,26056,Phường Long Bình Tân,K59,2502653.0
17/06/2025,75,Đồng Nai,26056,Phường Long Bình Tân,K63,25783235.0
17/06/2025,75,Đồng Nai,26056,Phường Long Bình Tân,K64,7247858.0
17/06/2025,75,Đồng Nai,26056,Phường Long Bình Tân,K77,1818768.0
17/06/2025,75,Đồng Nai,26056,Phường Long Bình Tân,K91,181500.0
17/06/2025,75,Đồng Nai,26056,Phường Long Bình Tân,L01,530540.0
17/06/2025,75,Đồng Nai,26056,Phường Long Bình Tân,L02,2828798.0
17/06/2025,75,Đồng Nai,26056,Phường Long Bình Tân,L04,158200.0
17/06/2025,75,Đồng Nai,26056,Phường Long Bình Tân,L08,402900.0
17/06/2025,75,Đồng Nai,26056,Phường Long Bình Tân,L20,517300.0
17/06/2025,75,Đồng Nai,26056,Phường Long Bình Tân,L23,879600.0
17/06/2025,75,Đồng Nai,26056,Phường Long Bình Tân,L28,692344.0
17/06/2025,75,Đồng Nai,26056,Phường Long Bình Tân,L29,497100.0
17/06/2025,75,Đồng Nai,26056,Phường Long Bình Tân,L30,1625230.0
17/06/2025,75,Đồng Nai,26056,Phường Long Bình Tân,L50,1936412.0
17/06/2025,75,Đồng Nai,26056,Phường Long Bình Tân,L70,1008600.0
17/06/2025,75,Đồng Nai,26056,Phường Long Bình Tân,L81,66400.0
17/06/2025,75,Đồng Nai,26056,Phường Long Bình Tân,L89,186990.0
17/06/2025,75,Đồng Nai,26056,Phường Long Bình Tân,M02,2127080.0
17/06/2025,75,Đồng Nai,26056,Phường Long Bình Tân,M06,453400.0
17/06/2025,75,Đồng Nai,26056,Phường Long Bình Tân,M10,3164228.0
17/06/2025,75,Đồng Nai,26056,Phường Long Bình Tân,M13,8674262.0
17/06/2025,75,Đồng Nai,26056,Phường Long Bình Tân,M16,1987188.0
17/06/2025,75,Đồng Nai,26056,Phường Long Bình Tân,M17,6566654.0
17/06/2025,75,Đồng Nai,26056,Phường Long Bình Tân,M24,5865600.0
17/06/2025,75,Đồng Nai,26056,Phường Long Bình Tân,M25,1259060.0
17/06/2025,75,Đồng Nai,26056,Phường Long Bình Tân,M47,6650391.0
17/06/2025,75,Đồng Nai,26056,Phường Long Bình Tân,M48,179824568.0
17/06/2025,75,Đồng Nai,26056,Phường Long Bình Tân,M50,5161362.0
17/06/2025,75,Đồng Nai,26056,Phường Long Bình Tân,M51,369614619.0
17/06/2025,75,Đồng Nai,26056,Phường Long Bình Tân,M54,55850626.0
17/06/2025,75,Đồng Nai,26056,Phường Long Bình Tân,M65,15335014.0
17/06/2025,75,Đồng Nai,26056,Phường Long Bình Tân,M75,3331480.0
17/06/2025,75,Đồng Nai,26056,Phường Long Bình Tân,M77,3027992.0
17/06/2025,75,Đồng Nai,26056,Phường Long Bình Tân,M81,2490252.0
17/06/2025,75,Đồng Nai,26056,Phường Long Bình Tân,N04,3545788.0
17/06/2025,75,Đồng Nai,26056,Phường Long Bình Tân,N18,25764078.0
17/06/2025,75,Đồng Nai,26056,Phường Long Bình Tân,N20,24318568.0
17/06/2025,75,Đồng Nai,26056,Phường Long Bình Tân,N21,3930100.0
17/06/2025,75,Đồng Nai,26056,Phường Long Bình Tân,N23,4693096.0
17/06/2025,75,Đồng Nai,26056,Phường Long Bình Tân,N30,3123540.0
17/06/2025,75,Đồng Nai,26056,Phường Long Bình Tân,N39,4799104.0
17/06/2025,75,Đồng Nai,26056,Phường Long Bình Tân,N40,1692188.0
17/06/2025,75,Đồng Nai,26056,Phường Long Bình Tân,N60,1009600.0
17/06/2025,75,Đồng Nai,26056,Phường Long Bình Tân,N64,754560.0
17/06/2025,75,Đồng Nai,26056,Phường Long Bình Tân,N76,3910638.0
17/06/2025,75,Đồng Nai,26056,Phường Long Bình Tân,N80,33200.0
17/06/2025,75,Đồng Nai,26056,Phường Long Bình Tân,N81,33200.0
17/06/2025,75,Đồng Nai,26056,Phường Long Bình Tân,N91,66400.0
17/06/2025,75,Đồng Nai,26056,Phường Long Bình Tân,N92,99600.0
17/06/2025,75,Đồng Nai,26056,Phường Long Bình Tân,O20,301836.0
17/06/2025,75,Đồng Nai,26056,Phường Long Bình Tân,O30,387400.0
17/06/2025,75,Đồng Nai,26056,Phường Long Bình Tân,O47,3417012.0
17/06/2025,75,Đồng Nai,26056,Phường Long Bình Tân,O80,13089930.0
17/06/2025,75,Đồng Nai,26056,Phường Long Bình Tân,O82,66842750.0
17/06/2025,75,Đồng Nai,26056,Phường Long Bình Tân,P95,5167040.0
17/06/2025,75,Đồng Nai,26056,Phường Long Bình Tân,Q21,552542.0
17/06/2025,75,Đồng Nai,26056,Phường Long Bình Tân,Q53,403360.0
17/06/2025,75,Đồng Nai,26056,Phường Long Bình Tân,Q85,51560.0
17/06/2025,75,Đồng Nai,26056,Phường Long Bình Tân,R00,244404.0
17/06/2025,75,Đồng Nai,26056,Phường Long Bình Tân,R05,1193700.0
17/06/2025,75,Đồng Nai,26056,Phường Long Bình Tân,R06,987800.0
17/06/2025,75,Đồng Nai,26056,Phường Long Bình Tân,R07,3416422.0
17/06/2025,75,Đồng Nai,26056,Phường Long Bình Tân,R10,14343096.0
17/06/2025,75,Đồng Nai,26056,Phường Long Bình Tân,R11,83280.0
17/06/2025,75,Đồng Nai,26056,Phường Long Bình Tân,R33,1049924.0
17/06/2025,75,Đồng Nai,26056,Phường Long Bình Tân,R42,4315350.0
17/06/2025,75,Đồng Nai,26056,Phường Long Bình Tân,R50,2058312.0
17/06/2025,75,Đồng Nai,26056,Phường Long Bình Tân,R51,13773822.0
17/06/2025,75,Đồng Nai,26056,Phường Long Bình Tân,R53,1984600.0
17/06/2025,75,Đồng Nai,26056,Phường Long Bình Tân,R73,3873056.0
17/06/2025,75,Đồng Nai,26056,Phường Long Bình Tân,R74,438880.0
17/06/2025,75,Đồng Nai,26056,Phường Long Bình Tân,S00,1522294.0
17/06/2025,75,Đồng Nai,26056,Phường Long Bình Tân,S01,33200.0
17/06/2025,75,Đồng Nai,26056,Phường Long Bình Tân,S04,625504.0
17/06/2025,75,Đồng Nai,26056,Phường Long Bình Tân,S06,10034212.0
17/06/2025,75,Đồng Nai,26056,Phường Long Bình Tân,S20,767580.0
17/06/2025,75,Đồng Nai,26056,Phường Long Bình Tân,S40,1503388.0
17/06/2025,75,Đồng Nai,26056,Phường Long Bình Tân,S42,10842128.0
17/06/2025,75,Đồng Nai,26056,Phường Long Bình Tân,S44,336320.0
17/06/2025,75,Đồng Nai,26056,Phường Long Bình Tân,S46,3945980.0
17/06/2025,75,Đồng Nai,26056,Phường Long Bình Tân,S51,33200.0
17/06/2025,75,Đồng Nai,26056,Phường Long Bình Tân,S60,336320.0
17/06/2025,75,Đồng Nai,26056,Phường Long Bình Tân,S61,143050.0
17/06/2025,75,Đồng Nai,26056,Phường Long Bình Tân,S62,177786.0
17/06/2025,75,Đồng Nai,26056,Phường Long Bình Tân,S63,916320.0
17/06/2025,75,Đồng Nai,26056,Phường Long Bình Tân,S81,329504.0
17/06/2025,75,Đồng Nai,26056,Phường Long Bình Tân,S82,366542.0
17/06/2025,75,Đồng Nai,26056,Phường Long Bình Tân,S83,8086600.0
17/06/2025,75,Đồng Nai,26056,Phường Long Bình Tân,S90,594472.0
17/06/2025,75,Đồng Nai,26056,Phường Long Bình Tân,S91,66400.0
17/06/2025,75,Đồng Nai,26056,Phường Long Bình Tân,S92,265762.0
17/06/2025,75,Đồng Nai,26056,Phường Long Bình Tân,S93,2078520.0
17/06/2025,75,Đồng Nai,26056,Phường Long Bình Tân,T00,6896996.0
17/06/2025,75,Đồng Nai,26056,Phường Long Bình Tân,T24,33200.0
17/06/2025,75,Đồng Nai,26056,Phường Long Bình Tân,T78,403116.0
17/06/2025,75,Đồng Nai,26056,Phường Long Bình Tân,T79,14025111.0
17/06/2025,75,Đồng Nai,26056,Phường Long Bình Tân,T88,1359254.0
17/06/2025,75,Đồng Nai,26056,Phường Long Bình Tân,Z34,2779184.0
17/06/2025,75,Đồng Nai,26056,Phường Long Bình Tân,Z35,1900216.0
17/06/2025,75,Đồng Nai,26056,Phường Long Bình Tân,Z46,33200.0
17/06/2025,75,Đồng Nai,26056,Phường Long Bình Tân,Z95,1347436.0
17/06/2025,75,Đồng Nai,26056,Phường Long Bình Tân,Z98,6078977.0
17/06/2025,75,Đồng Nai,26068,Phường Hóa An,G64,423420.0
17/06/2025,75,Đồng Nai,26068,Phường Hóa An,I10,1308990.0
17/06/2025,75,Đồng Nai,26068,Phường Hóa An,J06,241215.0
17/06/2025,75,Đồng Nai,26068,Phường Hóa An,J32,2748896.0
17/06/2025,75,Đồng Nai,26068,Phường Hóa An,Khác,0.0
17/06/2025,75,Đồng Nai,26068,Phường Hóa An,M24,568500.0
17/06/2025,75,Đồng Nai,26068,Phường Hóa An,M54,2226050.0
17/06/2025,75,Đồng Nai,26095,Phường Suối Tre,B34,302949.0
17/06/2025,75,Đồng Nai,26095,Phường Suối Tre,E11,195668.0
17/06/2025,75,Đồng Nai,26095,Phường Suối Tre,Khác,0.0
17/06/2025,75,Đồng Nai,26095,Phường Suối Tre,S22,3247351.0
17/06/2025,75,Đồng Nai,26206,Thị Trấn Định Quán,Khác,0.0
17/06/2025,75,Đồng Nai,26272,Xã Hố Nai 3,A04,1008500.0
17/06/2025,75,Đồng Nai,26272,Xã Hố Nai 3,B33,415820.0
17/06/2025,75,Đồng Nai,26272,Xã Hố Nai 3,B34,1357030.0
17/06/2025,75,Đồng Nai,26272,Xã Hố Nai 3,E11,2514304.0
17/06/2025,75,Đồng Nai,26272,Xã Hố Nai 3,G56,2094500.0
17/06/2025,75,Đồng Nai,26272,Xã Hố Nai 3,H10,976800.0
17/06/2025,75,Đồng Nai,26272,Xã Hố Nai 3,H16,192280.0
17/06/2025,75,Đồng Nai,26272,Xã Hố Nai 3,H66,928260.0
17/06/2025,75,Đồng Nai,26272,Xã Hố Nai 3,H81,694095.0
17/06/2025,75,Đồng Nai,26272,Xã Hố Nai 3,I10,3971634.0
17/06/2025,75,Đồng Nai,26272,Xã Hố Nai 3,J01,569390.0
17/06/2025,75,Đồng Nai,26272,Xã Hố Nai 3,J02,222088.0
17/06/2025,75,Đồng Nai,26272,Xã Hố Nai 3,J06,543650.0
17/06/2025,75,Đồng Nai,26272,Xã Hố Nai 3,J22,221890.0
17/06/2025,75,Đồng Nai,26272,Xã Hố Nai 3,J32,5183075.0
17/06/2025,75,Đồng Nai,26272,Xã Hố Nai 3,K02,1037490.0
17/06/2025,75,Đồng Nai,26272,Xã Hố Nai 3,K21,43206.0
17/06/2025,75,Đồng Nai,26272,Xã Hố Nai 3,K52,105585.0
17/06/2025,75,Đồng Nai,26272,Xã Hố Nai 3,K77,172112.0
17/06/2025,75,Đồng Nai,26272,Xã Hố Nai 3,Khác,0.0
17/06/2025,75,Đồng Nai,26272,Xã Hố Nai 3,L02,248435.0
17/06/2025,75,Đồng Nai,26272,Xã Hố Nai 3,L23,253680.0
17/06/2025,75,Đồng Nai,26272,Xã Hố Nai 3,L70,328098.0
17/06/2025,75,Đồng Nai,26272,Xã Hố Nai 3,M13,262520.0
17/06/2025,75,Đồng Nai,26272,Xã Hố Nai 3,M17,2050760.0
17/06/2025,75,Đồng Nai,26272,Xã Hố Nai 3,M23,212748.0
17/06/2025,75,Đồng Nai,26272,Xã Hố Nai 3,M25,534950.0
17/06/2025,75,Đồng Nai,26272,Xã Hố Nai 3,M47,10053891.0
17/06/2025,75,Đồng Nai,26272,Xã Hố Nai 3,M54,11305231.0
17/06/2025,75,Đồng Nai,26272,Xã Hố Nai 3,M65,857375.0
17/06/2025,75,Đồng Nai,26272,Xã Hố Nai 3,M75,120580.0
17/06/2025,75,Đồng Nai,26272,Xã Hố Nai 3,N23,200100.0
17/06/2025,75,Đồng Nai,26272,Xã Hố Nai 3,N39,1300190.0
17/06/2025,75,Đồng Nai,26272,Xã Hố Nai 3,N70,280980.0
17/06/2025,75,Đồng Nai,26272,Xã Hố Nai 3,N72,367580.0
17/06/2025,75,Đồng Nai,26272,Xã Hố Nai 3,N76,478025.0
17/06/2025,75,Đồng Nai,26272,Xã Hố Nai 3,N91,123700.0
17/06/2025,75,Đồng Nai,26272,Xã Hố Nai 3,N92,693670.0
17/06/2025,75,Đồng Nai,26272,Xã Hố Nai 3,N93,415800.0
17/06/2025,75,Đồng Nai,26272,Xã Hố Nai 3,N94,111890.0
17/06/2025,75,Đồng Nai,26272,Xã Hố Nai 3,O20,244200.0
17/06/2025,75,Đồng Nai,26272,Xã Hố Nai 3,O91,390500.0
17/06/2025,75,Đồng Nai,26272,Xã Hố Nai 3,R07,1999122.0
17/06/2025,75,Đồng Nai,26272,Xã Hố Nai 3,R10,2376330.0
17/06/2025,75,Đồng Nai,26272,Xã Hố Nai 3,R50,261490.0
17/06/2025,75,Đồng Nai,26272,Xã Hố Nai 3,S31,435300.0
17/06/2025,75,Đồng Nai,26272,Xã Hố Nai 3,S61,245940.0
17/06/2025,75,Đồng Nai,26272,Xã Hố Nai 3,S63,118620.0
17/06/2025,75,Đồng Nai,26272,Xã Hố Nai 3,S80,393710.0
17/06/2025,75,Đồng Nai,26272,Xã Hố Nai 3,S92,319240.0
17/06/2025,75,Đồng Nai,26272,Xã Hố Nai 3,S93,360570.0
17/06/2025,75,Đồng Nai,26272,Xã Hố Nai 3,Z34,1228100.0
17/06/2025,75,Đồng Nai,26272,Xã Hố Nai 3,Z35,1311300.0
17/06/2025,75,Đồng Nai,26272,Xã Hố Nai 3,Z98,41450.0
17/06/2025,75,Đồng Nai,26293,Xã Giang Điền,Khác,0.0
17/06/2025,75,Đồng Nai,26296,Xã An Viễn,Khác,0.0
17/06/2025,75,Đồng Nai,26299,Xã Gia Tân 1,Khác,0.0
17/06/2025,75,Đồng Nai,26317,Xã Hưng Lộc,Khác,0.0
17/06/2025,75,Đồng Nai,26326,Thị Trấn Dầu Giây,A04,1748016.0
17/06/2025,75,Đồng Nai,26326,Thị Trấn Dầu Giây,A97,762077.0
17/06/2025,75,Đồng Nai,26326,Thị Trấn Dầu Giây,B02,146090.0
17/06/2025,75,Đồng Nai,26326,Thị Trấn Dầu Giây,B18,39800.0
17/06/2025,75,Đồng Nai,26326,Thị Trấn Dầu Giây,B34,263194.0
17/06/2025,75,Đồng Nai,26326,Thị Trấn Dầu Giây,B35,301990.0
17/06/2025,75,Đồng Nai,26326,Thị Trấn Dầu Giây,B77,145100.0
17/06/2025,75,Đồng Nai,26326,Thị Trấn Dầu Giây,C20,39800.0
17/06/2025,75,Đồng Nai,26326,Thị Trấn Dầu Giây,C22,440200.0
17/06/2025,75,Đồng Nai,26326,Thị Trấn Dầu Giây,C34,39800.0
17/06/2025,75,Đồng Nai,26326,Thị Trấn Dầu Giây,C73,39800.0
17/06/2025,75,Đồng Nai,26326,Thị Trấn Dầu Giây,D23,39800.0
17/06/2025,75,Đồng Nai,26326,Thị Trấn Dầu Giây,D29,135539.0
17/06/2025,75,Đồng Nai,26326,Thị Trấn Dầu Giây,D44,39800.0
17/06/2025,75,Đồng Nai,26326,Thị Trấn Dầu Giây,D50,288610.0
17/06/2025,75,Đồng Nai,26326,Thị Trấn Dầu Giây,D61,39800.0
17/06/2025,75,Đồng Nai,26326,Thị Trấn Dầu Giây,E04,39800.0
17/06/2025,75,Đồng Nai,26326,Thị Trấn Dầu Giây,E05,157040.0
17/06/2025,75,Đồng Nai,26326,Thị Trấn Dầu Giây,E11,18704996.0
17/06/2025,75,Đồng Nai,26326,Thị Trấn Dầu Giây,E58,125760.0
17/06/2025,75,Đồng Nai,26326,Thị Trấn Dầu Giây,E63,227999.0
17/06/2025,75,Đồng Nai,26326,Thị Trấn Dầu Giây,E78,1870929.0
17/06/2025,75,Đồng Nai,26326,Thị Trấn Dầu Giây,E83,66624.0
17/06/2025,75,Đồng Nai,26326,Thị Trấn Dầu Giây,F90,39800.0
17/06/2025,75,Đồng Nai,26326,Thị Trấn Dầu Giây,G44,657276.0
17/06/2025,75,Đồng Nai,26326,Thị Trấn Dầu Giây,G45,39800.0
17/06/2025,75,Đồng Nai,26326,Thị Trấn Dầu Giây,G47,767160.0
17/06/2025,75,Đồng Nai,26326,Thị Trấn Dầu Giây,G64,336652.0
17/06/2025,75,Đồng Nai,26326,Thị Trấn Dầu Giây,H00,283972.0
17/06/2025,75,Đồng Nai,26326,Thị Trấn Dầu Giây,H04,828062.0
17/06/2025,75,Đồng Nai,26326,Thị Trấn Dầu Giây,H16,39800.0
17/06/2025,75,Đồng Nai,26326,Thị Trấn Dầu Giây,H25,119080.0
17/06/2025,75,Đồng Nai,26326,Thị Trấn Dầu Giây,H40,39800.0
17/06/2025,75,Đồng Nai,26326,Thị Trấn Dầu Giây,H60,241696.0
17/06/2025,75,Đồng Nai,26326,Thị Trấn Dầu Giây,H66,313855.0
17/06/2025,75,Đồng Nai,26326,Thị Trấn Dầu Giây,H81,12211588.0
17/06/2025,75,Đồng Nai,26326,Thị Trấn Dầu Giây,H92,112035.0
17/06/2025,75,Đồng Nai,26326,Thị Trấn Dầu Giây,I10,14618912.0
17/06/2025,75,Đồng Nai,26326,Thị Trấn Dầu Giây,I20,1535820.0
17/06/2025,75,Đồng Nai,26326,Thị Trấn Dầu Giây,I25,1695023.0
17/06/2025,75,Đồng Nai,26326,Thị Trấn Dầu Giây,I48,39800.0
17/06/2025,75,Đồng Nai,26326,Thị Trấn Dầu Giây,I50,39800.0
17/06/2025,75,Đồng Nai,26326,Thị Trấn Dầu Giây,I69,39800.0
17/06/2025,75,Đồng Nai,26326,Thị Trấn Dầu Giây,I83,1631048.0
17/06/2025,75,Đồng Nai,26326,Thị Trấn Dầu Giây,I87,405231.0
17/06/2025,75,Đồng Nai,26326,Thị Trấn Dầu Giây,I95,421320.0
17/06/2025,75,Đồng Nai,26326,Thị Trấn Dầu Giây,J02,2781212.0
17/06/2025,75,Đồng Nai,26326,Thị Trấn Dầu Giây,J03,644755.0
17/06/2025,75,Đồng Nai,26326,Thị Trấn Dầu Giây,J04,436745.0
17/06/2025,75,Đồng Nai,26326,Thị Trấn Dầu Giây,J06,2670407.0
17/06/2025,75,Đồng Nai,26326,Thị Trấn Dầu Giây,J18,1337272.0
17/06/2025,75,Đồng Nai,26326,Thị Trấn Dầu Giây,J20,991840.0
17/06/2025,75,Đồng Nai,26326,Thị Trấn Dầu Giây,J31,1572169.0
17/06/2025,75,Đồng Nai,26326,Thị Trấn Dầu Giây,J32,3573680.0
17/06/2025,75,Đồng Nai,26326,Thị Trấn Dầu Giây,J41,1674795.0
17/06/2025,75,Đồng Nai,26326,Thị Trấn Dầu Giây,J44,2274423.0
17/06/2025,75,Đồng Nai,26326,Thị Trấn Dầu Giây,J45,3788646.0
17/06/2025,75,Đồng Nai,26326,Thị Trấn Dầu Giây,K01,119400.0
17/06/2025,75,Đồng Nai,26326,Thị Trấn Dầu Giây,K02,4350643.0
17/06/2025,75,Đồng Nai,26326,Thị Trấn Dầu Giây,K04,1684164.0
17/06/2025,75,Đồng Nai,26326,Thị Trấn Dầu Giây,K05,39800.0
17/06/2025,75,Đồng Nai,26326,Thị Trấn Dầu Giây,K20,205980.0
17/06/2025,75,Đồng Nai,26326,Thị Trấn Dầu Giây,K21,2682221.0
17/06/2025,75,Đồng Nai,26326,Thị Trấn Dầu Giây,K25,39800.0
17/06/2025,75,Đồng Nai,26326,Thị Trấn Dầu Giây,K29,969255.0
17/06/2025,75,Đồng Nai,26326,Thị Trấn Dầu Giây,K30,480944.0
17/06/2025,75,Đồng Nai,26326,Thị Trấn Dầu Giây,K52,983000.0
17/06/2025,75,Đồng Nai,26326,Thị Trấn Dầu Giây,K59,1418008.0
17/06/2025,75,Đồng Nai,26326,Thị Trấn Dầu Giây,K62,76100.0
17/06/2025,75,Đồng Nai,26326,Thị Trấn Dầu Giây,K63,39800.0
17/06/2025,75,Đồng Nai,26326,Thị Trấn Dầu Giây,K64,450012.0
17/06/2025,75,Đồng Nai,26326,Thị Trấn Dầu Giây,K76,497907.0
17/06/2025,75,Đồng Nai,26326,Thị Trấn Dầu Giây,K80,145297.0
17/06/2025,75,Đồng Nai,26326,Thị Trấn Dầu Giây,L01,179331.0
17/06/2025,75,Đồng Nai,26326,Thị Trấn Dầu Giây,L02,3144330.0
17/06/2025,75,Đồng Nai,26326,Thị Trấn Dầu Giây,L03,168449.0
17/06/2025,75,Đồng Nai,26326,Thị Trấn Dầu Giây,L04,649828.0
17/06/2025,75,Đồng Nai,26326,Thị Trấn Dầu Giây,L20,311188.0
17/06/2025,75,Đồng Nai,26326,Thị Trấn Dầu Giây,L23,719768.0
17/06/2025,75,Đồng Nai,26326,Thị Trấn Dầu Giây,L30,228975.0
17/06/2025,75,Đồng Nai,26326,Thị Trấn Dầu Giây,L70,77950.0
17/06/2025,75,Đồng Nai,26326,Thị Trấn Dầu Giây,L89,2200884.0
17/06/2025,75,Đồng Nai,26326,Thị Trấn Dầu Giây,M10,205856.0
17/06/2025,75,Đồng Nai,26326,Thị Trấn Dầu Giây,M13,3684430.0
17/06/2025,75,Đồng Nai,26326,Thị Trấn Dầu Giây,M17,1719456.0
17/06/2025,75,Đồng Nai,26326,Thị Trấn Dầu Giây,M19,996082.0
17/06/2025,75,Đồng Nai,26326,Thị Trấn Dầu Giây,M31,39800.0
17/06/2025,75,Đồng Nai,26326,Thị Trấn Dầu Giây,M47,9641201.0
17/06/2025,75,Đồng Nai,26326,Thị Trấn Dầu Giây,M50,255112.0
17/06/2025,75,Đồng Nai,26326,Thị Trấn Dầu Giây,M54,5429239.0
17/06/2025,75,Đồng Nai,26326,Thị Trấn Dầu Giây,M65,183640.0
17/06/2025,75,Đồng Nai,26326,Thị Trấn Dầu Giây,M75,171512.0
17/06/2025,75,Đồng Nai,26326,Thị Trấn Dầu Giây,M77,302682.0
17/06/2025,75,Đồng Nai,26326,Thị Trấn Dầu Giây,N18,39800.0
17/06/2025,75,Đồng Nai,26326,Thị Trấn Dầu Giây,N20,1403310.0
17/06/2025,75,Đồng Nai,26326,Thị Trấn Dầu Giây,N23,185046.0
17/06/2025,75,Đồng Nai,26326,Thị Trấn Dầu Giây,N39,948642.0
17/06/2025,75,Đồng Nai,26326,Thị Trấn Dầu Giây,N40,684230.0
17/06/2025,75,Đồng Nai,26326,Thị Trấn Dầu Giây,N47,2107981.0
17/06/2025,75,Đồng Nai,26326,Thị Trấn Dầu Giây,N61,2253069.0
17/06/2025,75,Đồng Nai,26326,Thị Trấn Dầu Giây,N64,487484.0
17/06/2025,75,Đồng Nai,26326,Thị Trấn Dầu Giây,O03,1933777.0
17/06/2025,75,Đồng Nai,26326,Thị Trấn Dầu Giây,R07,200380.0
17/06/2025,75,Đồng Nai,26326,Thị Trấn Dầu Giây,R10,870816.0
17/06/2025,75,Đồng Nai,26326,Thị Trấn Dầu Giây,R20,1119900.0
17/06/2025,75,Đồng Nai,26326,Thị Trấn Dầu Giây,R39,1622258.0
17/06/2025,75,Đồng Nai,26326,Thị Trấn Dầu Giây,R42,1299665.0
17/06/2025,75,Đồng Nai,26326,Thị Trấn Dầu Giây,R51,392125.0
17/06/2025,75,Đồng Nai,26326,Thị Trấn Dầu Giây,R56,844998.0
17/06/2025,75,Đồng Nai,26326,Thị Trấn Dầu Giây,R64,634561.0
17/06/2025,75,Đồng Nai,26326,Thị Trấn Dầu Giây,R73,109830.0
17/06/2025,75,Đồng Nai,26326,Thị Trấn Dầu Giây,S01,241297.0
17/06/2025,75,Đồng Nai,26326,Thị Trấn Dầu Giây,S06,1436547.0
17/06/2025,75,Đồng Nai,26326,Thị Trấn Dầu Giây,S20,92258.0
17/06/2025,75,Đồng Nai,26326,Thị Trấn Dầu Giây,S42,113100.0
17/06/2025,75,Đồng Nai,26326,Thị Trấn Dầu Giây,S50,54722.0
17/06/2025,75,Đồng Nai,26326,Thị Trấn Dầu Giây,S60,114758.0
17/06/2025,75,Đồng Nai,26326,Thị Trấn Dầu Giây,S61,314597.0
17/06/2025,75,Đồng Nai,26326,Thị Trấn Dầu Giây,S80,337182.0
17/06/2025,75,Đồng Nai,26326,Thị Trấn Dầu Giây,S81,39800.0
17/06/2025,75,Đồng Nai,26326,Thị Trấn Dầu Giây,S91,149064.0
17/06/2025,75,Đồng Nai,26326,Thị Trấn Dầu Giây,T15,195072.0
17/06/2025,75,Đồng Nai,26326,Thị Trấn Dầu Giây,T78,1027607.0
17/06/2025,75,Đồng Nai,26326,Thị Trấn Dầu Giây,X20,39800.0
17/06/2025,75,Đồng Nai,26326,Thị Trấn Dầu Giây,Y10,39800.0
17/06/2025,75,Đồng Nai,26326,Thị Trấn Dầu Giây,Z09,1378017.0
17/06/2025,75,Đồng Nai,26326,Thị Trấn Dầu Giây,Z35,536100.0
17/06/2025,75,Đồng Nai,26326,Thị Trấn Dầu Giây,Z96,42040.0
17/06/2025,75,Đồng Nai,26362,Xã Sông Ray,Khác,0.0
17/06/2025,75,Đồng Nai,26368,Thị Trấn Long Thành,A09,738025.0
17/06/2025,75,Đồng Nai,26368,Thị Trấn Long Thành,A97,1143403.0
17/06/2025,75,Đồng Nai,26368,Thị Trấn Long Thành,B01,117680.0
17/06/2025,75,Đồng Nai,26368,Thị Trấn Long Thành,B33,560230.0
17/06/2025,75,Đồng Nai,26368,Thị Trấn Long Thành,E11,831630.0
17/06/2025,75,Đồng Nai,26368,Thị Trấn Long Thành,E87,352200.0
17/06/2025,75,Đồng Nai,26368,Thị Trấn Long Thành,G64,85950.0
17/06/2025,75,Đồng Nai,26368,Thị Trấn Long Thành,H01,69300.0
17/06/2025,75,Đồng Nai,26368,Thị Trấn Long Thành,H65,159000.0
17/06/2025,75,Đồng Nai,26368,Thị Trấn Long Thành,H81,150148.0
17/06/2025,75,Đồng Nai,26368,Thị Trấn Long Thành,I10,102370.0
17/06/2025,75,Đồng Nai,26368,Thị Trấn Long Thành,I20,412494.0
17/06/2025,75,Đồng Nai,26368,Thị Trấn Long Thành,J01,154270.0
17/06/2025,75,Đồng Nai,26368,Thị Trấn Long Thành,J02,118186.0
17/06/2025,75,Đồng Nai,26368,Thị Trấn Long Thành,J06,530755.0
17/06/2025,75,Đồng Nai,26368,Thị Trấn Long Thành,J20,1006994.0
17/06/2025,75,Đồng Nai,26368,Thị Trấn Long Thành,J21,36500.0
17/06/2025,75,Đồng Nai,26368,Thị Trấn Long Thành,K02,68800.0
17/06/2025,75,Đồng Nai,26368,Thị Trấn Long Thành,K05,66050.0
17/06/2025,75,Đồng Nai,26368,Thị Trấn Long Thành,K21,101132.0
17/06/2025,75,Đồng Nai,26368,Thị Trấn Long Thành,Khác,0.0
17/06/2025,75,Đồng Nai,26368,Thị Trấn Long Thành,L02,46640.0
17/06/2025,75,Đồng Nai,26368,Thị Trấn Long Thành,L20,152537.0
17/06/2025,75,Đồng Nai,26368,Thị Trấn Long Thành,M02,117010.0
17/06/2025,75,Đồng Nai,26368,Thị Trấn Long Thành,M13,256818.0
17/06/2025,75,Đồng Nai,26368,Thị Trấn Long Thành,M47,563650.0
17/06/2025,75,Đồng Nai,26368,Thị Trấn Long Thành,N13,397998.0
17/06/2025,75,Đồng Nai,26368,Thị Trấn Long Thành,N23,857936.0
17/06/2025,75,Đồng Nai,26368,Thị Trấn Long Thành,N39,125620.0
17/06/2025,75,Đồng Nai,26368,Thị Trấn Long Thành,N48,58874.0
17/06/2025,75,Đồng Nai,26368,Thị Trấn Long Thành,N76,148000.0
17/06/2025,75,Đồng Nai,26368,Thị Trấn Long Thành,N92,292800.0
17/06/2025,75,Đồng Nai,26368,Thị Trấn Long Thành,O20,100644.0
17/06/2025,75,Đồng Nai,26368,Thị Trấn Long Thành,O22,43370.0
17/06/2025,75,Đồng Nai,26368,Thị Trấn Long Thành,O26,581910.0
17/06/2025,75,Đồng Nai,26368,Thị Trấn Long Thành,R10,261980.0
17/06/2025,75,Đồng Nai,26368,Thị Trấn Long Thành,R50,997082.0
17/06/2025,75,Đồng Nai,26368,Thị Trấn Long Thành,R51,339770.0
17/06/2025,75,Đồng Nai,26368,Thị Trấn Long Thành,S00,56500.0
17/06/2025,75,Đồng Nai,26368,Thị Trấn Long Thành,S20,248720.0
17/06/2025,75,Đồng Nai,26368,Thị Trấn Long Thành,S22,75840.0
17/06/2025,75,Đồng Nai,26368,Thị Trấn Long Thành,S30,73750.0
17/06/2025,75,Đồng Nai,26368,Thị Trấn Long Thành,S52,155800.0
17/06/2025,75,Đồng Nai,26368,Thị Trấn Long Thành,S60,321470.0
17/06/2025,75,Đồng Nai,26368,Thị Trấn Long Thành,S90,122218.0
17/06/2025,75,Đồng Nai,26368,Thị Trấn Long Thành,S92,125800.0
17/06/2025,75,Đồng Nai,26368,Thị Trấn Long Thành,T67,36500.0
17/06/2025,75,Đồng Nai,26368,Thị Trấn Long Thành,T78,45000.0
17/06/2025,75,Đồng Nai,26368,Thị Trấn Long Thành,Z32,620666.0
17/06/2025,75,Đồng Nai,26368,Thị Trấn Long Thành,Z97,158600.0
17/06/2025,75,Đồng Nai,26374,Phường Tam Phước,Khác,0.0
17/06/2025,75,Đồng Nai,26377,Phường Phước Tân,A15,46586424.0
17/06/2025,75,Đồng Nai,26377,Phường Phước Tân,A16,1217030.0
17/06/2025,75,Đồng Nai,26377,Phường Phước Tân,C34,4430077.0
17/06/2025,75,Đồng Nai,26377,Phường Phước Tân,J18,1393293.0
17/06/2025,75,Đồng Nai,26377,Phường Phước Tân,J44,38823840.0
17/06/2025,75,Đồng Nai,26377,Phường Phước Tân,J45,1431890.0
17/06/2025,75,Đồng Nai,26377,Phường Phước Tân,T88,14180301.0
17/06/2025,75,Đồng Nai,26416,Xã Phước Bình,Khác,0.0
17/06/2025,75,Đồng Nai,26452,Xã Suối Cát,A04,6897509.0
17/06/2025,75,Đồng Nai,26452,Xã Suối Cát,A15,1119628.0
17/06/2025,75,Đồng Nai,26452,Xã Suối Cát,A75,1036257.0
17/06/2025,75,Đồng Nai,26452,Xã Suối Cát,A97,2357868.0
17/06/2025,75,Đồng Nai,26452,Xã Suối Cát,B08,3672186.0
17/06/2025,75,Đồng Nai,26452,Xã Suối Cát,B18,663472.0
17/06/2025,75,Đồng Nai,26452,Xã Suối Cát,B20,233358.0
17/06/2025,75,Đồng Nai,26452,Xã Suối Cát,B34,3238541.0
17/06/2025,75,Đồng Nai,26452,Xã Suối Cát,B98,234624.0
17/06/2025,75,Đồng Nai,26452,Xã Suối Cát,C34,177188.4
17/06/2025,75,Đồng Nai,26452,Xã Suối Cát,C40,127699.0
17/06/2025,75,Đồng Nai,26452,Xã Suối Cát,D48,39800.0
17/06/2025,75,Đồng Nai,26452,Xã Suối Cát,D50,83300.0
17/06/2025,75,Đồng Nai,26452,Xã Suối Cát,D64,876930.0
17/06/2025,75,Đồng Nai,26452,Xã Suối Cát,E01,307140.0
17/06/2025,75,Đồng Nai,26452,Xã Suối Cát,E05,862721.0
17/06/2025,75,Đồng Nai,26452,Xã Suối Cát,E11,39250759.0
17/06/2025,75,Đồng Nai,26452,Xã Suối Cát,E16,687928.0
17/06/2025,75,Đồng Nai,26452,Xã Suối Cát,E58,1427258.7
17/06/2025,75,Đồng Nai,26452,Xã Suối Cát,E72,2085131.0
17/06/2025,75,Đồng Nai,26452,Xã Suối Cát,E78,5601752.0
17/06/2025,75,Đồng Nai,26452,Xã Suối Cát,E89,229820.0
17/06/2025,75,Đồng Nai,26452,Xã Suối Cát,F51,1168475.0
17/06/2025,75,Đồng Nai,26452,Xã Suối Cát,G25,7166893.4
17/06/2025,75,Đồng Nai,26452,Xã Suối Cát,G45,2098764.0
17/06/2025,75,Đồng Nai,26452,Xã Suối Cát,G47,327200.0
17/06/2025,75,Đồng Nai,26452,Xã Suối Cát,G51,79600.0
17/06/2025,75,Đồng Nai,26452,Xã Suối Cát,H01,396094.0
17/06/2025,75,Đồng Nai,26452,Xã Suối Cát,H04,1134345.0
17/06/2025,75,Đồng Nai,26452,Xã Suối Cát,H10,1536612.0
17/06/2025,75,Đồng Nai,26452,Xã Suối Cát,H11,2665798.0
17/06/2025,75,Đồng Nai,26452,Xã Suối Cát,H25,130360.0
17/06/2025,75,Đồng Nai,26452,Xã Suối Cát,H40,329880.0
17/06/2025,75,Đồng Nai,26452,Xã Suối Cát,H52,114800.0
17/06/2025,75,Đồng Nai,26452,Xã Suối Cát,H60,183160.0
17/06/2025,75,Đồng Nai,26452,Xã Suối Cát,H81,8577172.0
17/06/2025,75,Đồng Nai,26452,Xã Suối Cát,I05,645173.0
17/06/2025,75,Đồng Nai,26452,Xã Suối Cát,I10,21709051.0
17/06/2025,75,Đồng Nai,26452,Xã Suối Cát,I20,1385007.0
17/06/2025,75,Đồng Nai,26452,Xã Suối Cát,I25,172492.0
17/06/2025,75,Đồng Nai,26452,Xã Suối Cát,I48,407100.0
17/06/2025,75,Đồng Nai,26452,Xã Suối Cát,I49,79700.0
17/06/2025,75,Đồng Nai,26452,Xã Suối Cát,I63,1479077.0
17/06/2025,75,Đồng Nai,26452,Xã Suối Cát,I69,159300.0
17/06/2025,75,Đồng Nai,26452,Xã Suối Cát,I70,342356.0
17/06/2025,75,Đồng Nai,26452,Xã Suối Cát,I82,366563.0
17/06/2025,75,Đồng Nai,26452,Xã Suối Cát,I83,2675775.0
17/06/2025,75,Đồng Nai,26452,Xã Suối Cát,I95,39800.0
17/06/2025,75,Đồng Nai,26452,Xã Suối Cát,J00,950290.0
17/06/2025,75,Đồng Nai,26452,Xã Suối Cát,J01,2124520.0
17/06/2025,75,Đồng Nai,26452,Xã Suối Cát,J02,1497844.0
17/06/2025,75,Đồng Nai,26452,Xã Suối Cát,J06,4177277.0
17/06/2025,75,Đồng Nai,26452,Xã Suối Cát,J20,10841765.0
17/06/2025,75,Đồng Nai,26452,Xã Suối Cát,J21,4598228.0
17/06/2025,75,Đồng Nai,26452,Xã Suối Cát,J30,218725.0
17/06/2025,75,Đồng Nai,26452,Xã Suối Cát,J32,340187.0
17/06/2025,75,Đồng Nai,26452,Xã Suối Cát,J44,22182429.0
17/06/2025,75,Đồng Nai,26452,Xã Suối Cát,J45,3038284.0
17/06/2025,75,Đồng Nai,26452,Xã Suối Cát,J98,39800.0
17/06/2025,75,Đồng Nai,26452,Xã Suối Cát,K00,128075.0
17/06/2025,75,Đồng Nai,26452,Xã Suối Cát,K01,195851.0
17/06/2025,75,Đồng Nai,26452,Xã Suối Cát,K03,835700.0
17/06/2025,75,Đồng Nai,26452,Xã Suối Cát,K04,2446858.0
17/06/2025,75,Đồng Nai,26452,Xã Suối Cát,K21,4477997.0
17/06/2025,75,Đồng Nai,26452,Xã Suối Cát,K25,731549.0
17/06/2025,75,Đồng Nai,26452,Xã Suối Cát,K27,4452459.0
17/06/2025,75,Đồng Nai,26452,Xã Suối Cát,K29,274400.0
17/06/2025,75,Đồng Nai,26452,Xã Suối Cát,K35,7118868.0
17/06/2025,75,Đồng Nai,26452,Xã Suối Cát,K40,98400.0
17/06/2025,75,Đồng Nai,26452,Xã Suối Cát,K58,519870.0
17/06/2025,75,Đồng Nai,26452,Xã Suối Cát,K59,754500.0
17/06/2025,75,Đồng Nai,26452,Xã Suối Cát,K61,104100.0
17/06/2025,75,Đồng Nai,26452,Xã Suối Cát,K64,241695.0
17/06/2025,75,Đồng Nai,26452,Xã Suối Cát,K75,413380.0
17/06/2025,75,Đồng Nai,26452,Xã Suối Cát,K80,159800.0
17/06/2025,75,Đồng Nai,26452,Xã Suối Cát,L02,426099.0
17/06/2025,75,Đồng Nai,26452,Xã Suối Cát,L08,351090.0
17/06/2025,75,Đồng Nai,26452,Xã Suối Cát,L20,432133.0
17/06/2025,75,Đồng Nai,26452,Xã Suối Cát,L23,140260.0
17/06/2025,75,Đồng Nai,26452,Xã Suối Cát,M06,2151470.0
17/06/2025,75,Đồng Nai,26452,Xã Suối Cát,M10,4309088.0
17/06/2025,75,Đồng Nai,26452,Xã Suối Cát,M13,289308.0
17/06/2025,75,Đồng Nai,26452,Xã Suối Cát,M15,968520.0
17/06/2025,75,Đồng Nai,26452,Xã Suối Cát,M17,2218545.0
17/06/2025,75,Đồng Nai,26452,Xã Suối Cát,M46,373630.0
17/06/2025,75,Đồng Nai,26452,Xã Suối Cát,M47,1566759.0
17/06/2025,75,Đồng Nai,26452,Xã Suối Cát,M48,39800.0
17/06/2025,75,Đồng Nai,26452,Xã Suối Cát,M53,3713240.0
17/06/2025,75,Đồng Nai,26452,Xã Suối Cát,M54,18542069.0
17/06/2025,75,Đồng Nai,26452,Xã Suối Cát,M65,5232160.0
17/06/2025,75,Đồng Nai,26452,Xã Suối Cát,N20,860649.0
17/06/2025,75,Đồng Nai,26452,Xã Suối Cát,N23,2421316.0
17/06/2025,75,Đồng Nai,26452,Xã Suối Cát,N30,4094120.0
17/06/2025,75,Đồng Nai,26452,Xã Suối Cát,N39,8685119.0
17/06/2025,75,Đồng Nai,26452,Xã Suối Cát,N40,1628049.0
17/06/2025,75,Đồng Nai,26452,Xã Suối Cát,N72,198460.0
17/06/2025,75,Đồng Nai,26452,Xã Suối Cát,N75,94799.0
17/06/2025,75,Đồng Nai,26452,Xã Suối Cát,N76,222760.0
17/06/2025,75,Đồng Nai,26452,Xã Suối Cát,N92,310860.0
17/06/2025,75,Đồng Nai,26452,Xã Suối Cát,O26,335000.0
17/06/2025,75,Đồng Nai,26452,Xã Suối Cát,O28,4928292.0
17/06/2025,75,Đồng Nai,26452,Xã Suối Cát,O47,787300.0
17/06/2025,75,Đồng Nai,26452,Xã Suối Cát,O82,6083846.0
17/06/2025,75,Đồng Nai,26452,Xã Suối Cát,R00,488987.0
17/06/2025,75,Đồng Nai,26452,Xã Suối Cát,R07,699229.0
17/06/2025,75,Đồng Nai,26452,Xã Suối Cát,R10,613140.0
17/06/2025,75,Đồng Nai,26452,Xã Suối Cát,R31,4236087.0
17/06/2025,75,Đồng Nai,26452,Xã Suối Cát,R51,632720.0
17/06/2025,75,Đồng Nai,26452,Xã Suối Cát,R94,261868.0
17/06/2025,75,Đồng Nai,26452,Xã Suối Cát,R99,917799.0
17/06/2025,75,Đồng Nai,26452,Xã Suối Cát,S00,102320.0
17/06/2025,75,Đồng Nai,26452,Xã Suối Cát,S01,536728.0
17/06/2025,75,Đồng Nai,26452,Xã Suối Cát,S02,6438704.0
17/06/2025,75,Đồng Nai,26452,Xã Suối Cát,S06,2933813.0
17/06/2025,75,Đồng Nai,26452,Xã Suối Cát,S20,273550.0
17/06/2025,75,Đồng Nai,26452,Xã Suối Cát,S22,289300.0
17/06/2025,75,Đồng Nai,26452,Xã Suối Cát,S30,279379.0
17/06/2025,75,Đồng Nai,26452,Xã Suối Cát,S32,130600.0
17/06/2025,75,Đồng Nai,26452,Xã Suối Cát,S33,340400.0
17/06/2025,75,Đồng Nai,26452,Xã Suối Cát,S36,588701.4
17/06/2025,75,Đồng Nai,26452,Xã Suối Cát,S40,130600.0
17/06/2025,75,Đồng Nai,26452,Xã Suối Cát,S42,266700.0
17/06/2025,75,Đồng Nai,26452,Xã Suối Cát,S50,536444.0
17/06/2025,75,Đồng Nai,26452,Xã Suối Cát,S51,383068.0
17/06/2025,75,Đồng Nai,26452,Xã Suối Cát,S52,719950.0
17/06/2025,75,Đồng Nai,26452,Xã Suối Cát,S60,352828.0
17/06/2025,75,Đồng Nai,26452,Xã Suối Cát,S61,3851258.0
17/06/2025,75,Đồng Nai,26452,Xã Suối Cát,S62,142080.0
17/06/2025,75,Đồng Nai,26452,Xã Suối Cát,S72,248000.0
17/06/2025,75,Đồng Nai,26452,Xã Suối Cát,S80,689150.0
17/06/2025,75,Đồng Nai,26452,Xã Suối Cát,S81,104100.0
17/06/2025,75,Đồng Nai,26452,Xã Suối Cát,S82,1485895.0
17/06/2025,75,Đồng Nai,26452,Xã Suối Cát,S90,365445.0
17/06/2025,75,Đồng Nai,26452,Xã Suối Cát,S91,8936268.0
17/06/2025,75,Đồng Nai,26452,Xã Suối Cát,S92,383355.0
17/06/2025,75,Đồng Nai,26452,Xã Suối Cát,S93,39800.0
17/06/2025,75,Đồng Nai,26452,Xã Suối Cát,T00,345028.0
17/06/2025,75,Đồng Nai,26452,Xã Suối Cát,T15,138780.0
17/06/2025,75,Đồng Nai,26452,Xã Suối Cát,T78,1487785.0
17/06/2025,75,Đồng Nai,26452,Xã Suối Cát,T79,300950.0
17/06/2025,75,Đồng Nai,26452,Xã Suối Cát,T90,39800.0
17/06/2025,75,Đồng Nai,26452,Xã Suối Cát,X20,75979.0
17/06/2025,75,Đồng Nai,26452,Xã Suối Cát,Z43,234579.0
17/06/2025,75,Đồng Nai,26452,Xã Suối Cát,Z48,521611.0
17/06/2025,75,Đồng Nai,26452,Xã Suối Cát,Z98,91850.0
17/06/2025,75,Đồng Nai,26455,Xã Xuân Hiệp,A04,3951780.0
17/06/2025,75,Đồng Nai,26455,Xã Xuân Hiệp,B02,440340.0
17/06/2025,75,Đồng Nai,26455,Xã Xuân Hiệp,B18,629640.0
17/06/2025,75,Đồng Nai,26455,Xã Xuân Hiệp,B34,4391583.0
17/06/2025,75,Đồng Nai,26455,Xã Xuân Hiệp,B35,1594026.0
17/06/2025,75,Đồng Nai,26455,Xã Xuân Hiệp,D34,332550.0
17/06/2025,75,Đồng Nai,26455,Xã Xuân Hiệp,D37,1673100.0
17/06/2025,75,Đồng Nai,26455,Xã Xuân Hiệp,D48,408105.0
17/06/2025,75,Đồng Nai,26455,Xã Xuân Hiệp,E04,342150.0
17/06/2025,75,Đồng Nai,26455,Xã Xuân Hiệp,E05,3282540.0
17/06/2025,75,Đồng Nai,26455,Xã Xuân Hiệp,E06,1039134.0
17/06/2025,75,Đồng Nai,26455,Xã Xuân Hiệp,E11,98394027.0
17/06/2025,75,Đồng Nai,26455,Xã Xuân Hiệp,E78,4842510.0
17/06/2025,75,Đồng Nai,26455,Xã Xuân Hiệp,G44,1415580.0
17/06/2025,75,Đồng Nai,26455,Xã Xuân Hiệp,G45,841860.0
17/06/2025,75,Đồng Nai,26455,Xã Xuân Hiệp,G51,109500.0
17/06/2025,75,Đồng Nai,26455,Xã Xuân Hiệp,G57,666450.0
17/06/2025,75,Đồng Nai,26455,Xã Xuân Hiệp,G64,991170.0
17/06/2025,75,Đồng Nai,26455,Xã Xuân Hiệp,H00,1740213.0
17/06/2025,75,Đồng Nai,26455,Xã Xuân Hiệp,H01,1891989.0
17/06/2025,75,Đồng Nai,26455,Xã Xuân Hiệp,H10,2533959.0
17/06/2025,75,Đồng Nai,26455,Xã Xuân Hiệp,H16,1146825.0
17/06/2025,75,Đồng Nai,26455,Xã Xuân Hiệp,H25,4204203.0
17/06/2025,75,Đồng Nai,26455,Xã Xuân Hiệp,H40,534447.0
17/06/2025,75,Đồng Nai,26455,Xã Xuân Hiệp,H66,4040334.0
17/06/2025,75,Đồng Nai,26455,Xã Xuân Hiệp,I10,44301489.0
17/06/2025,75,Đồng Nai,26455,Xã Xuân Hiệp,I25,1413018.0
17/06/2025,75,Đồng Nai,26455,Xã Xuân Hiệp,I83,6843948.0
17/06/2025,75,Đồng Nai,26455,Xã Xuân Hiệp,J00,1008300.0
17/06/2025,75,Đồng Nai,26455,Xã Xuân Hiệp,J01,18084807.0
17/06/2025,75,Đồng Nai,26455,Xã Xuân Hiệp,J02,720600.0
17/06/2025,75,Đồng Nai,26455,Xã Xuân Hiệp,J06,8975928.0
17/06/2025,75,Đồng Nai,26455,Xã Xuân Hiệp,J20,12604791.0
17/06/2025,75,Đồng Nai,26455,Xã Xuân Hiệp,J30,1593147.0
17/06/2025,75,Đồng Nai,26455,Xã Xuân Hiệp,J35,109500.0
17/06/2025,75,Đồng Nai,26455,Xã Xuân Hiệp,J44,877554.0
17/06/2025,75,Đồng Nai,26455,Xã Xuân Hiệp,K01,157800.0
17/06/2025,75,Đồng Nai,26455,Xã Xuân Hiệp,K02,2332350.0
17/06/2025,75,Đồng Nai,26455,Xã Xuân Hiệp,K04,8364222.0
17/06/2025,75,Đồng Nai,26455,Xã Xuân Hiệp,K05,3859890.0
17/06/2025,75,Đồng Nai,26455,Xã Xuân Hiệp,K07,195000.0
17/06/2025,75,Đồng Nai,26455,Xã Xuân Hiệp,K21,9021627.0
17/06/2025,75,Đồng Nai,26455,Xã Xuân Hiệp,K29,1673157.0
17/06/2025,75,Đồng Nai,26455,Xã Xuân Hiệp,K59,401475.0
17/06/2025,75,Đồng Nai,26455,Xã Xuân Hiệp,K60,576000.0
17/06/2025,75,Đồng Nai,26455,Xã Xuân Hiệp,K74,285300.0
17/06/2025,75,Đồng Nai,26455,Xã Xuân Hiệp,K76,554370.0
17/06/2025,75,Đồng Nai,26455,Xã Xuân Hiệp,K77,2107896.0
17/06/2025,75,Đồng Nai,26455,Xã Xuân Hiệp,L02,2559414.0
17/06/2025,75,Đồng Nai,26455,Xã Xuân Hiệp,L03,1948968.0
17/06/2025,75,Đồng Nai,26455,Xã Xuân Hiệp,L04,490200.0
17/06/2025,75,Đồng Nai,26455,Xã Xuân Hiệp,L20,3717348.0
17/06/2025,75,Đồng Nai,26455,Xã Xuân Hiệp,L50,730380.0
17/06/2025,75,Đồng Nai,26455,Xã Xuân Hiệp,M06,2900742.0
17/06/2025,75,Đồng Nai,26455,Xã Xuân Hiệp,M13,574500.0
17/06/2025,75,Đồng Nai,26455,Xã Xuân Hiệp,M15,1908930.0
17/06/2025,75,Đồng Nai,26455,Xã Xuân Hiệp,M17,13224192.0
17/06/2025,75,Đồng Nai,26455,Xã Xuân Hiệp,M25,738300.0
17/06/2025,75,Đồng Nai,26455,Xã Xuân Hiệp,M47,4895670.0
17/06/2025,75,Đồng Nai,26455,Xã Xuân Hiệp,M54,10937766.0
17/06/2025,75,Đồng Nai,26455,Xã Xuân Hiệp,M60,693540.0
17/06/2025,75,Đồng Nai,26455,Xã Xuân Hiệp,M65,2011440.0
17/06/2025,75,Đồng Nai,26455,Xã Xuân Hiệp,M67,314820.0
17/06/2025,75,Đồng Nai,26455,Xã Xuân Hiệp,M75,762450.0
17/06/2025,75,Đồng Nai,26455,Xã Xuân Hiệp,M76,1578534.0
17/06/2025,75,Đồng Nai,26455,Xã Xuân Hiệp,M77,1754748.0
17/06/2025,75,Đồng Nai,26455,Xã Xuân Hiệp,M79,475302.0
17/06/2025,75,Đồng Nai,26455,Xã Xuân Hiệp,N20,673500.0
17/06/2025,75,Đồng Nai,26455,Xã Xuân Hiệp,N23,412200.0
17/06/2025,75,Đồng Nai,26455,Xã Xuân Hiệp,N39,5136048.0
17/06/2025,75,Đồng Nai,26455,Xã Xuân Hiệp,N64,2029866.0
17/06/2025,75,Đồng Nai,26455,Xã Xuân Hiệp,N76,1180950.0
17/06/2025,75,Đồng Nai,26455,Xã Xuân Hiệp,R07,1343394.0
17/06/2025,75,Đồng Nai,26455,Xã Xuân Hiệp,R10,8504832.0
17/06/2025,75,Đồng Nai,26455,Xã Xuân Hiệp,R42,3321768.0
17/06/2025,75,Đồng Nai,26455,Xã Xuân Hiệp,S01,775509.0
17/06/2025,75,Đồng Nai,26455,Xã Xuân Hiệp,S20,1327395.0
17/06/2025,75,Đồng Nai,26455,Xã Xuân Hiệp,S42,109500.0
17/06/2025,75,Đồng Nai,26455,Xã Xuân Hiệp,S52,458250.0
17/06/2025,75,Đồng Nai,26455,Xã Xuân Hiệp,S61,417750.0
17/06/2025,75,Đồng Nai,26455,Xã Xuân Hiệp,S63,428100.0
17/06/2025,75,Đồng Nai,26455,Xã Xuân Hiệp,S82,428100.0
17/06/2025,75,Đồng Nai,26455,Xã Xuân Hiệp,S93,447120.0
17/06/2025,75,Đồng Nai,26455,Xã Xuân Hiệp,T15,1084302.0
17/06/2025,75,Đồng Nai,26455,Xã Xuân Hiệp,T78,6624066.0
17/06/2025,75,Đồng Nai,26455,Xã Xuân Hiệp,T79,3742677.0
17/06/2025,75,Đồng Nai,26455,Xã Xuân Hiệp,W57,318900.0
17/06/2025,75,Đồng Nai,26455,Xã Xuân Hiệp,Z34,5157900.0
17/06/2025,75,Đồng Nai,26455,Xã Xuân Hiệp,Z35,1099500.0
17/06/2025,75,Đồng Nai,26455,Xã Xuân Hiệp,Z48,702705.0
17/06/2025,75,Đồng Nai,26470,Xã Phước Thiền,Khác,0.0
17/06/2025,75,Đồng Nai,26497,Xã Vĩnh Thanh,A97,188020.0
17/06/2025,75,Đồng Nai,26497,Xã Vĩnh Thanh,B34,1965350.0
17/06/2025,75,Đồng Nai,26497,Xã Vĩnh Thanh,E11,1052031.0
17/06/2025,75,Đồng Nai,26497,Xã Vĩnh Thanh,G81,1045750.0
17/06/2025,75,Đồng Nai,26497,Xã Vĩnh Thanh,H81,602996.0
17/06/2025,75,Đồng Nai,26497,Xã Vĩnh Thanh,I10,3798477.0
17/06/2025,75,Đồng Nai,26497,Xã Vĩnh Thanh,I25,810542.0
17/06/2025,75,Đồng Nai,26497,Xã Vĩnh Thanh,I48,121578.0
17/06/2025,75,Đồng Nai,26497,Xã Vĩnh Thanh,I50,299850.0
17/06/2025,75,Đồng Nai,26497,Xã Vĩnh Thanh,I69,1057650.0
17/06/2025,75,Đồng Nai,26497,Xã Vĩnh Thanh,J06,115400.0
17/06/2025,75,Đồng Nai,26497,Xã Vĩnh Thanh,J20,265011.0
17/06/2025,75,Đồng Nai,26497,Xã Vĩnh Thanh,J44,532658.0
17/06/2025,75,Đồng Nai,26497,Xã Vĩnh Thanh,J68,915914.0
17/06/2025,75,Đồng Nai,26497,Xã Vĩnh Thanh,K01,204908.0
17/06/2025,75,Đồng Nai,26497,Xã Vĩnh Thanh,K02,249300.0
17/06/2025,75,Đồng Nai,26497,Xã Vĩnh Thanh,K12,83357.0
17/06/2025,75,Đồng Nai,26497,Xã Vĩnh Thanh,K21,864846.0
17/06/2025,75,Đồng Nai,26497,Xã Vĩnh Thanh,K29,55034.0
17/06/2025,75,Đồng Nai,26497,Xã Vĩnh Thanh,K30,153585.0
17/06/2025,75,Đồng Nai,26497,Xã Vĩnh Thanh,L23,39900.0
17/06/2025,75,Đồng Nai,26497,Xã Vĩnh Thanh,M10,337500.0
17/06/2025,75,Đồng Nai,26497,Xã Vĩnh Thanh,M17,122670.0
17/06/2025,75,Đồng Nai,26497,Xã Vĩnh Thanh,M47,3446840.0
17/06/2025,75,Đồng Nai,26497,Xã Vĩnh Thanh,M54,1480760.0
17/06/2025,75,Đồng Nai,26497,Xã Vĩnh Thanh,M76,125618.0
17/06/2025,75,Đồng Nai,26497,Xã Vĩnh Thanh,N39,143706.0
17/06/2025,75,Đồng Nai,26497,Xã Vĩnh Thanh,O14,213960.0
17/06/2025,75,Đồng Nai,26497,Xã Vĩnh Thanh,R05,595422.0
17/06/2025,75,Đồng Nai,26497,Xã Vĩnh Thanh,R07,379852.0
17/06/2025,75,Đồng Nai,26497,Xã Vĩnh Thanh,R10,200988.0
17/06/2025,75,Đồng Nai,26497,Xã Vĩnh Thanh,S91,116750.0
17/06/2025,75,Đồng Nai,26497,Xã Vĩnh Thanh,Z34,281160.0
18/01/2025,75,Đồng Nai,26341,Thị Trấn Long Giao,Khác,0.0
18/01/2025,75,Đồng Nai,26452,Xã Suối Cát,Khác,0.0
18/02/2025,75,Đồng Nai,25993,Phường Trảng Dài,Khác,0.0
18/02/2025,75,Đồng Nai,26080,Phường Xuân An,Khác,0.0
18/02/2025,75,Đồng Nai,26248,Thị Trấn Trảng Bom,Khác,0.0
18/02/2025,75,Đồng Nai,26341,Thị Trấn Long Giao,Khác,0.0
18/02/2025,75,Đồng Nai,26452,Xã Suối Cát,Khác,0.0
18/03/2025,75,Đồng Nai,25996,Phường Tân Phong,Khác,0.0
18/03/2025,75,Đồng Nai,26026,Phường Tân Mai,Khác,0.0
18/03/2025,75,Đồng Nai,26080,Phường Xuân An,Khác,0.0
18/03/2025,75,Đồng Nai,26248,Thị Trấn Trảng Bom,Khác,0.0
18/03/2025,75,Đồng Nai,26254,Xã Cây Gáo,Khác,0.0
18/03/2025,75,Đồng Nai,26272,Xã Hố Nai 3,Khác,0.0
18/03/2025,75,Đồng Nai,26368,Thị Trấn Long Thành,Khác,0.0
18/03/2025,75,Đồng Nai,26452,Xã Suối Cát,Khác,0.0
18/04/2025,75,Đồng Nai,25993,Phường Trảng Dài,Khác,0.0
18/04/2025,75,Đồng Nai,25996,Phường Tân Phong,Khác,0.0
18/04/2025,75,Đồng Nai,25999,Phường Tân Biên,Khác,0.0
18/04/2025,75,Đồng Nai,26095,Phường Suối Tre,Khác,0.0
18/04/2025,75,Đồng Nai,26206,Thị Trấn Định Quán,Khác,0.0
18/04/2025,75,Đồng Nai,26272,Xã Hố Nai 3,Khác,0.0
18/04/2025,75,Đồng Nai,26326,Thị Trấn Dầu Giây,Khác,0.0
18/04/2025,75,Đồng Nai,26362,Xã Sông Ray,Khác,0.0
18/04/2025,75,Đồng Nai,26368,Thị Trấn Long Thành,Khác,0.0
18/04/2025,75,Đồng Nai,26377,Phường Phước Tân,Khác,0.0
18/04/2025,75,Đồng Nai,26452,Xã Suối Cát,Khác,0.0
18/05/2025,75,Đồng Nai,25996,Phường Tân Phong,Khác,0.0
18/05/2025,75,Đồng Nai,25999,Phường Tân Biên,Khác,0.0
18/05/2025,75,Đồng Nai,26017,Phường Tam Hiệp,Khác,0.0
18/05/2025,75,Đồng Nai,26029,Phường Thống Nhất,Khác,0.0
18/05/2025,75,Đồng Nai,26068,Phường Hóa An,Khác,0.0
18/05/2025,75,Đồng Nai,26095,Phường Suối Tre,Khác,0.0
18/05/2025,75,Đồng Nai,26116,Thị Trấn Tân Phú,Khác,0.0
18/05/2025,75,Đồng Nai,26206,Thị Trấn Định Quán,Khác,0.0
18/05/2025,75,Đồng Nai,26272,Xã Hố Nai 3,Khác,0.0
18/05/2025,75,Đồng Nai,26299,Xã Gia Tân 1,Khác,0.0
18/05/2025,75,Đồng Nai,26317,Xã Hưng Lộc,Khác,0.0
18/05/2025,75,Đồng Nai,26326,Thị Trấn Dầu Giây,Khác,0.0
18/05/2025,75,Đồng Nai,26362,Xã Sông Ray,Khác,0.0
18/05/2025,75,Đồng Nai,26368,Thị Trấn Long Thành,Khác,0.0
18/05/2025,75,Đồng Nai,26374,Phường Tam Phước,Khác,0.0
18/05/2025,75,Đồng Nai,26440,Xã Xuân Trường,Khác,0.0
18/05/2025,75,Đồng Nai,26452,Xã Suối Cát,Khác,0.0
18/05/2025,75,Đồng Nai,26455,Xã Xuân Hiệp,Khác,0.0
18/05/2025,75,Đồng Nai,26497,Xã Vĩnh Thanh,Khác,0.0
18/06/2025,75,Đồng Nai,25996,Phường Tân Phong,Khác,0.0
18/06/2025,75,Đồng Nai,25996,Phường Tân Phong,M54,21274650.6
18/06/2025,75,Đồng Nai,26002,Phường Hố Nai,Khác,0.0
18/06/2025,75,Đồng Nai,26017,Phường Tam Hiệp,D23,527200.0
18/06/2025,75,Đồng Nai,26017,Phường Tam Hiệp,H00,159200.0
18/06/2025,75,Đồng Nai,26017,Phường Tam Hiệp,H01,690800.0
18/06/2025,75,Đồng Nai,26017,Phường Tam Hiệp,H04,2157600.0
18/06/2025,75,Đồng Nai,26017,Phường Tam Hiệp,H10,5552176.0
18/06/2025,75,Đồng Nai,26017,Phường Tam Hiệp,H11,15579960.0
18/06/2025,75,Đồng Nai,26017,Phường Tam Hiệp,H25,953618000.0
18/06/2025,75,Đồng Nai,26017,Phường Tam Hiệp,H26,128342600.0
18/06/2025,75,Đồng Nai,26017,Phường Tam Hiệp,H40,3514512.0
18/06/2025,75,Đồng Nai,26017,Phường Tam Hiệp,H43,1438400.0
18/06/2025,75,Đồng Nai,26017,Phường Tam Hiệp,H59,5315600.0
18/06/2025,75,Đồng Nai,26020,Phường Long Bình,D44,147000.0
18/06/2025,75,Đồng Nai,26020,Phường Long Bình,I10,79390.0
18/06/2025,75,Đồng Nai,26020,Phường Long Bình,J06,686992.0
18/06/2025,75,Đồng Nai,26020,Phường Long Bình,K29,176380.0
18/06/2025,75,Đồng Nai,26020,Phường Long Bình,Khác,0.0
18/06/2025,75,Đồng Nai,26020,Phường Long Bình,M53,41830.0
18/06/2025,75,Đồng Nai,26020,Phường Long Bình,P71,80950.0
18/06/2025,75,Đồng Nai,26020,Phường Long Bình,Q50,286224.0
18/06/2025,75,Đồng Nai,26020,Phường Long Bình,R10,192880.0
18/06/2025,75,Đồng Nai,26020,Phường Long Bình,R51,289140.0
18/06/2025,75,Đồng Nai,26020,Phường Long Bình,R52,79830.0
18/06/2025,75,Đồng Nai,26029,Phường Thống Nhất,B18,532280.0
18/06/2025,75,Đồng Nai,26029,Phường Thống Nhất,E11,1112909.1
18/06/2025,75,Đồng Nai,26029,Phường Thống Nhất,G43,339920.0
18/06/2025,75,Đồng Nai,26029,Phường Thống Nhất,H81,923557.9
18/06/2025,75,Đồng Nai,26029,Phường Thống Nhất,I10,2000449.4
18/06/2025,75,Đồng Nai,26029,Phường Thống Nhất,Khác,0.0
18/06/2025,75,Đồng Nai,26029,Phường Thống Nhất,M47,343280.0
18/06/2025,75,Đồng Nai,26050,Phường An Bình,Khác,0.0
18/06/2025,75,Đồng Nai,26056,Phường Long Bình Tân,A04,6966090.0
18/06/2025,75,Đồng Nai,26056,Phường Long Bình Tân,A09,1302220.0
18/06/2025,75,Đồng Nai,26056,Phường Long Bình Tân,A41,5413400.0
18/06/2025,75,Đồng Nai,26056,Phường Long Bình Tân,A97,26634949.0
18/06/2025,75,Đồng Nai,26056,Phường Long Bình Tân,B02,489907.0
18/06/2025,75,Đồng Nai,26056,Phường Long Bình Tân,B08,135178.0
18/06/2025,75,Đồng Nai,26056,Phường Long Bình Tân,B18,1516724.0
18/06/2025,75,Đồng Nai,26056,Phường Long Bình Tân,B33,3482577.0
18/06/2025,75,Đồng Nai,26056,Phường Long Bình Tân,B34,1267904.0
18/06/2025,75,Đồng Nai,26056,Phường Long Bình Tân,B35,3394992.0
18/06/2025,75,Đồng Nai,26056,Phường Long Bình Tân,B37,138550.0
18/06/2025,75,Đồng Nai,26056,Phường Long Bình Tân,C15,17732470.0
18/06/2025,75,Đồng Nai,26056,Phường Long Bình Tân,C16,4159318.0
18/06/2025,75,Đồng Nai,26056,Phường Long Bình Tân,C18,4867540.0
18/06/2025,75,Đồng Nai,26056,Phường Long Bình Tân,C22,836304.0
18/06/2025,75,Đồng Nai,26056,Phường Long Bình Tân,C34,5761586.0
18/06/2025,75,Đồng Nai,26056,Phường Long Bình Tân,C50,109726400.0
18/06/2025,75,Đồng Nai,26056,Phường Long Bình Tân,C56,348950.0
18/06/2025,75,Đồng Nai,26056,Phường Long Bình Tân,C61,7178200.0
18/06/2025,75,Đồng Nai,26056,Phường Long Bình Tân,C73,515960.0
18/06/2025,75,Đồng Nai,26056,Phường Long Bình Tân,D17,33200.0
18/06/2025,75,Đồng Nai,26056,Phường Long Bình Tân,D18,66400.0
18/06/2025,75,Đồng Nai,26056,Phường Long Bình Tân,D23,1665600.0
18/06/2025,75,Đồng Nai,26056,Phường Long Bình Tân,D24,1778000.0
18/06/2025,75,Đồng Nai,26056,Phường Long Bình Tân,D25,33200.0
18/06/2025,75,Đồng Nai,26056,Phường Long Bình Tân,D29,99600.0
18/06/2025,75,Đồng Nai,26056,Phường Long Bình Tân,D30,273746.0
18/06/2025,75,Đồng Nai,26056,Phường Long Bình Tân,D34,1712480.0
18/06/2025,75,Đồng Nai,26056,Phường Long Bình Tân,D50,2178438.0
18/06/2025,75,Đồng Nai,26056,Phường Long Bình Tân,D64,1057944.0
18/06/2025,75,Đồng Nai,26056,Phường Long Bình Tân,E03,371600.0
18/06/2025,75,Đồng Nai,26056,Phường Long Bình Tân,E04,662680.0
18/06/2025,75,Đồng Nai,26056,Phường Long Bình Tân,E05,4219796.0
18/06/2025,75,Đồng Nai,26056,Phường Long Bình Tân,E11,55280103.0
18/06/2025,75,Đồng Nai,26056,Phường Long Bình Tân,E60,602080.0
18/06/2025,75,Đồng Nai,26056,Phường Long Bình Tân,E78,4032412.0
18/06/2025,75,Đồng Nai,26056,Phường Long Bình Tân,E79,313200.0
18/06/2025,75,Đồng Nai,26056,Phường Long Bình Tân,E83,201088.0
18/06/2025,75,Đồng Nai,26056,Phường Long Bình Tân,F41,1306430.0
18/06/2025,75,Đồng Nai,26056,Phường Long Bình Tân,F51,648480.0
18/06/2025,75,Đồng Nai,26056,Phường Long Bình Tân,G20,983788.0
18/06/2025,75,Đồng Nai,26056,Phường Long Bình Tân,G40,1247628.0
18/06/2025,75,Đồng Nai,26056,Phường Long Bình Tân,G43,644378.0
18/06/2025,75,Đồng Nai,26056,Phường Long Bình Tân,G44,2772580.0
18/06/2025,75,Đồng Nai,26056,Phường Long Bình Tân,G47,5384690.0
18/06/2025,75,Đồng Nai,26056,Phường Long Bình Tân,G51,1764600.0
18/06/2025,75,Đồng Nai,26056,Phường Long Bình Tân,G55,5538680.0
18/06/2025,75,Đồng Nai,26056,Phường Long Bình Tân,G56,163400.0
18/06/2025,75,Đồng Nai,26056,Phường Long Bình Tân,G64,33200.0
18/06/2025,75,Đồng Nai,26056,Phường Long Bình Tân,G83,1719200.0
18/06/2025,75,Đồng Nai,26056,Phường Long Bình Tân,H00,1356574.0
18/06/2025,75,Đồng Nai,26056,Phường Long Bình Tân,H01,2028242.0
18/06/2025,75,Đồng Nai,26056,Phường Long Bình Tân,H04,2633332.0
18/06/2025,75,Đồng Nai,26056,Phường Long Bình Tân,H10,1517082.0
18/06/2025,75,Đồng Nai,26056,Phường Long Bình Tân,H11,5505130.0
18/06/2025,75,Đồng Nai,26056,Phường Long Bình Tân,H18,510739.0
18/06/2025,75,Đồng Nai,26056,Phường Long Bình Tân,H25,1989088.0
18/06/2025,75,Đồng Nai,26056,Phường Long Bình Tân,H26,283200.0
18/06/2025,75,Đồng Nai,26056,Phường Long Bình Tân,H40,2404116.0
18/06/2025,75,Đồng Nai,26056,Phường Long Bình Tân,H52,99680.0
18/06/2025,75,Đồng Nai,26056,Phường Long Bình Tân,H60,1682304.0
18/06/2025,75,Đồng Nai,26056,Phường Long Bình Tân,H65,373774.0
18/06/2025,75,Đồng Nai,26056,Phường Long Bình Tân,H66,2501180.0
18/06/2025,75,Đồng Nai,26056,Phường Long Bình Tân,H81,12172962.0
18/06/2025,75,Đồng Nai,26056,Phường Long Bình Tân,H93,84860.0
18/06/2025,75,Đồng Nai,26056,Phường Long Bình Tân,I08,3295588.0
18/06/2025,75,Đồng Nai,26056,Phường Long Bình Tân,I10,81395905.0
18/06/2025,75,Đồng Nai,26056,Phường Long Bình Tân,I11,4905694.0
18/06/2025,75,Đồng Nai,26056,Phường Long Bình Tân,I21,12329910.0
18/06/2025,75,Đồng Nai,26056,Phường Long Bình Tân,I25,9511284.0
18/06/2025,75,Đồng Nai,26056,Phường Long Bình Tân,I48,855518.0
18/06/2025,75,Đồng Nai,26056,Phường Long Bình Tân,I50,19507451.0
18/06/2025,75,Đồng Nai,26056,Phường Long Bình Tân,I64,15393642.0
18/06/2025,75,Đồng Nai,26056,Phường Long Bình Tân,I69,2725554.0
18/06/2025,75,Đồng Nai,26056,Phường Long Bình Tân,I87,1237560.0
18/06/2025,75,Đồng Nai,26056,Phường Long Bình Tân,J00,2671830.0
18/06/2025,75,Đồng Nai,26056,Phường Long Bình Tân,J01,1511344.0
18/06/2025,75,Đồng Nai,26056,Phường Long Bình Tân,J02,6615107.0
18/06/2025,75,Đồng Nai,26056,Phường Long Bình Tân,J03,10899276.0
18/06/2025,75,Đồng Nai,26056,Phường Long Bình Tân,J04,3419738.0
18/06/2025,75,Đồng Nai,26056,Phường Long Bình Tân,J06,923750.0
18/06/2025,75,Đồng Nai,26056,Phường Long Bình Tân,J16,949425.0
18/06/2025,75,Đồng Nai,26056,Phường Long Bình Tân,J18,34309849.0
18/06/2025,75,Đồng Nai,26056,Phường Long Bình Tân,J20,12540726.0
18/06/2025,75,Đồng Nai,26056,Phường Long Bình Tân,J30,1025682.0
18/06/2025,75,Đồng Nai,26056,Phường Long Bình Tân,J31,87400.0
18/06/2025,75,Đồng Nai,26056,Phường Long Bình Tân,J32,3029574.0
18/06/2025,75,Đồng Nai,26056,Phường Long Bình Tân,J34,120594.0
18/06/2025,75,Đồng Nai,26056,Phường Long Bình Tân,J35,16362250.0
18/06/2025,75,Đồng Nai,26056,Phường Long Bình Tân,J37,43490.0
18/06/2025,75,Đồng Nai,26056,Phường Long Bình Tân,J39,5334824.0
18/06/2025,75,Đồng Nai,26056,Phường Long Bình Tân,J44,994704.0
18/06/2025,75,Đồng Nai,26056,Phường Long Bình Tân,J45,1600454.0
18/06/2025,75,Đồng Nai,26056,Phường Long Bình Tân,K01,4639456.0
18/06/2025,75,Đồng Nai,26056,Phường Long Bình Tân,K02,2535300.0
18/06/2025,75,Đồng Nai,26056,Phường Long Bình Tân,K04,6290000.0
18/06/2025,75,Đồng Nai,26056,Phường Long Bình Tân,K05,1690330.0
18/06/2025,75,Đồng Nai,26056,Phường Long Bình Tân,K11,100438.0
18/06/2025,75,Đồng Nai,26056,Phường Long Bình Tân,K21,17268586.0
18/06/2025,75,Đồng Nai,26056,Phường Long Bình Tân,K25,518908.0
18/06/2025,75,Đồng Nai,26056,Phường Long Bình Tân,K29,12571357.0
18/06/2025,75,Đồng Nai,26056,Phường Long Bình Tân,K35,10839449.0
18/06/2025,75,Đồng Nai,26056,Phường Long Bình Tân,K40,34467891.0
18/06/2025,75,Đồng Nai,26056,Phường Long Bình Tân,K51,2328420.0
18/06/2025,75,Đồng Nai,26056,Phường Long Bình Tân,K52,15404691.0
18/06/2025,75,Đồng Nai,26056,Phường Long Bình Tân,K57,254200.0
18/06/2025,75,Đồng Nai,26056,Phường Long Bình Tân,K58,4687864.0
18/06/2025,75,Đồng Nai,26056,Phường Long Bình Tân,K59,1708150.0
18/06/2025,75,Đồng Nai,26056,Phường Long Bình Tân,K64,17518200.0
18/06/2025,75,Đồng Nai,26056,Phường Long Bình Tân,K74,1463340.0
18/06/2025,75,Đồng Nai,26056,Phường Long Bình Tân,K77,317670.0
18/06/2025,75,Đồng Nai,26056,Phường Long Bình Tân,L02,1019480.0
18/06/2025,75,Đồng Nai,26056,Phường Long Bình Tân,L03,106860.0
18/06/2025,75,Đồng Nai,26056,Phường Long Bình Tân,L04,1165030.0
18/06/2025,75,Đồng Nai,26056,Phường Long Bình Tân,L08,371600.0
18/06/2025,75,Đồng Nai,26056,Phường Long Bình Tân,L21,265360.0
18/06/2025,75,Đồng Nai,26056,Phường Long Bình Tân,L23,3455870.0
18/06/2025,75,Đồng Nai,26056,Phường Long Bình Tân,L24,684880.0
18/06/2025,75,Đồng Nai,26056,Phường Long Bình Tân,L30,702122.0
18/06/2025,75,Đồng Nai,26056,Phường Long Bình Tân,L50,1172802.0
18/06/2025,75,Đồng Nai,26056,Phường Long Bình Tân,L70,81430.0
18/06/2025,75,Đồng Nai,26056,Phường Long Bình Tân,L93,156040.0
18/06/2025,75,Đồng Nai,26056,Phường Long Bình Tân,M06,713850.0
18/06/2025,75,Đồng Nai,26056,Phường Long Bình Tân,M10,4032256.0
18/06/2025,75,Đồng Nai,26056,Phường Long Bình Tân,M13,3482192.0
18/06/2025,75,Đồng Nai,26056,Phường Long Bình Tân,M16,1556144.0
18/06/2025,75,Đồng Nai,26056,Phường Long Bình Tân,M17,4699538.0
18/06/2025,75,Đồng Nai,26056,Phường Long Bình Tân,M25,3027700.0
18/06/2025,75,Đồng Nai,26056,Phường Long Bình Tân,M47,5190533.0
18/06/2025,75,Đồng Nai,26056,Phường Long Bình Tân,M48,143051215.0
18/06/2025,75,Đồng Nai,26056,Phường Long Bình Tân,M50,13276788.0
18/06/2025,75,Đồng Nai,26056,Phường Long Bình Tân,M51,17666970.0
18/06/2025,75,Đồng Nai,26056,Phường Long Bình Tân,M53,275975.0
18/06/2025,75,Đồng Nai,26056,Phường Long Bình Tân,M54,49377803.0
18/06/2025,75,Đồng Nai,26056,Phường Long Bình Tân,M65,577780.0
18/06/2025,75,Đồng Nai,26056,Phường Long Bình Tân,M72,283200.0
18/06/2025,75,Đồng Nai,26056,Phường Long Bình Tân,M75,953020.0
18/06/2025,75,Đồng Nai,26056,Phường Long Bình Tân,M77,1218010.0
18/06/2025,75,Đồng Nai,26056,Phường Long Bình Tân,M79,66149.0
18/06/2025,75,Đồng Nai,26056,Phường Long Bình Tân,N04,657086.0
18/06/2025,75,Đồng Nai,26056,Phường Long Bình Tân,N13,1512800.0
18/06/2025,75,Đồng Nai,26056,Phường Long Bình Tân,N14,564280.0
18/06/2025,75,Đồng Nai,26056,Phường Long Bình Tân,N18,10779916.0
18/06/2025,75,Đồng Nai,26056,Phường Long Bình Tân,N20,49702772.0
18/06/2025,75,Đồng Nai,26056,Phường Long Bình Tân,N30,1393240.0
18/06/2025,75,Đồng Nai,26056,Phường Long Bình Tân,N31,876000.0
18/06/2025,75,Đồng Nai,26056,Phường Long Bình Tân,N34,199000.0
18/06/2025,75,Đồng Nai,26056,Phường Long Bình Tân,N39,430200.0
18/06/2025,75,Đồng Nai,26056,Phường Long Bình Tân,N40,21630125.0
18/06/2025,75,Đồng Nai,26056,Phường Long Bình Tân,N48,363940.0
18/06/2025,75,Đồng Nai,26056,Phường Long Bình Tân,N61,347600.0
18/06/2025,75,Đồng Nai,26056,Phường Long Bình Tân,N76,66400.0
18/06/2025,75,Đồng Nai,26056,Phường Long Bình Tân,N83,66400.0
18/06/2025,75,Đồng Nai,26056,Phường Long Bình Tân,N95,33200.0
18/06/2025,75,Đồng Nai,26056,Phường Long Bình Tân,O20,696580.0
18/06/2025,75,Đồng Nai,26056,Phường Long Bình Tân,O80,8723290.0
18/06/2025,75,Đồng Nai,26056,Phường Long Bình Tân,O82,99607400.0
18/06/2025,75,Đồng Nai,26056,Phường Long Bình Tân,Q25,398200.0
18/06/2025,75,Đồng Nai,26056,Phường Long Bình Tân,R07,4574420.0
18/06/2025,75,Đồng Nai,26056,Phường Long Bình Tân,R10,12099821.0
18/06/2025,75,Đồng Nai,26056,Phường Long Bình Tân,R14,269123.0
18/06/2025,75,Đồng Nai,26056,Phường Long Bình Tân,R20,1124680.0
18/06/2025,75,Đồng Nai,26056,Phường Long Bình Tân,R22,89960.0
18/06/2025,75,Đồng Nai,26056,Phường Long Bình Tân,R42,1839730.0
18/06/2025,75,Đồng Nai,26056,Phường Long Bình Tân,R50,1068374.0
18/06/2025,75,Đồng Nai,26056,Phường Long Bình Tân,R51,12829629.0
18/06/2025,75,Đồng Nai,26056,Phường Long Bình Tân,R73,6734790.0
18/06/2025,75,Đồng Nai,26056,Phường Long Bình Tân,R74,168200.0
18/06/2025,75,Đồng Nai,26056,Phường Long Bình Tân,S00,894360.0
18/06/2025,75,Đồng Nai,26056,Phường Long Bình Tân,S01,92200.0
18/06/2025,75,Đồng Nai,26056,Phường Long Bình Tân,S06,3652720.0
18/06/2025,75,Đồng Nai,26056,Phường Long Bình Tân,S40,402200.0
18/06/2025,75,Đồng Nai,26056,Phường Long Bình Tân,S42,44372.0
18/06/2025,75,Đồng Nai,26056,Phường Long Bình Tân,S52,35551568.0
18/06/2025,75,Đồng Nai,26056,Phường Long Bình Tân,S61,28182352.0
18/06/2025,75,Đồng Nai,26056,Phường Long Bình Tân,S63,222200.0
18/06/2025,75,Đồng Nai,26056,Phường Long Bình Tân,S68,19122104.0
18/06/2025,75,Đồng Nai,26056,Phường Long Bình Tân,S80,645060.0
18/06/2025,75,Đồng Nai,26056,Phường Long Bình Tân,S81,13757321.0
18/06/2025,75,Đồng Nai,26056,Phường Long Bình Tân,S82,35651266.0
18/06/2025,75,Đồng Nai,26056,Phường Long Bình Tân,S83,10305340.0
18/06/2025,75,Đồng Nai,26056,Phường Long Bình Tân,S90,4872560.0
18/06/2025,75,Đồng Nai,26056,Phường Long Bình Tân,S92,573200.0
18/06/2025,75,Đồng Nai,26056,Phường Long Bình Tân,T78,2698829.0
18/06/2025,75,Đồng Nai,26056,Phường Long Bình Tân,T90,883200.0
18/06/2025,75,Đồng Nai,26056,Phường Long Bình Tân,Z32,33200.0
18/06/2025,75,Đồng Nai,26056,Phường Long Bình Tân,Z34,3412596.0
18/06/2025,75,Đồng Nai,26056,Phường Long Bình Tân,Z35,212800.0
18/06/2025,75,Đồng Nai,26056,Phường Long Bình Tân,Z98,5051748.0
18/06/2025,75,Đồng Nai,26068,Phường Hóa An,A09,309888.0
18/06/2025,75,Đồng Nai,26068,Phường Hóa An,E11,2124282.0
18/06/2025,75,Đồng Nai,26068,Phường Hóa An,E63,39980.0
18/06/2025,75,Đồng Nai,26068,Phường Hóa An,G45,2141120.0
18/06/2025,75,Đồng Nai,26068,Phường Hóa An,G50,689126.0
18/06/2025,75,Đồng Nai,26068,Phường Hóa An,G64,841440.0
18/06/2025,75,Đồng Nai,26068,Phường Hóa An,I10,48800.0
18/06/2025,75,Đồng Nai,26068,Phường Hóa An,I25,358300.0
18/06/2025,75,Đồng Nai,26068,Phường Hóa An,J01,293472.0
18/06/2025,75,Đồng Nai,26068,Phường Hóa An,J02,627104.0
18/06/2025,75,Đồng Nai,26068,Phường Hóa An,J06,129299.0
18/06/2025,75,Đồng Nai,26068,Phường Hóa An,J15,128110.0
18/06/2025,75,Đồng Nai,26068,Phường Hóa An,J30,64000.0
18/06/2025,75,Đồng Nai,26068,Phường Hóa An,J32,1676423.0
18/06/2025,75,Đồng Nai,26068,Phường Hóa An,K04,109420.0
18/06/2025,75,Đồng Nai,26068,Phường Hóa An,K29,60420.0
18/06/2025,75,Đồng Nai,26068,Phường Hóa An,K58,497848.0
18/06/2025,75,Đồng Nai,26068,Phường Hóa An,Khác,0.0
18/06/2025,75,Đồng Nai,26068,Phường Hóa An,L02,68275.0
18/06/2025,75,Đồng Nai,26068,Phường Hóa An,M54,5681364.0
18/06/2025,75,Đồng Nai,26068,Phường Hóa An,M62,284960.0
18/06/2025,75,Đồng Nai,26068,Phường Hóa An,R10,506650.0
18/06/2025,75,Đồng Nai,26068,Phường Hóa An,R51,293572.0
18/06/2025,75,Đồng Nai,26068,Phường Hóa An,S20,202795.0
18/06/2025,75,Đồng Nai,26068,Phường Hóa An,S50,226305.0
18/06/2025,75,Đồng Nai,26068,Phường Hóa An,S90,183100.0
18/06/2025,75,Đồng Nai,26068,Phường Hóa An,S91,62720.0
18/06/2025,75,Đồng Nai,26068,Phường Hóa An,S92,413135.0
18/06/2025,75,Đồng Nai,26068,Phường Hóa An,Z34,364180.0
18/06/2025,75,Đồng Nai,26068,Phường Hóa An,Z35,236200.0
18/06/2025,75,Đồng Nai,26095,Phường Suối Tre,A04,1974872.0
18/06/2025,75,Đồng Nai,26095,Phường Suối Tre,E83,1037922.0
18/06/2025,75,Đồng Nai,26095,Phường Suối Tre,G44,410075.0
18/06/2025,75,Đồng Nai,26095,Phường Suối Tre,G55,53757.0
18/06/2025,75,Đồng Nai,26095,Phường Suối Tre,H40,377368.0
18/06/2025,75,Đồng Nai,26095,Phường Suối Tre,I10,5774410.0
18/06/2025,75,Đồng Nai,26095,Phường Suối Tre,I25,6385979.0
18/06/2025,75,Đồng Nai,26095,Phường Suối Tre,I69,185368.0
18/06/2025,75,Đồng Nai,26095,Phường Suối Tre,J18,901276.0
18/06/2025,75,Đồng Nai,26095,Phường Suối Tre,J96,2158765.0
18/06/2025,75,Đồng Nai,26095,Phường Suối Tre,K56,1267993.0
18/06/2025,75,Đồng Nai,26095,Phường Suối Tre,K59,359769.0
18/06/2025,75,Đồng Nai,26095,Phường Suối Tre,K64,214800.0
18/06/2025,75,Đồng Nai,26095,Phường Suối Tre,Khác,0.0
18/06/2025,75,Đồng Nai,26095,Phường Suối Tre,L29,644400.0
18/06/2025,75,Đồng Nai,26095,Phường Suối Tre,M13,3330000.0
18/06/2025,75,Đồng Nai,26095,Phường Suối Tre,M17,418680.0
18/06/2025,75,Đồng Nai,26095,Phường Suối Tre,M51,2133810.0
18/06/2025,75,Đồng Nai,26095,Phường Suối Tre,N40,183660.0
18/06/2025,75,Đồng Nai,26095,Phường Suối Tre,O60,312758.0
18/06/2025,75,Đồng Nai,26095,Phường Suối Tre,T63,399420.0
18/06/2025,75,Đồng Nai,26095,Phường Suối Tre,T78,399246.0
18/06/2025,75,Đồng Nai,26095,Phường Suối Tre,T88,1670140.0
18/06/2025,75,Đồng Nai,26095,Phường Suối Tre,Z96,83019.0
18/06/2025,75,Đồng Nai,26206,Thị Trấn Định Quán,Khác,0.0
18/06/2025,75,Đồng Nai,26272,Xã Hố Nai 3,A04,502560.0
18/06/2025,75,Đồng Nai,26272,Xã Hố Nai 3,A08,163990.0
18/06/2025,75,Đồng Nai,26272,Xã Hố Nai 3,A97,582210.0
18/06/2025,75,Đồng Nai,26272,Xã Hố Nai 3,B34,259547.0
18/06/2025,75,Đồng Nai,26272,Xã Hố Nai 3,E11,2982442.0
18/06/2025,75,Đồng Nai,26272,Xã Hố Nai 3,G81,2164000.0
18/06/2025,75,Đồng Nai,26272,Xã Hố Nai 3,H10,1054275.0
18/06/2025,75,Đồng Nai,26272,Xã Hố Nai 3,H25,42490.0
18/06/2025,75,Đồng Nai,26272,Xã Hố Nai 3,H44,223188.0
18/06/2025,75,Đồng Nai,26272,Xã Hố Nai 3,H66,1164654.0
18/06/2025,75,Đồng Nai,26272,Xã Hố Nai 3,H81,520978.0
18/06/2025,75,Đồng Nai,26272,Xã Hố Nai 3,I10,3997520.0
18/06/2025,75,Đồng Nai,26272,Xã Hố Nai 3,J01,1835065.0
18/06/2025,75,Đồng Nai,26272,Xã Hố Nai 3,J02,166540.0
18/06/2025,75,Đồng Nai,26272,Xã Hố Nai 3,J06,271100.0
18/06/2025,75,Đồng Nai,26272,Xã Hố Nai 3,J20,1537175.0
18/06/2025,75,Đồng Nai,26272,Xã Hố Nai 3,J32,7425948.0
18/06/2025,75,Đồng Nai,26272,Xã Hố Nai 3,J45,251676.0
18/06/2025,75,Đồng Nai,26272,Xã Hố Nai 3,K02,2046150.0
18/06/2025,75,Đồng Nai,26272,Xã Hố Nai 3,Khác,0.0
18/06/2025,75,Đồng Nai,26272,Xã Hố Nai 3,L02,253000.0
18/06/2025,75,Đồng Nai,26272,Xã Hố Nai 3,L04,201576.0
18/06/2025,75,Đồng Nai,26272,Xã Hố Nai 3,L50,37844.0
18/06/2025,75,Đồng Nai,26272,Xã Hố Nai 3,L70,78572.0
18/06/2025,75,Đồng Nai,26272,Xã Hố Nai 3,M10,284150.0
18/06/2025,75,Đồng Nai,26272,Xã Hố Nai 3,M13,355380.0
18/06/2025,75,Đồng Nai,26272,Xã Hố Nai 3,M17,50108.0
18/06/2025,75,Đồng Nai,26272,Xã Hố Nai 3,M47,14215997.0
18/06/2025,75,Đồng Nai,26272,Xã Hố Nai 3,M54,24185048.0
18/06/2025,75,Đồng Nai,26272,Xã Hố Nai 3,M65,101025.0
18/06/2025,75,Đồng Nai,26272,Xã Hố Nai 3,M70,297850.0
18/06/2025,75,Đồng Nai,26272,Xã Hố Nai 3,M75,116925.0
18/06/2025,75,Đồng Nai,26272,Xã Hố Nai 3,M77,305892.0
18/06/2025,75,Đồng Nai,26272,Xã Hố Nai 3,N39,535880.0
18/06/2025,75,Đồng Nai,26272,Xã Hố Nai 3,N40,460604.0
18/06/2025,75,Đồng Nai,26272,Xã Hố Nai 3,N93,190200.0
18/06/2025,75,Đồng Nai,26272,Xã Hố Nai 3,N94,103350.0
18/06/2025,75,Đồng Nai,26272,Xã Hố Nai 3,O20,206700.0
18/06/2025,75,Đồng Nai,26272,Xã Hố Nai 3,O21,390350.0
18/06/2025,75,Đồng Nai,26272,Xã Hố Nai 3,O60,416900.0
18/06/2025,75,Đồng Nai,26272,Xã Hố Nai 3,R07,407112.0
18/06/2025,75,Đồng Nai,26272,Xã Hố Nai 3,R10,3659873.0
18/06/2025,75,Đồng Nai,26272,Xã Hố Nai 3,R50,1553450.0
18/06/2025,75,Đồng Nai,26272,Xã Hố Nai 3,S60,123855.0
18/06/2025,75,Đồng Nai,26272,Xã Hố Nai 3,S61,172640.0
18/06/2025,75,Đồng Nai,26272,Xã Hố Nai 3,S62,242600.0
18/06/2025,75,Đồng Nai,26272,Xã Hố Nai 3,S80,48750.0
18/06/2025,75,Đồng Nai,26272,Xã Hố Nai 3,S86,121300.0
18/06/2025,75,Đồng Nai,26272,Xã Hố Nai 3,S90,231450.0
18/06/2025,75,Đồng Nai,26272,Xã Hố Nai 3,Z34,535050.0
18/06/2025,75,Đồng Nai,26272,Xã Hố Nai 3,Z35,495940.0
18/06/2025,75,Đồng Nai,26272,Xã Hố Nai 3,Z98,106600.0
18/06/2025,75,Đồng Nai,26296,Xã An Viễn,Khác,0.0
18/06/2025,75,Đồng Nai,26299,Xã Gia Tân 1,Khác,0.0
18/06/2025,75,Đồng Nai,26317,Xã Hưng Lộc,A04,561570.0
18/06/2025,75,Đồng Nai,26317,Xã Hưng Lộc,A92,215905.0
18/06/2025,75,Đồng Nai,26317,Xã Hưng Lộc,A97,91918.0
18/06/2025,75,Đồng Nai,26317,Xã Hưng Lộc,H81,222170.0
18/06/2025,75,Đồng Nai,26317,Xã Hưng Lộc,I10,2280935.0
18/06/2025,75,Đồng Nai,26317,Xã Hưng Lộc,I20,494080.0
18/06/2025,75,Đồng Nai,26317,Xã Hưng Lộc,J01,503530.0
18/06/2025,75,Đồng Nai,26317,Xã Hưng Lộc,J15,928775.0
18/06/2025,75,Đồng Nai,26317,Xã Hưng Lộc,K21,287095.0
18/06/2025,75,Đồng Nai,26317,Xã Hưng Lộc,M54,2641336.0
18/06/2025,75,Đồng Nai,26317,Xã Hưng Lộc,N30,255350.0
18/06/2025,75,Đồng Nai,26317,Xã Hưng Lộc,R10,1191555.0
18/06/2025,75,Đồng Nai,26317,Xã Hưng Lộc,Z34,157500.0
18/06/2025,75,Đồng Nai,26326,Thị Trấn Dầu Giây,A04,1366477.0
18/06/2025,75,Đồng Nai,26326,Thị Trấn Dầu Giây,A09,203645.0
18/06/2025,75,Đồng Nai,26326,Thị Trấn Dầu Giây,A18,251862.0
18/06/2025,75,Đồng Nai,26326,Thị Trấn Dầu Giây,A97,1714465.0
18/06/2025,75,Đồng Nai,26326,Thị Trấn Dầu Giây,B05,2739394.0
18/06/2025,75,Đồng Nai,26326,Thị Trấn Dầu Giây,B18,758215.0
18/06/2025,75,Đồng Nai,26326,Thị Trấn Dầu Giây,B34,272997.0
18/06/2025,75,Đồng Nai,26326,Thị Trấn Dầu Giây,B36,77950.0
18/06/2025,75,Đồng Nai,26326,Thị Trấn Dầu Giây,B98,79600.0
18/06/2025,75,Đồng Nai,26326,Thị Trấn Dầu Giây,C18,89850.0
18/06/2025,75,Đồng Nai,26326,Thị Trấn Dầu Giây,C34,164041.0
18/06/2025,75,Đồng Nai,26326,Thị Trấn Dầu Giây,C71,674715.0
18/06/2025,75,Đồng Nai,26326,Thị Trấn Dầu Giây,C73,79600.0
18/06/2025,75,Đồng Nai,26326,Thị Trấn Dầu Giây,C80,40760.0
18/06/2025,75,Đồng Nai,26326,Thị Trấn Dầu Giây,D23,1482772.0
18/06/2025,75,Đồng Nai,26326,Thị Trấn Dầu Giây,D40,39800.0
18/06/2025,75,Đồng Nai,26326,Thị Trấn Dầu Giây,D64,227350.0
18/06/2025,75,Đồng Nai,26326,Thị Trấn Dầu Giây,E05,39800.0
18/06/2025,75,Đồng Nai,26326,Thị Trấn Dầu Giây,E11,18401674.0
18/06/2025,75,Đồng Nai,26326,Thị Trấn Dầu Giây,E78,2531141.0
18/06/2025,75,Đồng Nai,26326,Thị Trấn Dầu Giây,E89,39800.0
18/06/2025,75,Đồng Nai,26326,Thị Trấn Dầu Giây,G44,151060.0
18/06/2025,75,Đồng Nai,26326,Thị Trấn Dầu Giây,G45,424264.0
18/06/2025,75,Đồng Nai,26326,Thị Trấn Dầu Giây,G47,90274.0
18/06/2025,75,Đồng Nai,26326,Thị Trấn Dầu Giây,G56,83040.0
18/06/2025,75,Đồng Nai,26326,Thị Trấn Dầu Giây,G64,174078.0
18/06/2025,75,Đồng Nai,26326,Thị Trấn Dầu Giây,H01,169345.0
18/06/2025,75,Đồng Nai,26326,Thị Trấn Dầu Giây,H04,688570.0
18/06/2025,75,Đồng Nai,26326,Thị Trấn Dầu Giây,H10,139222.0
18/06/2025,75,Đồng Nai,26326,Thị Trấn Dầu Giây,H11,818880.0
18/06/2025,75,Đồng Nai,26326,Thị Trấn Dầu Giây,H25,39800.0
18/06/2025,75,Đồng Nai,26326,Thị Trấn Dầu Giây,H81,5920037.0
18/06/2025,75,Đồng Nai,26326,Thị Trấn Dầu Giây,H92,106694.0
18/06/2025,75,Đồng Nai,26326,Thị Trấn Dầu Giây,I10,8369599.0
18/06/2025,75,Đồng Nai,26326,Thị Trấn Dầu Giây,I20,346508.0
18/06/2025,75,Đồng Nai,26326,Thị Trấn Dầu Giây,I25,640955.0
18/06/2025,75,Đồng Nai,26326,Thị Trấn Dầu Giây,I37,39800.0
18/06/2025,75,Đồng Nai,26326,Thị Trấn Dầu Giây,I46,1479145.0
18/06/2025,75,Đồng Nai,26326,Thị Trấn Dầu Giây,I50,39800.0
18/06/2025,75,Đồng Nai,26326,Thị Trấn Dầu Giây,I64,798000.0
18/06/2025,75,Đồng Nai,26326,Thị Trấn Dầu Giây,I83,536832.0
18/06/2025,75,Đồng Nai,26326,Thị Trấn Dầu Giây,I87,755970.0
18/06/2025,75,Đồng Nai,26326,Thị Trấn Dầu Giây,J01,39800.0
18/06/2025,75,Đồng Nai,26326,Thị Trấn Dầu Giây,J02,188916.0
18/06/2025,75,Đồng Nai,26326,Thị Trấn Dầu Giây,J03,502591.0
18/06/2025,75,Đồng Nai,26326,Thị Trấn Dầu Giây,J06,2750676.0
18/06/2025,75,Đồng Nai,26326,Thị Trấn Dầu Giây,J18,5013089.0
18/06/2025,75,Đồng Nai,26326,Thị Trấn Dầu Giây,J20,918018.0
18/06/2025,75,Đồng Nai,26326,Thị Trấn Dầu Giây,J30,291650.0
18/06/2025,75,Đồng Nai,26326,Thị Trấn Dầu Giây,J31,808684.0
18/06/2025,75,Đồng Nai,26326,Thị Trấn Dầu Giây,J32,2714455.0
18/06/2025,75,Đồng Nai,26326,Thị Trấn Dầu Giây,J35,79600.0
18/06/2025,75,Đồng Nai,26326,Thị Trấn Dầu Giây,J41,1580350.0
18/06/2025,75,Đồng Nai,26326,Thị Trấn Dầu Giây,J44,682494.0
18/06/2025,75,Đồng Nai,26326,Thị Trấn Dầu Giây,J45,317890.0
18/06/2025,75,Đồng Nai,26326,Thị Trấn Dầu Giây,K02,4621506.0
18/06/2025,75,Đồng Nai,26326,Thị Trấn Dầu Giây,K04,551431.0
18/06/2025,75,Đồng Nai,26326,Thị Trấn Dầu Giây,K05,964440.0
18/06/2025,75,Đồng Nai,26326,Thị Trấn Dầu Giây,K21,1966319.0
18/06/2025,75,Đồng Nai,26326,Thị Trấn Dầu Giây,K29,1178122.0
18/06/2025,75,Đồng Nai,26326,Thị Trấn Dầu Giây,K30,351040.0
18/06/2025,75,Đồng Nai,26326,Thị Trấn Dầu Giây,K52,2456952.0
18/06/2025,75,Đồng Nai,26326,Thị Trấn Dầu Giây,K58,39800.0
18/06/2025,75,Đồng Nai,26326,Thị Trấn Dầu Giây,K59,211560.0
18/06/2025,75,Đồng Nai,26326,Thị Trấn Dầu Giây,K75,208780.0
18/06/2025,75,Đồng Nai,26326,Thị Trấn Dầu Giây,K76,216850.0
18/06/2025,75,Đồng Nai,26326,Thị Trấn Dầu Giây,K80,39800.0
18/06/2025,75,Đồng Nai,26326,Thị Trấn Dầu Giây,L02,316476.0
18/06/2025,75,Đồng Nai,26326,Thị Trấn Dầu Giây,L04,347190.0
18/06/2025,75,Đồng Nai,26326,Thị Trấn Dầu Giây,L21,98852.0
18/06/2025,75,Đồng Nai,26326,Thị Trấn Dầu Giây,L24,39800.0
18/06/2025,75,Đồng Nai,26326,Thị Trấn Dầu Giây,L50,77730.0
18/06/2025,75,Đồng Nai,26326,Thị Trấn Dầu Giây,M10,550258.0
18/06/2025,75,Đồng Nai,26326,Thị Trấn Dầu Giây,M13,1690892.0
18/06/2025,75,Đồng Nai,26326,Thị Trấn Dầu Giây,M17,1290817.0
18/06/2025,75,Đồng Nai,26326,Thị Trấn Dầu Giây,M19,49256.0
18/06/2025,75,Đồng Nai,26326,Thị Trấn Dầu Giây,M25,319270.0
18/06/2025,75,Đồng Nai,26326,Thị Trấn Dầu Giây,M47,10362323.0
18/06/2025,75,Đồng Nai,26326,Thị Trấn Dầu Giây,M51,274200.0
18/06/2025,75,Đồng Nai,26326,Thị Trấn Dầu Giây,M54,2667635.0
18/06/2025,75,Đồng Nai,26326,Thị Trấn Dầu Giây,M75,456080.0
18/06/2025,75,Đồng Nai,26326,Thị Trấn Dầu Giây,N13,138200.0
18/06/2025,75,Đồng Nai,26326,Thị Trấn Dầu Giây,N20,1515691.0
18/06/2025,75,Đồng Nai,26326,Thị Trấn Dầu Giây,N39,776595.0
18/06/2025,75,Đồng Nai,26326,Thị Trấn Dầu Giây,N40,1177819.0
18/06/2025,75,Đồng Nai,26326,Thị Trấn Dầu Giây,N64,352561.0
18/06/2025,75,Đồng Nai,26326,Thị Trấn Dầu Giây,N76,205540.0
18/06/2025,75,Đồng Nai,26326,Thị Trấn Dầu Giây,N92,537872.0
18/06/2025,75,Đồng Nai,26326,Thị Trấn Dầu Giây,N94,955834.0
18/06/2025,75,Đồng Nai,26326,Thị Trấn Dầu Giây,O91,3217428.0
18/06/2025,75,Đồng Nai,26326,Thị Trấn Dầu Giây,R07,183200.0
18/06/2025,75,Đồng Nai,26326,Thị Trấn Dầu Giây,R10,1592166.0
18/06/2025,75,Đồng Nai,26326,Thị Trấn Dầu Giây,R17,217700.0
18/06/2025,75,Đồng Nai,26326,Thị Trấn Dầu Giây,R33,141600.0
18/06/2025,75,Đồng Nai,26326,Thị Trấn Dầu Giây,R42,2449598.0
18/06/2025,75,Đồng Nai,26326,Thị Trấn Dầu Giây,R51,42680.0
18/06/2025,75,Đồng Nai,26326,Thị Trấn Dầu Giây,R56,268025.0
18/06/2025,75,Đồng Nai,26326,Thị Trấn Dầu Giây,R64,1374385.0
18/06/2025,75,Đồng Nai,26326,Thị Trấn Dầu Giây,S00,157535.0
18/06/2025,75,Đồng Nai,26326,Thị Trấn Dầu Giây,S01,1079570.0
18/06/2025,75,Đồng Nai,26326,Thị Trấn Dầu Giây,S20,257989.0
18/06/2025,75,Đồng Nai,26326,Thị Trấn Dầu Giây,S60,52235.0
18/06/2025,75,Đồng Nai,26326,Thị Trấn Dầu Giây,S61,804863.0
18/06/2025,75,Đồng Nai,26326,Thị Trấn Dầu Giây,S80,286935.0
18/06/2025,75,Đồng Nai,26326,Thị Trấn Dầu Giây,S90,366724.0
18/06/2025,75,Đồng Nai,26326,Thị Trấn Dầu Giây,T15,195072.0
18/06/2025,75,Đồng Nai,26326,Thị Trấn Dầu Giây,T78,801205.0
18/06/2025,75,Đồng Nai,26326,Thị Trấn Dầu Giây,T79,214870.0
18/06/2025,75,Đồng Nai,26326,Thị Trấn Dầu Giây,W57,40376.0
18/06/2025,75,Đồng Nai,26326,Thị Trấn Dầu Giây,Z09,551335.0
18/06/2025,75,Đồng Nai,26326,Thị Trấn Dầu Giây,Z35,998700.0
18/06/2025,75,Đồng Nai,26326,Thị Trấn Dầu Giây,Z98,305582.0
18/06/2025,75,Đồng Nai,26362,Xã Sông Ray,A09,283135.0
18/06/2025,75,Đồng Nai,26362,Xã Sông Ray,B34,335741.0
18/06/2025,75,Đồng Nai,26362,Xã Sông Ray,E07,200380.0
18/06/2025,75,Đồng Nai,26362,Xã Sông Ray,E11,561209.0
18/06/2025,75,Đồng Nai,26362,Xã Sông Ray,G44,132702.0
18/06/2025,75,Đồng Nai,26362,Xã Sông Ray,H81,4440417.0
18/06/2025,75,Đồng Nai,26362,Xã Sông Ray,I10,3384683.0
18/06/2025,75,Đồng Nai,26362,Xã Sông Ray,I20,407300.0
18/06/2025,75,Đồng Nai,26362,Xã Sông Ray,J02,187456.0
18/06/2025,75,Đồng Nai,26362,Xã Sông Ray,J06,380710.0
18/06/2025,75,Đồng Nai,26362,Xã Sông Ray,J15,36500.0
18/06/2025,75,Đồng Nai,26362,Xã Sông Ray,J18,337180.0
18/06/2025,75,Đồng Nai,26362,Xã Sông Ray,J20,1412663.0
18/06/2025,75,Đồng Nai,26362,Xã Sông Ray,K00,96414.0
18/06/2025,75,Đồng Nai,26362,Xã Sông Ray,K02,1300398.0
18/06/2025,75,Đồng Nai,26362,Xã Sông Ray,K05,222228.0
18/06/2025,75,Đồng Nai,26362,Xã Sông Ray,K29,302095.0
18/06/2025,75,Đồng Nai,26362,Xã Sông Ray,K59,100840.0
18/06/2025,75,Đồng Nai,26362,Xã Sông Ray,K62,151865.0
18/06/2025,75,Đồng Nai,26362,Xã Sông Ray,K76,599496.0
18/06/2025,75,Đồng Nai,26362,Xã Sông Ray,Khác,0.0
18/06/2025,75,Đồng Nai,26362,Xã Sông Ray,L02,291500.0
18/06/2025,75,Đồng Nai,26362,Xã Sông Ray,M53,1806660.0
18/06/2025,75,Đồng Nai,26362,Xã Sông Ray,M54,8420279.0
18/06/2025,75,Đồng Nai,26362,Xã Sông Ray,N20,543790.0
18/06/2025,75,Đồng Nai,26362,Xã Sông Ray,N39,461735.0
18/06/2025,75,Đồng Nai,26362,Xã Sông Ray,N61,200380.0
18/06/2025,75,Đồng Nai,26362,Xã Sông Ray,R10,657468.0
18/06/2025,75,Đồng Nai,26362,Xã Sông Ray,R19,266589.0
18/06/2025,75,Đồng Nai,26362,Xã Sông Ray,R50,532121.0
18/06/2025,75,Đồng Nai,26362,Xã Sông Ray,R51,190110.0
18/06/2025,75,Đồng Nai,26362,Xã Sông Ray,S01,173425.0
18/06/2025,75,Đồng Nai,26362,Xã Sông Ray,S20,115580.0
18/06/2025,75,Đồng Nai,26362,Xã Sông Ray,S81,340770.0
18/06/2025,75,Đồng Nai,26362,Xã Sông Ray,S90,223170.0
18/06/2025,75,Đồng Nai,26368,Thị Trấn Long Thành,A04,186466.0
18/06/2025,75,Đồng Nai,26368,Thị Trấn Long Thành,A09,1529285.0
18/06/2025,75,Đồng Nai,26368,Thị Trấn Long Thành,A97,11515428.0
18/06/2025,75,Đồng Nai,26368,Thị Trấn Long Thành,B33,386320.0
18/06/2025,75,Đồng Nai,26368,Thị Trấn Long Thành,D21,96900.0
18/06/2025,75,Đồng Nai,26368,Thị Trấn Long Thành,D34,186840.0
18/06/2025,75,Đồng Nai,26368,Thị Trấn Long Thành,E11,577758.0
18/06/2025,75,Đồng Nai,26368,Thị Trấn Long Thành,E87,417780.0
18/06/2025,75,Đồng Nai,26368,Thị Trấn Long Thành,G56,183800.0
18/06/2025,75,Đồng Nai,26368,Thị Trấn Long Thành,H10,81440.0
18/06/2025,75,Đồng Nai,26368,Thị Trấn Long Thành,H81,342890.0
18/06/2025,75,Đồng Nai,26368,Thị Trấn Long Thành,I10,1272803.0
18/06/2025,75,Đồng Nai,26368,Thị Trấn Long Thành,I20,498664.0
18/06/2025,75,Đồng Nai,26368,Thị Trấn Long Thành,J06,1469403.0
18/06/2025,75,Đồng Nai,26368,Thị Trấn Long Thành,J20,422916.0
18/06/2025,75,Đồng Nai,26368,Thị Trấn Long Thành,J44,247820.0
18/06/2025,75,Đồng Nai,26368,Thị Trấn Long Thành,K07,128550.0
18/06/2025,75,Đồng Nai,26368,Thị Trấn Long Thành,K21,1058746.0
18/06/2025,75,Đồng Nai,26368,Thị Trấn Long Thành,K29,141550.0
18/06/2025,75,Đồng Nai,26368,Thị Trấn Long Thành,Khác,0.0
18/06/2025,75,Đồng Nai,26368,Thị Trấn Long Thành,L02,139200.0
18/06/2025,75,Đồng Nai,26368,Thị Trấn Long Thành,L03,139200.0
18/06/2025,75,Đồng Nai,26368,Thị Trấn Long Thành,L20,47788.0
18/06/2025,75,Đồng Nai,26368,Thị Trấn Long Thành,L23,475555.0
18/06/2025,75,Đồng Nai,26368,Thị Trấn Long Thành,M02,83700.0
18/06/2025,75,Đồng Nai,26368,Thị Trấn Long Thành,M23,266700.0
18/06/2025,75,Đồng Nai,26368,Thị Trấn Long Thành,M47,161400.0
18/06/2025,75,Đồng Nai,26368,Thị Trấn Long Thành,M54,237060.0
18/06/2025,75,Đồng Nai,26368,Thị Trấn Long Thành,M75,182950.0
18/06/2025,75,Đồng Nai,26368,Thị Trấn Long Thành,N23,474510.0
18/06/2025,75,Đồng Nai,26368,Thị Trấn Long Thành,N30,88310.0
18/06/2025,75,Đồng Nai,26368,Thị Trấn Long Thành,N76,460260.0
18/06/2025,75,Đồng Nai,26368,Thị Trấn Long Thành,O26,587232.0
18/06/2025,75,Đồng Nai,26368,Thị Trấn Long Thành,R10,227640.0
18/06/2025,75,Đồng Nai,26368,Thị Trấn Long Thành,R50,228700.0
18/06/2025,75,Đồng Nai,26368,Thị Trấn Long Thành,R51,138844.0
18/06/2025,75,Đồng Nai,26368,Thị Trấn Long Thành,S00,137240.0
18/06/2025,75,Đồng Nai,26368,Thị Trấn Long Thành,S01,1098360.0
18/06/2025,75,Đồng Nai,26368,Thị Trấn Long Thành,S30,56100.0
18/06/2025,75,Đồng Nai,26368,Thị Trấn Long Thành,S52,807378.0
18/06/2025,75,Đồng Nai,26368,Thị Trấn Long Thành,S53,141800.0
18/06/2025,75,Đồng Nai,26368,Thị Trấn Long Thành,S80,190900.0
18/06/2025,75,Đồng Nai,26368,Thị Trấn Long Thành,S90,109800.0
18/06/2025,75,Đồng Nai,26368,Thị Trấn Long Thành,S92,126300.0
18/06/2025,75,Đồng Nai,26368,Thị Trấn Long Thành,T93,308110.0
18/06/2025,75,Đồng Nai,26368,Thị Trấn Long Thành,Z32,293616.0
18/06/2025,75,Đồng Nai,26368,Thị Trấn Long Thành,Z98,45440.0
18/06/2025,75,Đồng Nai,26374,Phường Tam Phước,Khác,0.0
18/06/2025,75,Đồng Nai,26377,Phường Phước Tân,A15,23188487.0
18/06/2025,75,Đồng Nai,26377,Phường Phước Tân,A16,6412806.0
18/06/2025,75,Đồng Nai,26377,Phường Phước Tân,A18,8994989.0
18/06/2025,75,Đồng Nai,26377,Phường Phước Tân,J18,589376.0
18/06/2025,75,Đồng Nai,26377,Phường Phước Tân,J44,5253818.0
18/06/2025,75,Đồng Nai,26377,Phường Phước Tân,J45,754670.0
18/06/2025,75,Đồng Nai,26377,Phường Phước Tân,U84,5825500.0
18/06/2025,75,Đồng Nai,26416,Xã Phước Bình,Khác,0.0
18/06/2025,75,Đồng Nai,26452,Xã Suối Cát,B20,114028.0
18/06/2025,75,Đồng Nai,26452,Xã Suối Cát,E11,20059248.0
18/06/2025,75,Đồng Nai,26452,Xã Suối Cát,E72,2341517.0
18/06/2025,75,Đồng Nai,26452,Xã Suối Cát,E78,322600.0
18/06/2025,75,Đồng Nai,26452,Xã Suối Cát,G55,390386.0
18/06/2025,75,Đồng Nai,26452,Xã Suối Cát,H10,183180.0
18/06/2025,75,Đồng Nai,26452,Xã Suối Cát,I10,2384516.0
18/06/2025,75,Đồng Nai,26452,Xã Suối Cát,I69,278108.0
18/06/2025,75,Đồng Nai,26452,Xã Suối Cát,J20,241410.0
18/06/2025,75,Đồng Nai,26452,Xã Suối Cát,K21,1280938.0
18/06/2025,75,Đồng Nai,26452,Xã Suối Cát,L02,39800.0
18/06/2025,75,Đồng Nai,26452,Xã Suối Cát,M13,466985.0
18/06/2025,75,Đồng Nai,26452,Xã Suối Cát,M47,275930.0
18/06/2025,75,Đồng Nai,26452,Xã Suối Cát,S82,798500.0
18/06/2025,75,Đồng Nai,26452,Xã Suối Cát,T15,249862.0
18/06/2025,75,Đồng Nai,26452,Xã Suối Cát,Z93,164850.0
18/06/2025,75,Đồng Nai,26452,Xã Suối Cát,Z98,205261.0
18/06/2025,75,Đồng Nai,26455,Xã Xuân Hiệp,A04,2282778.0
18/06/2025,75,Đồng Nai,26455,Xã Xuân Hiệp,A09,712059.0
18/06/2025,75,Đồng Nai,26455,Xã Xuân Hiệp,B08,826296.0
18/06/2025,75,Đồng Nai,26455,Xã Xuân Hiệp,B18,700140.0
18/06/2025,75,Đồng Nai,26455,Xã Xuân Hiệp,B34,4992648.0
18/06/2025,75,Đồng Nai,26455,Xã Xuân Hiệp,B35,1008804.0
18/06/2025,75,Đồng Nai,26455,Xã Xuân Hiệp,E11,49526724.0
18/06/2025,75,Đồng Nai,26455,Xã Xuân Hiệp,E50,1041894.0
18/06/2025,75,Đồng Nai,26455,Xã Xuân Hiệp,E58,313050.0
18/06/2025,75,Đồng Nai,26455,Xã Xuân Hiệp,E78,6111681.0
18/06/2025,75,Đồng Nai,26455,Xã Xuân Hiệp,E83,912600.0
18/06/2025,75,Đồng Nai,26455,Xã Xuân Hiệp,G45,2768730.0
18/06/2025,75,Đồng Nai,26455,Xã Xuân Hiệp,G57,834750.0
18/06/2025,75,Đồng Nai,26455,Xã Xuân Hiệp,H00,357750.0
18/06/2025,75,Đồng Nai,26455,Xã Xuân Hiệp,H04,1742040.0
18/06/2025,75,Đồng Nai,26455,Xã Xuân Hiệp,H10,5981616.0
18/06/2025,75,Đồng Nai,26455,Xã Xuân Hiệp,H40,903171.0
18/06/2025,75,Đồng Nai,26455,Xã Xuân Hiệp,H66,1678656.0
18/06/2025,75,Đồng Nai,26455,Xã Xuân Hiệp,H81,3373050.0
18/06/2025,75,Đồng Nai,26455,Xã Xuân Hiệp,I10,33545880.0
18/06/2025,75,Đồng Nai,26455,Xã Xuân Hiệp,I25,1466880.0
18/06/2025,75,Đồng Nai,26455,Xã Xuân Hiệp,I83,1769376.0
18/06/2025,75,Đồng Nai,26455,Xã Xuân Hiệp,I88,1124100.0
18/06/2025,75,Đồng Nai,26455,Xã Xuân Hiệp,J01,18352290.0
18/06/2025,75,Đồng Nai,26455,Xã Xuân Hiệp,J02,3527718.0
18/06/2025,75,Đồng Nai,26455,Xã Xuân Hiệp,J06,10226820.0
18/06/2025,75,Đồng Nai,26455,Xã Xuân Hiệp,J20,3127920.0
18/06/2025,75,Đồng Nai,26455,Xã Xuân Hiệp,J42,808500.0
18/06/2025,75,Đồng Nai,26455,Xã Xuân Hiệp,J45,878784.0
18/06/2025,75,Đồng Nai,26455,Xã Xuân Hiệp,K02,9789810.0
18/06/2025,75,Đồng Nai,26455,Xã Xuân Hiệp,K04,18357465.0
18/06/2025,75,Đồng Nai,26455,Xã Xuân Hiệp,K05,8218416.0
18/06/2025,75,Đồng Nai,26455,Xã Xuân Hiệp,K12,483300.0
18/06/2025,75,Đồng Nai,26455,Xã Xuân Hiệp,K21,3437388.0
18/06/2025,75,Đồng Nai,26455,Xã Xuân Hiệp,K29,1433280.0
18/06/2025,75,Đồng Nai,26455,Xã Xuân Hiệp,K59,332928.0
18/06/2025,75,Đồng Nai,26455,Xã Xuân Hiệp,K77,1547940.0
18/06/2025,75,Đồng Nai,26455,Xã Xuân Hiệp,L02,1281600.0
18/06/2025,75,Đồng Nai,26455,Xã Xuân Hiệp,L03,933018.0
18/06/2025,75,Đồng Nai,26455,Xã Xuân Hiệp,L20,3248496.0
18/06/2025,75,Đồng Nai,26455,Xã Xuân Hiệp,L28,1367772.0
18/06/2025,75,Đồng Nai,26455,Xã Xuân Hiệp,M06,1296600.0
18/06/2025,75,Đồng Nai,26455,Xã Xuân Hiệp,M10,3650220.0
18/06/2025,75,Đồng Nai,26455,Xã Xuân Hiệp,M13,4004010.0
18/06/2025,75,Đồng Nai,26455,Xã Xuân Hiệp,M17,5353128.0
18/06/2025,75,Đồng Nai,26455,Xã Xuân Hiệp,M23,965400.0
18/06/2025,75,Đồng Nai,26455,Xã Xuân Hiệp,M25,2545500.0
18/06/2025,75,Đồng Nai,26455,Xã Xuân Hiệp,M47,13074072.0
18/06/2025,75,Đồng Nai,26455,Xã Xuân Hiệp,M50,1872600.0
18/06/2025,75,Đồng Nai,26455,Xã Xuân Hiệp,M54,3400335.0
18/06/2025,75,Đồng Nai,26455,Xã Xuân Hiệp,M60,1493568.0
18/06/2025,75,Đồng Nai,26455,Xã Xuân Hiệp,M65,314850.0
18/06/2025,75,Đồng Nai,26455,Xã Xuân Hiệp,M75,7374183.0
18/06/2025,75,Đồng Nai,26455,Xã Xuân Hiệp,M77,5561655.0
18/06/2025,75,Đồng Nai,26455,Xã Xuân Hiệp,M79,808500.0
18/06/2025,75,Đồng Nai,26455,Xã Xuân Hiệp,N19,1278900.0
18/06/2025,75,Đồng Nai,26455,Xã Xuân Hiệp,N20,719700.0
18/06/2025,75,Đồng Nai,26455,Xã Xuân Hiệp,N39,1207470.0
18/06/2025,75,Đồng Nai,26455,Xã Xuân Hiệp,N40,1351020.0
18/06/2025,75,Đồng Nai,26455,Xã Xuân Hiệp,N42,809100.0
18/06/2025,75,Đồng Nai,26455,Xã Xuân Hiệp,N72,785760.0
18/06/2025,75,Đồng Nai,26455,Xã Xuân Hiệp,N92,480258.0
18/06/2025,75,Đồng Nai,26455,Xã Xuân Hiệp,R10,7368942.0
18/06/2025,75,Đồng Nai,26455,Xã Xuân Hiệp,R42,3172140.0
18/06/2025,75,Đồng Nai,26455,Xã Xuân Hiệp,R73,1298616.0
18/06/2025,75,Đồng Nai,26455,Xã Xuân Hiệp,S03,841173.0
18/06/2025,75,Đồng Nai,26455,Xã Xuân Hiệp,S20,919476.0
18/06/2025,75,Đồng Nai,26455,Xã Xuân Hiệp,S33,976458.0
18/06/2025,75,Đồng Nai,26455,Xã Xuân Hiệp,S52,1630200.0
18/06/2025,75,Đồng Nai,26455,Xã Xuân Hiệp,S63,543105.0
18/06/2025,75,Đồng Nai,26455,Xã Xuân Hiệp,T78,6080127.0
18/06/2025,75,Đồng Nai,26455,Xã Xuân Hiệp,T79,1914750.0
18/06/2025,75,Đồng Nai,26455,Xã Xuân Hiệp,Y57,610860.0
18/06/2025,75,Đồng Nai,26455,Xã Xuân Hiệp,Z34,4354200.0
18/06/2025,75,Đồng Nai,26455,Xã Xuân Hiệp,Z35,876600.0
18/06/2025,75,Đồng Nai,26455,Xã Xuân Hiệp,Z48,634950.0
18/06/2025,75,Đồng Nai,26497,Xã Vĩnh Thanh,A97,159900.0
18/06/2025,75,Đồng Nai,26497,Xã Vĩnh Thanh,B34,250300.0
18/06/2025,75,Đồng Nai,26497,Xã Vĩnh Thanh,E11,1357496.0
18/06/2025,75,Đồng Nai,26497,Xã Vĩnh Thanh,I10,3784427.0
18/06/2025,75,Đồng Nai,26497,Xã Vĩnh Thanh,I20,94550.0
18/06/2025,75,Đồng Nai,26497,Xã Vĩnh Thanh,I25,136504.0
18/06/2025,75,Đồng Nai,26497,Xã Vĩnh Thanh,J03,241022.0
18/06/2025,75,Đồng Nai,26497,Xã Vĩnh Thanh,J06,164932.0
18/06/2025,75,Đồng Nai,26497,Xã Vĩnh Thanh,J20,360085.0
18/06/2025,75,Đồng Nai,26497,Xã Vĩnh Thanh,J45,490264.0
18/06/2025,75,Đồng Nai,26497,Xã Vĩnh Thanh,J68,544590.0
18/06/2025,75,Đồng Nai,26497,Xã Vĩnh Thanh,K01,139008.0
18/06/2025,75,Đồng Nai,26497,Xã Vĩnh Thanh,K02,260500.0
18/06/2025,75,Đồng Nai,26497,Xã Vĩnh Thanh,K03,195600.0
18/06/2025,75,Đồng Nai,26497,Xã Vĩnh Thanh,K21,1096370.0
18/06/2025,75,Đồng Nai,26497,Xã Vĩnh Thanh,K29,311116.0
18/06/2025,75,Đồng Nai,26497,Xã Vĩnh Thanh,M10,830528.0
18/06/2025,75,Đồng Nai,26497,Xã Vĩnh Thanh,M17,1687163.0
18/06/2025,75,Đồng Nai,26497,Xã Vĩnh Thanh,M47,1073750.0
18/06/2025,75,Đồng Nai,26497,Xã Vĩnh Thanh,M53,1028950.0
18/06/2025,75,Đồng Nai,26497,Xã Vĩnh Thanh,M54,1452598.0
18/06/2025,75,Đồng Nai,26497,Xã Vĩnh Thanh,M62,41450.0
18/06/2025,75,Đồng Nai,26497,Xã Vĩnh Thanh,M75,2158500.0
18/06/2025,75,Đồng Nai,26497,Xã Vĩnh Thanh,N39,199454.0
18/06/2025,75,Đồng Nai,26497,Xã Vĩnh Thanh,N76,90860.0
18/06/2025,75,Đồng Nai,26497,Xã Vĩnh Thanh,N92,372800.0
18/06/2025,75,Đồng Nai,26497,Xã Vĩnh Thanh,R10,939852.0
18/06/2025,75,Đồng Nai,26497,Xã Vĩnh Thanh,S40,255180.0
18/06/2025,75,Đồng Nai,26497,Xã Vĩnh Thanh,S81,190050.0
18/06/2025,75,Đồng Nai,26497,Xã Vĩnh Thanh,S92,159800.0
18/06/2025,75,Đồng Nai,26497,Xã Vĩnh Thanh,Z34,148060.0
18/06/2025,75,Đồng Nai,26497,Xã Vĩnh Thanh,Z97,67000.0
19/01/2025,75,Đồng Nai,26248,Thị Trấn Trảng Bom,Khác,0.0
19/01/2025,75,Đồng Nai,26341,Thị Trấn Long Giao,Khác,0.0
19/02/2025,75,Đồng Nai,25993,Phường Trảng Dài,Khác,0.0
19/02/2025,75,Đồng Nai,26026,Phường Tân Mai,Khác,0.0
19/02/2025,75,Đồng Nai,26080,Phường Xuân An,Khác,0.0
19/02/2025,75,Đồng Nai,26248,Thị Trấn Trảng Bom,Khác,0.0
19/02/2025,75,Đồng Nai,26341,Thị Trấn Long Giao,Khác,0.0
19/02/2025,75,Đồng Nai,26452,Xã Suối Cát,Khác,0.0
19/03/2025,75,Đồng Nai,25996,Phường Tân Phong,Khác,0.0
19/03/2025,75,Đồng Nai,26080,Phường Xuân An,Khác,0.0
19/03/2025,75,Đồng Nai,26248,Thị Trấn Trảng Bom,Khác,0.0
19/03/2025,75,Đồng Nai,26254,Xã Cây Gáo,Khác,0.0
19/03/2025,75,Đồng Nai,26272,Xã Hố Nai 3,Khác,0.0
19/03/2025,75,Đồng Nai,26452,Xã Suối Cát,Khác,0.0
19/04/2025,75,Đồng Nai,25999,Phường Tân Biên,Khác,0.0
19/04/2025,75,Đồng Nai,26068,Phường Hóa An,Khác,0.0
19/04/2025,75,Đồng Nai,26095,Phường Suối Tre,Khác,0.0
19/04/2025,75,Đồng Nai,26206,Thị Trấn Định Quán,Khác,0.0
19/04/2025,75,Đồng Nai,26272,Xã Hố Nai 3,Khác,0.0
19/04/2025,75,Đồng Nai,26326,Thị Trấn Dầu Giây,Khác,0.0
19/04/2025,75,Đồng Nai,26368,Thị Trấn Long Thành,Khác,0.0
19/04/2025,75,Đồng Nai,26377,Phường Phước Tân,Khác,0.0
19/04/2025,75,Đồng Nai,26440,Xã Xuân Trường,Khác,0.0
19/04/2025,75,Đồng Nai,26452,Xã Suối Cát,Khác,0.0
19/05/2025,75,Đồng Nai,25996,Phường Tân Phong,Khác,0.0
19/05/2025,75,Đồng Nai,25999,Phường Tân Biên,Khác,0.0
19/05/2025,75,Đồng Nai,26017,Phường Tam Hiệp,Khác,0.0
19/05/2025,75,Đồng Nai,26029,Phường Thống Nhất,Khác,0.0
19/05/2025,75,Đồng Nai,26068,Phường Hóa An,Khác,0.0
19/05/2025,75,Đồng Nai,26095,Phường Suối Tre,Khác,0.0
19/05/2025,75,Đồng Nai,26116,Thị Trấn Tân Phú,Khác,0.0
19/05/2025,75,Đồng Nai,26188,Xã Thạnh Phú,Khác,0.0
19/05/2025,75,Đồng Nai,26206,Thị Trấn Định Quán,Khác,0.0
19/05/2025,75,Đồng Nai,26272,Xã Hố Nai 3,Khác,0.0
19/05/2025,75,Đồng Nai,26299,Xã Gia Tân 1,Khác,0.0
19/05/2025,75,Đồng Nai,26311,Xã Quang Trung,Khác,0.0
19/05/2025,75,Đồng Nai,26326,Thị Trấn Dầu Giây,Khác,0.0
19/05/2025,75,Đồng Nai,26362,Xã Sông Ray,Khác,0.0
19/05/2025,75,Đồng Nai,26368,Thị Trấn Long Thành,Khác,0.0
19/05/2025,75,Đồng Nai,26377,Phường Phước Tân,Khác,0.0
19/05/2025,75,Đồng Nai,26440,Xã Xuân Trường,Khác,0.0
19/05/2025,75,Đồng Nai,26452,Xã Suối Cát,Khác,0.0
19/05/2025,75,Đồng Nai,26455,Xã Xuân Hiệp,Khác,0.0
19/06/2025,75,Đồng Nai,25996,Phường Tân Phong,Khác,0.0
19/06/2025,75,Đồng Nai,26002,Phường Hố Nai,D34,446000.0
19/06/2025,75,Đồng Nai,26002,Phường Hố Nai,E11,2355760.0
19/06/2025,75,Đồng Nai,26002,Phường Hố Nai,G43,1284560.0
19/06/2025,75,Đồng Nai,26002,Phường Hố Nai,I10,2589400.0
19/06/2025,75,Đồng Nai,26002,Phường Hố Nai,I83,470000.0
19/06/2025,75,Đồng Nai,26002,Phường Hố Nai,J20,1784640.0
19/06/2025,75,Đồng Nai,26002,Phường Hố Nai,K21,560320.0
19/06/2025,75,Đồng Nai,26002,Phường Hố Nai,K59,463400.0
19/06/2025,75,Đồng Nai,26002,Phường Hố Nai,K75,1337600.0
19/06/2025,75,Đồng Nai,26002,Phường Hố Nai,Khác,0.0
19/06/2025,75,Đồng Nai,26002,Phường Hố Nai,L03,315728.0
19/06/2025,75,Đồng Nai,26002,Phường Hố Nai,M10,1582560.0
19/06/2025,75,Đồng Nai,26002,Phường Hố Nai,M15,2322680.0
19/06/2025,75,Đồng Nai,26002,Phường Hố Nai,M54,5383420.0
19/06/2025,75,Đồng Nai,26002,Phường Hố Nai,M60,466680.0
19/06/2025,75,Đồng Nai,26002,Phường Hố Nai,M77,753880.0
19/06/2025,75,Đồng Nai,26002,Phường Hố Nai,R05,367760.0
19/06/2025,75,Đồng Nai,26002,Phường Hố Nai,R07,721680.0
19/06/2025,75,Đồng Nai,26002,Phường Hố Nai,R51,3091600.0
19/06/2025,75,Đồng Nai,26002,Phường Hố Nai,S93,733640.0
19/06/2025,75,Đồng Nai,26017,Phường Tam Hiệp,H00,935200.0
19/06/2025,75,Đồng Nai,26017,Phường Tam Hiệp,H01,6646400.0
19/06/2025,75,Đồng Nai,26017,Phường Tam Hiệp,H04,7311256.0
19/06/2025,75,Đồng Nai,26017,Phường Tam Hiệp,H10,313200.0
19/06/2025,75,Đồng Nai,26017,Phường Tam Hiệp,H11,39060840.0
19/06/2025,75,Đồng Nai,26017,Phường Tam Hiệp,H20,719200.0
19/06/2025,75,Đồng Nai,26017,Phường Tam Hiệp,H25,838724056.0
19/06/2025,75,Đồng Nai,26017,Phường Tam Hiệp,H26,87209800.0
19/06/2025,75,Đồng Nai,26017,Phường Tam Hiệp,H35,8168400.0
19/06/2025,75,Đồng Nai,26017,Phường Tam Hiệp,H40,6325256.0
19/06/2025,75,Đồng Nai,26017,Phường Tam Hiệp,H52,1438400.0
19/06/2025,75,Đồng Nai,26017,Phường Tam Hiệp,H59,3957600.0
19/06/2025,75,Đồng Nai,26017,Phường Tam Hiệp,T15,5011484.0
19/06/2025,75,Đồng Nai,26020,Phường Long Bình,G44,66870.0
19/06/2025,75,Đồng Nai,26020,Phường Long Bình,I10,70940.0
19/06/2025,75,Đồng Nai,26020,Phường Long Bình,J06,649488.0
19/06/2025,75,Đồng Nai,26020,Phường Long Bình,J42,67640.0
19/06/2025,75,Đồng Nai,26020,Phường Long Bình,K58,160300.0
19/06/2025,75,Đồng Nai,26020,Phường Long Bình,M02,147130.0
19/06/2025,75,Đồng Nai,26020,Phường Long Bình,M06,41840.0
19/06/2025,75,Đồng Nai,26020,Phường Long Bình,M13,77800.0
19/06/2025,75,Đồng Nai,26020,Phường Long Bình,M25,259190.0
19/06/2025,75,Đồng Nai,26020,Phường Long Bình,M47,79830.0
19/06/2025,75,Đồng Nai,26020,Phường Long Bình,N94,264510.0
19/06/2025,75,Đồng Nai,26020,Phường Long Bình,P71,125500.0
19/06/2025,75,Đồng Nai,26020,Phường Long Bình,R10,332364.0
19/06/2025,75,Đồng Nai,26020,Phường Long Bình,R51,256004.0
19/06/2025,75,Đồng Nai,26020,Phường Long Bình,R52,39800.0
19/06/2025,75,Đồng Nai,26020,Phường Long Bình,S00,39800.0
19/06/2025,75,Đồng Nai,26020,Phường Long Bình,S20,123650.0
19/06/2025,75,Đồng Nai,26020,Phường Long Bình,T78,38525.0
19/06/2025,75,Đồng Nai,26029,Phường Thống Nhất,A09,664312.0
19/06/2025,75,Đồng Nai,26029,Phường Thống Nhất,B18,1246000.0
19/06/2025,75,Đồng Nai,26029,Phường Thống Nhất,B34,114950.0
19/06/2025,75,Đồng Nai,26029,Phường Thống Nhất,D21,269699.7
19/06/2025,75,Đồng Nai,26029,Phường Thống Nhất,D22,110000.0
19/06/2025,75,Đồng Nai,26029,Phường Thống Nhất,D25,1274522.0
19/06/2025,75,Đồng Nai,26029,Phường Thống Nhất,D50,610300.0
19/06/2025,75,Đồng Nai,26029,Phường Thống Nhất,D69,1118000.0
19/06/2025,75,Đồng Nai,26029,Phường Thống Nhất,E03,110000.0
19/06/2025,75,Đồng Nai,26029,Phường Thống Nhất,E05,457440.0
19/06/2025,75,Đồng Nai,26029,Phường Thống Nhất,E06,1148470.0
19/06/2025,75,Đồng Nai,26029,Phường Thống Nhất,E07,798140.0
19/06/2025,75,Đồng Nai,26029,Phường Thống Nhất,E11,66170063.97
19/06/2025,75,Đồng Nai,26029,Phường Thống Nhất,E78,2516429.4
19/06/2025,75,Đồng Nai,26029,Phường Thống Nhất,F41,220000.0
19/06/2025,75,Đồng Nai,26029,Phường Thống Nhất,G43,4691081.58
19/06/2025,75,Đồng Nai,26029,Phường Thống Nhất,G44,2576604.1
19/06/2025,75,Đồng Nai,26029,Phường Thống Nhất,G50,248120.0
19/06/2025,75,Đồng Nai,26029,Phường Thống Nhất,G53,178600.0
19/06/2025,75,Đồng Nai,26029,Phường Thống Nhất,G55,1005454.4
19/06/2025,75,Đồng Nai,26029,Phường Thống Nhất,G56,440239.7
19/06/2025,75,Đồng Nai,26029,Phường Thống Nhất,H04,2109963.66
19/06/2025,75,Đồng Nai,26029,Phường Thống Nhất,H10,2230724.4
19/06/2025,75,Đồng Nai,26029,Phường Thống Nhất,H11,807022.85
19/06/2025,75,Đồng Nai,26029,Phường Thống Nhất,H27,110000.0
19/06/2025,75,Đồng Nai,26029,Phường Thống Nhất,H43,710039.4
19/06/2025,75,Đồng Nai,26029,Phường Thống Nhất,H60,732535.95
19/06/2025,75,Đồng Nai,26029,Phường Thống Nhất,H81,8821096.52
19/06/2025,75,Đồng Nai,26029,Phường Thống Nhất,I08,2517994.0
19/06/2025,75,Đồng Nai,26029,Phường Thống Nhất,I10,61518531.96
19/06/2025,75,Đồng Nai,26029,Phường Thống Nhất,I20,2558150.0
19/06/2025,75,Đồng Nai,26029,Phường Thống Nhất,I69,414230.0
19/06/2025,75,Đồng Nai,26029,Phường Thống Nhất,I70,1119990.0
19/06/2025,75,Đồng Nai,26029,Phường Thống Nhất,I87,3251649.4
19/06/2025,75,Đồng Nai,26029,Phường Thống Nhất,J01,1501923.51
19/06/2025,75,Đồng Nai,26029,Phường Thống Nhất,J02,1107658.95
19/06/2025,75,Đồng Nai,26029,Phường Thống Nhất,J20,2332148.99
19/06/2025,75,Đồng Nai,26029,Phường Thống Nhất,J30,1512938.37
19/06/2025,75,Đồng Nai,26029,Phường Thống Nhất,J32,3269946.58
19/06/2025,75,Đồng Nai,26029,Phường Thống Nhất,J35,383100.0
19/06/2025,75,Đồng Nai,26029,Phường Thống Nhất,J44,863083.98
19/06/2025,75,Đồng Nai,26029,Phường Thống Nhất,K01,599330.0
19/06/2025,75,Đồng Nai,26029,Phường Thống Nhất,K02,5097570.0
19/06/2025,75,Đồng Nai,26029,Phường Thống Nhất,K03,4924867.58
19/06/2025,75,Đồng Nai,26029,Phường Thống Nhất,K05,380000.0
19/06/2025,75,Đồng Nai,26029,Phường Thống Nhất,K07,172940.0
19/06/2025,75,Đồng Nai,26029,Phường Thống Nhất,K08,2337000.0
19/06/2025,75,Đồng Nai,26029,Phường Thống Nhất,K11,220000.0
19/06/2025,75,Đồng Nai,26029,Phường Thống Nhất,K21,12566299.52
19/06/2025,75,Đồng Nai,26029,Phường Thống Nhất,K29,1425599.0
19/06/2025,75,Đồng Nai,26029,Phường Thống Nhất,K51,5119706.0
19/06/2025,75,Đồng Nai,26029,Phường Thống Nhất,K52,155000.0
19/06/2025,75,Đồng Nai,26029,Phường Thống Nhất,K64,1112400.0
19/06/2025,75,Đồng Nai,26029,Phường Thống Nhất,K75,661144.0
19/06/2025,75,Đồng Nai,26029,Phường Thống Nhất,K76,1141460.0
19/06/2025,75,Đồng Nai,26029,Phường Thống Nhất,K81,162000.0
19/06/2025,75,Đồng Nai,26029,Phường Thống Nhất,Khác,0.0
19/06/2025,75,Đồng Nai,26029,Phường Thống Nhất,L03,390580.0
19/06/2025,75,Đồng Nai,26029,Phường Thống Nhất,L04,523143.86
19/06/2025,75,Đồng Nai,26029,Phường Thống Nhất,L23,256208.89
19/06/2025,75,Đồng Nai,26029,Phường Thống Nhất,L28,118225.0
19/06/2025,75,Đồng Nai,26029,Phường Thống Nhất,M10,2162985.9
19/06/2025,75,Đồng Nai,26029,Phường Thống Nhất,M13,537868.0
19/06/2025,75,Đồng Nai,26029,Phường Thống Nhất,M17,2991979.36
19/06/2025,75,Đồng Nai,26029,Phường Thống Nhất,M23,141920.0
19/06/2025,75,Đồng Nai,26029,Phường Thống Nhất,M25,528023.0
19/06/2025,75,Đồng Nai,26029,Phường Thống Nhất,M43,122389.86
19/06/2025,75,Đồng Nai,26029,Phường Thống Nhất,M47,3331907.5
19/06/2025,75,Đồng Nai,26029,Phường Thống Nhất,M50,5490810.0
19/06/2025,75,Đồng Nai,26029,Phường Thống Nhất,M54,7681459.48
19/06/2025,75,Đồng Nai,26029,Phường Thống Nhất,M65,143330.0
19/06/2025,75,Đồng Nai,26029,Phường Thống Nhất,M75,733170.0
19/06/2025,75,Đồng Nai,26029,Phường Thống Nhất,M77,1140469.02
19/06/2025,75,Đồng Nai,26029,Phường Thống Nhất,M81,1100260.0
19/06/2025,75,Đồng Nai,26029,Phường Thống Nhất,N20,830228.4
19/06/2025,75,Đồng Nai,26029,Phường Thống Nhất,N23,812182.0
19/06/2025,75,Đồng Nai,26029,Phường Thống Nhất,N30,1071261.0
19/06/2025,75,Đồng Nai,26029,Phường Thống Nhất,N40,1040332.0
19/06/2025,75,Đồng Nai,26029,Phường Thống Nhất,N45,1069950.0
19/06/2025,75,Đồng Nai,26029,Phường Thống Nhất,N49,178950.0
19/06/2025,75,Đồng Nai,26029,Phường Thống Nhất,N64,280000.0
19/06/2025,75,Đồng Nai,26029,Phường Thống Nhất,N72,470000.0
19/06/2025,75,Đồng Nai,26029,Phường Thống Nhất,N75,211246.0
19/06/2025,75,Đồng Nai,26029,Phường Thống Nhất,N76,479700.0
19/06/2025,75,Đồng Nai,26029,Phường Thống Nhất,R07,250480.0
19/06/2025,75,Đồng Nai,26029,Phường Thống Nhất,R10,8483116.14
19/06/2025,75,Đồng Nai,26029,Phường Thống Nhất,R51,6261548.16
19/06/2025,75,Đồng Nai,26029,Phường Thống Nhất,R53,1564744.4
19/06/2025,75,Đồng Nai,26029,Phường Thống Nhất,R59,941559.7
19/06/2025,75,Đồng Nai,26029,Phường Thống Nhất,R73,2319631.93
19/06/2025,75,Đồng Nai,26029,Phường Thống Nhất,S00,259625.0
19/06/2025,75,Đồng Nai,26029,Phường Thống Nhất,S22,619054.0
19/06/2025,75,Đồng Nai,26029,Phường Thống Nhất,S63,489330.0
19/06/2025,75,Đồng Nai,26029,Phường Thống Nhất,S72,300000.0
19/06/2025,75,Đồng Nai,26029,Phường Thống Nhất,S82,1244260.0
19/06/2025,75,Đồng Nai,26029,Phường Thống Nhất,S83,521589.72
19/06/2025,75,Đồng Nai,26029,Phường Thống Nhất,S91,293400.0
19/06/2025,75,Đồng Nai,26029,Phường Thống Nhất,S99,411630.0
19/06/2025,75,Đồng Nai,26029,Phường Thống Nhất,T08,149899.72
19/06/2025,75,Đồng Nai,26029,Phường Thống Nhất,T78,549137.93
19/06/2025,75,Đồng Nai,26029,Phường Thống Nhất,Z34,627000.0
19/06/2025,75,Đồng Nai,26029,Phường Thống Nhất,Z96,488450.0
19/06/2025,75,Đồng Nai,26029,Phường Thống Nhất,Z98,1014733.72
19/06/2025,75,Đồng Nai,26050,Phường An Bình,A04,1029156.0
19/06/2025,75,Đồng Nai,26050,Phường An Bình,B34,3375592.0
19/06/2025,75,Đồng Nai,26050,Phường An Bình,G45,397140.0
19/06/2025,75,Đồng Nai,26050,Phường An Bình,G55,308490.0
19/06/2025,75,Đồng Nai,26050,Phường An Bình,H81,710130.0
19/06/2025,75,Đồng Nai,26050,Phường An Bình,J06,413814.0
19/06/2025,75,Đồng Nai,26050,Phường An Bình,J20,281720.0
19/06/2025,75,Đồng Nai,26050,Phường An Bình,K21,848435.0
19/06/2025,75,Đồng Nai,26050,Phường An Bình,K58,209226.0
19/06/2025,75,Đồng Nai,26050,Phường An Bình,K59,692136.0
19/06/2025,75,Đồng Nai,26050,Phường An Bình,K77,201800.0
19/06/2025,75,Đồng Nai,26050,Phường An Bình,Khác,0.0
19/06/2025,75,Đồng Nai,26050,Phường An Bình,L02,150300.0
19/06/2025,75,Đồng Nai,26050,Phường An Bình,M13,594500.0
19/06/2025,75,Đồng Nai,26050,Phường An Bình,M54,263690.0
19/06/2025,75,Đồng Nai,26050,Phường An Bình,N30,232620.0
19/06/2025,75,Đồng Nai,26050,Phường An Bình,N39,203165.0
19/06/2025,75,Đồng Nai,26050,Phường An Bình,S61,259600.0
19/06/2025,75,Đồng Nai,26050,Phường An Bình,S90,157375.0
19/06/2025,75,Đồng Nai,26050,Phường An Bình,T62,201649.0
19/06/2025,75,Đồng Nai,26056,Phường Long Bình Tân,A04,4219475.0
19/06/2025,75,Đồng Nai,26056,Phường Long Bình Tân,A08,430262.0
19/06/2025,75,Đồng Nai,26056,Phường Long Bình Tân,A09,1448343.0
19/06/2025,75,Đồng Nai,26056,Phường Long Bình Tân,A41,734201.0
19/06/2025,75,Đồng Nai,26056,Phường Long Bình Tân,A97,6524540.0
19/06/2025,75,Đồng Nai,26056,Phường Long Bình Tân,B01,263150.0
19/06/2025,75,Đồng Nai,26056,Phường Long Bình Tân,B02,33200.0
19/06/2025,75,Đồng Nai,26056,Phường Long Bình Tân,B07,299960.0
19/06/2025,75,Đồng Nai,26056,Phường Long Bình Tân,B08,855387.0
19/06/2025,75,Đồng Nai,26056,Phường Long Bình Tân,B18,2944602.0
19/06/2025,75,Đồng Nai,26056,Phường Long Bình Tân,B33,1249056.0
19/06/2025,75,Đồng Nai,26056,Phường Long Bình Tân,B34,4659816.0
19/06/2025,75,Đồng Nai,26056,Phường Long Bình Tân,B35,1684920.0
19/06/2025,75,Đồng Nai,26056,Phường Long Bình Tân,B77,366560.0
19/06/2025,75,Đồng Nai,26056,Phường Long Bình Tân,B88,248550.0
19/06/2025,75,Đồng Nai,26056,Phường Long Bình Tân,B98,350000.0
19/06/2025,75,Đồng Nai,26056,Phường Long Bình Tân,C09,17942188.0
19/06/2025,75,Đồng Nai,26056,Phường Long Bình Tân,C10,358200.0
19/06/2025,75,Đồng Nai,26056,Phường Long Bình Tân,C18,10916689.0
19/06/2025,75,Đồng Nai,26056,Phường Long Bình Tân,C20,2404659.0
19/06/2025,75,Đồng Nai,26056,Phường Long Bình Tân,C34,5949194.0
19/06/2025,75,Đồng Nai,26056,Phường Long Bình Tân,C40,678200.0
19/06/2025,75,Đồng Nai,26056,Phường Long Bình Tân,C50,22028289.0
19/06/2025,75,Đồng Nai,26056,Phường Long Bình Tân,C56,30677961.0
19/06/2025,75,Đồng Nai,26056,Phường Long Bình Tân,D25,33200.0
19/06/2025,75,Đồng Nai,26056,Phường Long Bình Tân,D30,113200.0
19/06/2025,75,Đồng Nai,26056,Phường Long Bình Tân,D34,4306668.0
19/06/2025,75,Đồng Nai,26056,Phường Long Bình Tân,D39,7830035.0
19/06/2025,75,Đồng Nai,26056,Phường Long Bình Tân,D50,230790.0
19/06/2025,75,Đồng Nai,26056,Phường Long Bình Tân,D64,1743325.0
19/06/2025,75,Đồng Nai,26056,Phường Long Bình Tân,E03,789760.0
19/06/2025,75,Đồng Nai,26056,Phường Long Bình Tân,E04,316350.0
19/06/2025,75,Đồng Nai,26056,Phường Long Bình Tân,E05,2688110.0
19/06/2025,75,Đồng Nai,26056,Phường Long Bình Tân,E10,554344.0
19/06/2025,75,Đồng Nai,26056,Phường Long Bình Tân,E11,38513694.0
19/06/2025,75,Đồng Nai,26056,Phường Long Bình Tân,E27,930650.0
19/06/2025,75,Đồng Nai,26056,Phường Long Bình Tân,E30,33200.0
19/06/2025,75,Đồng Nai,26056,Phường Long Bình Tân,E56,454200.0
19/06/2025,75,Đồng Nai,26056,Phường Long Bình Tân,E78,4049028.0
19/06/2025,75,Đồng Nai,26056,Phường Long Bình Tân,E83,280854.0
19/06/2025,75,Đồng Nai,26056,Phường Long Bình Tân,F45,455922.0
19/06/2025,75,Đồng Nai,26056,Phường Long Bình Tân,G44,7000528.0
19/06/2025,75,Đồng Nai,26056,Phường Long Bình Tân,G47,4172900.0
19/06/2025,75,Đồng Nai,26056,Phường Long Bình Tân,G54,206360.0
19/06/2025,75,Đồng Nai,26056,Phường Long Bình Tân,G56,1263007.0
19/06/2025,75,Đồng Nai,26056,Phường Long Bình Tân,G58,533750.0
19/06/2025,75,Đồng Nai,26056,Phường Long Bình Tân,G83,2019200.0
19/06/2025,75,Đồng Nai,26056,Phường Long Bình Tân,H01,150980.0
19/06/2025,75,Đồng Nai,26056,Phường Long Bình Tân,H02,199910.0
19/06/2025,75,Đồng Nai,26056,Phường Long Bình Tân,H04,2074385.0
19/06/2025,75,Đồng Nai,26056,Phường Long Bình Tân,H10,1227380.0
19/06/2025,75,Đồng Nai,26056,Phường Long Bình Tân,H11,97100.0
19/06/2025,75,Đồng Nai,26056,Phường Long Bình Tân,H25,2234540.0
19/06/2025,75,Đồng Nai,26056,Phường Long Bình Tân,H35,734528.0
19/06/2025,75,Đồng Nai,26056,Phường Long Bình Tân,H40,1200683.0
19/06/2025,75,Đồng Nai,26056,Phường Long Bình Tân,H52,313940.0
19/06/2025,75,Đồng Nai,26056,Phường Long Bình Tân,H53,134720.0
19/06/2025,75,Đồng Nai,26056,Phường Long Bình Tân,H60,654700.0
19/06/2025,75,Đồng Nai,26056,Phường Long Bình Tân,H66,867227.0
19/06/2025,75,Đồng Nai,26056,Phường Long Bình Tân,H81,32780210.0
19/06/2025,75,Đồng Nai,26056,Phường Long Bình Tân,H92,372554.0
19/06/2025,75,Đồng Nai,26056,Phường Long Bình Tân,H93,88290.0
19/06/2025,75,Đồng Nai,26056,Phường Long Bình Tân,I10,57054016.0
19/06/2025,75,Đồng Nai,26056,Phường Long Bình Tân,I20,149730627.0
19/06/2025,75,Đồng Nai,26056,Phường Long Bình Tân,I25,14754497.0
19/06/2025,75,Đồng Nai,26056,Phường Long Bình Tân,I50,1134924.0
19/06/2025,75,Đồng Nai,26056,Phường Long Bình Tân,I64,7240657.0
19/06/2025,75,Đồng Nai,26056,Phường Long Bình Tân,I67,2870000.0
19/06/2025,75,Đồng Nai,26056,Phường Long Bình Tân,I69,4965600.0
19/06/2025,75,Đồng Nai,26056,Phường Long Bình Tân,J00,2049894.0
19/06/2025,75,Đồng Nai,26056,Phường Long Bình Tân,J01,261178.0
19/06/2025,75,Đồng Nai,26056,Phường Long Bình Tân,J02,3670836.0
19/06/2025,75,Đồng Nai,26056,Phường Long Bình Tân,J03,5011538.0
19/06/2025,75,Đồng Nai,26056,Phường Long Bình Tân,J04,1330100.0
19/06/2025,75,Đồng Nai,26056,Phường Long Bình Tân,J06,1244992.0
19/06/2025,75,Đồng Nai,26056,Phường Long Bình Tân,J18,13101139.0
19/06/2025,75,Đồng Nai,26056,Phường Long Bình Tân,J20,10796354.0
19/06/2025,75,Đồng Nai,26056,Phường Long Bình Tân,J21,312266.0
19/06/2025,75,Đồng Nai,26056,Phường Long Bình Tân,J31,400272.0
19/06/2025,75,Đồng Nai,26056,Phường Long Bình Tân,J32,6269351.0
19/06/2025,75,Đồng Nai,26056,Phường Long Bình Tân,J44,10304214.0
19/06/2025,75,Đồng Nai,26056,Phường Long Bình Tân,J45,1193443.0
19/06/2025,75,Đồng Nai,26056,Phường Long Bình Tân,J68,4343149.0
19/06/2025,75,Đồng Nai,26056,Phường Long Bình Tân,J96,22049810.0
19/06/2025,75,Đồng Nai,26056,Phường Long Bình Tân,K01,7821800.0
19/06/2025,75,Đồng Nai,26056,Phường Long Bình Tân,K02,3392700.0
19/06/2025,75,Đồng Nai,26056,Phường Long Bình Tân,K04,2113800.0
19/06/2025,75,Đồng Nai,26056,Phường Long Bình Tân,K05,1909273.0
19/06/2025,75,Đồng Nai,26056,Phường Long Bình Tân,K12,2513824.0
19/06/2025,75,Đồng Nai,26056,Phường Long Bình Tân,K13,58400.0
19/06/2025,75,Đồng Nai,26056,Phường Long Bình Tân,K21,10506889.0
19/06/2025,75,Đồng Nai,26056,Phường Long Bình Tân,K25,5479558.0
19/06/2025,75,Đồng Nai,26056,Phường Long Bình Tân,K26,6889870.0
19/06/2025,75,Đồng Nai,26056,Phường Long Bình Tân,K29,7924636.0
19/06/2025,75,Đồng Nai,26056,Phường Long Bình Tân,K30,404400.0
19/06/2025,75,Đồng Nai,26056,Phường Long Bình Tân,K35,570000.0
19/06/2025,75,Đồng Nai,26056,Phường Long Bình Tân,K38,95500.0
19/06/2025,75,Đồng Nai,26056,Phường Long Bình Tân,K40,218100.0
19/06/2025,75,Đồng Nai,26056,Phường Long Bình Tân,K43,33200.0
19/06/2025,75,Đồng Nai,26056,Phường Long Bình Tân,K52,7988148.0
19/06/2025,75,Đồng Nai,26056,Phường Long Bình Tân,K57,2898962.0
19/06/2025,75,Đồng Nai,26056,Phường Long Bình Tân,K58,164135.0
19/06/2025,75,Đồng Nai,26056,Phường Long Bình Tân,K59,502694.0
19/06/2025,75,Đồng Nai,26056,Phường Long Bình Tân,K60,139200.0
19/06/2025,75,Đồng Nai,26056,Phường Long Bình Tân,K64,14118370.0
19/06/2025,75,Đồng Nai,26056,Phường Long Bình Tân,K75,382320.0
19/06/2025,75,Đồng Nai,26056,Phường Long Bình Tân,K77,1878770.0
19/06/2025,75,Đồng Nai,26056,Phường Long Bình Tân,K83,11137863.0
19/06/2025,75,Đồng Nai,26056,Phường Long Bình Tân,L02,6603348.0
19/06/2025,75,Đồng Nai,26056,Phường Long Bình Tân,L03,445630.0
19/06/2025,75,Đồng Nai,26056,Phường Long Bình Tân,L04,247107.0
19/06/2025,75,Đồng Nai,26056,Phường Long Bình Tân,L08,228600.0
19/06/2025,75,Đồng Nai,26056,Phường Long Bình Tân,L13,170720.0
19/06/2025,75,Đồng Nai,26056,Phường Long Bình Tân,L21,325072.0
19/06/2025,75,Đồng Nai,26056,Phường Long Bình Tân,L23,1567930.0
19/06/2025,75,Đồng Nai,26056,Phường Long Bình Tân,L29,1074382.0
19/06/2025,75,Đồng Nai,26056,Phường Long Bình Tân,L30,263560.0
19/06/2025,75,Đồng Nai,26056,Phường Long Bình Tân,L50,1034878.0
19/06/2025,75,Đồng Nai,26056,Phường Long Bình Tân,L70,1666990.0
19/06/2025,75,Đồng Nai,26056,Phường Long Bình Tân,M02,100750.0
19/06/2025,75,Đồng Nai,26056,Phường Long Bình Tân,M05,108712.0
19/06/2025,75,Đồng Nai,26056,Phường Long Bình Tân,M10,438700.0
19/06/2025,75,Đồng Nai,26056,Phường Long Bình Tân,M13,479838.0
19/06/2025,75,Đồng Nai,26056,Phường Long Bình Tân,M15,197212.0
19/06/2025,75,Đồng Nai,26056,Phường Long Bình Tân,M17,4315560.0
19/06/2025,75,Đồng Nai,26056,Phường Long Bình Tân,M24,2223200.0
19/06/2025,75,Đồng Nai,26056,Phường Long Bình Tân,M25,213160.0
19/06/2025,75,Đồng Nai,26056,Phường Long Bình Tân,M32,4822172.0
19/06/2025,75,Đồng Nai,26056,Phường Long Bình Tân,M41,401360.0
19/06/2025,75,Đồng Nai,26056,Phường Long Bình Tân,M47,3382659.0
19/06/2025,75,Đồng Nai,26056,Phường Long Bình Tân,M48,47323066.0
19/06/2025,75,Đồng Nai,26056,Phường Long Bình Tân,M50,9361764.0
19/06/2025,75,Đồng Nai,26056,Phường Long Bình Tân,M51,15942033.0
19/06/2025,75,Đồng Nai,26056,Phường Long Bình Tân,M54,41712684.0
19/06/2025,75,Đồng Nai,26056,Phường Long Bình Tân,M65,656560.0
19/06/2025,75,Đồng Nai,26056,Phường Long Bình Tân,M75,1382172.0
19/06/2025,75,Đồng Nai,26056,Phường Long Bình Tân,M77,1121984.0
19/06/2025,75,Đồng Nai,26056,Phường Long Bình Tân,N20,6357570.0
19/06/2025,75,Đồng Nai,26056,Phường Long Bình Tân,N21,583910.0
19/06/2025,75,Đồng Nai,26056,Phường Long Bình Tân,N23,1426067.0
19/06/2025,75,Đồng Nai,26056,Phường Long Bình Tân,N30,1866850.0
19/06/2025,75,Đồng Nai,26056,Phường Long Bình Tân,N39,9033925.0
19/06/2025,75,Đồng Nai,26056,Phường Long Bình Tân,N40,16877354.0
19/06/2025,75,Đồng Nai,26056,Phường Long Bình Tân,N47,43160.0
19/06/2025,75,Đồng Nai,26056,Phường Long Bình Tân,N48,137850.0
19/06/2025,75,Đồng Nai,26056,Phường Long Bình Tân,N61,248200.0
19/06/2025,75,Đồng Nai,26056,Phường Long Bình Tân,N64,248200.0
19/06/2025,75,Đồng Nai,26056,Phường Long Bình Tân,N76,406700.0
19/06/2025,75,Đồng Nai,26056,Phường Long Bình Tân,N80,33200.0
19/06/2025,75,Đồng Nai,26056,Phường Long Bình Tân,N87,33200.0
19/06/2025,75,Đồng Nai,26056,Phường Long Bình Tân,N92,244280.0
19/06/2025,75,Đồng Nai,26056,Phường Long Bình Tân,N95,66500.0
19/06/2025,75,Đồng Nai,26056,Phường Long Bình Tân,O20,424272.0
19/06/2025,75,Đồng Nai,26056,Phường Long Bình Tân,O30,33200.0
19/06/2025,75,Đồng Nai,26056,Phường Long Bình Tân,O47,5338568.0
19/06/2025,75,Đồng Nai,26056,Phường Long Bình Tân,O80,15683110.0
19/06/2025,75,Đồng Nai,26056,Phường Long Bình Tân,O82,70061900.0
19/06/2025,75,Đồng Nai,26056,Phường Long Bình Tân,R06,426400.0
19/06/2025,75,Đồng Nai,26056,Phường Long Bình Tân,R07,1497934.0
19/06/2025,75,Đồng Nai,26056,Phường Long Bình Tân,R10,6931801.0
19/06/2025,75,Đồng Nai,26056,Phường Long Bình Tân,R14,122123.0
19/06/2025,75,Đồng Nai,26056,Phường Long Bình Tân,R33,568892.0
19/06/2025,75,Đồng Nai,26056,Phường Long Bình Tân,R50,1028904.0
19/06/2025,75,Đồng Nai,26056,Phường Long Bình Tân,R51,6158664.0
19/06/2025,75,Đồng Nai,26056,Phường Long Bình Tân,R73,326360.0
19/06/2025,75,Đồng Nai,26056,Phường Long Bình Tân,R74,415364.0
19/06/2025,75,Đồng Nai,26056,Phường Long Bình Tân,R94,829200.0
19/06/2025,75,Đồng Nai,26056,Phường Long Bình Tân,S06,7979579.0
19/06/2025,75,Đồng Nai,26056,Phường Long Bình Tân,S09,1508200.0
19/06/2025,75,Đồng Nai,26056,Phường Long Bình Tân,S20,3374326.0
19/06/2025,75,Đồng Nai,26056,Phường Long Bình Tân,S22,309190.0
19/06/2025,75,Đồng Nai,26056,Phường Long Bình Tân,S31,72200.0
19/06/2025,75,Đồng Nai,26056,Phường Long Bình Tân,S40,565550.0
19/06/2025,75,Đồng Nai,26056,Phường Long Bình Tân,S42,7829353.0
19/06/2025,75,Đồng Nai,26056,Phường Long Bình Tân,S52,158200.0
19/06/2025,75,Đồng Nai,26056,Phường Long Bình Tân,S61,224336.0
19/06/2025,75,Đồng Nai,26056,Phường Long Bình Tân,S62,488160.0
19/06/2025,75,Đồng Nai,26056,Phường Long Bình Tân,S80,2153644.0
19/06/2025,75,Đồng Nai,26056,Phường Long Bình Tân,S82,294372.0
19/06/2025,75,Đồng Nai,26056,Phường Long Bình Tân,S83,1833200.0
19/06/2025,75,Đồng Nai,26056,Phường Long Bình Tân,S90,334400.0
19/06/2025,75,Đồng Nai,26056,Phường Long Bình Tân,S92,496370.0
19/06/2025,75,Đồng Nai,26056,Phường Long Bình Tân,S93,158200.0
19/06/2025,75,Đồng Nai,26056,Phường Long Bình Tân,T00,373780.0
19/06/2025,75,Đồng Nai,26056,Phường Long Bình Tân,T78,118808.0
19/06/2025,75,Đồng Nai,26056,Phường Long Bình Tân,Z34,1657600.0
19/06/2025,75,Đồng Nai,26056,Phường Long Bình Tân,Z35,1012000.0
19/06/2025,75,Đồng Nai,26056,Phường Long Bình Tân,Z95,932614.0
19/06/2025,75,Đồng Nai,26056,Phường Long Bình Tân,Z98,3919374.0
19/06/2025,75,Đồng Nai,26068,Phường Hóa An,A04,346496.0
19/06/2025,75,Đồng Nai,26068,Phường Hóa An,A09,598850.0
19/06/2025,75,Đồng Nai,26068,Phường Hóa An,B08,85274.0
19/06/2025,75,Đồng Nai,26068,Phường Hóa An,B34,294560.0
19/06/2025,75,Đồng Nai,26068,Phường Hóa An,E11,2786631.0
19/06/2025,75,Đồng Nai,26068,Phường Hóa An,E78,318900.0
19/06/2025,75,Đồng Nai,26068,Phường Hóa An,G44,162180.0
19/06/2025,75,Đồng Nai,26068,Phường Hóa An,G45,1421895.0
19/06/2025,75,Đồng Nai,26068,Phường Hóa An,G50,542930.0
19/06/2025,75,Đồng Nai,26068,Phường Hóa An,G56,54620.0
19/06/2025,75,Đồng Nai,26068,Phường Hóa An,G58,78730.0
19/06/2025,75,Đồng Nai,26068,Phường Hóa An,G64,152760.0
19/06/2025,75,Đồng Nai,26068,Phường Hóa An,G93,290500.0
19/06/2025,75,Đồng Nai,26068,Phường Hóa An,H10,146980.0
19/06/2025,75,Đồng Nai,26068,Phường Hóa An,H52,45220.0
19/06/2025,75,Đồng Nai,26068,Phường Hóa An,H60,159500.0
19/06/2025,75,Đồng Nai,26068,Phường Hóa An,H81,1331258.0
19/06/2025,75,Đồng Nai,26068,Phường Hóa An,H93,62220.0
19/06/2025,75,Đồng Nai,26068,Phường Hóa An,I10,7423940.0
19/06/2025,75,Đồng Nai,26068,Phường Hóa An,I20,1277800.0
19/06/2025,75,Đồng Nai,26068,Phường Hóa An,I25,87810.0
19/06/2025,75,Đồng Nai,26068,Phường Hóa An,I87,80124.0
19/06/2025,75,Đồng Nai,26068,Phường Hóa An,J02,870134.0
19/06/2025,75,Đồng Nai,26068,Phường Hóa An,J06,744554.0
19/06/2025,75,Đồng Nai,26068,Phường Hóa An,J20,1275785.0
19/06/2025,75,Đồng Nai,26068,Phường Hóa An,J31,218130.0
19/06/2025,75,Đồng Nai,26068,Phường Hóa An,J32,1802247.0
19/06/2025,75,Đồng Nai,26068,Phường Hóa An,J42,115901.0
19/06/2025,75,Đồng Nai,26068,Phường Hóa An,K03,406000.0
19/06/2025,75,Đồng Nai,26068,Phường Hóa An,K04,806490.0
19/06/2025,75,Đồng Nai,26068,Phường Hóa An,K08,172970.0
19/06/2025,75,Đồng Nai,26068,Phường Hóa An,K21,188266.0
19/06/2025,75,Đồng Nai,26068,Phường Hóa An,K29,797668.0
19/06/2025,75,Đồng Nai,26068,Phường Hóa An,K35,250600.0
19/06/2025,75,Đồng Nai,26068,Phường Hóa An,K58,278668.0
19/06/2025,75,Đồng Nai,26068,Phường Hóa An,K77,251138.0
19/06/2025,75,Đồng Nai,26068,Phường Hóa An,Khác,0.0
19/06/2025,75,Đồng Nai,26068,Phường Hóa An,L08,85390.0
19/06/2025,75,Đồng Nai,26068,Phường Hóa An,L28,445328.0
19/06/2025,75,Đồng Nai,26068,Phường Hóa An,M06,158970.0
19/06/2025,75,Đồng Nai,26068,Phường Hóa An,M13,327770.0
19/06/2025,75,Đồng Nai,26068,Phường Hóa An,M17,159900.0
19/06/2025,75,Đồng Nai,26068,Phường Hóa An,M19,49660.0
19/06/2025,75,Đồng Nai,26068,Phường Hóa An,M24,1781500.0
19/06/2025,75,Đồng Nai,26068,Phường Hóa An,M25,2027430.0
19/06/2025,75,Đồng Nai,26068,Phường Hóa An,M33,313250.0
19/06/2025,75,Đồng Nai,26068,Phường Hóa An,M47,229150.0
19/06/2025,75,Đồng Nai,26068,Phường Hóa An,M54,2003290.0
19/06/2025,75,Đồng Nai,26068,Phường Hóa An,M62,2661420.0
19/06/2025,75,Đồng Nai,26068,Phường Hóa An,M65,113220.0
19/06/2025,75,Đồng Nai,26068,Phường Hóa An,M77,603790.0
19/06/2025,75,Đồng Nai,26068,Phường Hóa An,N20,273360.0
19/06/2025,75,Đồng Nai,26068,Phường Hóa An,N39,804355.0
19/06/2025,75,Đồng Nai,26068,Phường Hóa An,N76,239700.0
19/06/2025,75,Đồng Nai,26068,Phường Hóa An,S01,480020.0
19/06/2025,75,Đồng Nai,26068,Phường Hóa An,S21,168400.0
19/06/2025,75,Đồng Nai,26068,Phường Hóa An,S51,226620.0
19/06/2025,75,Đồng Nai,26068,Phường Hóa An,S72,175550.0
19/06/2025,75,Đồng Nai,26068,Phường Hóa An,T50,76400.0
19/06/2025,75,Đồng Nai,26068,Phường Hóa An,T78,131550.0
19/06/2025,75,Đồng Nai,26068,Phường Hóa An,Z34,389360.0
19/06/2025,75,Đồng Nai,26068,Phường Hóa An,Z35,583510.0
19/06/2025,75,Đồng Nai,26095,Phường Suối Tre,A04,13781020.0
19/06/2025,75,Đồng Nai,26095,Phường Suối Tre,A08,8751542.0
19/06/2025,75,Đồng Nai,26095,Phường Suối Tre,A09,5324870.0
19/06/2025,75,Đồng Nai,26095,Phường Suối Tre,A15,1748517.0
19/06/2025,75,Đồng Nai,26095,Phường Suối Tre,A41,24866812.0
19/06/2025,75,Đồng Nai,26095,Phường Suối Tre,A49,1569507.0
19/06/2025,75,Đồng Nai,26095,Phường Suối Tre,A97,3083870.0
19/06/2025,75,Đồng Nai,26095,Phường Suối Tre,B00,933681.0
19/06/2025,75,Đồng Nai,26095,Phường Suối Tre,B02,4725338.0
19/06/2025,75,Đồng Nai,26095,Phường Suối Tre,B08,11305631.2
19/06/2025,75,Đồng Nai,26095,Phường Suối Tre,B18,2797956.0
19/06/2025,75,Đồng Nai,26095,Phường Suối Tre,B34,6659583.0
19/06/2025,75,Đồng Nai,26095,Phường Suối Tre,B35,357345.0
19/06/2025,75,Đồng Nai,26095,Phường Suối Tre,B36,101200.0
19/06/2025,75,Đồng Nai,26095,Phường Suối Tre,B98,475307.0
19/06/2025,75,Đồng Nai,26095,Phường Suối Tre,C16,9445751.0
19/06/2025,75,Đồng Nai,26095,Phường Suối Tre,C18,195150.0
19/06/2025,75,Đồng Nai,26095,Phường Suối Tre,C22,9591278.0
19/06/2025,75,Đồng Nai,26095,Phường Suối Tre,C34,5721958.0
19/06/2025,75,Đồng Nai,26095,Phường Suối Tre,C50,45000.0
19/06/2025,75,Đồng Nai,26095,Phường Suối Tre,C73,45000.0
19/06/2025,75,Đồng Nai,26095,Phường Suối Tre,D23,809462.0
19/06/2025,75,Đồng Nai,26095,Phường Suối Tre,D37,6305550.0
19/06/2025,75,Đồng Nai,26095,Phường Suối Tre,D38,45000.0
19/06/2025,75,Đồng Nai,26095,Phường Suối Tre,D43,1651164.0
19/06/2025,75,Đồng Nai,26095,Phường Suối Tre,D69,177000.0
19/06/2025,75,Đồng Nai,26095,Phường Suối Tre,E03,520450.0
19/06/2025,75,Đồng Nai,26095,Phường Suối Tre,E04,1140056.0
19/06/2025,75,Đồng Nai,26095,Phường Suối Tre,E05,2501553.0
19/06/2025,75,Đồng Nai,26095,Phường Suối Tre,E07,161800.0
19/06/2025,75,Đồng Nai,26095,Phường Suối Tre,E11,132895360.0
19/06/2025,75,Đồng Nai,26095,Phường Suối Tre,E78,5559402.0
19/06/2025,75,Đồng Nai,26095,Phường Suối Tre,E87,1260459.0
19/06/2025,75,Đồng Nai,26095,Phường Suối Tre,E89,494040.0
19/06/2025,75,Đồng Nai,26095,Phường Suối Tre,F41,1237627.0
19/06/2025,75,Đồng Nai,26095,Phường Suối Tre,G40,1403140.0
19/06/2025,75,Đồng Nai,26095,Phường Suối Tre,G43,8269598.0
19/06/2025,75,Đồng Nai,26095,Phường Suối Tre,G44,492390.0
19/06/2025,75,Đồng Nai,26095,Phường Suối Tre,G45,8988363.0
19/06/2025,75,Đồng Nai,26095,Phường Suối Tre,G47,2633276.0
19/06/2025,75,Đồng Nai,26095,Phường Suối Tre,G55,815963.0
19/06/2025,75,Đồng Nai,26095,Phường Suối Tre,G56,13291050.0
19/06/2025,75,Đồng Nai,26095,Phường Suối Tre,G58,634433.0
19/06/2025,75,Đồng Nai,26095,Phường Suối Tre,G64,190300.0
19/06/2025,75,Đồng Nai,26095,Phường Suối Tre,H00,770417.0
19/06/2025,75,Đồng Nai,26095,Phường Suối Tre,H02,769528.0
19/06/2025,75,Đồng Nai,26095,Phường Suối Tre,H04,630122.0
19/06/2025,75,Đồng Nai,26095,Phường Suối Tre,H10,1850908.0
19/06/2025,75,Đồng Nai,26095,Phường Suối Tre,H16,451984.0
19/06/2025,75,Đồng Nai,26095,Phường Suối Tre,H25,685746.0
19/06/2025,75,Đồng Nai,26095,Phường Suối Tre,H40,1951691.0
19/06/2025,75,Đồng Nai,26095,Phường Suối Tre,H47,90000.0
19/06/2025,75,Đồng Nai,26095,Phường Suối Tre,H60,1366460.0
19/06/2025,75,Đồng Nai,26095,Phường Suối Tre,H81,1909613.0
19/06/2025,75,Đồng Nai,26095,Phường Suối Tre,I07,90000.0
19/06/2025,75,Đồng Nai,26095,Phường Suối Tre,I10,70893146.0
19/06/2025,75,Đồng Nai,26095,Phường Suối Tre,I20,6202548.0
19/06/2025,75,Đồng Nai,26095,Phường Suối Tre,I21,4119320.0
19/06/2025,75,Đồng Nai,26095,Phường Suối Tre,I25,21604503.0
19/06/2025,75,Đồng Nai,26095,Phường Suối Tre,I48,476960.0
19/06/2025,75,Đồng Nai,26095,Phường Suối Tre,I49,90000.0
19/06/2025,75,Đồng Nai,26095,Phường Suối Tre,I50,16661647.0
19/06/2025,75,Đồng Nai,26095,Phường Suối Tre,I63,15690882.0
19/06/2025,75,Đồng Nai,26095,Phường Suối Tre,I69,6278288.0
19/06/2025,75,Đồng Nai,26095,Phường Suối Tre,I87,971710.0
19/06/2025,75,Đồng Nai,26095,Phường Suối Tre,J00,304779.0
19/06/2025,75,Đồng Nai,26095,Phường Suối Tre,J01,269886.0
19/06/2025,75,Đồng Nai,26095,Phường Suối Tre,J02,1235958.0
19/06/2025,75,Đồng Nai,26095,Phường Suối Tre,J03,123260.0
19/06/2025,75,Đồng Nai,26095,Phường Suối Tre,J06,1974522.0
19/06/2025,75,Đồng Nai,26095,Phường Suối Tre,J18,29257734.0
19/06/2025,75,Đồng Nai,26095,Phường Suối Tre,J20,4362690.0
19/06/2025,75,Đồng Nai,26095,Phường Suối Tre,J21,1569020.0
19/06/2025,75,Đồng Nai,26095,Phường Suối Tre,J30,1845901.0
19/06/2025,75,Đồng Nai,26095,Phường Suối Tre,J31,577343.0
19/06/2025,75,Đồng Nai,26095,Phường Suối Tre,J32,1228360.0
19/06/2025,75,Đồng Nai,26095,Phường Suối Tre,J33,580266.0
19/06/2025,75,Đồng Nai,26095,Phường Suối Tre,J35,248547.0
19/06/2025,75,Đồng Nai,26095,Phường Suối Tre,J37,77025.0
19/06/2025,75,Đồng Nai,26095,Phường Suối Tre,J44,19463369.0
19/06/2025,75,Đồng Nai,26095,Phường Suối Tre,J45,1443190.0
19/06/2025,75,Đồng Nai,26095,Phường Suối Tre,J93,9054478.0
19/06/2025,75,Đồng Nai,26095,Phường Suối Tre,K01,2038180.0
19/06/2025,75,Đồng Nai,26095,Phường Suối Tre,K02,90000.0
19/06/2025,75,Đồng Nai,26095,Phường Suối Tre,K04,5003866.0
19/06/2025,75,Đồng Nai,26095,Phường Suối Tre,K05,598550.0
19/06/2025,75,Đồng Nai,26095,Phường Suối Tre,K12,96580.0
19/06/2025,75,Đồng Nai,26095,Phường Suối Tre,K21,8722496.0
19/06/2025,75,Đồng Nai,26095,Phường Suối Tre,K25,12628660.0
19/06/2025,75,Đồng Nai,26095,Phường Suối Tre,K29,10562606.0
19/06/2025,75,Đồng Nai,26095,Phường Suối Tre,K35,24029700.0
19/06/2025,75,Đồng Nai,26095,Phường Suối Tre,K42,2238028.0
19/06/2025,75,Đồng Nai,26095,Phường Suối Tre,K52,2507998.0
19/06/2025,75,Đồng Nai,26095,Phường Suối Tre,K56,2280080.0
19/06/2025,75,Đồng Nai,26095,Phường Suối Tre,K57,6187018.0
19/06/2025,75,Đồng Nai,26095,Phường Suối Tre,K58,160581.0
19/06/2025,75,Đồng Nai,26095,Phường Suối Tre,K62,6919186.0
19/06/2025,75,Đồng Nai,26095,Phường Suối Tre,K63,12294690.0
19/06/2025,75,Đồng Nai,26095,Phường Suối Tre,K64,38824294.0
19/06/2025,75,Đồng Nai,26095,Phường Suối Tre,K65,426256.0
19/06/2025,75,Đồng Nai,26095,Phường Suối Tre,K73,555200.0
19/06/2025,75,Đồng Nai,26095,Phường Suối Tre,K74,9383785.0
19/06/2025,75,Đồng Nai,26095,Phường Suối Tre,K76,176908.0
19/06/2025,75,Đồng Nai,26095,Phường Suối Tre,K80,155024.0
19/06/2025,75,Đồng Nai,26095,Phường Suối Tre,K85,1782096.0
19/06/2025,75,Đồng Nai,26095,Phường Suối Tre,Khác,0.0
19/06/2025,75,Đồng Nai,26095,Phường Suối Tre,L02,573028.0
19/06/2025,75,Đồng Nai,26095,Phường Suối Tre,L04,440159.0
19/06/2025,75,Đồng Nai,26095,Phường Suối Tre,L08,243996.0
19/06/2025,75,Đồng Nai,26095,Phường Suối Tre,L13,402094.0
19/06/2025,75,Đồng Nai,26095,Phường Suối Tre,L20,1778628.0
19/06/2025,75,Đồng Nai,26095,Phường Suối Tre,L23,2498842.0
19/06/2025,75,Đồng Nai,26095,Phường Suối Tre,L24,254380.0
19/06/2025,75,Đồng Nai,26095,Phường Suối Tre,L29,207900.0
19/06/2025,75,Đồng Nai,26095,Phường Suối Tre,L40,624928.0
19/06/2025,75,Đồng Nai,26095,Phường Suối Tre,L84,255850.0
19/06/2025,75,Đồng Nai,26095,Phường Suối Tre,M10,1765383.0
19/06/2025,75,Đồng Nai,26095,Phường Suối Tre,M13,4927213.0
19/06/2025,75,Đồng Nai,26095,Phường Suối Tre,M15,5166287.0
19/06/2025,75,Đồng Nai,26095,Phường Suối Tre,M17,11655625.0
19/06/2025,75,Đồng Nai,26095,Phường Suối Tre,M23,1393528.0
19/06/2025,75,Đồng Nai,26095,Phường Suối Tre,M47,4510046.0
19/06/2025,75,Đồng Nai,26095,Phường Suối Tre,M51,1549675.0
19/06/2025,75,Đồng Nai,26095,Phường Suối Tre,M54,30978253.0
19/06/2025,75,Đồng Nai,26095,Phường Suối Tre,M65,2084144.0
19/06/2025,75,Đồng Nai,26095,Phường Suối Tre,M66,6764583.0
19/06/2025,75,Đồng Nai,26095,Phường Suối Tre,M75,15843299.0
19/06/2025,75,Đồng Nai,26095,Phường Suối Tre,M77,591182.0
19/06/2025,75,Đồng Nai,26095,Phường Suối Tre,M81,154608.0
19/06/2025,75,Đồng Nai,26095,Phường Suối Tre,N18,17049984.0
19/06/2025,75,Đồng Nai,26095,Phường Suối Tre,N20,23218202.0
19/06/2025,75,Đồng Nai,26095,Phường Suối Tre,N23,833709.0
19/06/2025,75,Đồng Nai,26095,Phường Suối Tre,N30,216166.0
19/06/2025,75,Đồng Nai,26095,Phường Suối Tre,N31,7874181.0
19/06/2025,75,Đồng Nai,26095,Phường Suối Tre,N39,1840394.0
19/06/2025,75,Đồng Nai,26095,Phường Suối Tre,N40,11689845.0
19/06/2025,75,Đồng Nai,26095,Phường Suối Tre,N48,109420.0
19/06/2025,75,Đồng Nai,26095,Phường Suối Tre,N60,45000.0
19/06/2025,75,Đồng Nai,26095,Phường Suối Tre,N73,26295196.0
19/06/2025,75,Đồng Nai,26095,Phường Suối Tre,N76,1876294.0
19/06/2025,75,Đồng Nai,26095,Phường Suối Tre,N83,1793031.0
19/06/2025,75,Đồng Nai,26095,Phường Suối Tre,N92,544564.0
19/06/2025,75,Đồng Nai,26095,Phường Suối Tre,O20,733776.0
19/06/2025,75,Đồng Nai,26095,Phường Suối Tre,O30,90000.0
19/06/2025,75,Đồng Nai,26095,Phường Suối Tre,O80,17307948.0
19/06/2025,75,Đồng Nai,26095,Phường Suối Tre,O82,82247360.0
19/06/2025,75,Đồng Nai,26095,Phường Suối Tre,P07,117100.0
19/06/2025,75,Đồng Nai,26095,Phường Suối Tre,P36,2560763.0
19/06/2025,75,Đồng Nai,26095,Phường Suối Tre,R00,644148.0
19/06/2025,75,Đồng Nai,26095,Phường Suối Tre,R05,341200.0
19/06/2025,75,Đồng Nai,26095,Phường Suối Tre,R07,1645215.0
19/06/2025,75,Đồng Nai,26095,Phường Suối Tre,R10,1176745.0
19/06/2025,75,Đồng Nai,26095,Phường Suối Tre,R23,175500.0
19/06/2025,75,Đồng Nai,26095,Phường Suối Tre,R30,722502.0
19/06/2025,75,Đồng Nai,26095,Phường Suối Tre,R33,146800.0
19/06/2025,75,Đồng Nai,26095,Phường Suối Tre,R42,1060200.0
19/06/2025,75,Đồng Nai,26095,Phường Suối Tre,R50,588510.0
19/06/2025,75,Đồng Nai,26095,Phường Suối Tre,R53,1294460.0
19/06/2025,75,Đồng Nai,26095,Phường Suối Tre,R56,4042335.0
19/06/2025,75,Đồng Nai,26095,Phường Suối Tre,R59,237474.0
19/06/2025,75,Đồng Nai,26095,Phường Suối Tre,R73,1557892.0
19/06/2025,75,Đồng Nai,26095,Phường Suối Tre,R94,179600.0
19/06/2025,75,Đồng Nai,26095,Phường Suối Tre,R96,1583678.0
19/06/2025,75,Đồng Nai,26095,Phường Suối Tre,S00,1670110.0
19/06/2025,75,Đồng Nai,26095,Phường Suối Tre,S01,2660209.0
19/06/2025,75,Đồng Nai,26095,Phường Suối Tre,S02,48900.0
19/06/2025,75,Đồng Nai,26095,Phường Suối Tre,S05,207096.0
19/06/2025,75,Đồng Nai,26095,Phường Suối Tre,S06,106394114.0
19/06/2025,75,Đồng Nai,26095,Phường Suối Tre,S14,276337.0
19/06/2025,75,Đồng Nai,26095,Phường Suối Tre,S22,2001610.0
19/06/2025,75,Đồng Nai,26095,Phường Suối Tre,S30,1704673.0
19/06/2025,75,Đồng Nai,26095,Phường Suối Tre,S32,7610698.0
19/06/2025,75,Đồng Nai,26095,Phường Suối Tre,S39,211613.0
19/06/2025,75,Đồng Nai,26095,Phường Suối Tre,S40,1059600.0
19/06/2025,75,Đồng Nai,26095,Phường Suối Tre,S42,843934.0
19/06/2025,75,Đồng Nai,26095,Phường Suối Tre,S51,90000.0
19/06/2025,75,Đồng Nai,26095,Phường Suối Tre,S52,1878856.0
19/06/2025,75,Đồng Nai,26095,Phường Suối Tre,S60,383200.0
19/06/2025,75,Đồng Nai,26095,Phường Suối Tre,S61,90000.0
19/06/2025,75,Đồng Nai,26095,Phường Suối Tre,S62,912369.0
19/06/2025,75,Đồng Nai,26095,Phường Suối Tre,S70,146214.0
19/06/2025,75,Đồng Nai,26095,Phường Suối Tre,S72,376950.0
19/06/2025,75,Đồng Nai,26095,Phường Suối Tre,S80,558788.0
19/06/2025,75,Đồng Nai,26095,Phường Suối Tre,S81,1180758.0
19/06/2025,75,Đồng Nai,26095,Phường Suối Tre,S82,628998.0
19/06/2025,75,Đồng Nai,26095,Phường Suối Tre,S90,217591.0
19/06/2025,75,Đồng Nai,26095,Phường Suối Tre,S91,160300.0
19/06/2025,75,Đồng Nai,26095,Phường Suối Tre,S92,122500.0
19/06/2025,75,Đồng Nai,26095,Phường Suối Tre,S93,48878.0
19/06/2025,75,Đồng Nai,26095,Phường Suối Tre,T15,373040.0
19/06/2025,75,Đồng Nai,26095,Phường Suối Tre,T26,272460.0
19/06/2025,75,Đồng Nai,26095,Phường Suối Tre,T63,402561.0
19/06/2025,75,Đồng Nai,26095,Phường Suối Tre,T78,500556.0
19/06/2025,75,Đồng Nai,26095,Phường Suối Tre,T79,34253920.0
19/06/2025,75,Đồng Nai,26095,Phường Suối Tre,T84,35606049.0
19/06/2025,75,Đồng Nai,26095,Phường Suối Tre,W57,108452.0
19/06/2025,75,Đồng Nai,26095,Phường Suối Tre,Z30,45000.0
19/06/2025,75,Đồng Nai,26095,Phường Suối Tre,Z32,90000.0
19/06/2025,75,Đồng Nai,26095,Phường Suối Tre,Z34,1148000.0
19/06/2025,75,Đồng Nai,26095,Phường Suối Tre,Z35,2039600.0
19/06/2025,75,Đồng Nai,26095,Phường Suối Tre,Z46,4067600.0
19/06/2025,75,Đồng Nai,26095,Phường Suối Tre,Z47,2880559.0
19/06/2025,75,Đồng Nai,26095,Phường Suối Tre,Z48,207200.0
19/06/2025,75,Đồng Nai,26095,Phường Suối Tre,Z96,404264.0
19/06/2025,75,Đồng Nai,26095,Phường Suối Tre,Z98,347338.0
19/06/2025,75,Đồng Nai,26206,Thị Trấn Định Quán,A04,651979.0
19/06/2025,75,Đồng Nai,26206,Thị Trấn Định Quán,A97,812587.0
19/06/2025,75,Đồng Nai,26206,Thị Trấn Định Quán,E87,1924488.0
19/06/2025,75,Đồng Nai,26206,Thị Trấn Định Quán,G53,727503.0
19/06/2025,75,Đồng Nai,26206,Thị Trấn Định Quán,I21,580960.0
19/06/2025,75,Đồng Nai,26206,Thị Trấn Định Quán,I63,8154719.0
19/06/2025,75,Đồng Nai,26206,Thị Trấn Định Quán,J18,4034211.0
19/06/2025,75,Đồng Nai,26206,Thị Trấn Định Quán,K40,183620.0
19/06/2025,75,Đồng Nai,26206,Thị Trấn Định Quán,K75,81622.0
19/06/2025,75,Đồng Nai,26206,Thị Trấn Định Quán,Khác,0.0
19/06/2025,75,Đồng Nai,26206,Thị Trấn Định Quán,M54,3665905.0
19/06/2025,75,Đồng Nai,26206,Thị Trấn Định Quán,N18,7827336.0
19/06/2025,75,Đồng Nai,26206,Thị Trấn Định Quán,O03,615134.0
19/06/2025,75,Đồng Nai,26206,Thị Trấn Định Quán,O47,527200.0
19/06/2025,75,Đồng Nai,26206,Thị Trấn Định Quán,R07,931626.0
19/06/2025,75,Đồng Nai,26206,Thị Trấn Định Quán,R10,2333055.0
19/06/2025,75,Đồng Nai,26206,Thị Trấn Định Quán,R57,1546819.0
19/06/2025,75,Đồng Nai,26206,Thị Trấn Định Quán,S00,789800.0
19/06/2025,75,Đồng Nai,26206,Thị Trấn Định Quán,S01,239700.0
19/06/2025,75,Đồng Nai,26206,Thị Trấn Định Quán,S20,877300.0
19/06/2025,75,Đồng Nai,26206,Thị Trấn Định Quán,T00,1109411.0
19/06/2025,75,Đồng Nai,26206,Thị Trấn Định Quán,T16,598772.0
19/06/2025,75,Đồng Nai,26272,Xã Hố Nai 3,A04,12524202.0
19/06/2025,75,Đồng Nai,26272,Xã Hố Nai 3,A97,1669898.0
19/06/2025,75,Đồng Nai,26272,Xã Hố Nai 3,B00,139900.0
19/06/2025,75,Đồng Nai,26272,Xã Hố Nai 3,B01,552290.0
19/06/2025,75,Đồng Nai,26272,Xã Hố Nai 3,B34,5258112.0
19/06/2025,75,Đồng Nai,26272,Xã Hố Nai 3,B35,602660.0
19/06/2025,75,Đồng Nai,26272,Xã Hố Nai 3,E04,991200.0
19/06/2025,75,Đồng Nai,26272,Xã Hố Nai 3,E10,697000.0
19/06/2025,75,Đồng Nai,26272,Xã Hố Nai 3,E11,31006669.0
19/06/2025,75,Đồng Nai,26272,Xã Hố Nai 3,E78,1496820.0
19/06/2025,75,Đồng Nai,26272,Xã Hố Nai 3,G45,312440.0
19/06/2025,75,Đồng Nai,26272,Xã Hố Nai 3,G47,1599880.0
19/06/2025,75,Đồng Nai,26272,Xã Hố Nai 3,G53,180310.0
19/06/2025,75,Đồng Nai,26272,Xã Hố Nai 3,G56,3171468.0
19/06/2025,75,Đồng Nai,26272,Xã Hố Nai 3,G83,1305000.0
19/06/2025,75,Đồng Nai,26272,Xã Hố Nai 3,H00,80750.0
19/06/2025,75,Đồng Nai,26272,Xã Hố Nai 3,H01,1269304.0
19/06/2025,75,Đồng Nai,26272,Xã Hố Nai 3,H04,323344.0
19/06/2025,75,Đồng Nai,26272,Xã Hố Nai 3,H10,1936100.0
19/06/2025,75,Đồng Nai,26272,Xã Hố Nai 3,H16,91950.0
19/06/2025,75,Đồng Nai,26272,Xã Hố Nai 3,H19,229520.0
19/06/2025,75,Đồng Nai,26272,Xã Hố Nai 3,H25,172144.0
19/06/2025,75,Đồng Nai,26272,Xã Hố Nai 3,H66,4908425.0
19/06/2025,75,Đồng Nai,26272,Xã Hố Nai 3,H81,4435124.0
19/06/2025,75,Đồng Nai,26272,Xã Hố Nai 3,I10,43456336.0
19/06/2025,75,Đồng Nai,26272,Xã Hố Nai 3,I20,1259120.0
19/06/2025,75,Đồng Nai,26272,Xã Hố Nai 3,I25,3420960.0
19/06/2025,75,Đồng Nai,26272,Xã Hố Nai 3,I47,152800.0
19/06/2025,75,Đồng Nai,26272,Xã Hố Nai 3,I82,190200.0
19/06/2025,75,Đồng Nai,26272,Xã Hố Nai 3,I83,4504120.0
19/06/2025,75,Đồng Nai,26272,Xã Hố Nai 3,J00,95324.0
19/06/2025,75,Đồng Nai,26272,Xã Hố Nai 3,J01,2170960.0
19/06/2025,75,Đồng Nai,26272,Xã Hố Nai 3,J02,6230118.0
19/06/2025,75,Đồng Nai,26272,Xã Hố Nai 3,J06,4047214.0
19/06/2025,75,Đồng Nai,26272,Xã Hố Nai 3,J09,201000.0
19/06/2025,75,Đồng Nai,26272,Xã Hố Nai 3,J11,209200.0
19/06/2025,75,Đồng Nai,26272,Xã Hố Nai 3,J20,13602847.0
19/06/2025,75,Đồng Nai,26272,Xã Hố Nai 3,J22,114725.0
19/06/2025,75,Đồng Nai,26272,Xã Hố Nai 3,J32,19886183.0
19/06/2025,75,Đồng Nai,26272,Xã Hố Nai 3,J44,692612.0
19/06/2025,75,Đồng Nai,26272,Xã Hố Nai 3,K01,501560.0
19/06/2025,75,Đồng Nai,26272,Xã Hố Nai 3,K02,6770290.0
19/06/2025,75,Đồng Nai,26272,Xã Hố Nai 3,K03,3099030.0
19/06/2025,75,Đồng Nai,26272,Xã Hố Nai 3,K04,575800.0
19/06/2025,75,Đồng Nai,26272,Xã Hố Nai 3,K05,391200.0
19/06/2025,75,Đồng Nai,26272,Xã Hố Nai 3,K07,185500.0
19/06/2025,75,Đồng Nai,26272,Xã Hố Nai 3,K11,300320.0
19/06/2025,75,Đồng Nai,26272,Xã Hố Nai 3,K21,3803672.0
19/06/2025,75,Đồng Nai,26272,Xã Hố Nai 3,K25,1701924.0
19/06/2025,75,Đồng Nai,26272,Xã Hố Nai 3,K29,6214264.0
19/06/2025,75,Đồng Nai,26272,Xã Hố Nai 3,K52,1974060.0
19/06/2025,75,Đồng Nai,26272,Xã Hố Nai 3,K64,1318492.0
19/06/2025,75,Đồng Nai,26272,Xã Hố Nai 3,K75,354700.0
19/06/2025,75,Đồng Nai,26272,Xã Hố Nai 3,L02,670500.0
19/06/2025,75,Đồng Nai,26272,Xã Hố Nai 3,L04,686460.0
19/06/2025,75,Đồng Nai,26272,Xã Hố Nai 3,L20,1746142.0
19/06/2025,75,Đồng Nai,26272,Xã Hố Nai 3,L21,1065380.0
19/06/2025,75,Đồng Nai,26272,Xã Hố Nai 3,L23,446776.0
19/06/2025,75,Đồng Nai,26272,Xã Hố Nai 3,L28,36575.0
19/06/2025,75,Đồng Nai,26272,Xã Hố Nai 3,L40,330640.0
19/06/2025,75,Đồng Nai,26272,Xã Hố Nai 3,L50,965356.0
19/06/2025,75,Đồng Nai,26272,Xã Hố Nai 3,L84,134800.0
19/06/2025,75,Đồng Nai,26272,Xã Hố Nai 3,M13,5888980.0
19/06/2025,75,Đồng Nai,26272,Xã Hố Nai 3,M16,73000.0
19/06/2025,75,Đồng Nai,26272,Xã Hố Nai 3,M17,9494040.0
19/06/2025,75,Đồng Nai,26272,Xã Hố Nai 3,M23,1275940.0
19/06/2025,75,Đồng Nai,26272,Xã Hố Nai 3,M46,411460.0
19/06/2025,75,Đồng Nai,26272,Xã Hố Nai 3,M47,35077576.0
19/06/2025,75,Đồng Nai,26272,Xã Hố Nai 3,M50,52964.0
19/06/2025,75,Đồng Nai,26272,Xã Hố Nai 3,M51,1012884.0
19/06/2025,75,Đồng Nai,26272,Xã Hố Nai 3,M54,16267589.0
19/06/2025,75,Đồng Nai,26272,Xã Hố Nai 3,M60,2115664.0
19/06/2025,75,Đồng Nai,26272,Xã Hố Nai 3,M65,401625.0
19/06/2025,75,Đồng Nai,26272,Xã Hố Nai 3,M70,785425.0
19/06/2025,75,Đồng Nai,26272,Xã Hố Nai 3,M75,3084976.0
19/06/2025,75,Đồng Nai,26272,Xã Hố Nai 3,M77,583048.0
19/06/2025,75,Đồng Nai,26272,Xã Hố Nai 3,N13,337940.0
19/06/2025,75,Đồng Nai,26272,Xã Hố Nai 3,N20,2327120.0
19/06/2025,75,Đồng Nai,26272,Xã Hố Nai 3,N30,2234669.0
19/06/2025,75,Đồng Nai,26272,Xã Hố Nai 3,N39,4428979.0
19/06/2025,75,Đồng Nai,26272,Xã Hố Nai 3,N73,3057452.0
19/06/2025,75,Đồng Nai,26272,Xã Hố Nai 3,N76,2800912.0
19/06/2025,75,Đồng Nai,26272,Xã Hố Nai 3,N92,2727696.0
19/06/2025,75,Đồng Nai,26272,Xã Hố Nai 3,N94,908860.0
19/06/2025,75,Đồng Nai,26272,Xã Hố Nai 3,N95,169000.0
19/06/2025,75,Đồng Nai,26272,Xã Hố Nai 3,O20,739200.0
19/06/2025,75,Đồng Nai,26272,Xã Hố Nai 3,O23,268400.0
19/06/2025,75,Đồng Nai,26272,Xã Hố Nai 3,O34,676600.0
19/06/2025,75,Đồng Nai,26272,Xã Hố Nai 3,O47,247400.0
19/06/2025,75,Đồng Nai,26272,Xã Hố Nai 3,O60,626600.0
19/06/2025,75,Đồng Nai,26272,Xã Hố Nai 3,O91,436550.0
19/06/2025,75,Đồng Nai,26272,Xã Hố Nai 3,R04,73000.0
19/06/2025,75,Đồng Nai,26272,Xã Hố Nai 3,R10,2328844.0
19/06/2025,75,Đồng Nai,26272,Xã Hố Nai 3,R50,4856278.0
19/06/2025,75,Đồng Nai,26272,Xã Hố Nai 3,R53,150760.0
19/06/2025,75,Đồng Nai,26272,Xã Hố Nai 3,R60,615200.0
19/06/2025,75,Đồng Nai,26272,Xã Hố Nai 3,S00,646300.0
19/06/2025,75,Đồng Nai,26272,Xã Hố Nai 3,S01,852940.0
19/06/2025,75,Đồng Nai,26272,Xã Hố Nai 3,S22,1756348.0
19/06/2025,75,Đồng Nai,26272,Xã Hố Nai 3,S30,716100.0
19/06/2025,75,Đồng Nai,26272,Xã Hố Nai 3,S32,105200.0
19/06/2025,75,Đồng Nai,26272,Xã Hố Nai 3,S42,250640.0
19/06/2025,75,Đồng Nai,26272,Xã Hố Nai 3,S50,1261004.0
19/06/2025,75,Đồng Nai,26272,Xã Hố Nai 3,S52,290100.0
19/06/2025,75,Đồng Nai,26272,Xã Hố Nai 3,S60,2154415.0
19/06/2025,75,Đồng Nai,26272,Xã Hố Nai 3,S61,293864.0
19/06/2025,75,Đồng Nai,26272,Xã Hố Nai 3,S62,814768.0
19/06/2025,75,Đồng Nai,26272,Xã Hố Nai 3,S80,436980.0
19/06/2025,75,Đồng Nai,26272,Xã Hố Nai 3,S81,1128836.0
19/06/2025,75,Đồng Nai,26272,Xã Hố Nai 3,S82,225840.0
19/06/2025,75,Đồng Nai,26272,Xã Hố Nai 3,S90,2329060.0
19/06/2025,75,Đồng Nai,26272,Xã Hố Nai 3,S91,230760.0
19/06/2025,75,Đồng Nai,26272,Xã Hố Nai 3,S92,578520.0
19/06/2025,75,Đồng Nai,26272,Xã Hố Nai 3,T15,377064.0
19/06/2025,75,Đồng Nai,26272,Xã Hố Nai 3,T21,86320.0
19/06/2025,75,Đồng Nai,26272,Xã Hố Nai 3,W44,63980.0
19/06/2025,75,Đồng Nai,26272,Xã Hố Nai 3,Z32,416400.0
19/06/2025,75,Đồng Nai,26272,Xã Hố Nai 3,Z34,3786020.0
19/06/2025,75,Đồng Nai,26272,Xã Hố Nai 3,Z35,3030107.0
19/06/2025,75,Đồng Nai,26296,Xã An Viễn,A08,319030.0
19/06/2025,75,Đồng Nai,26296,Xã An Viễn,B34,687790.0
19/06/2025,75,Đồng Nai,26296,Xã An Viễn,E11,326240.0
19/06/2025,75,Đồng Nai,26296,Xã An Viễn,E54,338150.0
19/06/2025,75,Đồng Nai,26296,Xã An Viễn,E78,263100.0
19/06/2025,75,Đồng Nai,26296,Xã An Viễn,H81,390218.0
19/06/2025,75,Đồng Nai,26296,Xã An Viễn,I10,821724.0
19/06/2025,75,Đồng Nai,26296,Xã An Viễn,I87,333440.0
19/06/2025,75,Đồng Nai,26296,Xã An Viễn,J02,377550.0
19/06/2025,75,Đồng Nai,26296,Xã An Viễn,J06,1053000.0
19/06/2025,75,Đồng Nai,26296,Xã An Viễn,J20,1587608.0
19/06/2025,75,Đồng Nai,26296,Xã An Viễn,J30,54655.0
19/06/2025,75,Đồng Nai,26296,Xã An Viễn,J32,134285.0
19/06/2025,75,Đồng Nai,26296,Xã An Viễn,K01,721530.0
19/06/2025,75,Đồng Nai,26296,Xã An Viễn,K02,161450.0
19/06/2025,75,Đồng Nai,26296,Xã An Viễn,K21,1039786.0
19/06/2025,75,Đồng Nai,26296,Xã An Viễn,K29,595259.0
19/06/2025,75,Đồng Nai,26296,Xã An Viễn,K58,128450.0
19/06/2025,75,Đồng Nai,26296,Xã An Viễn,K64,77000.0
19/06/2025,75,Đồng Nai,26296,Xã An Viễn,Khác,0.0
19/06/2025,75,Đồng Nai,26296,Xã An Viễn,L02,135950.0
19/06/2025,75,Đồng Nai,26296,Xã An Viễn,L04,86280.0
19/06/2025,75,Đồng Nai,26296,Xã An Viễn,M13,179400.0
19/06/2025,75,Đồng Nai,26296,Xã An Viễn,M25,666184.0
19/06/2025,75,Đồng Nai,26296,Xã An Viễn,M54,4699688.0
19/06/2025,75,Đồng Nai,26296,Xã An Viễn,N20,189030.0
19/06/2025,75,Đồng Nai,26296,Xã An Viễn,N30,223450.0
19/06/2025,75,Đồng Nai,26296,Xã An Viễn,N92,357724.0
19/06/2025,75,Đồng Nai,26296,Xã An Viễn,R10,572400.0
19/06/2025,75,Đồng Nai,26296,Xã An Viễn,R51,566915.0
19/06/2025,75,Đồng Nai,26296,Xã An Viễn,S13,684143.0
19/06/2025,75,Đồng Nai,26296,Xã An Viễn,S53,154580.0
19/06/2025,75,Đồng Nai,26296,Xã An Viễn,S61,91718.0
19/06/2025,75,Đồng Nai,26296,Xã An Viễn,S72,175700.0
19/06/2025,75,Đồng Nai,26296,Xã An Viễn,S90,88607.0
19/06/2025,75,Đồng Nai,26296,Xã An Viễn,S93,138570.0
19/06/2025,75,Đồng Nai,26296,Xã An Viễn,T00,198660.0
19/06/2025,75,Đồng Nai,26296,Xã An Viễn,T01,316330.0
19/06/2025,75,Đồng Nai,26296,Xã An Viễn,Z34,512000.0
19/06/2025,75,Đồng Nai,26296,Xã An Viễn,Z35,237580.0
19/06/2025,75,Đồng Nai,26299,Xã Gia Tân 1,Khác,0.0
19/06/2025,75,Đồng Nai,26311,Xã Quang Trung,A04,148720.0
19/06/2025,75,Đồng Nai,26311,Xã Quang Trung,A97,963957.0
19/06/2025,75,Đồng Nai,26311,Xã Quang Trung,B00,211080.0
19/06/2025,75,Đồng Nai,26311,Xã Quang Trung,D50,206645.0
19/06/2025,75,Đồng Nai,26311,Xã Quang Trung,E11,559230.0
19/06/2025,75,Đồng Nai,26311,Xã Quang Trung,E78,750486.0
19/06/2025,75,Đồng Nai,26311,Xã Quang Trung,I10,21543541.0
19/06/2025,75,Đồng Nai,26311,Xã Quang Trung,I20,117160.0
19/06/2025,75,Đồng Nai,26311,Xã Quang Trung,I69,1150200.0
19/06/2025,75,Đồng Nai,26311,Xã Quang Trung,J01,637749.0
19/06/2025,75,Đồng Nai,26311,Xã Quang Trung,J02,349154.0
19/06/2025,75,Đồng Nai,26311,Xã Quang Trung,J06,305195.0
19/06/2025,75,Đồng Nai,26311,Xã Quang Trung,J15,1498987.0
19/06/2025,75,Đồng Nai,26311,Xã Quang Trung,J20,154975.0
19/06/2025,75,Đồng Nai,26311,Xã Quang Trung,J30,392696.0
19/06/2025,75,Đồng Nai,26311,Xã Quang Trung,K29,1258830.0
19/06/2025,75,Đồng Nai,26311,Xã Quang Trung,K64,517474.0
19/06/2025,75,Đồng Nai,26311,Xã Quang Trung,K77,211720.0
19/06/2025,75,Đồng Nai,26311,Xã Quang Trung,M06,226080.0
19/06/2025,75,Đồng Nai,26311,Xã Quang Trung,M13,787612.0
19/06/2025,75,Đồng Nai,26311,Xã Quang Trung,M17,681252.0
19/06/2025,75,Đồng Nai,26311,Xã Quang Trung,M54,7564344.0
19/06/2025,75,Đồng Nai,26311,Xã Quang Trung,M75,1782846.0
19/06/2025,75,Đồng Nai,26311,Xã Quang Trung,M77,237206.0
19/06/2025,75,Đồng Nai,26311,Xã Quang Trung,N39,976413.0
19/06/2025,75,Đồng Nai,26311,Xã Quang Trung,N92,96300.0
19/06/2025,75,Đồng Nai,26311,Xã Quang Trung,R05,358230.0
19/06/2025,75,Đồng Nai,26311,Xã Quang Trung,R07,138170.0
19/06/2025,75,Đồng Nai,26311,Xã Quang Trung,R10,2148707.0
19/06/2025,75,Đồng Nai,26311,Xã Quang Trung,R42,598690.0
19/06/2025,75,Đồng Nai,26311,Xã Quang Trung,R50,1828835.0
19/06/2025,75,Đồng Nai,26311,Xã Quang Trung,R51,382322.0
19/06/2025,75,Đồng Nai,26311,Xã Quang Trung,S90,545240.0
19/06/2025,75,Đồng Nai,26311,Xã Quang Trung,Z34,146100.0
19/06/2025,75,Đồng Nai,26326,Thị Trấn Dầu Giây,A04,2422741.0
19/06/2025,75,Đồng Nai,26326,Thị Trấn Dầu Giây,A09,467274.0
19/06/2025,75,Đồng Nai,26326,Thị Trấn Dầu Giây,A15,2198380.0
19/06/2025,75,Đồng Nai,26326,Thị Trấn Dầu Giây,A75,189254.0
19/06/2025,75,Đồng Nai,26326,Thị Trấn Dầu Giây,A97,7611523.0
19/06/2025,75,Đồng Nai,26326,Thị Trấn Dầu Giây,B18,291180.0
19/06/2025,75,Đồng Nai,26326,Thị Trấn Dầu Giây,B34,2725038.0
19/06/2025,75,Đồng Nai,26326,Thị Trấn Dầu Giây,B98,39800.0
19/06/2025,75,Đồng Nai,26326,Thị Trấn Dầu Giây,C10,39800.0
19/06/2025,75,Đồng Nai,26326,Thị Trấn Dầu Giây,C11,39800.0
19/06/2025,75,Đồng Nai,26326,Thị Trấn Dầu Giây,C53,39800.0
19/06/2025,75,Đồng Nai,26326,Thị Trấn Dầu Giây,D23,1992175.0
19/06/2025,75,Đồng Nai,26326,Thị Trấn Dầu Giây,D29,270107.0
19/06/2025,75,Đồng Nai,26326,Thị Trấn Dầu Giây,D48,39800.0
19/06/2025,75,Đồng Nai,26326,Thị Trấn Dầu Giây,D64,191434.0
19/06/2025,75,Đồng Nai,26326,Thị Trấn Dầu Giây,E11,18930615.0
19/06/2025,75,Đồng Nai,26326,Thị Trấn Dầu Giây,E56,79600.0
19/06/2025,75,Đồng Nai,26326,Thị Trấn Dầu Giây,E78,2158852.0
19/06/2025,75,Đồng Nai,26326,Thị Trấn Dầu Giây,E83,256218.0
19/06/2025,75,Đồng Nai,26326,Thị Trấn Dầu Giây,E87,290378.0
19/06/2025,75,Đồng Nai,26326,Thị Trấn Dầu Giây,E89,70040.0
19/06/2025,75,Đồng Nai,26326,Thị Trấn Dầu Giây,G20,39800.0
19/06/2025,75,Đồng Nai,26326,Thị Trấn Dầu Giây,G44,119210.0
19/06/2025,75,Đồng Nai,26326,Thị Trấn Dầu Giây,G45,283374.0
19/06/2025,75,Đồng Nai,26326,Thị Trấn Dầu Giây,G47,134370.0
19/06/2025,75,Đồng Nai,26326,Thị Trấn Dầu Giây,G56,429160.0
19/06/2025,75,Đồng Nai,26326,Thị Trấn Dầu Giây,H60,683005.0
19/06/2025,75,Đồng Nai,26326,Thị Trấn Dầu Giây,H66,387254.0
19/06/2025,75,Đồng Nai,26326,Thị Trấn Dầu Giây,H81,8426919.0
19/06/2025,75,Đồng Nai,26326,Thị Trấn Dầu Giây,H92,104800.0
19/06/2025,75,Đồng Nai,26326,Thị Trấn Dầu Giây,I10,9859024.0
19/06/2025,75,Đồng Nai,26326,Thị Trấn Dầu Giây,I20,1804427.0
19/06/2025,75,Đồng Nai,26326,Thị Trấn Dầu Giây,I25,116420.0
19/06/2025,75,Đồng Nai,26326,Thị Trấn Dầu Giây,I48,39800.0
19/06/2025,75,Đồng Nai,26326,Thị Trấn Dầu Giây,I69,39800.0
19/06/2025,75,Đồng Nai,26326,Thị Trấn Dầu Giây,I83,955084.0
19/06/2025,75,Đồng Nai,26326,Thị Trấn Dầu Giây,I87,123429.0
19/06/2025,75,Đồng Nai,26326,Thị Trấn Dầu Giây,I88,360250.0
19/06/2025,75,Đồng Nai,26326,Thị Trấn Dầu Giây,J02,943157.0
19/06/2025,75,Đồng Nai,26326,Thị Trấn Dầu Giây,J06,1896041.0
19/06/2025,75,Đồng Nai,26326,Thị Trấn Dầu Giây,J18,2691000.0
19/06/2025,75,Đồng Nai,26326,Thị Trấn Dầu Giây,J20,3992198.0
19/06/2025,75,Đồng Nai,26326,Thị Trấn Dầu Giây,J30,571071.0
19/06/2025,75,Đồng Nai,26326,Thị Trấn Dầu Giây,J31,1575837.0
19/06/2025,75,Đồng Nai,26326,Thị Trấn Dầu Giây,J32,1292814.0
19/06/2025,75,Đồng Nai,26326,Thị Trấn Dầu Giây,J34,42941.0
19/06/2025,75,Đồng Nai,26326,Thị Trấn Dầu Giây,J35,304262.0
19/06/2025,75,Đồng Nai,26326,Thị Trấn Dầu Giây,J41,2817937.0
19/06/2025,75,Đồng Nai,26326,Thị Trấn Dầu Giây,J44,6083261.0
19/06/2025,75,Đồng Nai,26326,Thị Trấn Dầu Giây,J45,1425996.0
19/06/2025,75,Đồng Nai,26326,Thị Trấn Dầu Giây,K02,2640220.0
19/06/2025,75,Đồng Nai,26326,Thị Trấn Dầu Giây,K04,1846725.0
19/06/2025,75,Đồng Nai,26326,Thị Trấn Dầu Giây,K05,39800.0
19/06/2025,75,Đồng Nai,26326,Thị Trấn Dầu Giây,K21,2300174.0
19/06/2025,75,Đồng Nai,26326,Thị Trấn Dầu Giây,K27,39800.0
19/06/2025,75,Đồng Nai,26326,Thị Trấn Dầu Giây,K52,2269164.0
19/06/2025,75,Đồng Nai,26326,Thị Trấn Dầu Giây,K59,1003442.0
19/06/2025,75,Đồng Nai,26326,Thị Trấn Dầu Giây,K64,433142.0
19/06/2025,75,Đồng Nai,26326,Thị Trấn Dầu Giây,K70,39800.0
19/06/2025,75,Đồng Nai,26326,Thị Trấn Dầu Giây,K75,188370.0
19/06/2025,75,Đồng Nai,26326,Thị Trấn Dầu Giây,K76,1658154.0
19/06/2025,75,Đồng Nai,26326,Thị Trấn Dầu Giây,K80,290284.0
19/06/2025,75,Đồng Nai,26326,Thị Trấn Dầu Giây,L28,67282.0
19/06/2025,75,Đồng Nai,26326,Thị Trấn Dầu Giây,L30,143500.0
19/06/2025,75,Đồng Nai,26326,Thị Trấn Dầu Giây,M10,343452.0
19/06/2025,75,Đồng Nai,26326,Thị Trấn Dầu Giây,M13,3056990.0
19/06/2025,75,Đồng Nai,26326,Thị Trấn Dầu Giây,M17,814100.0
19/06/2025,75,Đồng Nai,26326,Thị Trấn Dầu Giây,M25,426150.0
19/06/2025,75,Đồng Nai,26326,Thị Trấn Dầu Giây,M47,8955257.0
19/06/2025,75,Đồng Nai,26326,Thị Trấn Dầu Giây,M48,550695.0
19/06/2025,75,Đồng Nai,26326,Thị Trấn Dầu Giây,M51,39800.0
19/06/2025,75,Đồng Nai,26326,Thị Trấn Dầu Giây,M54,1428500.0
19/06/2025,75,Đồng Nai,26326,Thị Trấn Dầu Giây,M65,4523423.0
19/06/2025,75,Đồng Nai,26326,Thị Trấn Dầu Giây,M75,200835.0
19/06/2025,75,Đồng Nai,26326,Thị Trấn Dầu Giây,N13,39800.0
19/06/2025,75,Đồng Nai,26326,Thị Trấn Dầu Giây,N18,39800.0
19/06/2025,75,Đồng Nai,26326,Thị Trấn Dầu Giây,N20,1523696.0
19/06/2025,75,Đồng Nai,26326,Thị Trấn Dầu Giây,N22,39800.0
19/06/2025,75,Đồng Nai,26326,Thị Trấn Dầu Giây,N23,180720.0
19/06/2025,75,Đồng Nai,26326,Thị Trấn Dầu Giây,N30,193138.0
19/06/2025,75,Đồng Nai,26326,Thị Trấn Dầu Giây,N39,532096.0
19/06/2025,75,Đồng Nai,26326,Thị Trấn Dầu Giây,N40,185323.0
19/06/2025,75,Đồng Nai,26326,Thị Trấn Dầu Giây,N76,137280.0
19/06/2025,75,Đồng Nai,26326,Thị Trấn Dầu Giây,N94,476353.0
19/06/2025,75,Đồng Nai,26326,Thị Trấn Dầu Giây,O20,264160.0
19/06/2025,75,Đồng Nai,26326,Thị Trấn Dầu Giây,O47,324300.0
19/06/2025,75,Đồng Nai,26326,Thị Trấn Dầu Giây,R00,189607.0
19/06/2025,75,Đồng Nai,26326,Thị Trấn Dầu Giây,R04,337710.0
19/06/2025,75,Đồng Nai,26326,Thị Trấn Dầu Giây,R07,179250.0
19/06/2025,75,Đồng Nai,26326,Thị Trấn Dầu Giây,R10,651990.0
19/06/2025,75,Đồng Nai,26326,Thị Trấn Dầu Giây,R42,1628764.0
19/06/2025,75,Đồng Nai,26326,Thị Trấn Dầu Giây,R51,175577.0
19/06/2025,75,Đồng Nai,26326,Thị Trấn Dầu Giây,R64,1109006.0
19/06/2025,75,Đồng Nai,26326,Thị Trấn Dầu Giây,S00,131853.0
19/06/2025,75,Đồng Nai,26326,Thị Trấn Dầu Giây,S01,104100.0
19/06/2025,75,Đồng Nai,26326,Thị Trấn Dầu Giây,S06,648077.0
19/06/2025,75,Đồng Nai,26326,Thị Trấn Dầu Giây,S50,102149.0
19/06/2025,75,Đồng Nai,26326,Thị Trấn Dầu Giây,S60,205153.0
19/06/2025,75,Đồng Nai,26326,Thị Trấn Dầu Giây,S61,287468.0
19/06/2025,75,Đồng Nai,26326,Thị Trấn Dầu Giây,S70,175119.0
19/06/2025,75,Đồng Nai,26326,Thị Trấn Dầu Giây,S80,761640.0
19/06/2025,75,Đồng Nai,26326,Thị Trấn Dầu Giây,S91,141570.0
19/06/2025,75,Đồng Nai,26326,Thị Trấn Dầu Giây,S92,400109.0
19/06/2025,75,Đồng Nai,26326,Thị Trấn Dầu Giây,T78,846890.0
19/06/2025,75,Đồng Nai,26326,Thị Trấn Dầu Giây,Z09,840506.0
19/06/2025,75,Đồng Nai,26326,Thị Trấn Dầu Giây,Z35,1249060.0
19/06/2025,75,Đồng Nai,26326,Thị Trấn Dầu Giây,Z95,39800.0
19/06/2025,75,Đồng Nai,26326,Thị Trấn Dầu Giây,Z96,290200.0
19/06/2025,75,Đồng Nai,26362,Xã Sông Ray,A04,284034.0
19/06/2025,75,Đồng Nai,26362,Xã Sông Ray,A09,529249.0
19/06/2025,75,Đồng Nai,26362,Xã Sông Ray,A75,226058.0
19/06/2025,75,Đồng Nai,26362,Xã Sông Ray,B34,88970.0
19/06/2025,75,Đồng Nai,26362,Xã Sông Ray,B98,183920.0
19/06/2025,75,Đồng Nai,26362,Xã Sông Ray,H81,1263342.0
19/06/2025,75,Đồng Nai,26362,Xã Sông Ray,I10,811404.0
19/06/2025,75,Đồng Nai,26362,Xã Sông Ray,I20,330290.0
19/06/2025,75,Đồng Nai,26362,Xã Sông Ray,J02,95498.0
19/06/2025,75,Đồng Nai,26362,Xã Sông Ray,J06,364706.0
19/06/2025,75,Đồng Nai,26362,Xã Sông Ray,J18,260798.0
19/06/2025,75,Đồng Nai,26362,Xã Sông Ray,J20,701766.0
19/06/2025,75,Đồng Nai,26362,Xã Sông Ray,J44,224420.0
19/06/2025,75,Đồng Nai,26362,Xã Sông Ray,J45,110500.0
19/06/2025,75,Đồng Nai,26362,Xã Sông Ray,K02,1799976.0
19/06/2025,75,Đồng Nai,26362,Xã Sông Ray,K05,455976.0
19/06/2025,75,Đồng Nai,26362,Xã Sông Ray,K29,1062358.0
19/06/2025,75,Đồng Nai,26362,Xã Sông Ray,K59,184086.0
19/06/2025,75,Đồng Nai,26362,Xã Sông Ray,L03,290185.0
19/06/2025,75,Đồng Nai,26362,Xã Sông Ray,M17,202452.0
19/06/2025,75,Đồng Nai,26362,Xã Sông Ray,M25,404860.0
19/06/2025,75,Đồng Nai,26362,Xã Sông Ray,M47,320205.0
19/06/2025,75,Đồng Nai,26362,Xã Sông Ray,M54,3857181.0
19/06/2025,75,Đồng Nai,26362,Xã Sông Ray,N20,410540.0
19/06/2025,75,Đồng Nai,26362,Xã Sông Ray,N39,453168.0
19/06/2025,75,Đồng Nai,26362,Xã Sông Ray,N76,105590.0
19/06/2025,75,Đồng Nai,26362,Xã Sông Ray,R10,174794.0
19/06/2025,75,Đồng Nai,26362,Xã Sông Ray,R11,236370.0
19/06/2025,75,Đồng Nai,26362,Xã Sông Ray,R42,234846.0
19/06/2025,75,Đồng Nai,26362,Xã Sông Ray,R50,553632.0
19/06/2025,75,Đồng Nai,26362,Xã Sông Ray,S20,176470.0
19/06/2025,75,Đồng Nai,26362,Xã Sông Ray,S30,255170.0
19/06/2025,75,Đồng Nai,26362,Xã Sông Ray,S51,487360.0
19/06/2025,75,Đồng Nai,26362,Xã Sông Ray,S61,175170.0
19/06/2025,75,Đồng Nai,26362,Xã Sông Ray,S62,117870.0
19/06/2025,75,Đồng Nai,26362,Xã Sông Ray,S93,186590.0
19/06/2025,75,Đồng Nai,26362,Xã Sông Ray,T78,241250.0
19/06/2025,75,Đồng Nai,26368,Thị Trấn Long Thành,A04,12012164.0
19/06/2025,75,Đồng Nai,26368,Thị Trấn Long Thành,A05,3035091.0
19/06/2025,75,Đồng Nai,26368,Thị Trấn Long Thành,A09,1168020.0
19/06/2025,75,Đồng Nai,26368,Thị Trấn Long Thành,A97,15298113.6
19/06/2025,75,Đồng Nai,26368,Thị Trấn Long Thành,B01,89702.0
19/06/2025,75,Đồng Nai,26368,Thị Trấn Long Thành,B18,636600.0
19/06/2025,75,Đồng Nai,26368,Thị Trấn Long Thành,B26,45000.0
19/06/2025,75,Đồng Nai,26368,Thị Trấn Long Thành,B33,930181.0
19/06/2025,75,Đồng Nai,26368,Thị Trấn Long Thành,B35,808644.0
19/06/2025,75,Đồng Nai,26368,Thị Trấn Long Thành,C16,510900.0
19/06/2025,75,Đồng Nai,26368,Thị Trấn Long Thành,C20,109000.0
19/06/2025,75,Đồng Nai,26368,Thị Trấn Long Thành,C50,290200.0
19/06/2025,75,Đồng Nai,26368,Thị Trấn Long Thành,C67,116118786.0
19/06/2025,75,Đồng Nai,26368,Thị Trấn Long Thành,C73,225000.0
19/06/2025,75,Đồng Nai,26368,Thị Trấn Long Thành,D23,594600.0
19/06/2025,75,Đồng Nai,26368,Thị Trấn Long Thành,D25,611320.0
19/06/2025,75,Đồng Nai,26368,Thị Trấn Long Thành,D34,107850.0
19/06/2025,75,Đồng Nai,26368,Thị Trấn Long Thành,E04,212556.0
19/06/2025,75,Đồng Nai,26368,Thị Trấn Long Thành,E11,71941219.0
19/06/2025,75,Đồng Nai,26368,Thị Trấn Long Thành,E78,999524.0
19/06/2025,75,Đồng Nai,26368,Thị Trấn Long Thành,E87,685894.0
19/06/2025,75,Đồng Nai,26368,Thị Trấn Long Thành,E89,212864.0
19/06/2025,75,Đồng Nai,26368,Thị Trấn Long Thành,G44,317545.0
19/06/2025,75,Đồng Nai,26368,Thị Trấn Long Thành,G47,183670.0
19/06/2025,75,Đồng Nai,26368,Thị Trấn Long Thành,G55,45000.0
19/06/2025,75,Đồng Nai,26368,Thị Trấn Long Thành,G56,45000.0
19/06/2025,75,Đồng Nai,26368,Thị Trấn Long Thành,H00,185440.0
19/06/2025,75,Đồng Nai,26368,Thị Trấn Long Thành,H01,177150.0
19/06/2025,75,Đồng Nai,26368,Thị Trấn Long Thành,H04,987343.0
19/06/2025,75,Đồng Nai,26368,Thị Trấn Long Thành,H10,1558888.0
19/06/2025,75,Đồng Nai,26368,Thị Trấn Long Thành,H25,297739.0
19/06/2025,75,Đồng Nai,26368,Thị Trấn Long Thành,H40,785972.0
19/06/2025,75,Đồng Nai,26368,Thị Trấn Long Thành,H60,255490.0
19/06/2025,75,Đồng Nai,26368,Thị Trấn Long Thành,H65,117440.0
19/06/2025,75,Đồng Nai,26368,Thị Trấn Long Thành,H81,5300614.0
19/06/2025,75,Đồng Nai,26368,Thị Trấn Long Thành,I10,69125398.0
19/06/2025,75,Đồng Nai,26368,Thị Trấn Long Thành,I20,997620.0
19/06/2025,75,Đồng Nai,26368,Thị Trấn Long Thành,I25,90000.0
19/06/2025,75,Đồng Nai,26368,Thị Trấn Long Thành,I42,90000.0
19/06/2025,75,Đồng Nai,26368,Thị Trấn Long Thành,I46,782687.0
19/06/2025,75,Đồng Nai,26368,Thị Trấn Long Thành,I64,796700.0
19/06/2025,75,Đồng Nai,26368,Thị Trấn Long Thành,J00,4742442.0
19/06/2025,75,Đồng Nai,26368,Thị Trấn Long Thành,J01,1206980.0
19/06/2025,75,Đồng Nai,26368,Thị Trấn Long Thành,J02,1943262.0
19/06/2025,75,Đồng Nai,26368,Thị Trấn Long Thành,J06,2377577.0
19/06/2025,75,Đồng Nai,26368,Thị Trấn Long Thành,J18,7420892.0
19/06/2025,75,Đồng Nai,26368,Thị Trấn Long Thành,J20,11904353.0
19/06/2025,75,Đồng Nai,26368,Thị Trấn Long Thành,J31,353300.0
19/06/2025,75,Đồng Nai,26368,Thị Trấn Long Thành,J32,7303920.0
19/06/2025,75,Đồng Nai,26368,Thị Trấn Long Thành,J44,2452110.0
19/06/2025,75,Đồng Nai,26368,Thị Trấn Long Thành,J47,759458.0
19/06/2025,75,Đồng Nai,26368,Thị Trấn Long Thành,K02,1417030.0
19/06/2025,75,Đồng Nai,26368,Thị Trấn Long Thành,K03,414500.0
19/06/2025,75,Đồng Nai,26368,Thị Trấn Long Thành,K04,85692.0
19/06/2025,75,Đồng Nai,26368,Thị Trấn Long Thành,K12,109765.0
19/06/2025,75,Đồng Nai,26368,Thị Trấn Long Thành,K21,2458241.0
19/06/2025,75,Đồng Nai,26368,Thị Trấn Long Thành,K25,125840.0
19/06/2025,75,Đồng Nai,26368,Thị Trấn Long Thành,K29,1498893.0
19/06/2025,75,Đồng Nai,26368,Thị Trấn Long Thành,K35,17749535.0
19/06/2025,75,Đồng Nai,26368,Thị Trấn Long Thành,K51,238830.0
19/06/2025,75,Đồng Nai,26368,Thị Trấn Long Thành,K52,5993209.0
19/06/2025,75,Đồng Nai,26368,Thị Trấn Long Thành,K56,120778.0
19/06/2025,75,Đồng Nai,26368,Thị Trấn Long Thành,K59,751187.0
19/06/2025,75,Đồng Nai,26368,Thị Trấn Long Thành,K64,398000.0
19/06/2025,75,Đồng Nai,26368,Thị Trấn Long Thành,K76,310800.0
19/06/2025,75,Đồng Nai,26368,Thị Trấn Long Thành,K80,691378.0
19/06/2025,75,Đồng Nai,26368,Thị Trấn Long Thành,Khác,285044.0
19/06/2025,75,Đồng Nai,26368,Thị Trấn Long Thành,L01,753796.0
19/06/2025,75,Đồng Nai,26368,Thị Trấn Long Thành,L02,107636.0
19/06/2025,75,Đồng Nai,26368,Thị Trấn Long Thành,L08,427186.0
19/06/2025,75,Đồng Nai,26368,Thị Trấn Long Thành,L20,2203814.0
19/06/2025,75,Đồng Nai,26368,Thị Trấn Long Thành,L21,358449.0
19/06/2025,75,Đồng Nai,26368,Thị Trấn Long Thành,L23,295425.0
19/06/2025,75,Đồng Nai,26368,Thị Trấn Long Thành,L28,47812.0
19/06/2025,75,Đồng Nai,26368,Thị Trấn Long Thành,L72,117200.0
19/06/2025,75,Đồng Nai,26368,Thị Trấn Long Thành,M12,302370.0
19/06/2025,75,Đồng Nai,26368,Thị Trấn Long Thành,M13,2884774.0
19/06/2025,75,Đồng Nai,26368,Thị Trấn Long Thành,M17,3926618.0
19/06/2025,75,Đồng Nai,26368,Thị Trấn Long Thành,M19,4103060.0
19/06/2025,75,Đồng Nai,26368,Thị Trấn Long Thành,M47,6851334.0
19/06/2025,75,Đồng Nai,26368,Thị Trấn Long Thành,M48,308448.0
19/06/2025,75,Đồng Nai,26368,Thị Trấn Long Thành,M53,151516.0
19/06/2025,75,Đồng Nai,26368,Thị Trấn Long Thành,M54,7655258.0
19/06/2025,75,Đồng Nai,26368,Thị Trấn Long Thành,M65,153650.0
19/06/2025,75,Đồng Nai,26368,Thị Trấn Long Thành,N04,180000.0
19/06/2025,75,Đồng Nai,26368,Thị Trấn Long Thành,N18,45000.0
19/06/2025,75,Đồng Nai,26368,Thị Trấn Long Thành,N20,1548088.0
19/06/2025,75,Đồng Nai,26368,Thị Trấn Long Thành,N39,677152.0
19/06/2025,75,Đồng Nai,26368,Thị Trấn Long Thành,N76,298350.0
19/06/2025,75,Đồng Nai,26368,Thị Trấn Long Thành,N92,134372.0
19/06/2025,75,Đồng Nai,26368,Thị Trấn Long Thành,O21,4863630.0
19/06/2025,75,Đồng Nai,26368,Thị Trấn Long Thành,O26,322216.0
19/06/2025,75,Đồng Nai,26368,Thị Trấn Long Thành,O80,4831012.0
19/06/2025,75,Đồng Nai,26368,Thị Trấn Long Thành,R10,2320514.0
19/06/2025,75,Đồng Nai,26368,Thị Trấn Long Thành,R50,244270.0
19/06/2025,75,Đồng Nai,26368,Thị Trấn Long Thành,R51,756390.0
19/06/2025,75,Đồng Nai,26368,Thị Trấn Long Thành,R53,36500.0
19/06/2025,75,Đồng Nai,26368,Thị Trấn Long Thành,R56,499972.0
19/06/2025,75,Đồng Nai,26368,Thị Trấn Long Thành,R57,81119620.8
19/06/2025,75,Đồng Nai,26368,Thị Trấn Long Thành,S00,2406400.0
19/06/2025,75,Đồng Nai,26368,Thị Trấn Long Thành,S01,829289.0
19/06/2025,75,Đồng Nai,26368,Thị Trấn Long Thành,S32,3926922.0
19/06/2025,75,Đồng Nai,26368,Thị Trấn Long Thành,S42,777440.0
19/06/2025,75,Đồng Nai,26368,Thị Trấn Long Thành,S51,459900.0
19/06/2025,75,Đồng Nai,26368,Thị Trấn Long Thành,S60,136400.0
19/06/2025,75,Đồng Nai,26368,Thị Trấn Long Thành,S61,24463458.8
19/06/2025,75,Đồng Nai,26368,Thị Trấn Long Thành,S62,306166.0
19/06/2025,75,Đồng Nai,26368,Thị Trấn Long Thành,S82,338885.0
19/06/2025,75,Đồng Nai,26368,Thị Trấn Long Thành,S91,18503210.0
19/06/2025,75,Đồng Nai,26368,Thị Trấn Long Thành,T15,1190470.0
19/06/2025,75,Đồng Nai,26368,Thị Trấn Long Thành,T78,96680.0
19/06/2025,75,Đồng Nai,26368,Thị Trấn Long Thành,T85,135000.0
19/06/2025,75,Đồng Nai,26368,Thị Trấn Long Thành,Z32,593138.0
19/06/2025,75,Đồng Nai,26368,Thị Trấn Long Thành,Z34,2132536.0
19/06/2025,75,Đồng Nai,26368,Thị Trấn Long Thành,Z98,1330943.0
19/06/2025,75,Đồng Nai,26374,Phường Tam Phước,A04,472076.0
19/06/2025,75,Đồng Nai,26374,Phường Tam Phước,A97,159470.0
19/06/2025,75,Đồng Nai,26374,Phường Tam Phước,B34,113350.0
19/06/2025,75,Đồng Nai,26374,Phường Tam Phước,C73,36500.0
19/06/2025,75,Đồng Nai,26374,Phường Tam Phước,D21,254160.0
19/06/2025,75,Đồng Nai,26374,Phường Tam Phước,D50,637590.0
19/06/2025,75,Đồng Nai,26374,Phường Tam Phước,E04,146900.0
19/06/2025,75,Đồng Nai,26374,Phường Tam Phước,E11,4164688.0
19/06/2025,75,Đồng Nai,26374,Phường Tam Phước,E78,3153626.0
19/06/2025,75,Đồng Nai,26374,Phường Tam Phước,G44,36500.0
19/06/2025,75,Đồng Nai,26374,Phường Tam Phước,H01,63980.0
19/06/2025,75,Đồng Nai,26374,Phường Tam Phước,H10,78605.0
19/06/2025,75,Đồng Nai,26374,Phường Tam Phước,H66,139650.0
19/06/2025,75,Đồng Nai,26374,Phường Tam Phước,I10,1570360.0
19/06/2025,75,Đồng Nai,26374,Phường Tam Phước,I20,457210.0
19/06/2025,75,Đồng Nai,26374,Phường Tam Phước,J01,386340.0
19/06/2025,75,Đồng Nai,26374,Phường Tam Phước,J02,651861.0
19/06/2025,75,Đồng Nai,26374,Phường Tam Phước,J04,38525.0
19/06/2025,75,Đồng Nai,26374,Phường Tam Phước,J20,153350.0
19/06/2025,75,Đồng Nai,26374,Phường Tam Phước,J32,122970.0
19/06/2025,75,Đồng Nai,26374,Phường Tam Phước,J41,149670.0
19/06/2025,75,Đồng Nai,26374,Phường Tam Phước,K21,151069.0
19/06/2025,75,Đồng Nai,26374,Phường Tam Phước,K29,470331.0
19/06/2025,75,Đồng Nai,26374,Phường Tam Phước,K77,355750.0
19/06/2025,75,Đồng Nai,26374,Phường Tam Phước,Khác,0.0
19/06/2025,75,Đồng Nai,26374,Phường Tam Phước,M06,2036211.0
19/06/2025,75,Đồng Nai,26374,Phường Tam Phước,M17,1519800.0
19/06/2025,75,Đồng Nai,26374,Phường Tam Phước,M47,5861356.0
19/06/2025,75,Đồng Nai,26374,Phường Tam Phước,M54,302500.0
19/06/2025,75,Đồng Nai,26374,Phường Tam Phước,N20,234770.0
19/06/2025,75,Đồng Nai,26374,Phường Tam Phước,N39,356190.0
19/06/2025,75,Đồng Nai,26374,Phường Tam Phước,N76,594320.0
19/06/2025,75,Đồng Nai,26374,Phường Tam Phước,O21,40700.0
19/06/2025,75,Đồng Nai,26374,Phường Tam Phước,R10,639848.0
19/06/2025,75,Đồng Nai,26374,Phường Tam Phước,S00,113400.0
19/06/2025,75,Đồng Nai,26374,Phường Tam Phước,S20,48740.0
19/06/2025,75,Đồng Nai,26374,Phường Tam Phước,S62,206800.0
19/06/2025,75,Đồng Nai,26374,Phường Tam Phước,T25,101500.0
19/06/2025,75,Đồng Nai,26374,Phường Tam Phước,Z34,141250.0
19/06/2025,75,Đồng Nai,26374,Phường Tam Phước,Z98,1862170.0
19/06/2025,75,Đồng Nai,26377,Phường Phước Tân,A15,2367355.0
19/06/2025,75,Đồng Nai,26377,Phường Phước Tân,A16,4326883.0
19/06/2025,75,Đồng Nai,26377,Phường Phước Tân,B18,3794881.0
19/06/2025,75,Đồng Nai,26377,Phường Phước Tân,J18,362593.0
19/06/2025,75,Đồng Nai,26377,Phường Phước Tân,J44,2452628.0
19/06/2025,75,Đồng Nai,26377,Phường Phước Tân,J45,1784393.0
19/06/2025,75,Đồng Nai,26377,Phường Phước Tân,U84,11471009.0
19/06/2025,75,Đồng Nai,26416,Xã Phước Bình,Khác,0.0
19/06/2025,75,Đồng Nai,26455,Xã Xuân Hiệp,A04,3784023.0
19/06/2025,75,Đồng Nai,26455,Xã Xuân Hiệp,A09,1164321.0
19/06/2025,75,Đồng Nai,26455,Xã Xuân Hiệp,A75,602520.0
19/06/2025,75,Đồng Nai,26455,Xã Xuân Hiệp,B08,690390.0
19/06/2025,75,Đồng Nai,26455,Xã Xuân Hiệp,B18,556956.0
19/06/2025,75,Đồng Nai,26455,Xã Xuân Hiệp,B34,6360087.0
19/06/2025,75,Đồng Nai,26455,Xã Xuân Hiệp,D23,329400.0
19/06/2025,75,Đồng Nai,26455,Xã Xuân Hiệp,D25,109500.0
19/06/2025,75,Đồng Nai,26455,Xã Xuân Hiệp,D44,371400.0
19/06/2025,75,Đồng Nai,26455,Xã Xuân Hiệp,E04,911790.0
19/06/2025,75,Đồng Nai,26455,Xã Xuân Hiệp,E05,783072.0
19/06/2025,75,Đồng Nai,26455,Xã Xuân Hiệp,E11,44143950.0
19/06/2025,75,Đồng Nai,26455,Xã Xuân Hiệp,E58,1596900.0
19/06/2025,75,Đồng Nai,26455,Xã Xuân Hiệp,E78,6434610.0
19/06/2025,75,Đồng Nai,26455,Xã Xuân Hiệp,G44,219000.0
19/06/2025,75,Đồng Nai,26455,Xã Xuân Hiệp,G45,1204500.0
19/06/2025,75,Đồng Nai,26455,Xã Xuân Hiệp,G55,725616.0
19/06/2025,75,Đồng Nai,26455,Xã Xuân Hiệp,G56,1102413.0
19/06/2025,75,Đồng Nai,26455,Xã Xuân Hiệp,G61,929280.0
19/06/2025,75,Đồng Nai,26455,Xã Xuân Hiệp,H00,2064027.0
19/06/2025,75,Đồng Nai,26455,Xã Xuân Hiệp,H02,940590.0
19/06/2025,75,Đồng Nai,26455,Xã Xuân Hiệp,H10,12079191.0
19/06/2025,75,Đồng Nai,26455,Xã Xuân Hiệp,H16,1706403.0
19/06/2025,75,Đồng Nai,26455,Xã Xuân Hiệp,H25,6675051.0
19/06/2025,75,Đồng Nai,26455,Xã Xuân Hiệp,H47,663297.0
19/06/2025,75,Đồng Nai,26455,Xã Xuân Hiệp,H66,3624537.0
19/06/2025,75,Đồng Nai,26455,Xã Xuân Hiệp,I09,828540.0
19/06/2025,75,Đồng Nai,26455,Xã Xuân Hiệp,I10,64072314.0
19/06/2025,75,Đồng Nai,26455,Xã Xuân Hiệp,I25,3408900.0
19/06/2025,75,Đồng Nai,26455,Xã Xuân Hiệp,I83,7553268.0
19/06/2025,75,Đồng Nai,26455,Xã Xuân Hiệp,J00,1230585.0
19/06/2025,75,Đồng Nai,26455,Xã Xuân Hiệp,J01,21172107.0
19/06/2025,75,Đồng Nai,26455,Xã Xuân Hiệp,J02,4508040.0
19/06/2025,75,Đồng Nai,26455,Xã Xuân Hiệp,J06,8099961.0
19/06/2025,75,Đồng Nai,26455,Xã Xuân Hiệp,J18,636168.0
19/06/2025,75,Đồng Nai,26455,Xã Xuân Hiệp,J20,4653009.0
19/06/2025,75,Đồng Nai,26455,Xã Xuân Hiệp,J30,1407078.0
19/06/2025,75,Đồng Nai,26455,Xã Xuân Hiệp,J42,781500.0
19/06/2025,75,Đồng Nai,26455,Xã Xuân Hiệp,J45,901785.0
19/06/2025,75,Đồng Nai,26455,Xã Xuân Hiệp,K00,867420.0
19/06/2025,75,Đồng Nai,26455,Xã Xuân Hiệp,K02,6866610.0
19/06/2025,75,Đồng Nai,26455,Xã Xuân Hiệp,K04,11026140.0
19/06/2025,75,Đồng Nai,26455,Xã Xuân Hiệp,K05,1490700.0
19/06/2025,75,Đồng Nai,26455,Xã Xuân Hiệp,K07,978720.0
19/06/2025,75,Đồng Nai,26455,Xã Xuân Hiệp,K21,3775488.0
19/06/2025,75,Đồng Nai,26455,Xã Xuân Hiệp,K29,1088190.0
19/06/2025,75,Đồng Nai,26455,Xã Xuân Hiệp,K59,338478.0
19/06/2025,75,Đồng Nai,26455,Xã Xuân Hiệp,L02,431010.0
19/06/2025,75,Đồng Nai,26455,Xã Xuân Hiệp,L20,375975.0
19/06/2025,75,Đồng Nai,26455,Xã Xuân Hiệp,M06,689400.0
19/06/2025,75,Đồng Nai,26455,Xã Xuân Hiệp,M10,1319700.0
19/06/2025,75,Đồng Nai,26455,Xã Xuân Hiệp,M13,3106404.0
19/06/2025,75,Đồng Nai,26455,Xã Xuân Hiệp,M17,2065071.0
19/06/2025,75,Đồng Nai,26455,Xã Xuân Hiệp,M18,1727736.0
19/06/2025,75,Đồng Nai,26455,Xã Xuân Hiệp,M32,109500.0
19/06/2025,75,Đồng Nai,26455,Xã Xuân Hiệp,M47,11401839.0
19/06/2025,75,Đồng Nai,26455,Xã Xuân Hiệp,M54,8101884.0
19/06/2025,75,Đồng Nai,26455,Xã Xuân Hiệp,M60,399243.0
19/06/2025,75,Đồng Nai,26455,Xã Xuân Hiệp,M70,1008648.0
19/06/2025,75,Đồng Nai,26455,Xã Xuân Hiệp,M75,2975658.0
19/06/2025,75,Đồng Nai,26455,Xã Xuân Hiệp,M77,1889778.0
19/06/2025,75,Đồng Nai,26455,Xã Xuân Hiệp,N13,469500.0
19/06/2025,75,Đồng Nai,26455,Xã Xuân Hiệp,N20,657300.0
19/06/2025,75,Đồng Nai,26455,Xã Xuân Hiệp,N39,1862928.0
19/06/2025,75,Đồng Nai,26455,Xã Xuân Hiệp,N40,396900.0
19/06/2025,75,Đồng Nai,26455,Xã Xuân Hiệp,N64,3051600.0
19/06/2025,75,Đồng Nai,26455,Xã Xuân Hiệp,N72,940320.0
19/06/2025,75,Đồng Nai,26455,Xã Xuân Hiệp,N92,1539210.0
19/06/2025,75,Đồng Nai,26455,Xã Xuân Hiệp,R10,4342410.0
19/06/2025,75,Đồng Nai,26455,Xã Xuân Hiệp,R42,2654010.0
19/06/2025,75,Đồng Nai,26455,Xã Xuân Hiệp,R73,903390.0
19/06/2025,75,Đồng Nai,26455,Xã Xuân Hiệp,S00,1081350.0
19/06/2025,75,Đồng Nai,26455,Xã Xuân Hiệp,S03,1163355.0
19/06/2025,75,Đồng Nai,26455,Xã Xuân Hiệp,S20,1683813.0
19/06/2025,75,Đồng Nai,26455,Xã Xuân Hiệp,S22,543558.0
19/06/2025,75,Đồng Nai,26455,Xã Xuân Hiệp,S33,3070620.0
19/06/2025,75,Đồng Nai,26455,Xã Xuân Hiệp,S36,109500.0
19/06/2025,75,Đồng Nai,26455,Xã Xuân Hiệp,S63,495855.0
19/06/2025,75,Đồng Nai,26455,Xã Xuân Hiệp,S80,543120.0
19/06/2025,75,Đồng Nai,26455,Xã Xuân Hiệp,S92,428100.0
19/06/2025,75,Đồng Nai,26455,Xã Xuân Hiệp,S93,109500.0
19/06/2025,75,Đồng Nai,26455,Xã Xuân Hiệp,T15,1567794.0
19/06/2025,75,Đồng Nai,26455,Xã Xuân Hiệp,T78,4278363.0
19/06/2025,75,Đồng Nai,26455,Xã Xuân Hiệp,T79,1494735.0
19/06/2025,75,Đồng Nai,26455,Xã Xuân Hiệp,Z34,3837900.0
19/06/2025,75,Đồng Nai,26455,Xã Xuân Hiệp,Z35,2174700.0
19/06/2025,75,Đồng Nai,26455,Xã Xuân Hiệp,Z47,825255.0
19/06/2025,75,Đồng Nai,26497,Xã Vĩnh Thanh,A09,78941.0
19/06/2025,75,Đồng Nai,26497,Xã Vĩnh Thanh,B34,157200.0
19/06/2025,75,Đồng Nai,26497,Xã Vĩnh Thanh,E11,2327142.0
19/06/2025,75,Đồng Nai,26497,Xã Vĩnh Thanh,H81,351790.0
19/06/2025,75,Đồng Nai,26497,Xã Vĩnh Thanh,I10,874237.0
19/06/2025,75,Đồng Nai,26497,Xã Vĩnh Thanh,I25,176024.0
19/06/2025,75,Đồng Nai,26497,Xã Vĩnh Thanh,I69,653150.0
19/06/2025,75,Đồng Nai,26497,Xã Vĩnh Thanh,J00,160935.0
19/06/2025,75,Đồng Nai,26497,Xã Vĩnh Thanh,J06,280295.0
19/06/2025,75,Đồng Nai,26497,Xã Vĩnh Thanh,J20,743616.0
19/06/2025,75,Đồng Nai,26497,Xã Vĩnh Thanh,J45,212865.0
19/06/2025,75,Đồng Nai,26497,Xã Vĩnh Thanh,J68,874879.0
19/06/2025,75,Đồng Nai,26497,Xã Vĩnh Thanh,K01,139008.0
19/06/2025,75,Đồng Nai,26497,Xã Vĩnh Thanh,K02,454400.0
19/06/2025,75,Đồng Nai,26497,Xã Vĩnh Thanh,K03,406000.0
19/06/2025,75,Đồng Nai,26497,Xã Vĩnh Thanh,K12,90290.0
19/06/2025,75,Đồng Nai,26497,Xã Vĩnh Thanh,K21,2204410.0
19/06/2025,75,Đồng Nai,26497,Xã Vĩnh Thanh,K29,52425.0
19/06/2025,75,Đồng Nai,26497,Xã Vĩnh Thanh,K30,113780.0
19/06/2025,75,Đồng Nai,26497,Xã Vĩnh Thanh,M10,644242.0
19/06/2025,75,Đồng Nai,26497,Xã Vĩnh Thanh,M17,1116154.0
19/06/2025,75,Đồng Nai,26497,Xã Vĩnh Thanh,M47,3205928.0
19/06/2025,75,Đồng Nai,26497,Xã Vĩnh Thanh,M54,5000370.0
19/06/2025,75,Đồng Nai,26497,Xã Vĩnh Thanh,M77,122670.0
19/06/2025,75,Đồng Nai,26497,Xã Vĩnh Thanh,N39,118624.0
19/06/2025,75,Đồng Nai,26497,Xã Vĩnh Thanh,N92,77700.0
19/06/2025,75,Đồng Nai,26497,Xã Vĩnh Thanh,R10,1080071.0
19/06/2025,75,Đồng Nai,26497,Xã Vĩnh Thanh,S80,138962.0
19/06/2025,75,Đồng Nai,26497,Xã Vĩnh Thanh,S90,194840.0
19/06/2025,75,Đồng Nai,26497,Xã Vĩnh Thanh,Z34,271760.0
20/01/2025,75,Đồng Nai,26080,Phường Xuân An,Khác,0.0
20/01/2025,75,Đồng Nai,26248,Thị Trấn Trảng Bom,Khác,0.0
20/01/2025,75,Đồng Nai,26341,Thị Trấn Long Giao,Khác,0.0
20/02/2025,75,Đồng Nai,25993,Phường Trảng Dài,Khác,0.0
20/02/2025,75,Đồng Nai,26026,Phường Tân Mai,Khác,0.0
20/02/2025,75,Đồng Nai,26080,Phường Xuân An,Khác,0.0
20/02/2025,75,Đồng Nai,26248,Thị Trấn Trảng Bom,Khác,0.0
20/02/2025,75,Đồng Nai,26341,Thị Trấn Long Giao,Khác,0.0
20/02/2025,75,Đồng Nai,26452,Xã Suối Cát,Khác,0.0
20/03/2025,75,Đồng Nai,26080,Phường Xuân An,Khác,0.0
20/03/2025,75,Đồng Nai,26248,Thị Trấn Trảng Bom,Khác,0.0
20/03/2025,75,Đồng Nai,26254,Xã Cây Gáo,Khác,0.0
20/03/2025,75,Đồng Nai,26272,Xã Hố Nai 3,Khác,0.0
20/03/2025,75,Đồng Nai,26452,Xã Suối Cát,Khác,0.0
20/04/2025,75,Đồng Nai,25999,Phường Tân Biên,Khác,0.0
20/04/2025,75,Đồng Nai,26068,Phường Hóa An,Khác,0.0
20/04/2025,75,Đồng Nai,26095,Phường Suối Tre,Khác,0.0
20/04/2025,75,Đồng Nai,26206,Thị Trấn Định Quán,Khác,0.0
20/04/2025,75,Đồng Nai,26272,Xã Hố Nai 3,Khác,0.0
20/04/2025,75,Đồng Nai,26326,Thị Trấn Dầu Giây,Khác,0.0
20/04/2025,75,Đồng Nai,26368,Thị Trấn Long Thành,Khác,0.0
20/04/2025,75,Đồng Nai,26377,Phường Phước Tân,Khác,0.0
20/04/2025,75,Đồng Nai,26440,Xã Xuân Trường,Khác,0.0
20/04/2025,75,Đồng Nai,26452,Xã Suối Cát,Khác,0.0
20/04/2025,75,Đồng Nai,26485,Xã Phú Hội,Khác,0.0
20/05/2025,75,Đồng Nai,25996,Phường Tân Phong,Khác,0.0
20/05/2025,75,Đồng Nai,25999,Phường Tân Biên,Khác,0.0
20/05/2025,75,Đồng Nai,26017,Phường Tam Hiệp,Khác,0.0
20/05/2025,75,Đồng Nai,26029,Phường Thống Nhất,Khác,0.0
20/05/2025,75,Đồng Nai,26068,Phường Hóa An,Khác,0.0
20/05/2025,75,Đồng Nai,26095,Phường Suối Tre,Khác,0.0
20/05/2025,75,Đồng Nai,26116,Thị Trấn Tân Phú,Khác,0.0
20/05/2025,75,Đồng Nai,26188,Xã Thạnh Phú,Khác,0.0
20/05/2025,75,Đồng Nai,26206,Thị Trấn Định Quán,Khác,0.0
20/05/2025,75,Đồng Nai,26272,Xã Hố Nai 3,Khác,0.0
20/05/2025,75,Đồng Nai,26299,Xã Gia Tân 1,Khác,0.0
20/05/2025,75,Đồng Nai,26317,Xã Hưng Lộc,Khác,0.0
20/05/2025,75,Đồng Nai,26326,Thị Trấn Dầu Giây,Khác,0.0
20/05/2025,75,Đồng Nai,26362,Xã Sông Ray,Khác,0.0
20/05/2025,75,Đồng Nai,26368,Thị Trấn Long Thành,Khác,0.0
20/05/2025,75,Đồng Nai,26377,Phường Phước Tân,Khác,0.0
20/05/2025,75,Đồng Nai,26416,Xã Phước Bình,Khác,0.0
20/05/2025,75,Đồng Nai,26452,Xã Suối Cát,Khác,0.0
20/05/2025,75,Đồng Nai,26455,Xã Xuân Hiệp,Khác,0.0
20/05/2025,75,Đồng Nai,26497,Xã Vĩnh Thanh,Khác,0.0
20/06/2025,75,Đồng Nai,25996,Phường Tân Phong,D02,1394460.96
20/06/2025,75,Đồng Nai,25996,Phường Tân Phong,E11,603198.0
20/06/2025,75,Đồng Nai,25996,Phường Tân Phong,E78,1601388.0
20/06/2025,75,Đồng Nai,25996,Phường Tân Phong,G47,907452.0
20/06/2025,75,Đồng Nai,25996,Phường Tân Phong,G51,1455600.0
20/06/2025,75,Đồng Nai,25996,Phường Tân Phong,G55,3245777.98
20/06/2025,75,Đồng Nai,25996,Phường Tân Phong,H10,119400.0
20/06/2025,75,Đồng Nai,25996,Phường Tân Phong,H53,4488762.0
20/06/2025,75,Đồng Nai,25996,Phường Tân Phong,I10,12047732.5
20/06/2025,75,Đồng Nai,25996,Phường Tân Phong,I20,1391933.88
20/06/2025,75,Đồng Nai,25996,Phường Tân Phong,I25,1387952.0
20/06/2025,75,Đồng Nai,25996,Phường Tân Phong,I69,39248160.0
20/06/2025,75,Đồng Nai,25996,Phường Tân Phong,J02,2713511.0
20/06/2025,75,Đồng Nai,25996,Phường Tân Phong,J11,488200.0
20/06/2025,75,Đồng Nai,25996,Phường Tân Phong,J32,4545513.74
20/06/2025,75,Đồng Nai,25996,Phường Tân Phong,K02,399900.0
20/06/2025,75,Đồng Nai,25996,Phường Tân Phong,K21,7983144.0
20/06/2025,75,Đồng Nai,25996,Phường Tân Phong,K29,964280.0
20/06/2025,75,Đồng Nai,25996,Phường Tân Phong,M06,1453178.14
20/06/2025,75,Đồng Nai,25996,Phường Tân Phong,M13,2625406.2
20/06/2025,75,Đồng Nai,25996,Phường Tân Phong,M17,41282678.02
20/06/2025,75,Đồng Nai,25996,Phường Tân Phong,M23,550800.0
20/06/2025,75,Đồng Nai,25996,Phường Tân Phong,M25,55983667.6
20/06/2025,75,Đồng Nai,25996,Phường Tân Phong,M53,35009564.58
20/06/2025,75,Đồng Nai,25996,Phường Tân Phong,M54,400594439.15
20/06/2025,75,Đồng Nai,25996,Phường Tân Phong,M65,5383735.14
20/06/2025,75,Đồng Nai,25996,Phường Tân Phong,M77,1024435.0
20/06/2025,75,Đồng Nai,25996,Phường Tân Phong,N20,2517576.0
20/06/2025,75,Đồng Nai,25996,Phường Tân Phong,R42,2560230.0
20/06/2025,75,Đồng Nai,25996,Phường Tân Phong,R50,1858874.94
20/06/2025,75,Đồng Nai,25996,Phường Tân Phong,R51,2523000.0
20/06/2025,75,Đồng Nai,25996,Phường Tân Phong,R53,12087762.4
20/06/2025,75,Đồng Nai,26002,Phường Hố Nai,D02,182500.0
20/06/2025,75,Đồng Nai,26002,Phường Hố Nai,E05,182500.0
20/06/2025,75,Đồng Nai,26002,Phường Hố Nai,E11,7959400.0
20/06/2025,75,Đồng Nai,26002,Phường Hố Nai,E78,1372000.0
20/06/2025,75,Đồng Nai,26002,Phường Hố Nai,I10,15788015.0
20/06/2025,75,Đồng Nai,26002,Phường Hố Nai,J20,2064650.0
20/06/2025,75,Đồng Nai,26002,Phường Hố Nai,K59,1104800.0
20/06/2025,75,Đồng Nai,26002,Phường Hố Nai,M13,537150.0
20/06/2025,75,Đồng Nai,26002,Phường Hố Nai,M17,812500.0
20/06/2025,75,Đồng Nai,26002,Phường Hố Nai,M79,784500.0
20/06/2025,75,Đồng Nai,26002,Phường Hố Nai,R07,1526000.0
20/06/2025,75,Đồng Nai,26002,Phường Hố Nai,R51,1203800.0
20/06/2025,75,Đồng Nai,26002,Phường Hố Nai,R54,242350.0
20/06/2025,75,Đồng Nai,26017,Phường Tam Hiệp,H01,1438400.0
20/06/2025,75,Đồng Nai,26017,Phường Tam Hiệp,H02,933600.0
20/06/2025,75,Đồng Nai,26017,Phường Tam Hiệp,H04,5766688.0
20/06/2025,75,Đồng Nai,26017,Phường Tam Hiệp,H10,5872568.0
20/06/2025,75,Đồng Nai,26017,Phường Tam Hiệp,H11,12091040.0
20/06/2025,75,Đồng Nai,26017,Phường Tam Hiệp,H25,864738688.0
20/06/2025,75,Đồng Nai,26017,Phường Tam Hiệp,H26,127430600.0
20/06/2025,75,Đồng Nai,26017,Phường Tam Hiệp,H35,1830688.0
20/06/2025,75,Đồng Nai,26017,Phường Tam Hiệp,H40,6251256.0
20/06/2025,75,Đồng Nai,26017,Phường Tam Hiệp,H59,7844344.0
20/06/2025,75,Đồng Nai,26020,Phường Long Bình,G44,69870.0
20/06/2025,75,Đồng Nai,26020,Phường Long Bình,J06,434165.0
20/06/2025,75,Đồng Nai,26020,Phường Long Bình,K58,138380.0
20/06/2025,75,Đồng Nai,26020,Phường Long Bình,M25,312710.0
20/06/2025,75,Đồng Nai,26020,Phường Long Bình,M54,165584.0
20/06/2025,75,Đồng Nai,26020,Phường Long Bình,N39,72390.0
20/06/2025,75,Đồng Nai,26020,Phường Long Bình,N94,90750.0
20/06/2025,75,Đồng Nai,26020,Phường Long Bình,P71,54000.0
20/06/2025,75,Đồng Nai,26020,Phường Long Bình,R50,154680.0
20/06/2025,75,Đồng Nai,26020,Phường Long Bình,R51,236618.0
20/06/2025,75,Đồng Nai,26020,Phường Long Bình,S05,44570.0
20/06/2025,75,Đồng Nai,26020,Phường Long Bình,S90,55934.0
20/06/2025,75,Đồng Nai,26020,Phường Long Bình,T24,93220.0
20/06/2025,75,Đồng Nai,26020,Phường Long Bình,T78,38525.0
20/06/2025,75,Đồng Nai,26029,Phường Thống Nhất,A97,1009702.0
20/06/2025,75,Đồng Nai,26029,Phường Thống Nhất,B00,144891.0
20/06/2025,75,Đồng Nai,26029,Phường Thống Nhất,B01,194476.93
20/06/2025,75,Đồng Nai,26029,Phường Thống Nhất,B18,535000.0
20/06/2025,75,Đồng Nai,26029,Phường Thống Nhất,D23,788819.8
20/06/2025,75,Đồng Nai,26029,Phường Thống Nhất,D25,714172.0
20/06/2025,75,Đồng Nai,26029,Phường Thống Nhất,D50,2502860.0
20/06/2025,75,Đồng Nai,26029,Phường Thống Nhất,E04,2219820.0
20/06/2025,75,Đồng Nai,26029,Phường Thống Nhất,E05,143720.0
20/06/2025,75,Đồng Nai,26029,Phường Thống Nhất,E07,1124000.0
20/06/2025,75,Đồng Nai,26029,Phường Thống Nhất,E11,50417809.86
20/06/2025,75,Đồng Nai,26029,Phường Thống Nhất,E78,4033226.7
20/06/2025,75,Đồng Nai,26029,Phường Thống Nhất,F41,118260.0
20/06/2025,75,Đồng Nai,26029,Phường Thống Nhất,F51,118260.0
20/06/2025,75,Đồng Nai,26029,Phường Thống Nhất,G40,542408.8
20/06/2025,75,Đồng Nai,26029,Phường Thống Nhất,G43,1012918.52
20/06/2025,75,Đồng Nai,26029,Phường Thống Nhất,G44,2140451.4
20/06/2025,75,Đồng Nai,26029,Phường Thống Nhất,G47,497427.1
20/06/2025,75,Đồng Nai,26029,Phường Thống Nhất,G53,148500.0
20/06/2025,75,Đồng Nai,26029,Phường Thống Nhất,G56,1465464.94
20/06/2025,75,Đồng Nai,26029,Phường Thống Nhất,H00,1045499.1
20/06/2025,75,Đồng Nai,26029,Phường Thống Nhất,H01,405000.0
20/06/2025,75,Đồng Nai,26029,Phường Thống Nhất,H04,338950.0
20/06/2025,75,Đồng Nai,26029,Phường Thống Nhất,H10,228625.0
20/06/2025,75,Đồng Nai,26029,Phường Thống Nhất,H11,592490.0
20/06/2025,75,Đồng Nai,26029,Phường Thống Nhất,H16,407800.0
20/06/2025,75,Đồng Nai,26029,Phường Thống Nhất,H25,490800.0
20/06/2025,75,Đồng Nai,26029,Phường Thống Nhất,H43,245400.0
20/06/2025,75,Đồng Nai,26029,Phường Thống Nhất,H60,225800.0
20/06/2025,75,Đồng Nai,26029,Phường Thống Nhất,H65,424802.0
20/06/2025,75,Đồng Nai,26029,Phường Thống Nhất,H81,5392653.7
20/06/2025,75,Đồng Nai,26029,Phường Thống Nhất,I10,76592877.03
20/06/2025,75,Đồng Nai,26029,Phường Thống Nhất,I11,445870.0
20/06/2025,75,Đồng Nai,26029,Phường Thống Nhất,I20,225730.0
20/06/2025,75,Đồng Nai,26029,Phường Thống Nhất,I70,2353098.5
20/06/2025,75,Đồng Nai,26029,Phường Thống Nhất,I86,319000.0
20/06/2025,75,Đồng Nai,26029,Phường Thống Nhất,I87,3107714.29
20/06/2025,75,Đồng Nai,26029,Phường Thống Nhất,I88,342825.0
20/06/2025,75,Đồng Nai,26029,Phường Thống Nhất,J01,512792.0
20/06/2025,75,Đồng Nai,26029,Phường Thống Nhất,J02,1745741.0
20/06/2025,75,Đồng Nai,26029,Phường Thống Nhất,J18,532682.0
20/06/2025,75,Đồng Nai,26029,Phường Thống Nhất,J20,500900.0
20/06/2025,75,Đồng Nai,26029,Phường Thống Nhất,J30,577311.0
20/06/2025,75,Đồng Nai,26029,Phường Thống Nhất,J31,223900.0
20/06/2025,75,Đồng Nai,26029,Phường Thống Nhất,J32,1176364.93
20/06/2025,75,Đồng Nai,26029,Phường Thống Nhất,J35,848150.0
20/06/2025,75,Đồng Nai,26029,Phường Thống Nhất,J44,452869.4
20/06/2025,75,Đồng Nai,26029,Phường Thống Nhất,K03,4330000.0
20/06/2025,75,Đồng Nai,26029,Phường Thống Nhất,K04,169330.0
20/06/2025,75,Đồng Nai,26029,Phường Thống Nhất,K05,468280.0
20/06/2025,75,Đồng Nai,26029,Phường Thống Nhất,K08,1289250.0
20/06/2025,75,Đồng Nai,26029,Phường Thống Nhất,K12,222280.0
20/06/2025,75,Đồng Nai,26029,Phường Thống Nhất,K21,18191191.46
20/06/2025,75,Đồng Nai,26029,Phường Thống Nhất,K25,360656.0
20/06/2025,75,Đồng Nai,26029,Phường Thống Nhất,K29,300000.0
20/06/2025,75,Đồng Nai,26029,Phường Thống Nhất,K51,1060892.0
20/06/2025,75,Đồng Nai,26029,Phường Thống Nhất,K61,163115.86
20/06/2025,75,Đồng Nai,26029,Phường Thống Nhất,K64,3935587.46
20/06/2025,75,Đồng Nai,26029,Phường Thống Nhất,Khác,0.0
20/06/2025,75,Đồng Nai,26029,Phường Thống Nhất,L04,287700.0
20/06/2025,75,Đồng Nai,26029,Phường Thống Nhất,L23,348343.0
20/06/2025,75,Đồng Nai,26029,Phường Thống Nhất,L24,628699.86
20/06/2025,75,Đồng Nai,26029,Phường Thống Nhất,L30,131476.0
20/06/2025,75,Đồng Nai,26029,Phường Thống Nhất,L50,221354.0
20/06/2025,75,Đồng Nai,26029,Phường Thống Nhất,L53,119176.93
20/06/2025,75,Đồng Nai,26029,Phường Thống Nhất,L66,127626.0
20/06/2025,75,Đồng Nai,26029,Phường Thống Nhất,L70,136439.0
20/06/2025,75,Đồng Nai,26029,Phường Thống Nhất,L91,179160.0
20/06/2025,75,Đồng Nai,26029,Phường Thống Nhất,M06,136950.0
20/06/2025,75,Đồng Nai,26029,Phường Thống Nhất,M10,3018256.0
20/06/2025,75,Đồng Nai,26029,Phường Thống Nhất,M16,620579.1
20/06/2025,75,Đồng Nai,26029,Phường Thống Nhất,M17,4325919.4
20/06/2025,75,Đồng Nai,26029,Phường Thống Nhất,M23,597009.4
20/06/2025,75,Đồng Nai,26029,Phường Thống Nhất,M43,1140000.0
20/06/2025,75,Đồng Nai,26029,Phường Thống Nhất,M48,127699.8
20/06/2025,75,Đồng Nai,26029,Phường Thống Nhất,M50,1050000.0
20/06/2025,75,Đồng Nai,26029,Phường Thống Nhất,M51,306019.52
20/06/2025,75,Đồng Nai,26029,Phường Thống Nhất,M54,4708530.87
20/06/2025,75,Đồng Nai,26029,Phường Thống Nhất,M65,1138343.86
20/06/2025,75,Đồng Nai,26029,Phường Thống Nhất,M75,815235.84
20/06/2025,75,Đồng Nai,26029,Phường Thống Nhất,M77,292029.9
20/06/2025,75,Đồng Nai,26029,Phường Thống Nhất,M79,460349.0
20/06/2025,75,Đồng Nai,26029,Phường Thống Nhất,M81,1197929.4
20/06/2025,75,Đồng Nai,26029,Phường Thống Nhất,N30,2137409.0
20/06/2025,75,Đồng Nai,26029,Phường Thống Nhất,N39,380000.0
20/06/2025,75,Đồng Nai,26029,Phường Thống Nhất,N40,1374479.1
20/06/2025,75,Đồng Nai,26029,Phường Thống Nhất,N76,520000.0
20/06/2025,75,Đồng Nai,26029,Phường Thống Nhất,R07,3853939.9
20/06/2025,75,Đồng Nai,26029,Phường Thống Nhất,R10,5869548.55
20/06/2025,75,Đồng Nai,26029,Phường Thống Nhất,R51,870459.4
20/06/2025,75,Đồng Nai,26029,Phường Thống Nhất,R59,280000.0
20/06/2025,75,Đồng Nai,26029,Phường Thống Nhất,R73,998800.0
20/06/2025,75,Đồng Nai,26029,Phường Thống Nhất,S00,1337556.0
20/06/2025,75,Đồng Nai,26029,Phường Thống Nhất,S20,607293.86
20/06/2025,75,Đồng Nai,26029,Phường Thống Nhất,S42,981590.0
20/06/2025,75,Đồng Nai,26029,Phường Thống Nhất,S52,510000.0
20/06/2025,75,Đồng Nai,26029,Phường Thống Nhất,S63,310000.0
20/06/2025,75,Đồng Nai,26029,Phường Thống Nhất,S80,350792.0
20/06/2025,75,Đồng Nai,26029,Phường Thống Nhất,S82,385694.0
20/06/2025,75,Đồng Nai,26029,Phường Thống Nhất,S83,287218.0
20/06/2025,75,Đồng Nai,26029,Phường Thống Nhất,S92,310000.0
20/06/2025,75,Đồng Nai,26029,Phường Thống Nhất,T08,110000.0
20/06/2025,75,Đồng Nai,26029,Phường Thống Nhất,T17,205000.0
20/06/2025,75,Đồng Nai,26029,Phường Thống Nhất,Z34,390000.0
20/06/2025,75,Đồng Nai,26029,Phường Thống Nhất,Z96,369625.0
20/06/2025,75,Đồng Nai,26029,Phường Thống Nhất,Z97,333399.9
20/06/2025,75,Đồng Nai,26029,Phường Thống Nhất,Z98,1036727.4
20/06/2025,75,Đồng Nai,26050,Phường An Bình,A04,476941.0
20/06/2025,75,Đồng Nai,26050,Phường An Bình,A09,214708.0
20/06/2025,75,Đồng Nai,26050,Phường An Bình,A75,680876.0
20/06/2025,75,Đồng Nai,26050,Phường An Bình,B34,5175262.0
20/06/2025,75,Đồng Nai,26050,Phường An Bình,C73,36500.0
20/06/2025,75,Đồng Nai,26050,Phường An Bình,D44,36500.0
20/06/2025,75,Đồng Nai,26050,Phường An Bình,E11,74900.0
20/06/2025,75,Đồng Nai,26050,Phường An Bình,G45,196360.0
20/06/2025,75,Đồng Nai,26050,Phường An Bình,G58,77750.0
20/06/2025,75,Đồng Nai,26050,Phường An Bình,H81,1928026.0
20/06/2025,75,Đồng Nai,26050,Phường An Bình,I10,162530.0
20/06/2025,75,Đồng Nai,26050,Phường An Bình,I20,103020.0
20/06/2025,75,Đồng Nai,26050,Phường An Bình,J06,2402863.0
20/06/2025,75,Đồng Nai,26050,Phường An Bình,J18,594360.0
20/06/2025,75,Đồng Nai,26050,Phường An Bình,J20,931545.0
20/06/2025,75,Đồng Nai,26050,Phường An Bình,J39,337340.0
20/06/2025,75,Đồng Nai,26050,Phường An Bình,J40,170160.0
20/06/2025,75,Đồng Nai,26050,Phường An Bình,K52,468220.0
20/06/2025,75,Đồng Nai,26050,Phường An Bình,K58,599632.0
20/06/2025,75,Đồng Nai,26050,Phường An Bình,K59,440293.0
20/06/2025,75,Đồng Nai,26050,Phường An Bình,K75,245454.0
20/06/2025,75,Đồng Nai,26050,Phường An Bình,M13,830344.0
20/06/2025,75,Đồng Nai,26050,Phường An Bình,M25,171710.0
20/06/2025,75,Đồng Nai,26050,Phường An Bình,M54,650850.0
20/06/2025,75,Đồng Nai,26050,Phường An Bình,N39,122640.0
20/06/2025,75,Đồng Nai,26050,Phường An Bình,R50,586770.0
20/06/2025,75,Đồng Nai,26050,Phường An Bình,R51,1509330.0
20/06/2025,75,Đồng Nai,26050,Phường An Bình,T78,398848.0
20/06/2025,75,Đồng Nai,26050,Phường An Bình,Z34,542560.0
20/06/2025,75,Đồng Nai,26056,Phường Long Bình Tân,A04,680910.0
20/06/2025,75,Đồng Nai,26056,Phường Long Bình Tân,A09,7440182.0
20/06/2025,75,Đồng Nai,26056,Phường Long Bình Tân,A66,40382.0
20/06/2025,75,Đồng Nai,26056,Phường Long Bình Tân,A75,1937010.0
20/06/2025,75,Đồng Nai,26056,Phường Long Bình Tân,A97,4996050.0
20/06/2025,75,Đồng Nai,26056,Phường Long Bình Tân,B00,231110.0
20/06/2025,75,Đồng Nai,26056,Phường Long Bình Tân,B18,2607000.0
20/06/2025,75,Đồng Nai,26056,Phường Long Bình Tân,B34,996200.0
20/06/2025,75,Đồng Nai,26056,Phường Long Bình Tân,B35,1419240.0
20/06/2025,75,Đồng Nai,26056,Phường Long Bình Tân,B37,814402.0
20/06/2025,75,Đồng Nai,26056,Phường Long Bình Tân,B88,904476.0
20/06/2025,75,Đồng Nai,26056,Phường Long Bình Tân,B98,322440.0
20/06/2025,75,Đồng Nai,26056,Phường Long Bình Tân,C15,4033200.0
20/06/2025,75,Đồng Nai,26056,Phường Long Bình Tân,C18,51357016.0
20/06/2025,75,Đồng Nai,26056,Phường Long Bình Tân,C34,44078846.0
20/06/2025,75,Đồng Nai,26056,Phường Long Bình Tân,C50,4988198.0
20/06/2025,75,Đồng Nai,26056,Phường Long Bình Tân,C71,7398368.0
20/06/2025,75,Đồng Nai,26056,Phường Long Bình Tân,C73,811000.0
20/06/2025,75,Đồng Nai,26056,Phường Long Bình Tân,D17,316400.0
20/06/2025,75,Đồng Nai,26056,Phường Long Bình Tân,D23,6170560.0
20/06/2025,75,Đồng Nai,26056,Phường Long Bình Tân,D32,34030929.0
20/06/2025,75,Đồng Nai,26056,Phường Long Bình Tân,D33,3490520.0
20/06/2025,75,Đồng Nai,26056,Phường Long Bình Tân,D34,553000.0
20/06/2025,75,Đồng Nai,26056,Phường Long Bình Tân,D38,2056510.0
20/06/2025,75,Đồng Nai,26056,Phường Long Bình Tân,D48,33200.0
20/06/2025,75,Đồng Nai,26056,Phường Long Bình Tân,D50,433452.0
20/06/2025,75,Đồng Nai,26056,Phường Long Bình Tân,D63,258200.0
20/06/2025,75,Đồng Nai,26056,Phường Long Bình Tân,D64,286780.0
20/06/2025,75,Đồng Nai,26056,Phường Long Bình Tân,E04,427676.0
20/06/2025,75,Đồng Nai,26056,Phường Long Bình Tân,E05,1533000.0
20/06/2025,75,Đồng Nai,26056,Phường Long Bình Tân,E11,35402960.0
20/06/2025,75,Đồng Nai,26056,Phường Long Bình Tân,E56,652060.0
20/06/2025,75,Đồng Nai,26056,Phường Long Bình Tân,E78,3278452.0
20/06/2025,75,Đồng Nai,26056,Phường Long Bình Tân,F41,781550.0
20/06/2025,75,Đồng Nai,26056,Phường Long Bình Tân,F95,1623200.0
20/06/2025,75,Đồng Nai,26056,Phường Long Bình Tân,G44,7219919.0
20/06/2025,75,Đồng Nai,26056,Phường Long Bình Tân,G47,1719200.0
20/06/2025,75,Đồng Nai,26056,Phường Long Bình Tân,G51,1852200.0
20/06/2025,75,Đồng Nai,26056,Phường Long Bình Tân,G55,3285200.0
20/06/2025,75,Đồng Nai,26056,Phường Long Bình Tân,G57,33200.0
20/06/2025,75,Đồng Nai,26056,Phường Long Bình Tân,G58,119069.0
20/06/2025,75,Đồng Nai,26056,Phường Long Bình Tân,H00,623988.0
20/06/2025,75,Đồng Nai,26056,Phường Long Bình Tân,H01,1338722.0
20/06/2025,75,Đồng Nai,26056,Phường Long Bình Tân,H04,3955615.0
20/06/2025,75,Đồng Nai,26056,Phường Long Bình Tân,H10,2164745.0
20/06/2025,75,Đồng Nai,26056,Phường Long Bình Tân,H11,424350.0
20/06/2025,75,Đồng Nai,26056,Phường Long Bình Tân,H18,164960.0
20/06/2025,75,Đồng Nai,26056,Phường Long Bình Tân,H25,1437198.0
20/06/2025,75,Đồng Nai,26056,Phường Long Bình Tân,H26,140480.0
20/06/2025,75,Đồng Nai,26056,Phường Long Bình Tân,H27,664160.0
20/06/2025,75,Đồng Nai,26056,Phường Long Bình Tân,H40,2733303.0
20/06/2025,75,Đồng Nai,26056,Phường Long Bình Tân,H52,597863.0
20/06/2025,75,Đồng Nai,26056,Phường Long Bình Tân,H60,2029633.0
20/06/2025,75,Đồng Nai,26056,Phường Long Bình Tân,H81,7418820.0
20/06/2025,75,Đồng Nai,26056,Phường Long Bình Tân,I10,80562855.0
20/06/2025,75,Đồng Nai,26056,Phường Long Bình Tân,I11,1156144.0
20/06/2025,75,Đồng Nai,26056,Phường Long Bình Tân,I20,3274150.0
20/06/2025,75,Đồng Nai,26056,Phường Long Bình Tân,I21,30157630.0
20/06/2025,75,Đồng Nai,26056,Phường Long Bình Tân,I25,6547180.0
20/06/2025,75,Đồng Nai,26056,Phường Long Bình Tân,I48,348256.0
20/06/2025,75,Đồng Nai,26056,Phường Long Bình Tân,I49,125936.0
20/06/2025,75,Đồng Nai,26056,Phường Long Bình Tân,I50,2071560.0
20/06/2025,75,Đồng Nai,26056,Phường Long Bình Tân,I51,697380.0
20/06/2025,75,Đồng Nai,26056,Phường Long Bình Tân,I63,15611687.0
20/06/2025,75,Đồng Nai,26056,Phường Long Bình Tân,I67,3487950.0
20/06/2025,75,Đồng Nai,26056,Phường Long Bình Tân,I69,6016736.0
20/06/2025,75,Đồng Nai,26056,Phường Long Bình Tân,I82,462800.0
20/06/2025,75,Đồng Nai,26056,Phường Long Bình Tân,I87,2233110.0
20/06/2025,75,Đồng Nai,26056,Phường Long Bình Tân,I95,1049160.0
20/06/2025,75,Đồng Nai,26056,Phường Long Bình Tân,J00,1593138.0
20/06/2025,75,Đồng Nai,26056,Phường Long Bình Tân,J01,1744274.0
20/06/2025,75,Đồng Nai,26056,Phường Long Bình Tân,J02,6470362.0
20/06/2025,75,Đồng Nai,26056,Phường Long Bình Tân,J03,581770.0
20/06/2025,75,Đồng Nai,26056,Phường Long Bình Tân,J04,538950.0
20/06/2025,75,Đồng Nai,26056,Phường Long Bình Tân,J06,2113058.0
20/06/2025,75,Đồng Nai,26056,Phường Long Bình Tân,J15,11672452.0
20/06/2025,75,Đồng Nai,26056,Phường Long Bình Tân,J18,16329437.0
20/06/2025,75,Đồng Nai,26056,Phường Long Bình Tân,J20,4905567.0
20/06/2025,75,Đồng Nai,26056,Phường Long Bình Tân,J30,794310.0
20/06/2025,75,Đồng Nai,26056,Phường Long Bình Tân,J31,910762.0
20/06/2025,75,Đồng Nai,26056,Phường Long Bình Tân,J32,3806902.0
20/06/2025,75,Đồng Nai,26056,Phường Long Bình Tân,J35,20074504.0
20/06/2025,75,Đồng Nai,26056,Phường Long Bình Tân,J36,5357216.0
20/06/2025,75,Đồng Nai,26056,Phường Long Bình Tân,J44,13696705.0
20/06/2025,75,Đồng Nai,26056,Phường Long Bình Tân,J45,482760.0
20/06/2025,75,Đồng Nai,26056,Phường Long Bình Tân,J96,39554764.0
20/06/2025,75,Đồng Nai,26056,Phường Long Bình Tân,K01,3476850.0
20/06/2025,75,Đồng Nai,26056,Phường Long Bình Tân,K02,4105630.0
20/06/2025,75,Đồng Nai,26056,Phường Long Bình Tân,K04,3508870.0
20/06/2025,75,Đồng Nai,26056,Phường Long Bình Tân,K05,2131900.0
20/06/2025,75,Đồng Nai,26056,Phường Long Bình Tân,K07,128510.0
20/06/2025,75,Đồng Nai,26056,Phường Long Bình Tân,K11,361850.0
20/06/2025,75,Đồng Nai,26056,Phường Long Bình Tân,K12,33200.0
20/06/2025,75,Đồng Nai,26056,Phường Long Bình Tân,K13,90200.0
20/06/2025,75,Đồng Nai,26056,Phường Long Bình Tân,K21,21562302.0
20/06/2025,75,Đồng Nai,26056,Phường Long Bình Tân,K25,183336.0
20/06/2025,75,Đồng Nai,26056,Phường Long Bình Tân,K29,8425806.0
20/06/2025,75,Đồng Nai,26056,Phường Long Bình Tân,K40,168160.0
20/06/2025,75,Đồng Nai,26056,Phường Long Bình Tân,K52,6964573.0
20/06/2025,75,Đồng Nai,26056,Phường Long Bình Tân,K56,4684367.0
20/06/2025,75,Đồng Nai,26056,Phường Long Bình Tân,K58,797605.0
20/06/2025,75,Đồng Nai,26056,Phường Long Bình Tân,K59,33200.0
20/06/2025,75,Đồng Nai,26056,Phường Long Bình Tân,K64,1902800.0
20/06/2025,75,Đồng Nai,26056,Phường Long Bình Tân,K75,2401470.0
20/06/2025,75,Đồng Nai,26056,Phường Long Bình Tân,K77,2242190.0
20/06/2025,75,Đồng Nai,26056,Phường Long Bình Tân,K80,23968449.0
20/06/2025,75,Đồng Nai,26056,Phường Long Bình Tân,K92,763210.0
20/06/2025,75,Đồng Nai,26056,Phường Long Bình Tân,L01,165768.0
20/06/2025,75,Đồng Nai,26056,Phường Long Bình Tân,L02,4679530.0
20/06/2025,75,Đồng Nai,26056,Phường Long Bình Tân,L03,296380.0
20/06/2025,75,Đồng Nai,26056,Phường Long Bình Tân,L04,710703.0
20/06/2025,75,Đồng Nai,26056,Phường Long Bình Tân,L08,387800.0
20/06/2025,75,Đồng Nai,26056,Phường Long Bình Tân,L13,307720.0
20/06/2025,75,Đồng Nai,26056,Phường Long Bình Tân,L20,90600.0
20/06/2025,75,Đồng Nai,26056,Phường Long Bình Tân,L23,612662.0
20/06/2025,75,Đồng Nai,26056,Phường Long Bình Tân,L29,256500.0
20/06/2025,75,Đồng Nai,26056,Phường Long Bình Tân,L30,429042.0
20/06/2025,75,Đồng Nai,26056,Phường Long Bình Tân,L40,190028.0
20/06/2025,75,Đồng Nai,26056,Phường Long Bình Tân,L50,1311162.0
20/06/2025,75,Đồng Nai,26056,Phường Long Bình Tân,L51,287210.0
20/06/2025,75,Đồng Nai,26056,Phường Long Bình Tân,L64,318920.0
20/06/2025,75,Đồng Nai,26056,Phường Long Bình Tân,L70,613350.0
20/06/2025,75,Đồng Nai,26056,Phường Long Bình Tân,L81,33200.0
20/06/2025,75,Đồng Nai,26056,Phường Long Bình Tân,L93,329046.0
20/06/2025,75,Đồng Nai,26056,Phường Long Bình Tân,M02,243240.0
20/06/2025,75,Đồng Nai,26056,Phường Long Bình Tân,M10,10559301.0
20/06/2025,75,Đồng Nai,26056,Phường Long Bình Tân,M17,7807303.0
20/06/2025,75,Đồng Nai,26056,Phường Long Bình Tân,M21,43160.0
20/06/2025,75,Đồng Nai,26056,Phường Long Bình Tân,M25,278200.0
20/06/2025,75,Đồng Nai,26056,Phường Long Bình Tân,M47,2497624.0
20/06/2025,75,Đồng Nai,26056,Phường Long Bình Tân,M48,28742578.0
20/06/2025,75,Đồng Nai,26056,Phường Long Bình Tân,M50,7798917.0
20/06/2025,75,Đồng Nai,26056,Phường Long Bình Tân,M51,14582494.0
20/06/2025,75,Đồng Nai,26056,Phường Long Bình Tân,M54,81133617.0
20/06/2025,75,Đồng Nai,26056,Phường Long Bình Tân,M65,1749140.0
20/06/2025,75,Đồng Nai,26056,Phường Long Bình Tân,M75,6178540.0
20/06/2025,75,Đồng Nai,26056,Phường Long Bình Tân,M77,784760.0
20/06/2025,75,Đồng Nai,26056,Phường Long Bình Tân,M79,615400.0
20/06/2025,75,Đồng Nai,26056,Phường Long Bình Tân,M81,1218200.0
20/06/2025,75,Đồng Nai,26056,Phường Long Bình Tân,N18,3958350.0
20/06/2025,75,Đồng Nai,26056,Phường Long Bình Tân,N20,23570634.0
20/06/2025,75,Đồng Nai,26056,Phường Long Bình Tân,N21,2926600.0
20/06/2025,75,Đồng Nai,26056,Phường Long Bình Tân,N23,172900.0
20/06/2025,75,Đồng Nai,26056,Phường Long Bình Tân,N30,1238690.0
20/06/2025,75,Đồng Nai,26056,Phường Long Bình Tân,N31,1182970.0
20/06/2025,75,Đồng Nai,26056,Phường Long Bình Tân,N39,590662.0
20/06/2025,75,Đồng Nai,26056,Phường Long Bình Tân,N40,3326392.0
20/06/2025,75,Đồng Nai,26056,Phường Long Bình Tân,N60,771224.0
20/06/2025,75,Đồng Nai,26056,Phường Long Bình Tân,N64,258160.0
20/06/2025,75,Đồng Nai,26056,Phường Long Bình Tân,N76,187500.0
20/06/2025,75,Đồng Nai,26056,Phường Long Bình Tân,N80,344742.0
20/06/2025,75,Đồng Nai,26056,Phường Long Bình Tân,N91,33200.0
20/06/2025,75,Đồng Nai,26056,Phường Long Bình Tân,N92,1351647.0
20/06/2025,75,Đồng Nai,26056,Phường Long Bình Tân,O00,1756400.0
20/06/2025,75,Đồng Nai,26056,Phường Long Bình Tân,O01,33200.0
20/06/2025,75,Đồng Nai,26056,Phường Long Bình Tân,O20,3433226.0
20/06/2025,75,Đồng Nai,26056,Phường Long Bình Tân,O30,22190900.0
20/06/2025,75,Đồng Nai,26056,Phường Long Bình Tân,O47,4225990.0
20/06/2025,75,Đồng Nai,26056,Phường Long Bình Tân,O80,15253140.0
20/06/2025,75,Đồng Nai,26056,Phường Long Bình Tân,O82,142732550.0
20/06/2025,75,Đồng Nai,26056,Phường Long Bình Tân,P95,525000.0
20/06/2025,75,Đồng Nai,26056,Phường Long Bình Tân,R05,77200.0
20/06/2025,75,Đồng Nai,26056,Phường Long Bình Tân,R07,3418357.0
20/06/2025,75,Đồng Nai,26056,Phường Long Bình Tân,R10,7853357.0
20/06/2025,75,Đồng Nai,26056,Phường Long Bình Tân,R29,1502570.0
20/06/2025,75,Đồng Nai,26056,Phường Long Bình Tân,R42,878970.0
20/06/2025,75,Đồng Nai,26056,Phường Long Bình Tân,R50,699480.0
20/06/2025,75,Đồng Nai,26056,Phường Long Bình Tân,R51,8647351.0
20/06/2025,75,Đồng Nai,26056,Phường Long Bình Tân,R53,4491480.0
20/06/2025,75,Đồng Nai,26056,Phường Long Bình Tân,R59,316400.0
20/06/2025,75,Đồng Nai,26056,Phường Long Bình Tân,R74,376440.0
20/06/2025,75,Đồng Nai,26056,Phường Long Bình Tân,R94,496400.0
20/06/2025,75,Đồng Nai,26056,Phường Long Bình Tân,S01,43160.0
20/06/2025,75,Đồng Nai,26056,Phường Long Bình Tân,S06,6704376.0
20/06/2025,75,Đồng Nai,26056,Phường Long Bình Tân,S09,898200.0
20/06/2025,75,Đồng Nai,26056,Phường Long Bình Tân,S20,757690.0
20/06/2025,75,Đồng Nai,26056,Phường Long Bình Tân,S32,224140.0
20/06/2025,75,Đồng Nai,26056,Phường Long Bình Tân,S40,291180.0
20/06/2025,75,Đồng Nai,26056,Phường Long Bình Tân,S42,1166193.0
20/06/2025,75,Đồng Nai,26056,Phường Long Bình Tân,S49,43160.0
20/06/2025,75,Đồng Nai,26056,Phường Long Bình Tân,S60,808930.0
20/06/2025,75,Đồng Nai,26056,Phường Long Bình Tân,S61,18684353.0
20/06/2025,75,Đồng Nai,26056,Phường Long Bình Tân,S62,638260.0
20/06/2025,75,Đồng Nai,26056,Phường Long Bình Tân,S80,718480.0
20/06/2025,75,Đồng Nai,26056,Phường Long Bình Tân,S82,328790.0
20/06/2025,75,Đồng Nai,26056,Phường Long Bình Tân,S83,2010880.0
20/06/2025,75,Đồng Nai,26056,Phường Long Bình Tân,S90,203336.0
20/06/2025,75,Đồng Nai,26056,Phường Long Bình Tân,S91,10782304.0
20/06/2025,75,Đồng Nai,26056,Phường Long Bình Tân,S92,1061650.0
20/06/2025,75,Đồng Nai,26056,Phường Long Bình Tân,T15,140480.0
20/06/2025,75,Đồng Nai,26056,Phường Long Bình Tân,T78,509460.0
20/06/2025,75,Đồng Nai,26056,Phường Long Bình Tân,Z34,1751200.0
20/06/2025,75,Đồng Nai,26056,Phường Long Bình Tân,Z35,880120.0
20/06/2025,75,Đồng Nai,26056,Phường Long Bình Tân,Z47,168160.0
20/06/2025,75,Đồng Nai,26056,Phường Long Bình Tân,Z98,978989.0
20/06/2025,75,Đồng Nai,26068,Phường Hóa An,A09,233200.0
20/06/2025,75,Đồng Nai,26068,Phường Hóa An,B18,235200.0
20/06/2025,75,Đồng Nai,26068,Phường Hóa An,B34,651948.0
20/06/2025,75,Đồng Nai,26068,Phường Hóa An,E11,8028066.0
20/06/2025,75,Đồng Nai,26068,Phường Hóa An,E78,984698.0
20/06/2025,75,Đồng Nai,26068,Phường Hóa An,G44,162180.0
20/06/2025,75,Đồng Nai,26068,Phường Hóa An,G45,1101982.0
20/06/2025,75,Đồng Nai,26068,Phường Hóa An,G51,2406000.0
20/06/2025,75,Đồng Nai,26068,Phường Hóa An,G56,36500.0
20/06/2025,75,Đồng Nai,26068,Phường Hóa An,G64,87430.0
20/06/2025,75,Đồng Nai,26068,Phường Hóa An,H10,132960.0
20/06/2025,75,Đồng Nai,26068,Phường Hóa An,H81,445784.0
20/06/2025,75,Đồng Nai,26068,Phường Hóa An,I10,8411398.0
20/06/2025,75,Đồng Nai,26068,Phường Hóa An,I25,111307.0
20/06/2025,75,Đồng Nai,26068,Phường Hóa An,I50,806641.0
20/06/2025,75,Đồng Nai,26068,Phường Hóa An,J02,370302.0
20/06/2025,75,Đồng Nai,26068,Phường Hóa An,J06,407234.0
20/06/2025,75,Đồng Nai,26068,Phường Hóa An,J20,408059.0
20/06/2025,75,Đồng Nai,26068,Phường Hóa An,J21,134986.0
20/06/2025,75,Đồng Nai,26068,Phường Hóa An,J31,295690.0
20/06/2025,75,Đồng Nai,26068,Phường Hóa An,J32,5648629.0
20/06/2025,75,Đồng Nai,26068,Phường Hóa An,J44,157460.0
20/06/2025,75,Đồng Nai,26068,Phường Hóa An,K02,317000.0
20/06/2025,75,Đồng Nai,26068,Phường Hóa An,K04,293500.0
20/06/2025,75,Đồng Nai,26068,Phường Hóa An,K08,445560.0
20/06/2025,75,Đồng Nai,26068,Phường Hóa An,K14,55000.0
20/06/2025,75,Đồng Nai,26068,Phường Hóa An,K21,42800.0
20/06/2025,75,Đồng Nai,26068,Phường Hóa An,K77,1100808.0
20/06/2025,75,Đồng Nai,26068,Phường Hóa An,K92,114492.0
20/06/2025,75,Đồng Nai,26068,Phường Hóa An,Khác,0.0
20/06/2025,75,Đồng Nai,26068,Phường Hóa An,L02,137820.0
20/06/2025,75,Đồng Nai,26068,Phường Hóa An,M10,250640.0
20/06/2025,75,Đồng Nai,26068,Phường Hóa An,M13,198970.0
20/06/2025,75,Đồng Nai,26068,Phường Hóa An,M17,1705870.0
20/06/2025,75,Đồng Nai,26068,Phường Hóa An,M25,768280.0
20/06/2025,75,Đồng Nai,26068,Phường Hóa An,M47,179194.0
20/06/2025,75,Đồng Nai,26068,Phường Hóa An,M54,13910668.0
20/06/2025,75,Đồng Nai,26068,Phường Hóa An,M62,3246680.0
20/06/2025,75,Đồng Nai,26068,Phường Hóa An,M65,121320.0
20/06/2025,75,Đồng Nai,26068,Phường Hóa An,N20,95100.0
20/06/2025,75,Đồng Nai,26068,Phường Hóa An,R10,283470.0
20/06/2025,75,Đồng Nai,26068,Phường Hóa An,R50,512246.0
20/06/2025,75,Đồng Nai,26068,Phường Hóa An,R51,337986.0
20/06/2025,75,Đồng Nai,26068,Phường Hóa An,R57,36500.0
20/06/2025,75,Đồng Nai,26068,Phường Hóa An,S01,465440.0
20/06/2025,75,Đồng Nai,26068,Phường Hóa An,S20,76195.0
20/06/2025,75,Đồng Nai,26068,Phường Hóa An,S42,199850.0
20/06/2025,75,Đồng Nai,26068,Phường Hóa An,S51,352220.0
20/06/2025,75,Đồng Nai,26068,Phường Hóa An,S61,257420.0
20/06/2025,75,Đồng Nai,26068,Phường Hóa An,S92,872314.0
20/06/2025,75,Đồng Nai,26068,Phường Hóa An,T78,297764.0
20/06/2025,75,Đồng Nai,26068,Phường Hóa An,Z31,205700.0
20/06/2025,75,Đồng Nai,26068,Phường Hóa An,Z34,246260.0
20/06/2025,75,Đồng Nai,26095,Phường Suối Tre,A04,26039163.0
20/06/2025,75,Đồng Nai,26095,Phường Suối Tre,A08,11102826.0
20/06/2025,75,Đồng Nai,26095,Phường Suối Tre,A09,7003819.0
20/06/2025,75,Đồng Nai,26095,Phường Suối Tre,A41,3189179.0
20/06/2025,75,Đồng Nai,26095,Phường Suối Tre,A49,3891588.0
20/06/2025,75,Đồng Nai,26095,Phường Suối Tre,A97,10076852.0
20/06/2025,75,Đồng Nai,26095,Phường Suối Tre,B08,7558286.4
20/06/2025,75,Đồng Nai,26095,Phường Suối Tre,B18,11754646.0
20/06/2025,75,Đồng Nai,26095,Phường Suối Tre,B20,45000.0
20/06/2025,75,Đồng Nai,26095,Phường Suối Tre,B34,11451578.0
20/06/2025,75,Đồng Nai,26095,Phường Suối Tre,B35,335470.0
20/06/2025,75,Đồng Nai,26095,Phường Suối Tre,B83,907060.0
20/06/2025,75,Đồng Nai,26095,Phường Suối Tre,B89,3978298.0
20/06/2025,75,Đồng Nai,26095,Phường Suối Tre,B98,142030.0
20/06/2025,75,Đồng Nai,26095,Phường Suối Tre,C18,45000.0
20/06/2025,75,Đồng Nai,26095,Phường Suối Tre,C73,45000.0
20/06/2025,75,Đồng Nai,26095,Phường Suối Tre,D10,3695250.0
20/06/2025,75,Đồng Nai,26095,Phường Suối Tre,D23,15274904.0
20/06/2025,75,Đồng Nai,26095,Phường Suối Tre,D25,45000.0
20/06/2025,75,Đồng Nai,26095,Phường Suối Tre,D37,45000.0
20/06/2025,75,Đồng Nai,26095,Phường Suối Tre,D41,501620.0
20/06/2025,75,Đồng Nai,26095,Phường Suối Tre,D64,1658849.0
20/06/2025,75,Đồng Nai,26095,Phường Suối Tre,D69,549600.0
20/06/2025,75,Đồng Nai,26095,Phường Suối Tre,D73,1255951.0
20/06/2025,75,Đồng Nai,26095,Phường Suối Tre,E03,1566774.0
20/06/2025,75,Đồng Nai,26095,Phường Suối Tre,E04,1241200.0
20/06/2025,75,Đồng Nai,26095,Phường Suối Tre,E05,2301559.0
20/06/2025,75,Đồng Nai,26095,Phường Suối Tre,E10,1884536.0
20/06/2025,75,Đồng Nai,26095,Phường Suối Tre,E11,175610482.0
20/06/2025,75,Đồng Nai,26095,Phường Suối Tre,E27,6365354.0
20/06/2025,75,Đồng Nai,26095,Phường Suối Tre,E61,52357.0
20/06/2025,75,Đồng Nai,26095,Phường Suối Tre,E78,8431037.0
20/06/2025,75,Đồng Nai,26095,Phường Suối Tre,E89,773812.0
20/06/2025,75,Đồng Nai,26095,Phường Suối Tre,F41,349605.0
20/06/2025,75,Đồng Nai,26095,Phường Suối Tre,F48,1089729.0
20/06/2025,75,Đồng Nai,26095,Phường Suối Tre,G20,3541132.0
20/06/2025,75,Đồng Nai,26095,Phường Suối Tre,G40,3987859.0
20/06/2025,75,Đồng Nai,26095,Phường Suối Tre,G43,11185573.0
20/06/2025,75,Đồng Nai,26095,Phường Suối Tre,G45,5330627.0
20/06/2025,75,Đồng Nai,26095,Phường Suối Tre,G47,6223433.0
20/06/2025,75,Đồng Nai,26095,Phường Suối Tre,G51,90000.0
20/06/2025,75,Đồng Nai,26095,Phường Suối Tre,G55,10741357.0
20/06/2025,75,Đồng Nai,26095,Phường Suối Tre,G56,797654.0
20/06/2025,75,Đồng Nai,26095,Phường Suối Tre,G58,51818.0
20/06/2025,75,Đồng Nai,26095,Phường Suối Tre,G61,1222319.0
20/06/2025,75,Đồng Nai,26095,Phường Suối Tre,G64,341453.0
20/06/2025,75,Đồng Nai,26095,Phường Suối Tre,G81,2486600.0
20/06/2025,75,Đồng Nai,26095,Phường Suối Tre,H00,242577.0
20/06/2025,75,Đồng Nai,26095,Phường Suối Tre,H04,653955.0
20/06/2025,75,Đồng Nai,26095,Phường Suối Tre,H10,1549658.0
20/06/2025,75,Đồng Nai,26095,Phường Suối Tre,H11,79099.0
20/06/2025,75,Đồng Nai,26095,Phường Suối Tre,H16,211593.0
20/06/2025,75,Đồng Nai,26095,Phường Suối Tre,H25,90000.0
20/06/2025,75,Đồng Nai,26095,Phường Suối Tre,H40,904743.0
20/06/2025,75,Đồng Nai,26095,Phường Suối Tre,H52,163440.0
20/06/2025,75,Đồng Nai,26095,Phường Suối Tre,H57,97632.0
20/06/2025,75,Đồng Nai,26095,Phường Suối Tre,H60,368958.0
20/06/2025,75,Đồng Nai,26095,Phường Suối Tre,H61,744839.0
20/06/2025,75,Đồng Nai,26095,Phường Suối Tre,H66,218940.0
20/06/2025,75,Đồng Nai,26095,Phường Suối Tre,H81,3918709.0
20/06/2025,75,Đồng Nai,26095,Phường Suối Tre,I10,69356529.0
20/06/2025,75,Đồng Nai,26095,Phường Suối Tre,I20,10799090.0
20/06/2025,75,Đồng Nai,26095,Phường Suối Tre,I21,241061887.0
20/06/2025,75,Đồng Nai,26095,Phường Suối Tre,I25,28556482.0
20/06/2025,75,Đồng Nai,26095,Phường Suối Tre,I48,9135658.0
20/06/2025,75,Đồng Nai,26095,Phường Suối Tre,I49,354328.0
20/06/2025,75,Đồng Nai,26095,Phường Suối Tre,I50,23897465.0
20/06/2025,75,Đồng Nai,26095,Phường Suối Tre,I63,74264867.0
20/06/2025,75,Đồng Nai,26095,Phường Suối Tre,I67,45000.0
20/06/2025,75,Đồng Nai,26095,Phường Suối Tre,I69,5094414.0
20/06/2025,75,Đồng Nai,26095,Phường Suối Tre,I83,1881632.0
20/06/2025,75,Đồng Nai,26095,Phường Suối Tre,I85,14112196.0
20/06/2025,75,Đồng Nai,26095,Phường Suối Tre,J00,890932.0
20/06/2025,75,Đồng Nai,26095,Phường Suối Tre,J01,835552.0
20/06/2025,75,Đồng Nai,26095,Phường Suối Tre,J02,467478.0
20/06/2025,75,Đồng Nai,26095,Phường Suối Tre,J03,197204.0
20/06/2025,75,Đồng Nai,26095,Phường Suối Tre,J06,428327.0
20/06/2025,75,Đồng Nai,26095,Phường Suối Tre,J15,10082846.0
20/06/2025,75,Đồng Nai,26095,Phường Suối Tre,J18,27528799.0
20/06/2025,75,Đồng Nai,26095,Phường Suối Tre,J20,6800562.0
20/06/2025,75,Đồng Nai,26095,Phường Suối Tre,J21,8264231.0
20/06/2025,75,Đồng Nai,26095,Phường Suối Tre,J30,1957797.0
20/06/2025,75,Đồng Nai,26095,Phường Suối Tre,J31,1330419.0
20/06/2025,75,Đồng Nai,26095,Phường Suối Tre,J32,2136224.0
20/06/2025,75,Đồng Nai,26095,Phường Suối Tre,J35,18284680.0
20/06/2025,75,Đồng Nai,26095,Phường Suối Tre,J36,2046924.0
20/06/2025,75,Đồng Nai,26095,Phường Suối Tre,J41,1125040.0
20/06/2025,75,Đồng Nai,26095,Phường Suối Tre,J44,6350278.0
20/06/2025,75,Đồng Nai,26095,Phường Suối Tre,J45,2151454.0
20/06/2025,75,Đồng Nai,26095,Phường Suối Tre,J81,1773324.0
20/06/2025,75,Đồng Nai,26095,Phường Suối Tre,J90,354900.0
20/06/2025,75,Đồng Nai,26095,Phường Suối Tre,J93,4855858.0
20/06/2025,75,Đồng Nai,26095,Phường Suối Tre,K00,185600.0
20/06/2025,75,Đồng Nai,26095,Phường Suối Tre,K01,118150.0
20/06/2025,75,Đồng Nai,26095,Phường Suối Tre,K04,2571006.0
20/06/2025,75,Đồng Nai,26095,Phường Suối Tre,K11,2867010.0
20/06/2025,75,Đồng Nai,26095,Phường Suối Tre,K14,178648.0
20/06/2025,75,Đồng Nai,26095,Phường Suối Tre,K21,4970690.0
20/06/2025,75,Đồng Nai,26095,Phường Suối Tre,K25,12325369.0
20/06/2025,75,Đồng Nai,26095,Phường Suối Tre,K27,29927892.0
20/06/2025,75,Đồng Nai,26095,Phường Suối Tre,K29,12066089.0
20/06/2025,75,Đồng Nai,26095,Phường Suối Tre,K35,3955500.0
20/06/2025,75,Đồng Nai,26095,Phường Suối Tre,K42,4857374.0
20/06/2025,75,Đồng Nai,26095,Phường Suối Tre,K51,541544.0
20/06/2025,75,Đồng Nai,26095,Phường Suối Tre,K52,1143119.0
20/06/2025,75,Đồng Nai,26095,Phường Suối Tre,K56,207200.0
20/06/2025,75,Đồng Nai,26095,Phường Suối Tre,K59,323800.0
20/06/2025,75,Đồng Nai,26095,Phường Suối Tre,K62,90000.0
20/06/2025,75,Đồng Nai,26095,Phường Suối Tre,K64,7494547.0
20/06/2025,75,Đồng Nai,26095,Phường Suối Tre,K73,201600.0
20/06/2025,75,Đồng Nai,26095,Phường Suối Tre,K75,1487042.0
20/06/2025,75,Đồng Nai,26095,Phường Suối Tre,K77,393928.0
20/06/2025,75,Đồng Nai,26095,Phường Suối Tre,K85,8583513.0
20/06/2025,75,Đồng Nai,26095,Phường Suối Tre,L02,7290042.0
20/06/2025,75,Đồng Nai,26095,Phường Suối Tre,L03,8923516.0
20/06/2025,75,Đồng Nai,26095,Phường Suối Tre,L08,435373.0
20/06/2025,75,Đồng Nai,26095,Phường Suối Tre,L13,206598.0
20/06/2025,75,Đồng Nai,26095,Phường Suối Tre,L20,2288108.0
20/06/2025,75,Đồng Nai,26095,Phường Suối Tre,L23,3401197.0
20/06/2025,75,Đồng Nai,26095,Phường Suối Tre,L29,291200.0
20/06/2025,75,Đồng Nai,26095,Phường Suối Tre,L50,56278.0
20/06/2025,75,Đồng Nai,26095,Phường Suối Tre,L89,1265100.0
20/06/2025,75,Đồng Nai,26095,Phường Suối Tre,L97,3956330.0
20/06/2025,75,Đồng Nai,26095,Phường Suối Tre,M06,865800.0
20/06/2025,75,Đồng Nai,26095,Phường Suối Tre,M10,1737240.0
20/06/2025,75,Đồng Nai,26095,Phường Suối Tre,M13,3098791.0
20/06/2025,75,Đồng Nai,26095,Phường Suối Tre,M15,3274468.0
20/06/2025,75,Đồng Nai,26095,Phường Suối Tre,M16,1503796.0
20/06/2025,75,Đồng Nai,26095,Phường Suối Tre,M17,3854154.0
20/06/2025,75,Đồng Nai,26095,Phường Suối Tre,M19,977140.0
20/06/2025,75,Đồng Nai,26095,Phường Suối Tre,M24,1993800.0
20/06/2025,75,Đồng Nai,26095,Phường Suối Tre,M47,10875981.0
20/06/2025,75,Đồng Nai,26095,Phường Suối Tre,M48,2161105.0
20/06/2025,75,Đồng Nai,26095,Phường Suối Tre,M50,4319437.0
20/06/2025,75,Đồng Nai,26095,Phường Suối Tre,M51,5619440.0
20/06/2025,75,Đồng Nai,26095,Phường Suối Tre,M54,33326060.0
20/06/2025,75,Đồng Nai,26095,Phường Suối Tre,M65,356978.0
20/06/2025,75,Đồng Nai,26095,Phường Suối Tre,M72,99576.0
20/06/2025,75,Đồng Nai,26095,Phường Suối Tre,M75,11412330.0
20/06/2025,75,Đồng Nai,26095,Phường Suối Tre,M81,192550.0
20/06/2025,75,Đồng Nai,26095,Phường Suối Tre,N18,9833402.0
20/06/2025,75,Đồng Nai,26095,Phường Suối Tre,N20,44860733.0
20/06/2025,75,Đồng Nai,26095,Phường Suối Tre,N21,4650377.0
20/06/2025,75,Đồng Nai,26095,Phường Suối Tre,N23,962695.0
20/06/2025,75,Đồng Nai,26095,Phường Suối Tre,N30,655218.0
20/06/2025,75,Đồng Nai,26095,Phường Suối Tre,N31,117210.0
20/06/2025,75,Đồng Nai,26095,Phường Suối Tre,N39,15334248.0
20/06/2025,75,Đồng Nai,26095,Phường Suối Tre,N40,6970112.0
20/06/2025,75,Đồng Nai,26095,Phường Suối Tre,N45,268600.0
20/06/2025,75,Đồng Nai,26095,Phường Suối Tre,N47,17623336.0
20/06/2025,75,Đồng Nai,26095,Phường Suối Tre,N60,529005.0
20/06/2025,75,Đồng Nai,26095,Phường Suối Tre,N73,22026452.0
20/06/2025,75,Đồng Nai,26095,Phường Suối Tre,N76,1428536.0
20/06/2025,75,Đồng Nai,26095,Phường Suối Tre,N83,45000.0
20/06/2025,75,Đồng Nai,26095,Phường Suối Tre,N92,193600.0
20/06/2025,75,Đồng Nai,26095,Phường Suối Tre,O00,90000.0
20/06/2025,75,Đồng Nai,26095,Phường Suối Tre,O20,1354112.0
20/06/2025,75,Đồng Nai,26095,Phường Suối Tre,O36,1272990.0
20/06/2025,75,Đồng Nai,26095,Phường Suối Tre,O60,5861581.0
20/06/2025,75,Đồng Nai,26095,Phường Suối Tre,O80,16585755.0
20/06/2025,75,Đồng Nai,26095,Phường Suối Tre,O82,36511769.5
20/06/2025,75,Đồng Nai,26095,Phường Suối Tre,P22,678649.0
20/06/2025,75,Đồng Nai,26095,Phường Suối Tre,P36,80469.0
20/06/2025,75,Đồng Nai,26095,Phường Suối Tre,Q52,45000.0
20/06/2025,75,Đồng Nai,26095,Phường Suối Tre,R00,497148.0
20/06/2025,75,Đồng Nai,26095,Phường Suối Tre,R04,297044.0
20/06/2025,75,Đồng Nai,26095,Phường Suối Tre,R07,591924.0
20/06/2025,75,Đồng Nai,26095,Phường Suối Tre,R10,899199.0
20/06/2025,75,Đồng Nai,26095,Phường Suối Tre,R23,207000.0
20/06/2025,75,Đồng Nai,26095,Phường Suối Tre,R33,677500.0
20/06/2025,75,Đồng Nai,26095,Phường Suối Tre,R42,1358364.0
20/06/2025,75,Đồng Nai,26095,Phường Suối Tre,R50,1124566.0
20/06/2025,75,Đồng Nai,26095,Phường Suối Tre,R53,4258061.0
20/06/2025,75,Đồng Nai,26095,Phường Suối Tre,R56,1192239.0
20/06/2025,75,Đồng Nai,26095,Phường Suối Tre,R57,36771918.0
20/06/2025,75,Đồng Nai,26095,Phường Suối Tre,R60,230585.0
20/06/2025,75,Đồng Nai,26095,Phường Suối Tre,R73,1343237.0
20/06/2025,75,Đồng Nai,26095,Phường Suối Tre,S00,45000.0
20/06/2025,75,Đồng Nai,26095,Phường Suối Tre,S01,1764366.0
20/06/2025,75,Đồng Nai,26095,Phường Suối Tre,S06,7607570.0
20/06/2025,75,Đồng Nai,26095,Phường Suối Tre,S20,2610844.0
20/06/2025,75,Đồng Nai,26095,Phường Suối Tre,S22,3903315.0
20/06/2025,75,Đồng Nai,26095,Phường Suối Tre,S30,885968.0
20/06/2025,75,Đồng Nai,26095,Phường Suối Tre,S31,18183748.0
20/06/2025,75,Đồng Nai,26095,Phường Suối Tre,S36,135000.0
20/06/2025,75,Đồng Nai,26095,Phường Suối Tre,S42,21229504.0
20/06/2025,75,Đồng Nai,26095,Phường Suối Tre,S52,10059887.0
20/06/2025,75,Đồng Nai,26095,Phường Suối Tre,S60,342896.0
20/06/2025,75,Đồng Nai,26095,Phường Suối Tre,S62,690800.0
20/06/2025,75,Đồng Nai,26095,Phường Suối Tre,S66,3172886.0
20/06/2025,75,Đồng Nai,26095,Phường Suối Tre,S68,3470084.0
20/06/2025,75,Đồng Nai,26095,Phường Suối Tre,S70,1456378.0
20/06/2025,75,Đồng Nai,26095,Phường Suối Tre,S71,4591088.0
20/06/2025,75,Đồng Nai,26095,Phường Suối Tre,S72,52821959.0
20/06/2025,75,Đồng Nai,26095,Phường Suối Tre,S80,471044.0
20/06/2025,75,Đồng Nai,26095,Phường Suối Tre,S81,1384332.0
20/06/2025,75,Đồng Nai,26095,Phường Suối Tre,S82,30455178.0
20/06/2025,75,Đồng Nai,26095,Phường Suối Tre,S83,90000.0
20/06/2025,75,Đồng Nai,26095,Phường Suối Tre,S86,10605162.0
20/06/2025,75,Đồng Nai,26095,Phường Suối Tre,S90,1742652.0
20/06/2025,75,Đồng Nai,26095,Phường Suối Tre,S91,135000.0
20/06/2025,75,Đồng Nai,26095,Phường Suối Tre,S92,12494379.0
20/06/2025,75,Đồng Nai,26095,Phường Suối Tre,T15,1457517.0
20/06/2025,75,Đồng Nai,26095,Phường Suối Tre,T23,2283586.0
20/06/2025,75,Đồng Nai,26095,Phường Suối Tre,T63,425473.0
20/06/2025,75,Đồng Nai,26095,Phường Suối Tre,T78,2788132.0
20/06/2025,75,Đồng Nai,26095,Phường Suối Tre,T79,3951165.0
20/06/2025,75,Đồng Nai,26095,Phường Suối Tre,T81,4180012.0
20/06/2025,75,Đồng Nai,26095,Phường Suối Tre,T83,7493575.0
20/06/2025,75,Đồng Nai,26095,Phường Suối Tre,Z30,135000.0
20/06/2025,75,Đồng Nai,26095,Phường Suối Tre,Z32,609300.0
20/06/2025,75,Đồng Nai,26095,Phường Suối Tre,Z34,2810464.0
20/06/2025,75,Đồng Nai,26095,Phường Suối Tre,Z35,2699928.0
20/06/2025,75,Đồng Nai,26095,Phường Suối Tre,Z38,43500.0
20/06/2025,75,Đồng Nai,26095,Phường Suối Tre,Z39,1021142.0
20/06/2025,75,Đồng Nai,26095,Phường Suối Tre,Z46,1918770.0
20/06/2025,75,Đồng Nai,26095,Phường Suối Tre,Z47,15337694.0
20/06/2025,75,Đồng Nai,26095,Phường Suối Tre,Z48,193600.0
20/06/2025,75,Đồng Nai,26095,Phường Suối Tre,Z96,634159.0
20/06/2025,75,Đồng Nai,26095,Phường Suối Tre,Z98,135000.0
20/06/2025,75,Đồng Nai,26206,Thị Trấn Định Quán,A04,7203302.0
20/06/2025,75,Đồng Nai,26206,Thị Trấn Định Quán,A41,9425415.0
20/06/2025,75,Đồng Nai,26206,Thị Trấn Định Quán,A49,6283610.0
20/06/2025,75,Đồng Nai,26206,Thị Trấn Định Quán,A97,31880748.0
20/06/2025,75,Đồng Nai,26206,Thị Trấn Định Quán,B18,754216.0
20/06/2025,75,Đồng Nai,26206,Thị Trấn Định Quán,B88,90000.0
20/06/2025,75,Đồng Nai,26206,Thị Trấn Định Quán,B98,90000.0
20/06/2025,75,Đồng Nai,26206,Thị Trấn Định Quán,C22,32583336.0
20/06/2025,75,Đồng Nai,26206,Thị Trấn Định Quán,C34,180000.0
20/06/2025,75,Đồng Nai,26206,Thị Trấn Định Quán,C73,180000.0
20/06/2025,75,Đồng Nai,26206,Thị Trấn Định Quán,D17,19778634.0
20/06/2025,75,Đồng Nai,26206,Thị Trấn Định Quán,D64,932552.0
20/06/2025,75,Đồng Nai,26206,Thị Trấn Định Quán,E05,1729424.0
20/06/2025,75,Đồng Nai,26206,Thị Trấn Định Quán,E11,160038384.0
20/06/2025,75,Đồng Nai,26206,Thị Trấn Định Quán,E78,13989788.0
20/06/2025,75,Đồng Nai,26206,Thị Trấn Định Quán,E89,1810720.0
20/06/2025,75,Đồng Nai,26206,Thị Trấn Định Quán,F48,1289460.0
20/06/2025,75,Đồng Nai,26206,Thị Trấn Định Quán,F51,90000.0
20/06/2025,75,Đồng Nai,26206,Thị Trấn Định Quán,G41,1492560.0
20/06/2025,75,Đồng Nai,26206,Thị Trấn Định Quán,G43,1679920.0
20/06/2025,75,Đồng Nai,26206,Thị Trấn Định Quán,G45,6028368.0
20/06/2025,75,Đồng Nai,26206,Thị Trấn Định Quán,G47,1422520.0
20/06/2025,75,Đồng Nai,26206,Thị Trấn Định Quán,G55,90000.0
20/06/2025,75,Đồng Nai,26206,Thị Trấn Định Quán,G56,142680.0
20/06/2025,75,Đồng Nai,26206,Thị Trấn Định Quán,G64,404300.0
20/06/2025,75,Đồng Nai,26206,Thị Trấn Định Quán,H00,306620.0
20/06/2025,75,Đồng Nai,26206,Thị Trấn Định Quán,H01,473118.0
20/06/2025,75,Đồng Nai,26206,Thị Trấn Định Quán,H04,271066.0
20/06/2025,75,Đồng Nai,26206,Thị Trấn Định Quán,H10,2261534.0
20/06/2025,75,Đồng Nai,26206,Thị Trấn Định Quán,H11,371772.0
20/06/2025,75,Đồng Nai,26206,Thị Trấn Định Quán,H16,286306.0
20/06/2025,75,Đồng Nai,26206,Thị Trấn Định Quán,H25,1028768.0
20/06/2025,75,Đồng Nai,26206,Thị Trấn Định Quán,H66,1724850.0
20/06/2025,75,Đồng Nai,26206,Thị Trấn Định Quán,H68,405844.0
20/06/2025,75,Đồng Nai,26206,Thị Trấn Định Quán,H81,30686963.0
20/06/2025,75,Đồng Nai,26206,Thị Trấn Định Quán,H92,12099480.0
20/06/2025,75,Đồng Nai,26206,Thị Trấn Định Quán,H93,160896.0
20/06/2025,75,Đồng Nai,26206,Thị Trấn Định Quán,I10,85171679.0
20/06/2025,75,Đồng Nai,26206,Thị Trấn Định Quán,I11,1913992.0
20/06/2025,75,Đồng Nai,26206,Thị Trấn Định Quán,I20,29025640.0
20/06/2025,75,Đồng Nai,26206,Thị Trấn Định Quán,I25,2732556.0
20/06/2025,75,Đồng Nai,26206,Thị Trấn Định Quán,I48,3121048.0
20/06/2025,75,Đồng Nai,26206,Thị Trấn Định Quán,I50,606810.0
20/06/2025,75,Đồng Nai,26206,Thị Trấn Định Quán,I61,773480.0
20/06/2025,75,Đồng Nai,26206,Thị Trấn Định Quán,I63,77404467.0
20/06/2025,75,Đồng Nai,26206,Thị Trấn Định Quán,I69,29591680.0
20/06/2025,75,Đồng Nai,26206,Thị Trấn Định Quán,I70,3935104.0
20/06/2025,75,Đồng Nai,26206,Thị Trấn Định Quán,I83,5460282.0
20/06/2025,75,Đồng Nai,26206,Thị Trấn Định Quán,I87,1278040.0
20/06/2025,75,Đồng Nai,26206,Thị Trấn Định Quán,I88,9518439.0
20/06/2025,75,Đồng Nai,26206,Thị Trấn Định Quán,J00,343332.0
20/06/2025,75,Đồng Nai,26206,Thị Trấn Định Quán,J01,506050.0
20/06/2025,75,Đồng Nai,26206,Thị Trấn Định Quán,J02,6938268.0
20/06/2025,75,Đồng Nai,26206,Thị Trấn Định Quán,J03,566180.0
20/06/2025,75,Đồng Nai,26206,Thị Trấn Định Quán,J06,4078800.0
20/06/2025,75,Đồng Nai,26206,Thị Trấn Định Quán,J15,16340865.0
20/06/2025,75,Đồng Nai,26206,Thị Trấn Định Quán,J18,72939203.0
20/06/2025,75,Đồng Nai,26206,Thị Trấn Định Quán,J20,6822868.0
20/06/2025,75,Đồng Nai,26206,Thị Trấn Định Quán,J30,130110.0
20/06/2025,75,Đồng Nai,26206,Thị Trấn Định Quán,J31,754940.0
20/06/2025,75,Đồng Nai,26206,Thị Trấn Định Quán,J32,2610282.0
20/06/2025,75,Đồng Nai,26206,Thị Trấn Định Quán,J44,18758008.0
20/06/2025,75,Đồng Nai,26206,Thị Trấn Định Quán,K04,7170118.0
20/06/2025,75,Đồng Nai,26206,Thị Trấn Định Quán,K05,525216.0
20/06/2025,75,Đồng Nai,26206,Thị Trấn Định Quán,K12,3278040.0
20/06/2025,75,Đồng Nai,26206,Thị Trấn Định Quán,K21,17546616.0
20/06/2025,75,Đồng Nai,26206,Thị Trấn Định Quán,K25,2401556.0
20/06/2025,75,Đồng Nai,26206,Thị Trấn Định Quán,K29,922952.0
20/06/2025,75,Đồng Nai,26206,Thị Trấn Định Quán,K35,61147925.0
20/06/2025,75,Đồng Nai,26206,Thị Trấn Định Quán,K40,190120.0
20/06/2025,75,Đồng Nai,26206,Thị Trấn Định Quán,K52,433960.0
20/06/2025,75,Đồng Nai,26206,Thị Trấn Định Quán,K59,809780.0
20/06/2025,75,Đồng Nai,26206,Thị Trấn Định Quán,K64,152916.0
20/06/2025,75,Đồng Nai,26206,Thị Trấn Định Quán,K76,1692000.0
20/06/2025,75,Đồng Nai,26206,Thị Trấn Định Quán,K92,48014103.0
20/06/2025,75,Đồng Nai,26206,Thị Trấn Định Quán,Khác,0.0
20/06/2025,75,Đồng Nai,26206,Thị Trấn Định Quán,L02,471580.0
20/06/2025,75,Đồng Nai,26206,Thị Trấn Định Quán,L04,192672.0
20/06/2025,75,Đồng Nai,26206,Thị Trấn Định Quán,L20,391872.0
20/06/2025,75,Đồng Nai,26206,Thị Trấn Định Quán,L23,569000.0
20/06/2025,75,Đồng Nai,26206,Thị Trấn Định Quán,L28,808610.0
20/06/2025,75,Đồng Nai,26206,Thị Trấn Định Quán,L29,163164.0
20/06/2025,75,Đồng Nai,26206,Thị Trấn Định Quán,L30,1791800.0
20/06/2025,75,Đồng Nai,26206,Thị Trấn Định Quán,L50,502350.0
20/06/2025,75,Đồng Nai,26206,Thị Trấn Định Quán,M06,662490.0
20/06/2025,75,Đồng Nai,26206,Thị Trấn Định Quán,M10,447140.0
20/06/2025,75,Đồng Nai,26206,Thị Trấn Định Quán,M13,12588158.0
20/06/2025,75,Đồng Nai,26206,Thị Trấn Định Quán,M16,1188400.0
20/06/2025,75,Đồng Nai,26206,Thị Trấn Định Quán,M17,4843978.0
20/06/2025,75,Đồng Nai,26206,Thị Trấn Định Quán,M23,4443000.0
20/06/2025,75,Đồng Nai,26206,Thị Trấn Định Quán,M25,1677120.0
20/06/2025,75,Đồng Nai,26206,Thị Trấn Định Quán,M47,7760967.0
20/06/2025,75,Đồng Nai,26206,Thị Trấn Định Quán,M54,57459480.0
20/06/2025,75,Đồng Nai,26206,Thị Trấn Định Quán,M65,260100.0
20/06/2025,75,Đồng Nai,26206,Thị Trấn Định Quán,M75,1231672.0
20/06/2025,75,Đồng Nai,26206,Thị Trấn Định Quán,N17,5053413.0
20/06/2025,75,Đồng Nai,26206,Thị Trấn Định Quán,N20,7671804.0
20/06/2025,75,Đồng Nai,26206,Thị Trấn Định Quán,N30,9718342.0
20/06/2025,75,Đồng Nai,26206,Thị Trấn Định Quán,N39,11911126.0
20/06/2025,75,Đồng Nai,26206,Thị Trấn Định Quán,N40,2824354.0
20/06/2025,75,Đồng Nai,26206,Thị Trấn Định Quán,N48,698392.0
20/06/2025,75,Đồng Nai,26206,Thị Trấn Định Quán,N83,302520.0
20/06/2025,75,Đồng Nai,26206,Thị Trấn Định Quán,O80,6226743.0
20/06/2025,75,Đồng Nai,26206,Thị Trấn Định Quán,O82,36532530.0
20/06/2025,75,Đồng Nai,26206,Thị Trấn Định Quán,R04,710320.0
20/06/2025,75,Đồng Nai,26206,Thị Trấn Định Quán,R06,973140.0
20/06/2025,75,Đồng Nai,26206,Thị Trấn Định Quán,R07,370880.0
20/06/2025,75,Đồng Nai,26206,Thị Trấn Định Quán,R10,3466166.0
20/06/2025,75,Đồng Nai,26206,Thị Trấn Định Quán,R21,92730.0
20/06/2025,75,Đồng Nai,26206,Thị Trấn Định Quán,R33,602052.0
20/06/2025,75,Đồng Nai,26206,Thị Trấn Định Quán,R51,7340206.0
20/06/2025,75,Đồng Nai,26206,Thị Trấn Định Quán,R57,13563448.0
20/06/2025,75,Đồng Nai,26206,Thị Trấn Định Quán,R73,16132901.5
20/06/2025,75,Đồng Nai,26206,Thị Trấn Định Quán,R74,359680.0
20/06/2025,75,Đồng Nai,26206,Thị Trấn Định Quán,S00,5237780.0
20/06/2025,75,Đồng Nai,26206,Thị Trấn Định Quán,S01,3842100.0
20/06/2025,75,Đồng Nai,26206,Thị Trấn Định Quán,S02,4073260.0
20/06/2025,75,Đồng Nai,26206,Thị Trấn Định Quán,S06,1230604.0
20/06/2025,75,Đồng Nai,26206,Thị Trấn Định Quán,S14,4443000.0
20/06/2025,75,Đồng Nai,26206,Thị Trấn Định Quán,S20,1574134.0
20/06/2025,75,Đồng Nai,26206,Thị Trấn Định Quán,S30,704640.0
20/06/2025,75,Đồng Nai,26206,Thị Trấn Định Quán,S31,808500.0
20/06/2025,75,Đồng Nai,26206,Thị Trấn Định Quán,S40,1043240.0
20/06/2025,75,Đồng Nai,26206,Thị Trấn Định Quán,S42,39172818.0
20/06/2025,75,Đồng Nai,26206,Thị Trấn Định Quán,S52,3517450.0
20/06/2025,75,Đồng Nai,26206,Thị Trấn Định Quán,S62,14179364.0
20/06/2025,75,Đồng Nai,26206,Thị Trấn Định Quán,S82,14543576.0
20/06/2025,75,Đồng Nai,26206,Thị Trấn Định Quán,S83,90000.0
20/06/2025,75,Đồng Nai,26206,Thị Trấn Định Quán,S91,832040.0
20/06/2025,75,Đồng Nai,26206,Thị Trấn Định Quán,S92,1587076.0
20/06/2025,75,Đồng Nai,26206,Thị Trấn Định Quán,S98,90000.0
20/06/2025,75,Đồng Nai,26206,Thị Trấn Định Quán,T06,90000.0
20/06/2025,75,Đồng Nai,26206,Thị Trấn Định Quán,T26,90000.0
20/06/2025,75,Đồng Nai,26206,Thị Trấn Định Quán,T78,2650620.0
20/06/2025,75,Đồng Nai,26206,Thị Trấn Định Quán,T79,12952256.0
20/06/2025,75,Đồng Nai,26206,Thị Trấn Định Quán,Z35,4848800.0
20/06/2025,75,Đồng Nai,26206,Thị Trấn Định Quán,Z95,6842880.0
20/06/2025,75,Đồng Nai,26206,Thị Trấn Định Quán,Z98,10482520.0
20/06/2025,75,Đồng Nai,26272,Xã Hố Nai 3,A04,5821105.0
20/06/2025,75,Đồng Nai,26272,Xã Hố Nai 3,A41,36500.0
20/06/2025,75,Đồng Nai,26272,Xã Hố Nai 3,A97,1471629.0
20/06/2025,75,Đồng Nai,26272,Xã Hố Nai 3,B01,163902.0
20/06/2025,75,Đồng Nai,26272,Xã Hố Nai 3,B08,232400.0
20/06/2025,75,Đồng Nai,26272,Xã Hố Nai 3,B34,2734146.0
20/06/2025,75,Đồng Nai,26272,Xã Hố Nai 3,B35,413040.0
20/06/2025,75,Đồng Nai,26272,Xã Hố Nai 3,D23,173980.0
20/06/2025,75,Đồng Nai,26272,Xã Hố Nai 3,E04,1325108.0
20/06/2025,75,Đồng Nai,26272,Xã Hố Nai 3,E05,285850.0
20/06/2025,75,Đồng Nai,26272,Xã Hố Nai 3,E07,104900.0
20/06/2025,75,Đồng Nai,26272,Xã Hố Nai 3,E11,17474302.0
20/06/2025,75,Đồng Nai,26272,Xã Hố Nai 3,E78,1285800.0
20/06/2025,75,Đồng Nai,26272,Xã Hố Nai 3,G44,338930.0
20/06/2025,75,Đồng Nai,26272,Xã Hố Nai 3,G56,1950155.0
20/06/2025,75,Đồng Nai,26272,Xã Hố Nai 3,G83,1032762.0
20/06/2025,75,Đồng Nai,26272,Xã Hố Nai 3,H00,263818.0
20/06/2025,75,Đồng Nai,26272,Xã Hố Nai 3,H02,113552.0
20/06/2025,75,Đồng Nai,26272,Xã Hố Nai 3,H04,496394.0
20/06/2025,75,Đồng Nai,26272,Xã Hố Nai 3,H10,1260418.0
20/06/2025,75,Đồng Nai,26272,Xã Hố Nai 3,H11,124552.0
20/06/2025,75,Đồng Nai,26272,Xã Hố Nai 3,H16,199980.0
20/06/2025,75,Đồng Nai,26272,Xã Hố Nai 3,H19,106230.0
20/06/2025,75,Đồng Nai,26272,Xã Hố Nai 3,H52,69300.0
20/06/2025,75,Đồng Nai,26272,Xã Hố Nai 3,H66,1175744.0
20/06/2025,75,Đồng Nai,26272,Xã Hố Nai 3,H81,3841989.0
20/06/2025,75,Đồng Nai,26272,Xã Hố Nai 3,I10,14796102.0
20/06/2025,75,Đồng Nai,26272,Xã Hố Nai 3,I25,1427150.0
20/06/2025,75,Đồng Nai,26272,Xã Hố Nai 3,I69,3126300.0
20/06/2025,75,Đồng Nai,26272,Xã Hố Nai 3,I83,184580.0
20/06/2025,75,Đồng Nai,26272,Xã Hố Nai 3,J01,1843430.0
20/06/2025,75,Đồng Nai,26272,Xã Hố Nai 3,J02,652170.0
20/06/2025,75,Đồng Nai,26272,Xã Hố Nai 3,J06,2726446.0
20/06/2025,75,Đồng Nai,26272,Xã Hố Nai 3,J11,101090.0
20/06/2025,75,Đồng Nai,26272,Xã Hố Nai 3,J20,9128507.0
20/06/2025,75,Đồng Nai,26272,Xã Hố Nai 3,J32,7998366.0
20/06/2025,75,Đồng Nai,26272,Xã Hố Nai 3,J44,262840.0
20/06/2025,75,Đồng Nai,26272,Xã Hố Nai 3,J45,711348.0
20/06/2025,75,Đồng Nai,26272,Xã Hố Nai 3,K01,126400.0
20/06/2025,75,Đồng Nai,26272,Xã Hố Nai 3,K02,4472230.0
20/06/2025,75,Đồng Nai,26272,Xã Hố Nai 3,K03,2918300.0
20/06/2025,75,Đồng Nai,26272,Xã Hố Nai 3,K04,1102050.0
20/06/2025,75,Đồng Nai,26272,Xã Hố Nai 3,K05,1149390.0
20/06/2025,75,Đồng Nai,26272,Xã Hố Nai 3,K12,285910.0
20/06/2025,75,Đồng Nai,26272,Xã Hố Nai 3,K21,7519085.0
20/06/2025,75,Đồng Nai,26272,Xã Hố Nai 3,K29,5126375.0
20/06/2025,75,Đồng Nai,26272,Xã Hố Nai 3,K52,309300.0
20/06/2025,75,Đồng Nai,26272,Xã Hố Nai 3,K59,112550.0
20/06/2025,75,Đồng Nai,26272,Xã Hố Nai 3,K64,571640.0
20/06/2025,75,Đồng Nai,26272,Xã Hố Nai 3,K75,683000.0
20/06/2025,75,Đồng Nai,26272,Xã Hố Nai 3,K77,254560.0
20/06/2025,75,Đồng Nai,26272,Xã Hố Nai 3,K80,168400.0
20/06/2025,75,Đồng Nai,26272,Xã Hố Nai 3,L01,44886.0
20/06/2025,75,Đồng Nai,26272,Xã Hố Nai 3,L20,1883299.0
20/06/2025,75,Đồng Nai,26272,Xã Hố Nai 3,L21,657870.0
20/06/2025,75,Đồng Nai,26272,Xã Hố Nai 3,L30,241533.0
20/06/2025,75,Đồng Nai,26272,Xã Hố Nai 3,L50,809662.0
20/06/2025,75,Đồng Nai,26272,Xã Hố Nai 3,L70,190246.0
20/06/2025,75,Đồng Nai,26272,Xã Hố Nai 3,M10,906740.0
20/06/2025,75,Đồng Nai,26272,Xã Hố Nai 3,M13,4306117.0
20/06/2025,75,Đồng Nai,26272,Xã Hố Nai 3,M16,953230.0
20/06/2025,75,Đồng Nai,26272,Xã Hố Nai 3,M17,2314955.0
20/06/2025,75,Đồng Nai,26272,Xã Hố Nai 3,M23,386962.0
20/06/2025,75,Đồng Nai,26272,Xã Hố Nai 3,M24,2075135.0
20/06/2025,75,Đồng Nai,26272,Xã Hố Nai 3,M25,641900.0
20/06/2025,75,Đồng Nai,26272,Xã Hố Nai 3,M31,38068.0
20/06/2025,75,Đồng Nai,26272,Xã Hố Nai 3,M47,39556511.0
20/06/2025,75,Đồng Nai,26272,Xã Hố Nai 3,M50,1909750.0
20/06/2025,75,Đồng Nai,26272,Xã Hố Nai 3,M51,2260730.0
20/06/2025,75,Đồng Nai,26272,Xã Hố Nai 3,M54,15091606.0
20/06/2025,75,Đồng Nai,26272,Xã Hố Nai 3,M62,1095436.0
20/06/2025,75,Đồng Nai,26272,Xã Hố Nai 3,M65,245395.0
20/06/2025,75,Đồng Nai,26272,Xã Hố Nai 3,M75,5661210.0
20/06/2025,75,Đồng Nai,26272,Xã Hố Nai 3,M77,400060.0
20/06/2025,75,Đồng Nai,26272,Xã Hố Nai 3,N17,650450.0
20/06/2025,75,Đồng Nai,26272,Xã Hố Nai 3,N20,307680.0
20/06/2025,75,Đồng Nai,26272,Xã Hố Nai 3,N23,199186.0
20/06/2025,75,Đồng Nai,26272,Xã Hố Nai 3,N30,1500120.0
20/06/2025,75,Đồng Nai,26272,Xã Hố Nai 3,N39,4268795.0
20/06/2025,75,Đồng Nai,26272,Xã Hố Nai 3,N40,677069.0
20/06/2025,75,Đồng Nai,26272,Xã Hố Nai 3,N64,107100.0
20/06/2025,75,Đồng Nai,26272,Xã Hố Nai 3,N73,182200.0
20/06/2025,75,Đồng Nai,26272,Xã Hố Nai 3,N76,975580.0
20/06/2025,75,Đồng Nai,26272,Xã Hố Nai 3,N92,562690.0
20/06/2025,75,Đồng Nai,26272,Xã Hố Nai 3,N93,130690.0
20/06/2025,75,Đồng Nai,26272,Xã Hố Nai 3,N94,170490.0
20/06/2025,75,Đồng Nai,26272,Xã Hố Nai 3,O20,134200.0
20/06/2025,75,Đồng Nai,26272,Xã Hố Nai 3,O21,329050.0
20/06/2025,75,Đồng Nai,26272,Xã Hố Nai 3,R06,528850.0
20/06/2025,75,Đồng Nai,26272,Xã Hố Nai 3,R07,3129987.0
20/06/2025,75,Đồng Nai,26272,Xã Hố Nai 3,R10,1444096.0
20/06/2025,75,Đồng Nai,26272,Xã Hố Nai 3,R50,4548206.0
20/06/2025,75,Đồng Nai,26272,Xã Hố Nai 3,S01,275260.0
20/06/2025,75,Đồng Nai,26272,Xã Hố Nai 3,S20,417848.0
20/06/2025,75,Đồng Nai,26272,Xã Hố Nai 3,S30,474550.0
20/06/2025,75,Đồng Nai,26272,Xã Hố Nai 3,S33,123260.0
20/06/2025,75,Đồng Nai,26272,Xã Hố Nai 3,S40,237100.0
20/06/2025,75,Đồng Nai,26272,Xã Hố Nai 3,S42,58872.0
20/06/2025,75,Đồng Nai,26272,Xã Hố Nai 3,S43,328655.0
20/06/2025,75,Đồng Nai,26272,Xã Hố Nai 3,S50,257080.0
20/06/2025,75,Đồng Nai,26272,Xã Hố Nai 3,S51,394412.0
20/06/2025,75,Đồng Nai,26272,Xã Hố Nai 3,S60,733200.0
20/06/2025,75,Đồng Nai,26272,Xã Hố Nai 3,S61,426972.0
20/06/2025,75,Đồng Nai,26272,Xã Hố Nai 3,S62,129030.0
20/06/2025,75,Đồng Nai,26272,Xã Hố Nai 3,S81,141890.0
20/06/2025,75,Đồng Nai,26272,Xã Hố Nai 3,S82,285304.0
20/06/2025,75,Đồng Nai,26272,Xã Hố Nai 3,S83,119355.0
20/06/2025,75,Đồng Nai,26272,Xã Hố Nai 3,S86,174915.0
20/06/2025,75,Đồng Nai,26272,Xã Hố Nai 3,S92,121300.0
20/06/2025,75,Đồng Nai,26272,Xã Hố Nai 3,S93,245490.0
20/06/2025,75,Đồng Nai,26272,Xã Hố Nai 3,T15,186982.0
20/06/2025,75,Đồng Nai,26272,Xã Hố Nai 3,Z34,2143570.0
20/06/2025,75,Đồng Nai,26272,Xã Hố Nai 3,Z35,1526220.0
20/06/2025,75,Đồng Nai,26272,Xã Hố Nai 3,Z96,404342.0
20/06/2025,75,Đồng Nai,26272,Xã Hố Nai 3,Z98,125900.0
20/06/2025,75,Đồng Nai,26296,Xã An Viễn,A08,972962.0
20/06/2025,75,Đồng Nai,26296,Xã An Viễn,B33,244600.0
20/06/2025,75,Đồng Nai,26296,Xã An Viễn,D21,84460.0
20/06/2025,75,Đồng Nai,26296,Xã An Viễn,E11,1742424.0
20/06/2025,75,Đồng Nai,26296,Xã An Viễn,G45,276710.0
20/06/2025,75,Đồng Nai,26296,Xã An Viễn,G51,709420.0
20/06/2025,75,Đồng Nai,26296,Xã An Viễn,H10,540660.0
20/06/2025,75,Đồng Nai,26296,Xã An Viễn,H81,1201058.0
20/06/2025,75,Đồng Nai,26296,Xã An Viễn,I10,461880.0
20/06/2025,75,Đồng Nai,26296,Xã An Viễn,I20,320593.0
20/06/2025,75,Đồng Nai,26296,Xã An Viễn,J02,572730.0
20/06/2025,75,Đồng Nai,26296,Xã An Viễn,J06,772925.0
20/06/2025,75,Đồng Nai,26296,Xã An Viễn,J20,1832060.0
20/06/2025,75,Đồng Nai,26296,Xã An Viễn,J30,75900.0
20/06/2025,75,Đồng Nai,26296,Xã An Viễn,K02,1042000.0
20/06/2025,75,Đồng Nai,26296,Xã An Viễn,K08,844850.0
20/06/2025,75,Đồng Nai,26296,Xã An Viễn,K21,317985.0
20/06/2025,75,Đồng Nai,26296,Xã An Viễn,K29,235018.0
20/06/2025,75,Đồng Nai,26296,Xã An Viễn,K58,141620.0
20/06/2025,75,Đồng Nai,26296,Xã An Viễn,K59,150470.0
20/06/2025,75,Đồng Nai,26296,Xã An Viễn,K76,630088.0
20/06/2025,75,Đồng Nai,26296,Xã An Viễn,L04,205450.0
20/06/2025,75,Đồng Nai,26296,Xã An Viễn,L28,264745.0
20/06/2025,75,Đồng Nai,26296,Xã An Viễn,M10,73000.0
20/06/2025,75,Đồng Nai,26296,Xã An Viễn,M17,2047685.0
20/06/2025,75,Đồng Nai,26296,Xã An Viễn,M25,2663400.0
20/06/2025,75,Đồng Nai,26296,Xã An Viễn,M47,479100.0
20/06/2025,75,Đồng Nai,26296,Xã An Viễn,M54,7822854.0
20/06/2025,75,Đồng Nai,26296,Xã An Viễn,M62,342840.0
20/06/2025,75,Đồng Nai,26296,Xã An Viễn,M65,104600.0
20/06/2025,75,Đồng Nai,26296,Xã An Viễn,M70,352920.0
20/06/2025,75,Đồng Nai,26296,Xã An Viễn,N30,258950.0
20/06/2025,75,Đồng Nai,26296,Xã An Viễn,N92,166790.0
20/06/2025,75,Đồng Nai,26296,Xã An Viễn,R10,693132.0
20/06/2025,75,Đồng Nai,26296,Xã An Viễn,S00,237110.0
20/06/2025,75,Đồng Nai,26296,Xã An Viễn,S60,489720.0
20/06/2025,75,Đồng Nai,26296,Xã An Viễn,S61,162560.0
20/06/2025,75,Đồng Nai,26296,Xã An Viễn,S63,305740.0
20/06/2025,75,Đồng Nai,26296,Xã An Viễn,S80,252900.0
20/06/2025,75,Đồng Nai,26296,Xã An Viễn,S82,220846.0
20/06/2025,75,Đồng Nai,26296,Xã An Viễn,S90,290540.0
20/06/2025,75,Đồng Nai,26296,Xã An Viễn,T78,771756.0
20/06/2025,75,Đồng Nai,26296,Xã An Viễn,Z34,229640.0
20/06/2025,75,Đồng Nai,26299,Xã Gia Tân 1,A97,80000.0
20/06/2025,75,Đồng Nai,26299,Xã Gia Tân 1,B18,556270.0
20/06/2025,75,Đồng Nai,26299,Xã Gia Tân 1,B34,239382.0
20/06/2025,75,Đồng Nai,26299,Xã Gia Tân 1,C22,36500.0
20/06/2025,75,Đồng Nai,26299,Xã Gia Tân 1,E04,550396.0
20/06/2025,75,Đồng Nai,26299,Xã Gia Tân 1,E05,227990.0
20/06/2025,75,Đồng Nai,26299,Xã Gia Tân 1,E11,5249496.0
20/06/2025,75,Đồng Nai,26299,Xã Gia Tân 1,E87,221820.0
20/06/2025,75,Đồng Nai,26299,Xã Gia Tân 1,G44,39248.0
20/06/2025,75,Đồng Nai,26299,Xã Gia Tân 1,H60,596040.0
20/06/2025,75,Đồng Nai,26299,Xã Gia Tân 1,I10,7098737.0
20/06/2025,75,Đồng Nai,26299,Xã Gia Tân 1,I48,357946.0
20/06/2025,75,Đồng Nai,26299,Xã Gia Tân 1,I87,364652.0
20/06/2025,75,Đồng Nai,26299,Xã Gia Tân 1,J02,174250.0
20/06/2025,75,Đồng Nai,26299,Xã Gia Tân 1,J31,36500.0
20/06/2025,75,Đồng Nai,26299,Xã Gia Tân 1,K21,207740.0
20/06/2025,75,Đồng Nai,26299,Xã Gia Tân 1,K29,769567.0
20/06/2025,75,Đồng Nai,26299,Xã Gia Tân 1,L03,238846.0
20/06/2025,75,Đồng Nai,26299,Xã Gia Tân 1,L23,82653.0
20/06/2025,75,Đồng Nai,26299,Xã Gia Tân 1,L30,44775.0
20/06/2025,75,Đồng Nai,26299,Xã Gia Tân 1,M10,96100.0
20/06/2025,75,Đồng Nai,26299,Xã Gia Tân 1,M47,750568.0
20/06/2025,75,Đồng Nai,26299,Xã Gia Tân 1,M65,230500.0
20/06/2025,75,Đồng Nai,26299,Xã Gia Tân 1,M75,1183060.0
20/06/2025,75,Đồng Nai,26299,Xã Gia Tân 1,M77,790260.0
20/06/2025,75,Đồng Nai,26299,Xã Gia Tân 1,N13,95100.0
20/06/2025,75,Đồng Nai,26299,Xã Gia Tân 1,N20,232495.0
20/06/2025,75,Đồng Nai,26299,Xã Gia Tân 1,N40,177179.0
20/06/2025,75,Đồng Nai,26299,Xã Gia Tân 1,S80,215660.0
20/06/2025,75,Đồng Nai,26311,Xã Quang Trung,A97,298243.0
20/06/2025,75,Đồng Nai,26311,Xã Quang Trung,B00,289658.0
20/06/2025,75,Đồng Nai,26311,Xã Quang Trung,D50,150952.0
20/06/2025,75,Đồng Nai,26311,Xã Quang Trung,E11,2589930.0
20/06/2025,75,Đồng Nai,26311,Xã Quang Trung,G51,36500.0
20/06/2025,75,Đồng Nai,26311,Xã Quang Trung,H65,267149.0
20/06/2025,75,Đồng Nai,26311,Xã Quang Trung,H66,112000.0
20/06/2025,75,Đồng Nai,26311,Xã Quang Trung,I10,14740973.0
20/06/2025,75,Đồng Nai,26311,Xã Quang Trung,I20,502294.0
20/06/2025,75,Đồng Nai,26311,Xã Quang Trung,I69,1150200.0
20/06/2025,75,Đồng Nai,26311,Xã Quang Trung,J01,462268.0
20/06/2025,75,Đồng Nai,26311,Xã Quang Trung,J02,1037460.0
20/06/2025,75,Đồng Nai,26311,Xã Quang Trung,J04,101100.0
20/06/2025,75,Đồng Nai,26311,Xã Quang Trung,J06,387565.0
20/06/2025,75,Đồng Nai,26311,Xã Quang Trung,J15,569144.0
20/06/2025,75,Đồng Nai,26311,Xã Quang Trung,J18,232582.0
20/06/2025,75,Đồng Nai,26311,Xã Quang Trung,K13,118120.0
20/06/2025,75,Đồng Nai,26311,Xã Quang Trung,K29,239160.0
20/06/2025,75,Đồng Nai,26311,Xã Quang Trung,K59,218295.0
20/06/2025,75,Đồng Nai,26311,Xã Quang Trung,K77,474218.0
20/06/2025,75,Đồng Nai,26311,Xã Quang Trung,M13,1101736.0
20/06/2025,75,Đồng Nai,26311,Xã Quang Trung,M17,928982.0
20/06/2025,75,Đồng Nai,26311,Xã Quang Trung,M54,4238292.0
20/06/2025,75,Đồng Nai,26311,Xã Quang Trung,R10,1738231.0
20/06/2025,75,Đồng Nai,26311,Xã Quang Trung,R42,737047.0
20/06/2025,75,Đồng Nai,26311,Xã Quang Trung,R50,3557674.0
20/06/2025,75,Đồng Nai,26311,Xã Quang Trung,R51,694650.0
20/06/2025,75,Đồng Nai,26311,Xã Quang Trung,S20,246950.0
20/06/2025,75,Đồng Nai,26311,Xã Quang Trung,S61,187811.0
20/06/2025,75,Đồng Nai,26311,Xã Quang Trung,T67,139620.0
20/06/2025,75,Đồng Nai,26326,Thị Trấn Dầu Giây,A04,323704.0
20/06/2025,75,Đồng Nai,26326,Thị Trấn Dầu Giây,A08,1539744.0
20/06/2025,75,Đồng Nai,26326,Thị Trấn Dầu Giây,A09,355049.0
20/06/2025,75,Đồng Nai,26326,Thị Trấn Dầu Giây,A15,1585860.0
20/06/2025,75,Đồng Nai,26326,Thị Trấn Dầu Giây,A75,1527172.0
20/06/2025,75,Đồng Nai,26326,Thị Trấn Dầu Giây,A97,4768561.0
20/06/2025,75,Đồng Nai,26326,Thị Trấn Dầu Giây,B16,79600.0
20/06/2025,75,Đồng Nai,26326,Thị Trấn Dầu Giây,B18,416844.0
20/06/2025,75,Đồng Nai,26326,Thị Trấn Dầu Giây,B34,3319433.0
20/06/2025,75,Đồng Nai,26326,Thị Trấn Dầu Giây,B83,39800.0
20/06/2025,75,Đồng Nai,26326,Thị Trấn Dầu Giây,C34,39800.0
20/06/2025,75,Đồng Nai,26326,Thị Trấn Dầu Giây,C56,39800.0
20/06/2025,75,Đồng Nai,26326,Thị Trấn Dầu Giây,C73,39800.0
20/06/2025,75,Đồng Nai,26326,Thị Trấn Dầu Giây,C81,39800.0
20/06/2025,75,Đồng Nai,26326,Thị Trấn Dầu Giây,D23,4971775.0
20/06/2025,75,Đồng Nai,26326,Thị Trấn Dầu Giây,D29,330116.0
20/06/2025,75,Đồng Nai,26326,Thị Trấn Dầu Giây,E11,18225733.0
20/06/2025,75,Đồng Nai,26326,Thị Trấn Dầu Giây,E58,117000.0
20/06/2025,75,Đồng Nai,26326,Thị Trấn Dầu Giây,E78,291281.0
20/06/2025,75,Đồng Nai,26326,Thị Trấn Dầu Giây,E83,194808.0
20/06/2025,75,Đồng Nai,26326,Thị Trấn Dầu Giây,F41,39800.0
20/06/2025,75,Đồng Nai,26326,Thị Trấn Dầu Giây,G44,764348.0
20/06/2025,75,Đồng Nai,26326,Thị Trấn Dầu Giây,G47,225133.0
20/06/2025,75,Đồng Nai,26326,Thị Trấn Dầu Giây,G51,39800.0
20/06/2025,75,Đồng Nai,26326,Thị Trấn Dầu Giây,G53,114200.0
20/06/2025,75,Đồng Nai,26326,Thị Trấn Dầu Giây,G55,39800.0
20/06/2025,75,Đồng Nai,26326,Thị Trấn Dầu Giây,G56,212290.0
20/06/2025,75,Đồng Nai,26326,Thị Trấn Dầu Giây,G64,137100.0
20/06/2025,75,Đồng Nai,26326,Thị Trấn Dầu Giây,H00,73015.0
20/06/2025,75,Đồng Nai,26326,Thị Trấn Dầu Giây,H01,261333.0
20/06/2025,75,Đồng Nai,26326,Thị Trấn Dầu Giây,H02,192040.0
20/06/2025,75,Đồng Nai,26326,Thị Trấn Dầu Giây,H04,843897.0
20/06/2025,75,Đồng Nai,26326,Thị Trấn Dầu Giây,H10,325904.0
20/06/2025,75,Đồng Nai,26326,Thị Trấn Dầu Giây,H60,278475.0
20/06/2025,75,Đồng Nai,26326,Thị Trấn Dầu Giây,H66,407432.0
20/06/2025,75,Đồng Nai,26326,Thị Trấn Dầu Giây,H81,19685865.0
20/06/2025,75,Đồng Nai,26326,Thị Trấn Dầu Giây,H92,488753.0
20/06/2025,75,Đồng Nai,26326,Thị Trấn Dầu Giây,I10,14290690.0
20/06/2025,75,Đồng Nai,26326,Thị Trấn Dầu Giây,I20,1367111.0
20/06/2025,75,Đồng Nai,26326,Thị Trấn Dầu Giây,I21,39800.0
20/06/2025,75,Đồng Nai,26326,Thị Trấn Dầu Giây,I25,525658.0
20/06/2025,75,Đồng Nai,26326,Thị Trấn Dầu Giây,I50,4782486.0
20/06/2025,75,Đồng Nai,26326,Thị Trấn Dầu Giây,I83,1164960.0
20/06/2025,75,Đồng Nai,26326,Thị Trấn Dầu Giây,I87,161600.0
20/06/2025,75,Đồng Nai,26326,Thị Trấn Dầu Giây,J01,443735.0
20/06/2025,75,Đồng Nai,26326,Thị Trấn Dầu Giây,J02,791378.0
20/06/2025,75,Đồng Nai,26326,Thị Trấn Dầu Giây,J03,1108285.0
20/06/2025,75,Đồng Nai,26326,Thị Trấn Dầu Giây,J06,1473079.0
20/06/2025,75,Đồng Nai,26326,Thị Trấn Dầu Giây,J15,323078.0
20/06/2025,75,Đồng Nai,26326,Thị Trấn Dầu Giây,J18,1536003.0
20/06/2025,75,Đồng Nai,26326,Thị Trấn Dầu Giây,J20,1723405.0
20/06/2025,75,Đồng Nai,26326,Thị Trấn Dầu Giây,J30,195895.0
20/06/2025,75,Đồng Nai,26326,Thị Trấn Dầu Giây,J31,1336555.0
20/06/2025,75,Đồng Nai,26326,Thị Trấn Dầu Giây,J32,1590167.0
20/06/2025,75,Đồng Nai,26326,Thị Trấn Dầu Giây,J35,39800.0
20/06/2025,75,Đồng Nai,26326,Thị Trấn Dầu Giây,J41,2428924.0
20/06/2025,75,Đồng Nai,26326,Thị Trấn Dầu Giây,J44,8692844.0
20/06/2025,75,Đồng Nai,26326,Thị Trấn Dầu Giây,J45,1656723.0
20/06/2025,75,Đồng Nai,26326,Thị Trấn Dầu Giây,K01,39800.0
20/06/2025,75,Đồng Nai,26326,Thị Trấn Dầu Giây,K02,3115770.0
20/06/2025,75,Đồng Nai,26326,Thị Trấn Dầu Giây,K04,434549.0
20/06/2025,75,Đồng Nai,26326,Thị Trấn Dầu Giây,K05,222600.0
20/06/2025,75,Đồng Nai,26326,Thị Trấn Dầu Giây,K08,39800.0
20/06/2025,75,Đồng Nai,26326,Thị Trấn Dầu Giây,K12,97330.0
20/06/2025,75,Đồng Nai,26326,Thị Trấn Dầu Giây,K14,85300.0
20/06/2025,75,Đồng Nai,26326,Thị Trấn Dầu Giây,K21,2011912.0
20/06/2025,75,Đồng Nai,26326,Thị Trấn Dầu Giây,K27,595065.0
20/06/2025,75,Đồng Nai,26326,Thị Trấn Dầu Giây,K29,3575405.0
20/06/2025,75,Đồng Nai,26326,Thị Trấn Dầu Giây,K30,554170.0
20/06/2025,75,Đồng Nai,26326,Thị Trấn Dầu Giây,K35,39800.0
20/06/2025,75,Đồng Nai,26326,Thị Trấn Dầu Giây,K52,1442980.0
20/06/2025,75,Đồng Nai,26326,Thị Trấn Dầu Giây,K59,1889029.0
20/06/2025,75,Đồng Nai,26326,Thị Trấn Dầu Giây,K63,39800.0
20/06/2025,75,Đồng Nai,26326,Thị Trấn Dầu Giây,K64,453750.0
20/06/2025,75,Đồng Nai,26326,Thị Trấn Dầu Giây,K72,39800.0
20/06/2025,75,Đồng Nai,26326,Thị Trấn Dầu Giây,K75,187920.0
20/06/2025,75,Đồng Nai,26326,Thị Trấn Dầu Giây,K76,1632173.0
20/06/2025,75,Đồng Nai,26326,Thị Trấn Dầu Giây,K93,275490.0
20/06/2025,75,Đồng Nai,26326,Thị Trấn Dầu Giây,L02,400453.0
20/06/2025,75,Đồng Nai,26326,Thị Trấn Dầu Giây,L04,98400.0
20/06/2025,75,Đồng Nai,26326,Thị Trấn Dầu Giây,L23,630135.0
20/06/2025,75,Đồng Nai,26326,Thị Trấn Dầu Giây,L30,39800.0
20/06/2025,75,Đồng Nai,26326,Thị Trấn Dầu Giây,M13,1658158.0
20/06/2025,75,Đồng Nai,26326,Thị Trấn Dầu Giây,M16,39800.0
20/06/2025,75,Đồng Nai,26326,Thị Trấn Dầu Giây,M17,598567.0
20/06/2025,75,Đồng Nai,26326,Thị Trấn Dầu Giây,M19,909180.0
20/06/2025,75,Đồng Nai,26326,Thị Trấn Dầu Giây,M24,39800.0
20/06/2025,75,Đồng Nai,26326,Thị Trấn Dầu Giây,M25,241270.0
20/06/2025,75,Đồng Nai,26326,Thị Trấn Dầu Giây,M47,9868176.0
20/06/2025,75,Đồng Nai,26326,Thị Trấn Dầu Giây,M48,574879.0
20/06/2025,75,Đồng Nai,26326,Thị Trấn Dầu Giây,M54,14036284.0
20/06/2025,75,Đồng Nai,26326,Thị Trấn Dầu Giây,M65,140875.0
20/06/2025,75,Đồng Nai,26326,Thị Trấn Dầu Giây,M75,326750.0
20/06/2025,75,Đồng Nai,26326,Thị Trấn Dầu Giây,N17,39800.0
20/06/2025,75,Đồng Nai,26326,Thị Trấn Dầu Giây,N18,39800.0
20/06/2025,75,Đồng Nai,26326,Thị Trấn Dầu Giây,N20,1340002.0
20/06/2025,75,Đồng Nai,26326,Thị Trấn Dầu Giây,N39,1005936.0
20/06/2025,75,Đồng Nai,26326,Thị Trấn Dầu Giây,N40,1946359.0
20/06/2025,75,Đồng Nai,26326,Thị Trấn Dầu Giây,N47,263185.0
20/06/2025,75,Đồng Nai,26326,Thị Trấn Dầu Giây,N61,1369166.0
20/06/2025,75,Đồng Nai,26326,Thị Trấn Dầu Giây,N76,195880.0
20/06/2025,75,Đồng Nai,26326,Thị Trấn Dầu Giây,N92,3233582.0
20/06/2025,75,Đồng Nai,26326,Thị Trấn Dầu Giây,O20,3107898.0
20/06/2025,75,Đồng Nai,26326,Thị Trấn Dầu Giây,O21,2245403.0
20/06/2025,75,Đồng Nai,26326,Thị Trấn Dầu Giây,O80,1972411.0
20/06/2025,75,Đồng Nai,26326,Thị Trấn Dầu Giây,Q38,39800.0
20/06/2025,75,Đồng Nai,26326,Thị Trấn Dầu Giây,R00,259320.0
20/06/2025,75,Đồng Nai,26326,Thị Trấn Dầu Giây,R07,261870.0
20/06/2025,75,Đồng Nai,26326,Thị Trấn Dầu Giây,R10,638795.0
20/06/2025,75,Đồng Nai,26326,Thị Trấn Dầu Giây,R20,3165600.0
20/06/2025,75,Đồng Nai,26326,Thị Trấn Dầu Giây,R33,141600.0
20/06/2025,75,Đồng Nai,26326,Thị Trấn Dầu Giây,R39,224320.0
20/06/2025,75,Đồng Nai,26326,Thị Trấn Dầu Giây,R42,1014453.0
20/06/2025,75,Đồng Nai,26326,Thị Trấn Dầu Giây,R64,1811833.0
20/06/2025,75,Đồng Nai,26326,Thị Trấn Dầu Giây,S00,306810.0
20/06/2025,75,Đồng Nai,26326,Thị Trấn Dầu Giây,S01,929716.0
20/06/2025,75,Đồng Nai,26326,Thị Trấn Dầu Giây,S06,310453.0
20/06/2025,75,Đồng Nai,26326,Thị Trấn Dầu Giây,S20,489961.0
20/06/2025,75,Đồng Nai,26326,Thị Trấn Dầu Giây,S50,117153.0
20/06/2025,75,Đồng Nai,26326,Thị Trấn Dầu Giây,S60,142350.0
20/06/2025,75,Đồng Nai,26326,Thị Trấn Dầu Giây,S61,104100.0
20/06/2025,75,Đồng Nai,26326,Thị Trấn Dầu Giây,S70,45035.0
20/06/2025,75,Đồng Nai,26326,Thị Trấn Dầu Giây,S80,760176.0
20/06/2025,75,Đồng Nai,26326,Thị Trấn Dầu Giây,S81,857746.0
20/06/2025,75,Đồng Nai,26326,Thị Trấn Dầu Giây,S90,263009.0
20/06/2025,75,Đồng Nai,26326,Thị Trấn Dầu Giây,S91,146478.0
20/06/2025,75,Đồng Nai,26326,Thị Trấn Dầu Giây,T09,250951.0
20/06/2025,75,Đồng Nai,26326,Thị Trấn Dầu Giây,T31,224409.0
20/06/2025,75,Đồng Nai,26326,Thị Trấn Dầu Giây,T78,2035000.0
20/06/2025,75,Đồng Nai,26326,Thị Trấn Dầu Giây,Z09,494091.0
20/06/2025,75,Đồng Nai,26326,Thị Trấn Dầu Giây,Z34,790895.0
20/06/2025,75,Đồng Nai,26326,Thị Trấn Dầu Giây,Z35,546600.0
20/06/2025,75,Đồng Nai,26326,Thị Trấn Dầu Giây,Z96,42040.0
20/06/2025,75,Đồng Nai,26362,Xã Sông Ray,A04,653249.0
20/06/2025,75,Đồng Nai,26362,Xã Sông Ray,A09,355293.0
20/06/2025,75,Đồng Nai,26362,Xã Sông Ray,A75,147698.0
20/06/2025,75,Đồng Nai,26362,Xã Sông Ray,B34,259410.0
20/06/2025,75,Đồng Nai,26362,Xã Sông Ray,E78,184410.0
20/06/2025,75,Đồng Nai,26362,Xã Sông Ray,G44,318010.0
20/06/2025,75,Đồng Nai,26362,Xã Sông Ray,G55,154870.0
20/06/2025,75,Đồng Nai,26362,Xã Sông Ray,H81,392030.0
20/06/2025,75,Đồng Nai,26362,Xã Sông Ray,I10,1591673.0
20/06/2025,75,Đồng Nai,26362,Xã Sông Ray,I20,103500.0
20/06/2025,75,Đồng Nai,26362,Xã Sông Ray,I83,52362.0
20/06/2025,75,Đồng Nai,26362,Xã Sông Ray,J02,191448.0
20/06/2025,75,Đồng Nai,26362,Xã Sông Ray,J06,246306.0
20/06/2025,75,Đồng Nai,26362,Xã Sông Ray,J15,216880.0
20/06/2025,75,Đồng Nai,26362,Xã Sông Ray,J18,827335.0
20/06/2025,75,Đồng Nai,26362,Xã Sông Ray,J20,1357403.0
20/06/2025,75,Đồng Nai,26362,Xã Sông Ray,K02,848130.0
20/06/2025,75,Đồng Nai,26362,Xã Sông Ray,K04,289428.0
20/06/2025,75,Đồng Nai,26362,Xã Sông Ray,K05,674298.0
20/06/2025,75,Đồng Nai,26362,Xã Sông Ray,K21,383274.0
20/06/2025,75,Đồng Nai,26362,Xã Sông Ray,K29,667055.0
20/06/2025,75,Đồng Nai,26362,Xã Sông Ray,K58,142044.0
20/06/2025,75,Đồng Nai,26362,Xã Sông Ray,K77,281970.0
20/06/2025,75,Đồng Nai,26362,Xã Sông Ray,K80,153800.0
20/06/2025,75,Đồng Nai,26362,Xã Sông Ray,L02,821346.0
20/06/2025,75,Đồng Nai,26362,Xã Sông Ray,L04,202180.0
20/06/2025,75,Đồng Nai,26362,Xã Sông Ray,M13,284080.0
20/06/2025,75,Đồng Nai,26362,Xã Sông Ray,M25,759915.0
20/06/2025,75,Đồng Nai,26362,Xã Sông Ray,M47,1013168.0
20/06/2025,75,Đồng Nai,26362,Xã Sông Ray,M54,3346789.0
20/06/2025,75,Đồng Nai,26362,Xã Sông Ray,N39,611994.0
20/06/2025,75,Đồng Nai,26362,Xã Sông Ray,R10,411400.0
20/06/2025,75,Đồng Nai,26362,Xã Sông Ray,R50,148236.0
20/06/2025,75,Đồng Nai,26362,Xã Sông Ray,S30,223170.0
20/06/2025,75,Đồng Nai,26362,Xã Sông Ray,S42,72100.0
20/06/2025,75,Đồng Nai,26362,Xã Sông Ray,S61,112342.0
20/06/2025,75,Đồng Nai,26362,Xã Sông Ray,S81,36500.0
20/06/2025,75,Đồng Nai,26362,Xã Sông Ray,S82,247100.0
20/06/2025,75,Đồng Nai,26362,Xã Sông Ray,S90,117870.0
20/06/2025,75,Đồng Nai,26362,Xã Sông Ray,S91,312440.0
20/06/2025,75,Đồng Nai,26362,Xã Sông Ray,Z34,334400.0
20/06/2025,75,Đồng Nai,26362,Xã Sông Ray,Z35,138600.0
20/06/2025,75,Đồng Nai,26362,Xã Sông Ray,Z98,280860.0
20/06/2025,75,Đồng Nai,26368,Thị Trấn Long Thành,A04,20742244.0
20/06/2025,75,Đồng Nai,26368,Thị Trấn Long Thành,A09,1122929.0
20/06/2025,75,Đồng Nai,26368,Thị Trấn Long Thành,A97,30842156.0
20/06/2025,75,Đồng Nai,26368,Thị Trấn Long Thành,B00,130664.0
20/06/2025,75,Đồng Nai,26368,Thị Trấn Long Thành,B02,127166.0
20/06/2025,75,Đồng Nai,26368,Thị Trấn Long Thành,B18,360000.0
20/06/2025,75,Đồng Nai,26368,Thị Trấn Long Thành,B33,1169896.0
20/06/2025,75,Đồng Nai,26368,Thị Trấn Long Thành,B35,2514850.0
20/06/2025,75,Đồng Nai,26368,Thị Trấn Long Thành,B77,81342.0
20/06/2025,75,Đồng Nai,26368,Thị Trấn Long Thành,C11,135000.0
20/06/2025,75,Đồng Nai,26368,Thị Trấn Long Thành,C50,45000.0
20/06/2025,75,Đồng Nai,26368,Thị Trấn Long Thành,C77,90000.0
20/06/2025,75,Đồng Nai,26368,Thị Trấn Long Thành,D23,476700.0
20/06/2025,75,Đồng Nai,26368,Thị Trấn Long Thành,D34,90000.0
20/06/2025,75,Đồng Nai,26368,Thị Trấn Long Thành,D69,156538.0
20/06/2025,75,Đồng Nai,26368,Thị Trấn Long Thành,E04,201240.0
20/06/2025,75,Đồng Nai,26368,Thị Trấn Long Thành,E05,599800.0
20/06/2025,75,Đồng Nai,26368,Thị Trấn Long Thành,E11,94666290.0
20/06/2025,75,Đồng Nai,26368,Thị Trấn Long Thành,E78,1871282.0
20/06/2025,75,Đồng Nai,26368,Thị Trấn Long Thành,E87,1739141.0
20/06/2025,75,Đồng Nai,26368,Thị Trấn Long Thành,E89,862721.0
20/06/2025,75,Đồng Nai,26368,Thị Trấn Long Thành,F51,72428.0
20/06/2025,75,Đồng Nai,26368,Thị Trấn Long Thành,F79,1276000.0
20/06/2025,75,Đồng Nai,26368,Thị Trấn Long Thành,G12,1276000.0
20/06/2025,75,Đồng Nai,26368,Thị Trấn Long Thành,G47,318060.0
20/06/2025,75,Đồng Nai,26368,Thị Trấn Long Thành,G51,408060.0
20/06/2025,75,Đồng Nai,26368,Thị Trấn Long Thành,G64,170800.0
20/06/2025,75,Đồng Nai,26368,Thị Trấn Long Thành,G81,1087000.0
20/06/2025,75,Đồng Nai,26368,Thị Trấn Long Thành,H00,394812.0
20/06/2025,75,Đồng Nai,26368,Thị Trấn Long Thành,H04,3006899.0
20/06/2025,75,Đồng Nai,26368,Thị Trấn Long Thành,H10,2369000.0
20/06/2025,75,Đồng Nai,26368,Thị Trấn Long Thành,H11,1044104.0
20/06/2025,75,Đồng Nai,26368,Thị Trấn Long Thành,H16,217348.0
20/06/2025,75,Đồng Nai,26368,Thị Trấn Long Thành,H20,185892.0
20/06/2025,75,Đồng Nai,26368,Thị Trấn Long Thành,H25,1316588.0
20/06/2025,75,Đồng Nai,26368,Thị Trấn Long Thành,H35,530400.0
20/06/2025,75,Đồng Nai,26368,Thị Trấn Long Thành,H52,1592968.0
20/06/2025,75,Đồng Nai,26368,Thị Trấn Long Thành,H65,520680.0
20/06/2025,75,Đồng Nai,26368,Thị Trấn Long Thành,H81,5291482.0
20/06/2025,75,Đồng Nai,26368,Thị Trấn Long Thành,I10,67960749.0
20/06/2025,75,Đồng Nai,26368,Thị Trấn Long Thành,I11,166608.0
20/06/2025,75,Đồng Nai,26368,Thị Trấn Long Thành,I20,1611608.0
20/06/2025,75,Đồng Nai,26368,Thị Trấn Long Thành,I49,560040.0
20/06/2025,75,Đồng Nai,26368,Thị Trấn Long Thành,I50,7171247.2
20/06/2025,75,Đồng Nai,26368,Thị Trấn Long Thành,I61,7507254.0
20/06/2025,75,Đồng Nai,26368,Thị Trấn Long Thành,I67,451260.0
20/06/2025,75,Đồng Nai,26368,Thị Trấn Long Thành,I83,763580.0
20/06/2025,75,Đồng Nai,26368,Thị Trấn Long Thành,I95,137624.0
20/06/2025,75,Đồng Nai,26368,Thị Trấn Long Thành,J00,6790869.0
20/06/2025,75,Đồng Nai,26368,Thị Trấn Long Thành,J01,1226313.0
20/06/2025,75,Đồng Nai,26368,Thị Trấn Long Thành,J02,542860.0
20/06/2025,75,Đồng Nai,26368,Thị Trấn Long Thành,J03,8944719.0
20/06/2025,75,Đồng Nai,26368,Thị Trấn Long Thành,J06,795575.0
20/06/2025,75,Đồng Nai,26368,Thị Trấn Long Thành,J18,3175551.0
20/06/2025,75,Đồng Nai,26368,Thị Trấn Long Thành,J20,13594302.0
20/06/2025,75,Đồng Nai,26368,Thị Trấn Long Thành,J21,96425.0
20/06/2025,75,Đồng Nai,26368,Thị Trấn Long Thành,J30,2786682.0
20/06/2025,75,Đồng Nai,26368,Thị Trấn Long Thành,J32,8791090.0
20/06/2025,75,Đồng Nai,26368,Thị Trấn Long Thành,J44,14074480.6
20/06/2025,75,Đồng Nai,26368,Thị Trấn Long Thành,J45,12856949.2
20/06/2025,75,Đồng Nai,26368,Thị Trấn Long Thành,K02,4924080.0
20/06/2025,75,Đồng Nai,26368,Thị Trấn Long Thành,K04,348930.0
20/06/2025,75,Đồng Nai,26368,Thị Trấn Long Thành,K05,515910.0
20/06/2025,75,Đồng Nai,26368,Thị Trấn Long Thành,K12,318080.0
20/06/2025,75,Đồng Nai,26368,Thị Trấn Long Thành,K21,10306377.0
20/06/2025,75,Đồng Nai,26368,Thị Trấn Long Thành,K29,4482011.0
20/06/2025,75,Đồng Nai,26368,Thị Trấn Long Thành,K58,466614.0
20/06/2025,75,Đồng Nai,26368,Thị Trấn Long Thành,K59,2688945.0
20/06/2025,75,Đồng Nai,26368,Thị Trấn Long Thành,K62,45000.0
20/06/2025,75,Đồng Nai,26368,Thị Trấn Long Thành,K64,14215079.0
20/06/2025,75,Đồng Nai,26368,Thị Trấn Long Thành,K76,636000.0
20/06/2025,75,Đồng Nai,26368,Thị Trấn Long Thành,L02,203400.0
20/06/2025,75,Đồng Nai,26368,Thị Trấn Long Thành,L20,2423186.0
20/06/2025,75,Đồng Nai,26368,Thị Trấn Long Thành,L30,1616735.0
20/06/2025,75,Đồng Nai,26368,Thị Trấn Long Thành,L50,90000.0
20/06/2025,75,Đồng Nai,26368,Thị Trấn Long Thành,L70,321086.0
20/06/2025,75,Đồng Nai,26368,Thị Trấn Long Thành,M02,280432.0
20/06/2025,75,Đồng Nai,26368,Thị Trấn Long Thành,M13,1092849.0
20/06/2025,75,Đồng Nai,26368,Thị Trấn Long Thành,M16,129300.0
20/06/2025,75,Đồng Nai,26368,Thị Trấn Long Thành,M17,5053134.0
20/06/2025,75,Đồng Nai,26368,Thị Trấn Long Thành,M19,11125861.0
20/06/2025,75,Đồng Nai,26368,Thị Trấn Long Thành,M24,1980000.0
20/06/2025,75,Đồng Nai,26368,Thị Trấn Long Thành,M47,4128406.0
20/06/2025,75,Đồng Nai,26368,Thị Trấn Long Thành,M54,49597105.0
20/06/2025,75,Đồng Nai,26368,Thị Trấn Long Thành,M75,260450.0
20/06/2025,75,Đồng Nai,26368,Thị Trấn Long Thành,N20,950750.0
20/06/2025,75,Đồng Nai,26368,Thị Trấn Long Thành,N23,1075870.0
20/06/2025,75,Đồng Nai,26368,Thị Trấn Long Thành,N30,192508.0
20/06/2025,75,Đồng Nai,26368,Thị Trấn Long Thành,N39,12265736.0
20/06/2025,75,Đồng Nai,26368,Thị Trấn Long Thành,N40,980619.0
20/06/2025,75,Đồng Nai,26368,Thị Trấn Long Thành,N76,707640.0
20/06/2025,75,Đồng Nai,26368,Thị Trấn Long Thành,N92,195744.0
20/06/2025,75,Đồng Nai,26368,Thị Trấn Long Thành,O00,10122323.6
20/06/2025,75,Đồng Nai,26368,Thị Trấn Long Thành,O20,101568.0
20/06/2025,75,Đồng Nai,26368,Thị Trấn Long Thành,O26,773730.0
20/06/2025,75,Đồng Nai,26368,Thị Trấn Long Thành,O36,103600.0
20/06/2025,75,Đồng Nai,26368,Thị Trấn Long Thành,O80,5694416.0
20/06/2025,75,Đồng Nai,26368,Thị Trấn Long Thành,R07,862180.0
20/06/2025,75,Đồng Nai,26368,Thị Trấn Long Thành,R10,3825845.0
20/06/2025,75,Đồng Nai,26368,Thị Trấn Long Thành,R50,1011815.0
20/06/2025,75,Đồng Nai,26368,Thị Trấn Long Thành,R51,685020.0
20/06/2025,75,Đồng Nai,26368,Thị Trấn Long Thành,R53,36500.0
20/06/2025,75,Đồng Nai,26368,Thị Trấn Long Thành,S00,1812300.0
20/06/2025,75,Đồng Nai,26368,Thị Trấn Long Thành,S01,45440.0
20/06/2025,75,Đồng Nai,26368,Thị Trấn Long Thành,S02,196760.0
20/06/2025,75,Đồng Nai,26368,Thị Trấn Long Thành,S20,188170.0
20/06/2025,75,Đồng Nai,26368,Thị Trấn Long Thành,S22,270760.0
20/06/2025,75,Đồng Nai,26368,Thị Trấn Long Thành,S30,2031870.0
20/06/2025,75,Đồng Nai,26368,Thị Trấn Long Thành,S42,136300.0
20/06/2025,75,Đồng Nai,26368,Thị Trấn Long Thành,S50,379380.0
20/06/2025,75,Đồng Nai,26368,Thị Trấn Long Thành,S52,545200.0
20/06/2025,75,Đồng Nai,26368,Thị Trấn Long Thành,S53,135600.0
20/06/2025,75,Đồng Nai,26368,Thị Trấn Long Thành,S60,368800.0
20/06/2025,75,Đồng Nai,26368,Thị Trấn Long Thành,S61,1648602.0
20/06/2025,75,Đồng Nai,26368,Thị Trấn Long Thành,S82,1473000.0
20/06/2025,75,Đồng Nai,26368,Thị Trấn Long Thành,S83,45000.0
20/06/2025,75,Đồng Nai,26368,Thị Trấn Long Thành,S91,51400.0
20/06/2025,75,Đồng Nai,26368,Thị Trấn Long Thành,T00,1503099.0
20/06/2025,75,Đồng Nai,26368,Thị Trấn Long Thành,T78,3349729.0
20/06/2025,75,Đồng Nai,26368,Thị Trấn Long Thành,Z32,148872.0
20/06/2025,75,Đồng Nai,26368,Thị Trấn Long Thành,Z39,124600.0
20/06/2025,75,Đồng Nai,26368,Thị Trấn Long Thành,Z96,8270186.0
20/06/2025,75,Đồng Nai,26368,Thị Trấn Long Thành,Z98,690772.0
20/06/2025,75,Đồng Nai,26374,Phường Tam Phước,A04,2346027.0
20/06/2025,75,Đồng Nai,26374,Phường Tam Phước,A97,183040.0
20/06/2025,75,Đồng Nai,26374,Phường Tam Phước,B00,94000.0
20/06/2025,75,Đồng Nai,26374,Phường Tam Phước,B34,429805.0
20/06/2025,75,Đồng Nai,26374,Phường Tam Phước,D50,549370.0
20/06/2025,75,Đồng Nai,26374,Phường Tam Phước,E07,116450.0
20/06/2025,75,Đồng Nai,26374,Phường Tam Phước,E11,4012754.0
20/06/2025,75,Đồng Nai,26374,Phường Tam Phước,E78,1758095.0
20/06/2025,75,Đồng Nai,26374,Phường Tam Phước,F07,36500.0
20/06/2025,75,Đồng Nai,26374,Phường Tam Phước,G56,1417190.0
20/06/2025,75,Đồng Nai,26374,Phường Tam Phước,H10,124450.0
20/06/2025,75,Đồng Nai,26374,Phường Tam Phước,H66,2163250.0
20/06/2025,75,Đồng Nai,26374,Phường Tam Phước,I10,2851889.0
20/06/2025,75,Đồng Nai,26374,Phường Tam Phước,I20,346140.0
20/06/2025,75,Đồng Nai,26374,Phường Tam Phước,J01,6103981.0
20/06/2025,75,Đồng Nai,26374,Phường Tam Phước,J02,1316625.0
20/06/2025,75,Đồng Nai,26374,Phường Tam Phước,J03,149075.0
20/06/2025,75,Đồng Nai,26374,Phường Tam Phước,J20,727458.0
20/06/2025,75,Đồng Nai,26374,Phường Tam Phước,J45,183173.0
20/06/2025,75,Đồng Nai,26374,Phường Tam Phước,K02,1619180.0
20/06/2025,75,Đồng Nai,26374,Phường Tam Phước,K04,723460.0
20/06/2025,75,Đồng Nai,26374,Phường Tam Phước,K21,834396.0
20/06/2025,75,Đồng Nai,26374,Phường Tam Phước,K29,742382.0
20/06/2025,75,Đồng Nai,26374,Phường Tam Phước,K30,53126.0
20/06/2025,75,Đồng Nai,26374,Phường Tam Phước,K58,118725.0
20/06/2025,75,Đồng Nai,26374,Phường Tam Phước,K59,76751.0
20/06/2025,75,Đồng Nai,26374,Phường Tam Phước,K77,1712909.0
20/06/2025,75,Đồng Nai,26374,Phường Tam Phước,L02,269279.0
20/06/2025,75,Đồng Nai,26374,Phường Tam Phước,M06,1593092.0
20/06/2025,75,Đồng Nai,26374,Phường Tam Phước,M10,432980.0
20/06/2025,75,Đồng Nai,26374,Phường Tam Phước,M13,66082.0
20/06/2025,75,Đồng Nai,26374,Phường Tam Phước,M16,164932.0
20/06/2025,75,Đồng Nai,26374,Phường Tam Phước,M25,5236580.0
20/06/2025,75,Đồng Nai,26374,Phường Tam Phước,M47,7947802.0
20/06/2025,75,Đồng Nai,26374,Phường Tam Phước,M50,222132.0
20/06/2025,75,Đồng Nai,26374,Phường Tam Phước,M54,5279355.0
20/06/2025,75,Đồng Nai,26374,Phường Tam Phước,M75,360832.0
20/06/2025,75,Đồng Nai,26374,Phường Tam Phước,N23,170820.0
20/06/2025,75,Đồng Nai,26374,Phường Tam Phước,N39,1139743.0
20/06/2025,75,Đồng Nai,26374,Phường Tam Phước,N76,176644.0
20/06/2025,75,Đồng Nai,26374,Phường Tam Phước,N81,36500.0
20/06/2025,75,Đồng Nai,26374,Phường Tam Phước,N92,99600.0
20/06/2025,75,Đồng Nai,26374,Phường Tam Phước,R07,274770.0
20/06/2025,75,Đồng Nai,26374,Phường Tam Phước,R10,420979.0
20/06/2025,75,Đồng Nai,26374,Phường Tam Phước,S00,156920.0
20/06/2025,75,Đồng Nai,26374,Phường Tam Phước,S20,341090.0
20/06/2025,75,Đồng Nai,26374,Phường Tam Phước,S81,1152750.0
20/06/2025,75,Đồng Nai,26374,Phường Tam Phước,S91,201821.0
20/06/2025,75,Đồng Nai,26374,Phường Tam Phước,S92,2041045.0
20/06/2025,75,Đồng Nai,26374,Phường Tam Phước,T78,549620.0
20/06/2025,75,Đồng Nai,26374,Phường Tam Phước,Z34,135300.0
20/06/2025,75,Đồng Nai,26374,Phường Tam Phước,Z98,162020.0
20/06/2025,75,Đồng Nai,26377,Phường Phước Tân,A15,17735094.0
20/06/2025,75,Đồng Nai,26377,Phường Phước Tân,A16,4231817.0
20/06/2025,75,Đồng Nai,26377,Phường Phước Tân,B90,15157714.0
20/06/2025,75,Đồng Nai,26377,Phường Phước Tân,J18,894813.0
20/06/2025,75,Đồng Nai,26377,Phường Phước Tân,J20,5994389.0
20/06/2025,75,Đồng Nai,26377,Phường Phước Tân,J44,20962751.0
20/06/2025,75,Đồng Nai,26377,Phường Phước Tân,J45,7466090.0
20/06/2025,75,Đồng Nai,26377,Phường Phước Tân,J90,5457695.0
20/06/2025,75,Đồng Nai,26377,Phường Phước Tân,R04,2241180.0
20/06/2025,75,Đồng Nai,26377,Phường Phước Tân,T88,7184074.0
20/06/2025,75,Đồng Nai,26416,Xã Phước Bình,A04,70322.0
20/06/2025,75,Đồng Nai,26416,Xã Phước Bình,A08,510412.0
20/06/2025,75,Đồng Nai,26416,Xã Phước Bình,A09,398424.0
20/06/2025,75,Đồng Nai,26416,Xã Phước Bình,B34,845707.0
20/06/2025,75,Đồng Nai,26416,Xã Phước Bình,D17,122250.0
20/06/2025,75,Đồng Nai,26416,Xã Phước Bình,E11,3604660.0
20/06/2025,75,Đồng Nai,26416,Xã Phước Bình,G81,204220.0
20/06/2025,75,Đồng Nai,26416,Xã Phước Bình,H81,132100.0
20/06/2025,75,Đồng Nai,26416,Xã Phước Bình,I10,857457.0
20/06/2025,75,Đồng Nai,26416,Xã Phước Bình,I20,1246188.0
20/06/2025,75,Đồng Nai,26416,Xã Phước Bình,J00,457960.0
20/06/2025,75,Đồng Nai,26416,Xã Phước Bình,J20,620660.0
20/06/2025,75,Đồng Nai,26416,Xã Phước Bình,K29,438713.0
20/06/2025,75,Đồng Nai,26416,Xã Phước Bình,L02,154100.0
20/06/2025,75,Đồng Nai,26416,Xã Phước Bình,L04,400900.0
20/06/2025,75,Đồng Nai,26416,Xã Phước Bình,M06,332000.0
20/06/2025,75,Đồng Nai,26416,Xã Phước Bình,M10,1257280.0
20/06/2025,75,Đồng Nai,26416,Xã Phước Bình,M13,489523.0
20/06/2025,75,Đồng Nai,26416,Xã Phước Bình,M14,223532.0
20/06/2025,75,Đồng Nai,26416,Xã Phước Bình,M17,1377900.0
20/06/2025,75,Đồng Nai,26416,Xã Phước Bình,M19,304620.0
20/06/2025,75,Đồng Nai,26416,Xã Phước Bình,M24,1116600.0
20/06/2025,75,Đồng Nai,26416,Xã Phước Bình,M47,627992.0
20/06/2025,75,Đồng Nai,26416,Xã Phước Bình,M54,7464689.0
20/06/2025,75,Đồng Nai,26416,Xã Phước Bình,M65,190200.0
20/06/2025,75,Đồng Nai,26416,Xã Phước Bình,N18,714172.0
20/06/2025,75,Đồng Nai,26416,Xã Phước Bình,N20,204270.0
20/06/2025,75,Đồng Nai,26416,Xã Phước Bình,N39,398149.0
20/06/2025,75,Đồng Nai,26416,Xã Phước Bình,R10,599964.0
20/06/2025,75,Đồng Nai,26416,Xã Phước Bình,R51,94600.0
20/06/2025,75,Đồng Nai,26416,Xã Phước Bình,S01,82700.0
20/06/2025,75,Đồng Nai,26416,Xã Phước Bình,S42,186200.0
20/06/2025,75,Đồng Nai,26416,Xã Phước Bình,S62,139400.0
20/06/2025,75,Đồng Nai,26416,Xã Phước Bình,S90,86900.0
20/06/2025,75,Đồng Nai,26416,Xã Phước Bình,Z34,155100.0
20/06/2025,75,Đồng Nai,26416,Xã Phước Bình,Z35,379000.0
20/06/2025,75,Đồng Nai,26416,Xã Phước Bình,Z98,846683.0
20/06/2025,75,Đồng Nai,26452,Xã Suối Cát,M47,219763.0
20/06/2025,75,Đồng Nai,26455,Xã Xuân Hiệp,A04,1259280.0
20/06/2025,75,Đồng Nai,26455,Xã Xuân Hiệp,A09,401418.0
20/06/2025,75,Đồng Nai,26455,Xã Xuân Hiệp,A97,263520.0
20/06/2025,75,Đồng Nai,26455,Xã Xuân Hiệp,B01,546915.0
20/06/2025,75,Đồng Nai,26455,Xã Xuân Hiệp,B18,826800.0
20/06/2025,75,Đồng Nai,26455,Xã Xuân Hiệp,B34,6390846.0
20/06/2025,75,Đồng Nai,26455,Xã Xuân Hiệp,B35,716640.0
20/06/2025,75,Đồng Nai,26455,Xã Xuân Hiệp,D18,109500.0
20/06/2025,75,Đồng Nai,26455,Xã Xuân Hiệp,D23,109500.0
20/06/2025,75,Đồng Nai,26455,Xã Xuân Hiệp,D34,1044000.0
20/06/2025,75,Đồng Nai,26455,Xã Xuân Hiệp,E11,68827962.0
20/06/2025,75,Đồng Nai,26455,Xã Xuân Hiệp,E58,196200.0
20/06/2025,75,Đồng Nai,26455,Xã Xuân Hiệp,E60,507975.0
20/06/2025,75,Đồng Nai,26455,Xã Xuân Hiệp,E78,10779255.0
20/06/2025,75,Đồng Nai,26455,Xã Xuân Hiệp,G20,756474.0
20/06/2025,75,Đồng Nai,26455,Xã Xuân Hiệp,G45,1064430.0
20/06/2025,75,Đồng Nai,26455,Xã Xuân Hiệp,G47,391980.0
20/06/2025,75,Đồng Nai,26455,Xã Xuân Hiệp,G51,1191900.0
20/06/2025,75,Đồng Nai,26455,Xã Xuân Hiệp,G61,221550.0
20/06/2025,75,Đồng Nai,26455,Xã Xuân Hiệp,G83,326598.0
20/06/2025,75,Đồng Nai,26455,Xã Xuân Hiệp,H00,588390.0
20/06/2025,75,Đồng Nai,26455,Xã Xuân Hiệp,H10,14577333.0
20/06/2025,75,Đồng Nai,26455,Xã Xuân Hiệp,H16,503520.0
20/06/2025,75,Đồng Nai,26455,Xã Xuân Hiệp,H25,1224282.0
20/06/2025,75,Đồng Nai,26455,Xã Xuân Hiệp,H66,1935840.0
20/06/2025,75,Đồng Nai,26455,Xã Xuân Hiệp,I10,54191016.0
20/06/2025,75,Đồng Nai,26455,Xã Xuân Hiệp,I25,4930506.0
20/06/2025,75,Đồng Nai,26455,Xã Xuân Hiệp,I69,109500.0
20/06/2025,75,Đồng Nai,26455,Xã Xuân Hiệp,I83,5292888.0
20/06/2025,75,Đồng Nai,26455,Xã Xuân Hiệp,I88,1659450.0
20/06/2025,75,Đồng Nai,26455,Xã Xuân Hiệp,J01,7406112.0
20/06/2025,75,Đồng Nai,26455,Xã Xuân Hiệp,J02,126840.0
20/06/2025,75,Đồng Nai,26455,Xã Xuân Hiệp,J06,6763518.0
20/06/2025,75,Đồng Nai,26455,Xã Xuân Hiệp,J18,435831.0
20/06/2025,75,Đồng Nai,26455,Xã Xuân Hiệp,J20,4596375.0
20/06/2025,75,Đồng Nai,26455,Xã Xuân Hiệp,J44,1820283.0
20/06/2025,75,Đồng Nai,26455,Xã Xuân Hiệp,J45,798309.0
20/06/2025,75,Đồng Nai,26455,Xã Xuân Hiệp,K00,1410750.0
20/06/2025,75,Đồng Nai,26455,Xã Xuân Hiệp,K02,5083620.0
20/06/2025,75,Đồng Nai,26455,Xã Xuân Hiệp,K04,10389720.0
20/06/2025,75,Đồng Nai,26455,Xã Xuân Hiệp,K05,1151550.0
20/06/2025,75,Đồng Nai,26455,Xã Xuân Hiệp,K07,425682.0
20/06/2025,75,Đồng Nai,26455,Xã Xuân Hiệp,K12,609600.0
20/06/2025,75,Đồng Nai,26455,Xã Xuân Hiệp,K21,1573680.0
20/06/2025,75,Đồng Nai,26455,Xã Xuân Hiệp,K25,258600.0
20/06/2025,75,Đồng Nai,26455,Xã Xuân Hiệp,K29,1599180.0
20/06/2025,75,Đồng Nai,26455,Xã Xuân Hiệp,K59,425478.0
20/06/2025,75,Đồng Nai,26455,Xã Xuân Hiệp,K64,470055.0
20/06/2025,75,Đồng Nai,26455,Xã Xuân Hiệp,K76,1684782.0
20/06/2025,75,Đồng Nai,26455,Xã Xuân Hiệp,K77,453840.0
20/06/2025,75,Đồng Nai,26455,Xã Xuân Hiệp,L02,1975890.0
20/06/2025,75,Đồng Nai,26455,Xã Xuân Hiệp,L03,481650.0
20/06/2025,75,Đồng Nai,26455,Xã Xuân Hiệp,L20,3073704.0
20/06/2025,75,Đồng Nai,26455,Xã Xuân Hiệp,M06,1493559.0
20/06/2025,75,Đồng Nai,26455,Xã Xuân Hiệp,M13,2484000.0
20/06/2025,75,Đồng Nai,26455,Xã Xuân Hiệp,M17,1843824.0
20/06/2025,75,Đồng Nai,26455,Xã Xuân Hiệp,M23,999990.0
20/06/2025,75,Đồng Nai,26455,Xã Xuân Hiệp,M43,503430.0
20/06/2025,75,Đồng Nai,26455,Xã Xuân Hiệp,M47,15840912.0
20/06/2025,75,Đồng Nai,26455,Xã Xuân Hiệp,M50,1290600.0
20/06/2025,75,Đồng Nai,26455,Xã Xuân Hiệp,M54,5646390.0
20/06/2025,75,Đồng Nai,26455,Xã Xuân Hiệp,M60,394257.0
20/06/2025,75,Đồng Nai,26455,Xã Xuân Hiệp,M67,923805.0
20/06/2025,75,Đồng Nai,26455,Xã Xuân Hiệp,M75,5422455.0
20/06/2025,75,Đồng Nai,26455,Xã Xuân Hiệp,N20,388620.0
20/06/2025,75,Đồng Nai,26455,Xã Xuân Hiệp,N39,1323558.0
20/06/2025,75,Đồng Nai,26455,Xã Xuân Hiệp,N72,2707194.0
20/06/2025,75,Đồng Nai,26455,Xã Xuân Hiệp,R07,1070850.0
20/06/2025,75,Đồng Nai,26455,Xã Xuân Hiệp,R10,7984341.0
20/06/2025,75,Đồng Nai,26455,Xã Xuân Hiệp,R42,4034520.0
20/06/2025,75,Đồng Nai,26455,Xã Xuân Hiệp,R51,109500.0
20/06/2025,75,Đồng Nai,26455,Xã Xuân Hiệp,S20,2413905.0
20/06/2025,75,Đồng Nai,26455,Xã Xuân Hiệp,S43,839754.0
20/06/2025,75,Đồng Nai,26455,Xã Xuân Hiệp,S61,313158.0
20/06/2025,75,Đồng Nai,26455,Xã Xuân Hiệp,S62,1258398.0
20/06/2025,75,Đồng Nai,26455,Xã Xuân Hiệp,S63,1038960.0
20/06/2025,75,Đồng Nai,26455,Xã Xuân Hiệp,S80,756558.0
20/06/2025,75,Đồng Nai,26455,Xã Xuân Hiệp,S83,601200.0
20/06/2025,75,Đồng Nai,26455,Xã Xuân Hiệp,S92,861513.0
20/06/2025,75,Đồng Nai,26455,Xã Xuân Hiệp,S93,495855.0
20/06/2025,75,Đồng Nai,26455,Xã Xuân Hiệp,T15,1292226.0
20/06/2025,75,Đồng Nai,26455,Xã Xuân Hiệp,T78,5233845.0
20/06/2025,75,Đồng Nai,26455,Xã Xuân Hiệp,T79,2810805.0
20/06/2025,75,Đồng Nai,26455,Xã Xuân Hiệp,Z34,1474800.0
20/06/2025,75,Đồng Nai,26455,Xã Xuân Hiệp,Z35,836400.0
20/06/2025,75,Đồng Nai,26455,Xã Xuân Hiệp,Z96,109500.0
20/06/2025,75,Đồng Nai,26497,Xã Vĩnh Thanh,B34,489890.0
20/06/2025,75,Đồng Nai,26497,Xã Vĩnh Thanh,B77,58914.0
20/06/2025,75,Đồng Nai,26497,Xã Vĩnh Thanh,E11,2141498.0
20/06/2025,75,Đồng Nai,26497,Xã Vĩnh Thanh,E58,48260.0
20/06/2025,75,Đồng Nai,26497,Xã Vĩnh Thanh,G56,1323683.0
20/06/2025,75,Đồng Nai,26497,Xã Vĩnh Thanh,I10,1085334.0
20/06/2025,75,Đồng Nai,26497,Xã Vĩnh Thanh,I25,78808.0
20/06/2025,75,Đồng Nai,26497,Xã Vĩnh Thanh,I69,2091500.0
20/06/2025,75,Đồng Nai,26497,Xã Vĩnh Thanh,J06,236600.0
20/06/2025,75,Đồng Nai,26497,Xã Vĩnh Thanh,J20,606350.0
20/06/2025,75,Đồng Nai,26497,Xã Vĩnh Thanh,J44,52852.0
20/06/2025,75,Đồng Nai,26497,Xã Vĩnh Thanh,J68,207799.0
20/06/2025,75,Đồng Nai,26497,Xã Vĩnh Thanh,K02,231908.0
20/06/2025,75,Đồng Nai,26497,Xã Vĩnh Thanh,K03,391200.0
20/06/2025,75,Đồng Nai,26497,Xã Vĩnh Thanh,K21,889329.0
20/06/2025,75,Đồng Nai,26497,Xã Vĩnh Thanh,K26,46860.0
20/06/2025,75,Đồng Nai,26497,Xã Vĩnh Thanh,K76,428665.0
20/06/2025,75,Đồng Nai,26497,Xã Vĩnh Thanh,L23,68528.0
20/06/2025,75,Đồng Nai,26497,Xã Vĩnh Thanh,M10,151700.0
20/06/2025,75,Đồng Nai,26497,Xã Vĩnh Thanh,M47,10119816.0
20/06/2025,75,Đồng Nai,26497,Xã Vĩnh Thanh,M54,5368750.0
20/06/2025,75,Đồng Nai,26497,Xã Vĩnh Thanh,M65,582380.0
20/06/2025,75,Đồng Nai,26497,Xã Vĩnh Thanh,M75,2158500.0
20/06/2025,75,Đồng Nai,26497,Xã Vĩnh Thanh,M77,48026.0
20/06/2025,75,Đồng Nai,26497,Xã Vĩnh Thanh,R10,2175030.0
20/06/2025,75,Đồng Nai,26497,Xã Vĩnh Thanh,S01,98863.0
20/06/2025,75,Đồng Nai,26497,Xã Vĩnh Thanh,S81,39485.0
20/06/2025,75,Đồng Nai,26497,Xã Vĩnh Thanh,S83,296860.0
20/06/2025,75,Đồng Nai,26497,Xã Vĩnh Thanh,S90,300370.0
20/06/2025,75,Đồng Nai,26497,Xã Vĩnh Thanh,T03,305260.0
20/06/2025,75,Đồng Nai,26497,Xã Vĩnh Thanh,Z34,119460.0
21/01/2025,75,Đồng Nai,25993,Phường Trảng Dài,Khác,0.0
21/01/2025,75,Đồng Nai,26026,Phường Tân Mai,Khác,0.0
21/01/2025,75,Đồng Nai,26080,Phường Xuân An,Khác,0.0
21/01/2025,75,Đồng Nai,26206,Thị Trấn Định Quán,Khác,0.0
21/01/2025,75,Đồng Nai,26248,Thị Trấn Trảng Bom,Khác,0.0
21/01/2025,75,Đồng Nai,26341,Thị Trấn Long Giao,Khác,0.0
21/02/2025,75,Đồng Nai,25993,Phường Trảng Dài,Khác,0.0
21/02/2025,75,Đồng Nai,26026,Phường Tân Mai,Khác,0.0
21/02/2025,75,Đồng Nai,26080,Phường Xuân An,Khác,0.0
21/02/2025,75,Đồng Nai,26248,Thị Trấn Trảng Bom,Khác,0.0
21/02/2025,75,Đồng Nai,26341,Thị Trấn Long Giao,Khác,0.0
21/02/2025,75,Đồng Nai,26452,Xã Suối Cát,Khác,0.0
21/03/2025,75,Đồng Nai,26026,Phường Tân Mai,Khác,0.0
21/03/2025,75,Đồng Nai,26080,Phường Xuân An,Khác,0.0
21/03/2025,75,Đồng Nai,26248,Thị Trấn Trảng Bom,Khác,0.0
21/03/2025,75,Đồng Nai,26254,Xã Cây Gáo,Khác,0.0
21/03/2025,75,Đồng Nai,26272,Xã Hố Nai 3,Khác,0.0
21/03/2025,75,Đồng Nai,26452,Xã Suối Cát,Khác,0.0
21/04/2025,75,Đồng Nai,25993,Phường Trảng Dài,Khác,0.0
21/04/2025,75,Đồng Nai,25996,Phường Tân Phong,Khác,0.0
21/04/2025,75,Đồng Nai,25999,Phường Tân Biên,Khác,0.0
21/04/2025,75,Đồng Nai,26068,Phường Hóa An,Khác,0.0
21/04/2025,75,Đồng Nai,26095,Phường Suối Tre,Khác,0.0
21/04/2025,75,Đồng Nai,26206,Thị Trấn Định Quán,Khác,0.0
21/04/2025,75,Đồng Nai,26272,Xã Hố Nai 3,Khác,0.0
21/04/2025,75,Đồng Nai,26275,Xã Tây Hoà,Khác,0.0
21/04/2025,75,Đồng Nai,26326,Thị Trấn Dầu Giây,Khác,0.0
21/04/2025,75,Đồng Nai,26368,Thị Trấn Long Thành,Khác,0.0
21/04/2025,75,Đồng Nai,26377,Phường Phước Tân,Khác,0.0
21/04/2025,75,Đồng Nai,26440,Xã Xuân Trường,Khác,0.0
21/04/2025,75,Đồng Nai,26452,Xã Suối Cát,Khác,0.0
21/04/2025,75,Đồng Nai,26485,Xã Phú Hội,Khác,0.0
21/05/2025,75,Đồng Nai,25996,Phường Tân Phong,Khác,0.0
21/05/2025,75,Đồng Nai,25999,Phường Tân Biên,Khác,0.0
21/05/2025,75,Đồng Nai,26017,Phường Tam Hiệp,Khác,0.0
21/05/2025,75,Đồng Nai,26029,Phường Thống Nhất,Khác,0.0
21/05/2025,75,Đồng Nai,26068,Phường Hóa An,Khác,0.0
21/05/2025,75,Đồng Nai,26095,Phường Suối Tre,Khác,0.0
21/05/2025,75,Đồng Nai,26116,Thị Trấn Tân Phú,Khác,0.0
21/05/2025,75,Đồng Nai,26188,Xã Thạnh Phú,Khác,0.0
21/05/2025,75,Đồng Nai,26206,Thị Trấn Định Quán,Khác,0.0
21/05/2025,75,Đồng Nai,26272,Xã Hố Nai 3,Khác,0.0
21/05/2025,75,Đồng Nai,26299,Xã Gia Tân 1,Khác,0.0
21/05/2025,75,Đồng Nai,26317,Xã Hưng Lộc,Khác,0.0
21/05/2025,75,Đồng Nai,26326,Thị Trấn Dầu Giây,Khác,0.0
21/05/2025,75,Đồng Nai,26362,Xã Sông Ray,Khác,0.0
21/05/2025,75,Đồng Nai,26368,Thị Trấn Long Thành,Khác,0.0
21/05/2025,75,Đồng Nai,26377,Phường Phước Tân,Khác,0.0
21/05/2025,75,Đồng Nai,26416,Xã Phước Bình,Khác,0.0
21/05/2025,75,Đồng Nai,26452,Xã Suối Cát,Khác,0.0
21/05/2025,75,Đồng Nai,26455,Xã Xuân Hiệp,Khác,0.0
21/05/2025,75,Đồng Nai,26497,Xã Vĩnh Thanh,Khác,0.0
21/06/2025,75,Đồng Nai,25996,Phường Tân Phong,B18,1960600.0
21/06/2025,75,Đồng Nai,25996,Phường Tân Phong,E11,61564904.0
21/06/2025,75,Đồng Nai,25996,Phường Tân Phong,F95,3904000.0
21/06/2025,75,Đồng Nai,25996,Phường Tân Phong,H16,2690028.0
21/06/2025,75,Đồng Nai,25996,Phường Tân Phong,I87,12269620.0
21/06/2025,75,Đồng Nai,25996,Phường Tân Phong,R07,544656.0
21/06/2025,75,Đồng Nai,26002,Phường Hố Nai,M54,4047860.0
21/06/2025,75,Đồng Nai,26017,Phường Tam Hiệp,G43,205920.0
21/06/2025,75,Đồng Nai,26017,Phường Tam Hiệp,H01,3280400.0
21/06/2025,75,Đồng Nai,26017,Phường Tam Hiệp,H10,1886310.0
21/06/2025,75,Đồng Nai,26017,Phường Tam Hiệp,H25,919503400.0
21/06/2025,75,Đồng Nai,26017,Phường Tam Hiệp,K04,74700.0
21/06/2025,75,Đồng Nai,26017,Phường Tam Hiệp,S80,170440.0
21/06/2025,75,Đồng Nai,26017,Phường Tam Hiệp,S93,170440.0
21/06/2025,75,Đồng Nai,26020,Phường Long Bình,G44,39800.0
21/06/2025,75,Đồng Nai,26020,Phường Long Bình,N94,90750.0
21/06/2025,75,Đồng Nai,26020,Phường Long Bình,R10,96440.0
21/06/2025,75,Đồng Nai,26050,Phường An Bình,K58,1010114.0
21/06/2025,75,Đồng Nai,26056,Phường Long Bình Tân,B02,1283010.0
21/06/2025,75,Đồng Nai,26056,Phường Long Bình Tân,B33,229540.0
21/06/2025,75,Đồng Nai,26056,Phường Long Bình Tân,C20,8796220.0
21/06/2025,75,Đồng Nai,26056,Phường Long Bình Tân,C49,833104.0
21/06/2025,75,Đồng Nai,26056,Phường Long Bình Tân,C50,2850780.0
21/06/2025,75,Đồng Nai,26056,Phường Long Bình Tân,D29,191400.0
21/06/2025,75,Đồng Nai,26056,Phường Long Bình Tân,E07,989360.0
21/06/2025,75,Đồng Nai,26056,Phường Long Bình Tân,E27,995300.0
21/06/2025,75,Đồng Nai,26056,Phường Long Bình Tân,H10,2314002.0
21/06/2025,75,Đồng Nai,26056,Phường Long Bình Tân,H66,693540.0
21/06/2025,75,Đồng Nai,26056,Phường Long Bình Tân,H81,18389337.0
21/06/2025,75,Đồng Nai,26056,Phường Long Bình Tân,J32,24522480.0
21/06/2025,75,Đồng Nai,26056,Phường Long Bình Tân,J35,12106132.0
21/06/2025,75,Đồng Nai,26056,Phường Long Bình Tân,J45,1640294.0
21/06/2025,75,Đồng Nai,26056,Phường Long Bình Tân,K01,5395112.0
21/06/2025,75,Đồng Nai,26056,Phường Long Bình Tân,K29,7410398.0
21/06/2025,75,Đồng Nai,26056,Phường Long Bình Tân,L03,537196.0
21/06/2025,75,Đồng Nai,26056,Phường Long Bình Tân,L50,1098030.0
21/06/2025,75,Đồng Nai,26056,Phường Long Bình Tân,M02,335380.0
21/06/2025,75,Đồng Nai,26056,Phường Long Bình Tân,M65,14613535.0
21/06/2025,75,Đồng Nai,26056,Phường Long Bình Tân,N49,479196.0
21/06/2025,75,Đồng Nai,26056,Phường Long Bình Tân,R50,2715741.0
21/06/2025,75,Đồng Nai,26056,Phường Long Bình Tân,R51,11956718.0
21/06/2025,75,Đồng Nai,26056,Phường Long Bình Tân,R59,7021970.0
21/06/2025,75,Đồng Nai,26056,Phường Long Bình Tân,S01,33200.0
21/06/2025,75,Đồng Nai,26056,Phường Long Bình Tân,S92,694372.0
21/06/2025,75,Đồng Nai,26056,Phường Long Bình Tân,T15,671196.0
21/06/2025,75,Đồng Nai,26056,Phường Long Bình Tân,T17,243160.0
21/06/2025,75,Đồng Nai,26068,Phường Hóa An,G44,131658.0
21/06/2025,75,Đồng Nai,26068,Phường Hóa An,G81,1203000.0
21/06/2025,75,Đồng Nai,26068,Phường Hóa An,I10,9813648.0
21/06/2025,75,Đồng Nai,26068,Phường Hóa An,J18,739033.0
21/06/2025,75,Đồng Nai,26068,Phường Hóa An,J39,358830.0
21/06/2025,75,Đồng Nai,26068,Phường Hóa An,M06,308570.0
21/06/2025,75,Đồng Nai,26068,Phường Hóa An,M51,76218.0
21/06/2025,75,Đồng Nai,26068,Phường Hóa An,S91,36500.0
21/06/2025,75,Đồng Nai,26095,Phường Suối Tre,A08,353800.0
21/06/2025,75,Đồng Nai,26095,Phường Suối Tre,A49,681550.0
21/06/2025,75,Đồng Nai,26095,Phường Suối Tre,S06,3313103.0
21/06/2025,75,Đồng Nai,26095,Phường Suối Tre,S61,140700.0
21/06/2025,75,Đồng Nai,26095,Phường Suối Tre,X20,876437.0
21/06/2025,75,Đồng Nai,26206,Thị Trấn Định Quán,B08,15576088.0
21/06/2025,75,Đồng Nai,26206,Thị Trấn Định Quán,E04,899700.0
21/06/2025,75,Đồng Nai,26206,Thị Trấn Định Quán,E11,21016557.0
21/06/2025,75,Đồng Nai,26206,Thị Trấn Định Quán,J06,5059176.0
21/06/2025,75,Đồng Nai,26206,Thị Trấn Định Quán,J18,6699464.0
21/06/2025,75,Đồng Nai,26206,Thị Trấn Định Quán,J44,13364684.0
21/06/2025,75,Đồng Nai,26206,Thị Trấn Định Quán,K29,926644.0
21/06/2025,75,Đồng Nai,26206,Thị Trấn Định Quán,K52,5515784.0
21/06/2025,75,Đồng Nai,26206,Thị Trấn Định Quán,K59,5198204.0
21/06/2025,75,Đồng Nai,26206,Thị Trấn Định Quán,M13,2224148.0
21/06/2025,75,Đồng Nai,26206,Thị Trấn Định Quán,Q38,45000.0
21/06/2025,75,Đồng Nai,26206,Thị Trấn Định Quán,S61,24288717.0
21/06/2025,75,Đồng Nai,26206,Thị Trấn Định Quán,T78,203190.0
21/06/2025,75,Đồng Nai,26272,Xã Hố Nai 3,E11,2934821.0
21/06/2025,75,Đồng Nai,26272,Xã Hố Nai 3,G58,130310.0
21/06/2025,75,Đồng Nai,26272,Xã Hố Nai 3,H44,152794.0
21/06/2025,75,Đồng Nai,26272,Xã Hố Nai 3,K29,444169.0
21/06/2025,75,Đồng Nai,26272,Xã Hố Nai 3,L03,197600.0
21/06/2025,75,Đồng Nai,26272,Xã Hố Nai 3,L20,253680.0
21/06/2025,75,Đồng Nai,26272,Xã Hố Nai 3,M13,130310.0
21/06/2025,75,Đồng Nai,26272,Xã Hố Nai 3,M17,3208380.0
21/06/2025,75,Đồng Nai,26272,Xã Hố Nai 3,M25,128350.0
21/06/2025,75,Đồng Nai,26272,Xã Hố Nai 3,Z34,709500.0
21/06/2025,75,Đồng Nai,26296,Xã An Viễn,J20,1067040.0
21/06/2025,75,Đồng Nai,26296,Xã An Viễn,M79,779280.0
21/06/2025,75,Đồng Nai,26296,Xã An Viễn,S90,144726.0
21/06/2025,75,Đồng Nai,26296,Xã An Viễn,S91,147930.0
21/06/2025,75,Đồng Nai,26296,Xã An Viễn,T01,312594.0
21/06/2025,75,Đồng Nai,26296,Xã An Viễn,Z34,1435800.0
21/06/2025,75,Đồng Nai,26299,Xã Gia Tân 1,G56,81405.0
21/06/2025,75,Đồng Nai,26299,Xã Gia Tân 1,I83,298600.0
21/06/2025,75,Đồng Nai,26299,Xã Gia Tân 1,J20,50990.0
21/06/2025,75,Đồng Nai,26299,Xã Gia Tân 1,K05,60212.0
21/06/2025,75,Đồng Nai,26299,Xã Gia Tân 1,R10,200700.0
21/06/2025,75,Đồng Nai,26299,Xã Gia Tân 1,S00,500947.0
21/06/2025,75,Đồng Nai,26299,Xã Gia Tân 1,S20,260579.0
21/06/2025,75,Đồng Nai,26299,Xã Gia Tân 1,Z35,123700.0
21/06/2025,75,Đồng Nai,26311,Xã Quang Trung,G56,460600.0
21/06/2025,75,Đồng Nai,26311,Xã Quang Trung,J20,256880.0
21/06/2025,75,Đồng Nai,26311,Xã Quang Trung,M75,1146232.0
21/06/2025,75,Đồng Nai,26311,Xã Quang Trung,N39,2121080.0
21/06/2025,75,Đồng Nai,26311,Xã Quang Trung,R50,5728536.0
21/06/2025,75,Đồng Nai,26317,Xã Hưng Lộc,J20,297450.0
21/06/2025,75,Đồng Nai,26317,Xã Hưng Lộc,M17,1313212.0
21/06/2025,75,Đồng Nai,26317,Xã Hưng Lộc,M75,267630.0
21/06/2025,75,Đồng Nai,26326,Thị Trấn Dầu Giây,A97,574857.0
21/06/2025,75,Đồng Nai,26326,Thị Trấn Dầu Giây,B18,71840.0
21/06/2025,75,Đồng Nai,26326,Thị Trấn Dầu Giây,E78,177000.0
21/06/2025,75,Đồng Nai,26326,Thị Trấn Dầu Giây,J06,4006755.0
21/06/2025,75,Đồng Nai,26326,Thị Trấn Dầu Giây,M13,962419.0
21/06/2025,75,Đồng Nai,26326,Thị Trấn Dầu Giây,N23,276564.0
21/06/2025,75,Đồng Nai,26326,Thị Trấn Dầu Giây,N76,454974.0
21/06/2025,75,Đồng Nai,26326,Thị Trấn Dầu Giây,S81,119088.0
21/06/2025,75,Đồng Nai,26326,Thị Trấn Dầu Giây,T11,322894.0
21/06/2025,75,Đồng Nai,26362,Xã Sông Ray,J02,277178.0
21/06/2025,75,Đồng Nai,26362,Xã Sông Ray,K59,101712.0
21/06/2025,75,Đồng Nai,26362,Xã Sông Ray,M25,3299618.0
21/06/2025,75,Đồng Nai,26362,Xã Sông Ray,N20,234780.0
21/06/2025,75,Đồng Nai,26362,Xã Sông Ray,N60,178842.0
21/06/2025,75,Đồng Nai,26362,Xã Sông Ray,Z34,1199880.0
21/06/2025,75,Đồng Nai,26368,Thị Trấn Long Thành,A04,4761699.2
21/06/2025,75,Đồng Nai,26368,Thị Trấn Long Thành,E11,8870715.0
21/06/2025,75,Đồng Nai,26368,Thị Trấn Long Thành,H10,85300.0
21/06/2025,75,Đồng Nai,26368,Thị Trấn Long Thành,I10,5106698.0
21/06/2025,75,Đồng Nai,26368,Thị Trấn Long Thành,K02,195900.0
21/06/2025,75,Đồng Nai,26368,Thị Trấn Long Thành,K92,734810.0
21/06/2025,75,Đồng Nai,26368,Thị Trấn Long Thành,L02,489830.0
21/06/2025,75,Đồng Nai,26368,Thị Trấn Long Thành,S00,595100.0
21/06/2025,75,Đồng Nai,26368,Thị Trấn Long Thành,S40,125200.0
21/06/2025,75,Đồng Nai,26368,Thị Trấn Long Thành,S42,136840.0
21/06/2025,75,Đồng Nai,26368,Thị Trấn Long Thành,S62,754800.0
21/06/2025,75,Đồng Nai,26374,Phường Tam Phước,G58,152520.0
21/06/2025,75,Đồng Nai,26374,Phường Tam Phước,H81,2023984.0
21/06/2025,75,Đồng Nai,26374,Phường Tam Phước,K02,983400.0
21/06/2025,75,Đồng Nai,26374,Phường Tam Phước,K21,17595110.0
21/06/2025,75,Đồng Nai,26374,Phường Tam Phước,M13,379400.0
21/06/2025,75,Đồng Nai,26416,Xã Phước Bình,G45,510100.0
21/06/2025,75,Đồng Nai,26416,Xã Phước Bình,H81,1308050.0
21/06/2025,75,Đồng Nai,26416,Xã Phước Bình,I88,1452250.0
21/06/2025,75,Đồng Nai,26416,Xã Phước Bình,J20,6488200.0
21/06/2025,75,Đồng Nai,26416,Xã Phước Bình,K21,4456930.0
21/06/2025,75,Đồng Nai,26416,Xã Phước Bình,M48,904910.0
21/06/2025,75,Đồng Nai,26416,Xã Phước Bình,T78,445450.0
21/06/2025,75,Đồng Nai,26455,Xã Xuân Hiệp,A75,403380.0
21/06/2025,75,Đồng Nai,26455,Xã Xuân Hiệp,G55,2284200.0
21/06/2025,75,Đồng Nai,26455,Xã Xuân Hiệp,H00,562590.0
21/06/2025,75,Đồng Nai,26455,Xã Xuân Hiệp,J02,2064315.0
21/06/2025,75,Đồng Nai,26455,Xã Xuân Hiệp,J45,1454811.0
21/06/2025,75,Đồng Nai,26455,Xã Xuân Hiệp,K04,2484360.0
21/06/2025,75,Đồng Nai,26455,Xã Xuân Hiệp,L20,2732304.0
21/06/2025,75,Đồng Nai,26455,Xã Xuân Hiệp,M13,3932211.0
21/06/2025,75,Đồng Nai,26455,Xã Xuân Hiệp,M50,3170958.0
21/06/2025,75,Đồng Nai,26455,Xã Xuân Hiệp,S80,1982370.0
21/06/2025,75,Đồng Nai,26497,Xã Vĩnh Thanh,K21,1680057.0
21/06/2025,75,Đồng Nai,26497,Xã Vĩnh Thanh,L03,335663.0
21/06/2025,75,Đồng Nai,26497,Xã Vĩnh Thanh,S90,322292.0
22/01/2025,75,Đồng Nai,25993,Phường Trảng Dài,Khác,0.0
22/01/2025,75,Đồng Nai,26080,Phường Xuân An,Khác,0.0
22/01/2025,75,Đồng Nai,26248,Thị Trấn Trảng Bom,Khác,0.0
22/01/2025,75,Đồng Nai,26341,Thị Trấn Long Giao,Khác,0.0
22/02/2025,75,Đồng Nai,26248,Thị Trấn Trảng Bom,Khác,0.0
22/02/2025,75,Đồng Nai,26341,Thị Trấn Long Giao,Khác,0.0
22/02/2025,75,Đồng Nai,26452,Xã Suối Cát,Khác,0.0
22/03/2025,75,Đồng Nai,26026,Phường Tân Mai,Khác,0.0
22/03/2025,75,Đồng Nai,26248,Thị Trấn Trảng Bom,Khác,0.0
22/03/2025,75,Đồng Nai,26272,Xã Hố Nai 3,Khác,0.0
22/03/2025,75,Đồng Nai,26452,Xã Suối Cát,Khác,0.0
22/04/2025,75,Đồng Nai,25993,Phường Trảng Dài,Khác,0.0
22/04/2025,75,Đồng Nai,25996,Phường Tân Phong,Khác,0.0
22/04/2025,75,Đồng Nai,25999,Phường Tân Biên,Khác,0.0
22/04/2025,75,Đồng Nai,26068,Phường Hóa An,Khác,0.0
22/04/2025,75,Đồng Nai,26095,Phường Suối Tre,Khác,0.0
22/04/2025,75,Đồng Nai,26206,Thị Trấn Định Quán,Khác,0.0
22/04/2025,75,Đồng Nai,26272,Xã Hố Nai 3,Khác,0.0
22/04/2025,75,Đồng Nai,26326,Thị Trấn Dầu Giây,Khác,0.0
22/04/2025,75,Đồng Nai,26368,Thị Trấn Long Thành,Khác,0.0
22/04/2025,75,Đồng Nai,26377,Phường Phước Tân,Khác,0.0
22/04/2025,75,Đồng Nai,26452,Xã Suối Cát,Khác,0.0
22/05/2025,75,Đồng Nai,25996,Phường Tân Phong,Khác,0.0
22/05/2025,75,Đồng Nai,25999,Phường Tân Biên,Khác,0.0
22/05/2025,75,Đồng Nai,26017,Phường Tam Hiệp,Khác,0.0
22/05/2025,75,Đồng Nai,26029,Phường Thống Nhất,Khác,0.0
22/05/2025,75,Đồng Nai,26068,Phường Hóa An,Khác,0.0
22/05/2025,75,Đồng Nai,26095,Phường Suối Tre,Khác,0.0
22/05/2025,75,Đồng Nai,26116,Thị Trấn Tân Phú,Khác,0.0
22/05/2025,75,Đồng Nai,26188,Xã Thạnh Phú,Khác,0.0
22/05/2025,75,Đồng Nai,26206,Thị Trấn Định Quán,Khác,0.0
22/05/2025,75,Đồng Nai,26272,Xã Hố Nai 3,Khác,0.0
22/05/2025,75,Đồng Nai,26296,Xã An Viễn,Khác,0.0
22/05/2025,75,Đồng Nai,26299,Xã Gia Tân 1,Khác,0.0
22/05/2025,75,Đồng Nai,26311,Xã Quang Trung,Khác,0.0
22/05/2025,75,Đồng Nai,26317,Xã Hưng Lộc,Khác,0.0
22/05/2025,75,Đồng Nai,26326,Thị Trấn Dầu Giây,Khác,0.0
22/05/2025,75,Đồng Nai,26362,Xã Sông Ray,Khác,0.0
22/05/2025,75,Đồng Nai,26368,Thị Trấn Long Thành,Khác,0.0
22/05/2025,75,Đồng Nai,26374,Phường Tam Phước,Khác,0.0
22/05/2025,75,Đồng Nai,26377,Phường Phước Tân,Khác,0.0
22/05/2025,75,Đồng Nai,26416,Xã Phước Bình,Khác,0.0
22/05/2025,75,Đồng Nai,26452,Xã Suối Cát,Khác,0.0
22/05/2025,75,Đồng Nai,26455,Xã Xuân Hiệp,Khác,0.0
22/05/2025,75,Đồng Nai,26497,Xã Vĩnh Thanh,Khác,0.0
22/08/2024,75,Đồng Nai,25999,Phường Tân Biên,Khác,0.0
23/01/2025,75,Đồng Nai,26080,Phường Xuân An,Khác,0.0
23/01/2025,75,Đồng Nai,26248,Thị Trấn Trảng Bom,Khác,0.0
23/01/2025,75,Đồng Nai,26341,Thị Trấn Long Giao,Khác,0.0
23/02/2025,75,Đồng Nai,26248,Thị Trấn Trảng Bom,Khác,0.0
23/02/2025,75,Đồng Nai,26341,Thị Trấn Long Giao,Khác,0.0
23/02/2025,75,Đồng Nai,26452,Xã Suối Cát,Khác,0.0
23/03/2025,75,Đồng Nai,26248,Thị Trấn Trảng Bom,Khác,0.0
23/03/2025,75,Đồng Nai,26272,Xã Hố Nai 3,Khác,0.0
23/03/2025,75,Đồng Nai,26452,Xã Suối Cát,Khác,0.0
23/04/2025,75,Đồng Nai,25993,Phường Trảng Dài,Khác,0.0
23/04/2025,75,Đồng Nai,25996,Phường Tân Phong,Khác,0.0
23/04/2025,75,Đồng Nai,25999,Phường Tân Biên,Khác,0.0
23/04/2025,75,Đồng Nai,26017,Phường Tam Hiệp,Khác,0.0
23/04/2025,75,Đồng Nai,26068,Phường Hóa An,Khác,0.0
23/04/2025,75,Đồng Nai,26095,Phường Suối Tre,Khác,0.0
23/04/2025,75,Đồng Nai,26206,Thị Trấn Định Quán,Khác,0.0
23/04/2025,75,Đồng Nai,26272,Xã Hố Nai 3,Khác,0.0
23/04/2025,75,Đồng Nai,26326,Thị Trấn Dầu Giây,Khác,0.0
23/04/2025,75,Đồng Nai,26368,Thị Trấn Long Thành,Khác,0.0
23/04/2025,75,Đồng Nai,26377,Phường Phước Tân,Khác,0.0
23/04/2025,75,Đồng Nai,26440,Xã Xuân Trường,Khác,0.0
23/04/2025,75,Đồng Nai,26452,Xã Suối Cát,Khác,0.0
23/05/2025,75,Đồng Nai,25996,Phường Tân Phong,Khác,0.0
23/05/2025,75,Đồng Nai,25999,Phường Tân Biên,Khác,0.0
23/05/2025,75,Đồng Nai,26017,Phường Tam Hiệp,Khác,0.0
23/05/2025,75,Đồng Nai,26029,Phường Thống Nhất,Khác,0.0
23/05/2025,75,Đồng Nai,26050,Phường An Bình,Khác,0.0
23/05/2025,75,Đồng Nai,26068,Phường Hóa An,Khác,0.0
23/05/2025,75,Đồng Nai,26095,Phường Suối Tre,Khác,0.0
23/05/2025,75,Đồng Nai,26116,Thị Trấn Tân Phú,Khác,0.0
23/05/2025,75,Đồng Nai,26188,Xã Thạnh Phú,Khác,0.0
23/05/2025,75,Đồng Nai,26206,Thị Trấn Định Quán,Khác,0.0
23/05/2025,75,Đồng Nai,26272,Xã Hố Nai 3,Khác,0.0
23/05/2025,75,Đồng Nai,26296,Xã An Viễn,Khác,0.0
23/05/2025,75,Đồng Nai,26299,Xã Gia Tân 1,Khác,0.0
23/05/2025,75,Đồng Nai,26311,Xã Quang Trung,Khác,0.0
23/05/2025,75,Đồng Nai,26317,Xã Hưng Lộc,Khác,0.0
23/05/2025,75,Đồng Nai,26326,Thị Trấn Dầu Giây,Khác,0.0
23/05/2025,75,Đồng Nai,26368,Thị Trấn Long Thành,Khác,0.0
23/05/2025,75,Đồng Nai,26377,Phường Phước Tân,Khác,0.0
23/05/2025,75,Đồng Nai,26416,Xã Phước Bình,Khác,0.0
23/05/2025,75,Đồng Nai,26452,Xã Suối Cát,Khác,0.0
23/05/2025,75,Đồng Nai,26455,Xã Xuân Hiệp,Khác,0.0
23/12/2024,75,Đồng Nai,26095,Phường Suối Tre,Khác,0.0
24/01/2025,75,Đồng Nai,26026,Phường Tân Mai,Khác,0.0
24/01/2025,75,Đồng Nai,26080,Phường Xuân An,Khác,0.0
24/01/2025,75,Đồng Nai,26248,Thị Trấn Trảng Bom,Khác,0.0
24/01/2025,75,Đồng Nai,26341,Thị Trấn Long Giao,Khác,0.0
24/02/2025,75,Đồng Nai,25993,Phường Trảng Dài,Khác,0.0
24/02/2025,75,Đồng Nai,26026,Phường Tân Mai,Khác,0.0
24/02/2025,75,Đồng Nai,26080,Phường Xuân An,Khác,0.0
24/02/2025,75,Đồng Nai,26248,Thị Trấn Trảng Bom,Khác,0.0
24/02/2025,75,Đồng Nai,26341,Thị Trấn Long Giao,Khác,0.0
24/02/2025,75,Đồng Nai,26452,Xã Suối Cát,Khác,0.0
24/03/2025,75,Đồng Nai,26026,Phường Tân Mai,Khác,0.0
24/03/2025,75,Đồng Nai,26080,Phường Xuân An,Khác,0.0
24/03/2025,75,Đồng Nai,26248,Thị Trấn Trảng Bom,Khác,0.0
24/03/2025,75,Đồng Nai,26272,Xã Hố Nai 3,Khác,0.0
24/03/2025,75,Đồng Nai,26452,Xã Suối Cát,Khác,0.0
24/04/2025,75,Đồng Nai,25993,Phường Trảng Dài,Khác,0.0
24/04/2025,75,Đồng Nai,25996,Phường Tân Phong,Khác,0.0
24/04/2025,75,Đồng Nai,25999,Phường Tân Biên,Khác,0.0
24/04/2025,75,Đồng Nai,26095,Phường Suối Tre,Khác,0.0
24/04/2025,75,Đồng Nai,26206,Thị Trấn Định Quán,Khác,0.0
24/04/2025,75,Đồng Nai,26272,Xã Hố Nai 3,Khác,0.0
24/04/2025,75,Đồng Nai,26326,Thị Trấn Dầu Giây,Khác,0.0
24/04/2025,75,Đồng Nai,26368,Thị Trấn Long Thành,Khác,0.0
24/04/2025,75,Đồng Nai,26377,Phường Phước Tân,Khác,0.0
24/04/2025,75,Đồng Nai,26452,Xã Suối Cát,Khác,0.0
24/05/2025,75,Đồng Nai,25999,Phường Tân Biên,Khác,0.0
24/05/2025,75,Đồng Nai,26017,Phường Tam Hiệp,Khác,0.0
24/05/2025,75,Đồng Nai,26029,Phường Thống Nhất,Khác,0.0
24/05/2025,75,Đồng Nai,26050,Phường An Bình,Khác,0.0
24/05/2025,75,Đồng Nai,26068,Phường Hóa An,Khác,0.0
24/05/2025,75,Đồng Nai,26095,Phường Suối Tre,Khác,0.0
24/05/2025,75,Đồng Nai,26116,Thị Trấn Tân Phú,Khác,0.0
24/05/2025,75,Đồng Nai,26188,Xã Thạnh Phú,Khác,0.0
24/05/2025,75,Đồng Nai,26272,Xã Hố Nai 3,Khác,0.0
24/05/2025,75,Đồng Nai,26326,Thị Trấn Dầu Giây,Khác,0.0
24/05/2025,75,Đồng Nai,26368,Thị Trấn Long Thành,Khác,0.0
24/05/2025,75,Đồng Nai,26374,Phường Tam Phước,Khác,0.0
24/05/2025,75,Đồng Nai,26377,Phường Phước Tân,Khác,0.0
24/05/2025,75,Đồng Nai,26452,Xã Suối Cát,Khác,0.0
24/05/2025,75,Đồng Nai,26455,Xã Xuân Hiệp,Khác,0.0
24/05/2025,75,Đồng Nai,26497,Xã Vĩnh Thanh,Khác,0.0
25/01/2025,75,Đồng Nai,26248,Thị Trấn Trảng Bom,Khác,0.0
25/01/2025,75,Đồng Nai,26341,Thị Trấn Long Giao,Khác,0.0
25/02/2025,75,Đồng Nai,25993,Phường Trảng Dài,Khác,0.0
25/02/2025,75,Đồng Nai,26080,Phường Xuân An,Khác,0.0
25/02/2025,75,Đồng Nai,26248,Thị Trấn Trảng Bom,Khác,0.0
25/02/2025,75,Đồng Nai,26341,Thị Trấn Long Giao,Khác,0.0
25/02/2025,75,Đồng Nai,26452,Xã Suối Cát,Khác,0.0
25/03/2025,75,Đồng Nai,26026,Phường Tân Mai,Khác,0.0
25/03/2025,75,Đồng Nai,26248,Thị Trấn Trảng Bom,Khác,0.0
25/03/2025,75,Đồng Nai,26254,Xã Cây Gáo,Khác,0.0
25/03/2025,75,Đồng Nai,26272,Xã Hố Nai 3,Khác,0.0
25/03/2025,75,Đồng Nai,26452,Xã Suối Cát,Khác,0.0
25/03/2025,75,Đồng Nai,26479,Thị Trấn Hiệp Phước,Khác,0.0
25/04/2025,75,Đồng Nai,25993,Phường Trảng Dài,Khác,0.0
25/04/2025,75,Đồng Nai,25996,Phường Tân Phong,Khác,0.0
25/04/2025,75,Đồng Nai,25999,Phường Tân Biên,Khác,0.0
25/04/2025,75,Đồng Nai,26095,Phường Suối Tre,Khác,0.0
25/04/2025,75,Đồng Nai,26206,Thị Trấn Định Quán,Khác,0.0
25/04/2025,75,Đồng Nai,26272,Xã Hố Nai 3,Khác,0.0
25/04/2025,75,Đồng Nai,26326,Thị Trấn Dầu Giây,Khác,0.0
25/04/2025,75,Đồng Nai,26368,Thị Trấn Long Thành,Khác,0.0
25/04/2025,75,Đồng Nai,26377,Phường Phước Tân,Khác,0.0
25/04/2025,75,Đồng Nai,26452,Xã Suối Cát,Khác,0.0
25/05/2025,75,Đồng Nai,25999,Phường Tân Biên,Khác,0.0
25/05/2025,75,Đồng Nai,26017,Phường Tam Hiệp,Khác,0.0
25/05/2025,75,Đồng Nai,26029,Phường Thống Nhất,Khác,0.0
25/05/2025,75,Đồng Nai,26068,Phường Hóa An,Khác,0.0
25/05/2025,75,Đồng Nai,26095,Phường Suối Tre,Khác,0.0
25/05/2025,75,Đồng Nai,26116,Thị Trấn Tân Phú,Khác,0.0
25/05/2025,75,Đồng Nai,26188,Xã Thạnh Phú,Khác,0.0
25/05/2025,75,Đồng Nai,26272,Xã Hố Nai 3,Khác,0.0
25/05/2025,75,Đồng Nai,26296,Xã An Viễn,Khác,0.0
25/05/2025,75,Đồng Nai,26299,Xã Gia Tân 1,Khác,0.0
25/05/2025,75,Đồng Nai,26311,Xã Quang Trung,Khác,0.0
25/05/2025,75,Đồng Nai,26326,Thị Trấn Dầu Giây,Khác,0.0
25/05/2025,75,Đồng Nai,26368,Thị Trấn Long Thành,Khác,0.0
25/05/2025,75,Đồng Nai,26374,Phường Tam Phước,Khác,0.0
25/05/2025,75,Đồng Nai,26452,Xã Suối Cát,Khác,0.0
25/05/2025,75,Đồng Nai,26455,Xã Xuân Hiệp,Khác,0.0
25/05/2025,75,Đồng Nai,26497,Xã Vĩnh Thanh,Khác,0.0
26/01/2025,75,Đồng Nai,26248,Thị Trấn Trảng Bom,Khác,0.0
26/01/2025,75,Đồng Nai,26341,Thị Trấn Long Giao,Khác,0.0
26/02/2025,75,Đồng Nai,25993,Phường Trảng Dài,Khác,0.0
26/02/2025,75,Đồng Nai,26026,Phường Tân Mai,Khác,0.0
26/02/2025,75,Đồng Nai,26248,Thị Trấn Trảng Bom,Khác,0.0
26/02/2025,75,Đồng Nai,26341,Thị Trấn Long Giao,Khác,0.0
26/02/2025,75,Đồng Nai,26452,Xã Suối Cát,Khác,0.0
26/03/2025,75,Đồng Nai,26026,Phường Tân Mai,Khác,0.0
26/03/2025,75,Đồng Nai,26080,Phường Xuân An,Khác,0.0
26/03/2025,75,Đồng Nai,26248,Thị Trấn Trảng Bom,Khác,0.0
26/03/2025,75,Đồng Nai,26272,Xã Hố Nai 3,Khác,0.0
26/03/2025,75,Đồng Nai,26452,Xã Suối Cát,Khác,0.0
26/04/2025,75,Đồng Nai,25993,Phường Trảng Dài,Khác,0.0
26/04/2025,75,Đồng Nai,25996,Phường Tân Phong,Khác,0.0
26/04/2025,75,Đồng Nai,25999,Phường Tân Biên,Khác,0.0
26/04/2025,75,Đồng Nai,26017,Phường Tam Hiệp,Khác,0.0
26/04/2025,75,Đồng Nai,26068,Phường Hóa An,Khác,0.0
26/04/2025,75,Đồng Nai,26095,Phường Suối Tre,Khác,0.0
26/04/2025,75,Đồng Nai,26206,Thị Trấn Định Quán,Khác,0.0
26/04/2025,75,Đồng Nai,26272,Xã Hố Nai 3,Khác,0.0
26/04/2025,75,Đồng Nai,26326,Thị Trấn Dầu Giây,Khác,0.0
26/04/2025,75,Đồng Nai,26362,Xã Sông Ray,Khác,0.0
26/04/2025,75,Đồng Nai,26368,Thị Trấn Long Thành,Khác,0.0
26/04/2025,75,Đồng Nai,26377,Phường Phước Tân,Khác,0.0
26/04/2025,75,Đồng Nai,26452,Xã Suối Cát,Khác,0.0
26/04/2025,75,Đồng Nai,26470,Xã Phước Thiền,Khác,0.0
26/05/2025,75,Đồng Nai,25996,Phường Tân Phong,Khác,0.0
26/05/2025,75,Đồng Nai,25999,Phường Tân Biên,Khác,0.0
26/05/2025,75,Đồng Nai,26017,Phường Tam Hiệp,Khác,0.0
26/05/2025,75,Đồng Nai,26029,Phường Thống Nhất,Khác,0.0
26/05/2025,75,Đồng Nai,26050,Phường An Bình,Khác,0.0
26/05/2025,75,Đồng Nai,26068,Phường Hóa An,Khác,0.0
26/05/2025,75,Đồng Nai,26095,Phường Suối Tre,Khác,0.0
26/05/2025,75,Đồng Nai,26116,Thị Trấn Tân Phú,Khác,0.0
26/05/2025,75,Đồng Nai,26188,Xã Thạnh Phú,Khác,0.0
26/05/2025,75,Đồng Nai,26206,Thị Trấn Định Quán,Khác,0.0
26/05/2025,75,Đồng Nai,26272,Xã Hố Nai 3,Khác,0.0
26/05/2025,75,Đồng Nai,26296,Xã An Viễn,Khác,0.0
26/05/2025,75,Đồng Nai,26299,Xã Gia Tân 1,Khác,0.0
26/05/2025,75,Đồng Nai,26317,Xã Hưng Lộc,Khác,0.0
26/05/2025,75,Đồng Nai,26326,Thị Trấn Dầu Giây,Khác,0.0
26/05/2025,75,Đồng Nai,26362,Xã Sông Ray,Khác,0.0
26/05/2025,75,Đồng Nai,26368,Thị Trấn Long Thành,Khác,0.0
26/05/2025,75,Đồng Nai,26377,Phường Phước Tân,Khác,0.0
26/05/2025,75,Đồng Nai,26455,Xã Xuân Hiệp,Khác,0.0
26/05/2025,75,Đồng Nai,26497,Xã Vĩnh Thanh,Khác,0.0
27/01/2025,75,Đồng Nai,26248,Thị Trấn Trảng Bom,Khác,0.0
27/01/2025,75,Đồng Nai,26341,Thị Trấn Long Giao,Khác,0.0
27/02/2025,75,Đồng Nai,25993,Phường Trảng Dài,Khác,0.0
27/02/2025,75,Đồng Nai,26026,Phường Tân Mai,Khác,0.0
27/02/2025,75,Đồng Nai,26248,Thị Trấn Trảng Bom,Khác,0.0
27/02/2025,75,Đồng Nai,26341,Thị Trấn Long Giao,Khác,0.0
27/02/2025,75,Đồng Nai,26452,Xã Suối Cát,Khác,0.0
27/03/2025,75,Đồng Nai,26026,Phường Tân Mai,Khác,0.0
27/03/2025,75,Đồng Nai,26080,Phường Xuân An,Khác,0.0
27/03/2025,75,Đồng Nai,26248,Thị Trấn Trảng Bom,Khác,0.0
27/03/2025,75,Đồng Nai,26272,Xã Hố Nai 3,Khác,0.0
27/03/2025,75,Đồng Nai,26452,Xã Suối Cát,Khác,0.0
27/04/2025,75,Đồng Nai,25999,Phường Tân Biên,Khác,0.0
27/04/2025,75,Đồng Nai,26017,Phường Tam Hiệp,Khác,0.0
27/04/2025,75,Đồng Nai,26095,Phường Suối Tre,Khác,0.0
27/04/2025,75,Đồng Nai,26188,Xã Thạnh Phú,Khác,0.0
27/04/2025,75,Đồng Nai,26206,Thị Trấn Định Quán,Khác,0.0
27/04/2025,75,Đồng Nai,26272,Xã Hố Nai 3,Khác,0.0
27/04/2025,75,Đồng Nai,26326,Thị Trấn Dầu Giây,Khác,0.0
27/04/2025,75,Đồng Nai,26362,Xã Sông Ray,Khác,0.0
27/04/2025,75,Đồng Nai,26368,Thị Trấn Long Thành,Khác,0.0
27/04/2025,75,Đồng Nai,26452,Xã Suối Cát,Khác,0.0
27/05/2025,75,Đồng Nai,25996,Phường Tân Phong,Khác,0.0
27/05/2025,75,Đồng Nai,25999,Phường Tân Biên,Khác,0.0
27/05/2025,75,Đồng Nai,26017,Phường Tam Hiệp,Khác,0.0
27/05/2025,75,Đồng Nai,26029,Phường Thống Nhất,Khác,0.0
27/05/2025,75,Đồng Nai,26050,Phường An Bình,Khác,0.0
27/05/2025,75,Đồng Nai,26068,Phường Hóa An,Khác,0.0
27/05/2025,75,Đồng Nai,26095,Phường Suối Tre,Khác,0.0
27/05/2025,75,Đồng Nai,26116,Thị Trấn Tân Phú,Khác,0.0
27/05/2025,75,Đồng Nai,26188,Xã Thạnh Phú,Khác,0.0
27/05/2025,75,Đồng Nai,26206,Thị Trấn Định Quán,Khác,0.0
27/05/2025,75,Đồng Nai,26272,Xã Hố Nai 3,Khác,0.0
27/05/2025,75,Đồng Nai,26296,Xã An Viễn,Khác,0.0
27/05/2025,75,Đồng Nai,26299,Xã Gia Tân 1,Khác,0.0
27/05/2025,75,Đồng Nai,26317,Xã Hưng Lộc,Khác,0.0
27/05/2025,75,Đồng Nai,26326,Thị Trấn Dầu Giây,Khác,0.0
27/05/2025,75,Đồng Nai,26362,Xã Sông Ray,Khác,0.0
27/05/2025,75,Đồng Nai,26368,Thị Trấn Long Thành,Khác,0.0
27/05/2025,75,Đồng Nai,26377,Phường Phước Tân,Khác,0.0
27/05/2025,75,Đồng Nai,26416,Xã Phước Bình,Khác,0.0
27/05/2025,75,Đồng Nai,26455,Xã Xuân Hiệp,Khác,0.0
27/05/2025,75,Đồng Nai,26497,Xã Vĩnh Thanh,Khác,0.0
27/12/2024,75,Đồng Nai,26377,Phường Phước Tân,Khác,0.0
28/01/2025,75,Đồng Nai,26341,Thị Trấn Long Giao,Khác,0.0
28/02/2025,75,Đồng Nai,26026,Phường Tân Mai,Khác,0.0
28/02/2025,75,Đồng Nai,26248,Thị Trấn Trảng Bom,Khác,0.0
28/02/2025,75,Đồng Nai,26341,Thị Trấn Long Giao,Khác,0.0
28/02/2025,75,Đồng Nai,26452,Xã Suối Cát,Khác,0.0
28/03/2025,75,Đồng Nai,25996,Phường Tân Phong,Khác,0.0
28/03/2025,75,Đồng Nai,26026,Phường Tân Mai,Khác,0.0
28/03/2025,75,Đồng Nai,26080,Phường Xuân An,Khác,0.0
28/03/2025,75,Đồng Nai,26248,Thị Trấn Trảng Bom,Khác,0.0
28/03/2025,75,Đồng Nai,26272,Xã Hố Nai 3,Khác,0.0
28/03/2025,75,Đồng Nai,26452,Xã Suối Cát,Khác,0.0
28/04/2025,75,Đồng Nai,25993,Phường Trảng Dài,Khác,0.0
28/04/2025,75,Đồng Nai,25996,Phường Tân Phong,Khác,0.0
28/04/2025,75,Đồng Nai,25999,Phường Tân Biên,Khác,0.0
28/04/2025,75,Đồng Nai,26068,Phường Hóa An,Khác,0.0
28/04/2025,75,Đồng Nai,26095,Phường Suối Tre,Khác,0.0
28/04/2025,75,Đồng Nai,26107,Xã Bàu Trâm,Khác,0.0
28/04/2025,75,Đồng Nai,26188,Xã Thạnh Phú,Khác,0.0
28/04/2025,75,Đồng Nai,26206,Thị Trấn Định Quán,Khác,0.0
28/04/2025,75,Đồng Nai,26272,Xã Hố Nai 3,Khác,0.0
28/04/2025,75,Đồng Nai,26326,Thị Trấn Dầu Giây,Khác,0.0
28/04/2025,75,Đồng Nai,26341,Thị Trấn Long Giao,Khác,0.0
28/04/2025,75,Đồng Nai,26362,Xã Sông Ray,Khác,0.0
28/04/2025,75,Đồng Nai,26368,Thị Trấn Long Thành,Khác,0.0
28/04/2025,75,Đồng Nai,26377,Phường Phước Tân,Khác,0.0
28/04/2025,75,Đồng Nai,26452,Xã Suối Cát,Khác,0.0
28/04/2025,75,Đồng Nai,26455,Xã Xuân Hiệp,Khác,0.0
28/05/2025,75,Đồng Nai,25996,Phường Tân Phong,Khác,0.0
28/05/2025,75,Đồng Nai,25999,Phường Tân Biên,Khác,0.0
28/05/2025,75,Đồng Nai,26017,Phường Tam Hiệp,Khác,0.0
28/05/2025,75,Đồng Nai,26029,Phường Thống Nhất,Khác,0.0
28/05/2025,75,Đồng Nai,26050,Phường An Bình,Khác,0.0
28/05/2025,75,Đồng Nai,26068,Phường Hóa An,Khác,0.0
28/05/2025,75,Đồng Nai,26116,Thị Trấn Tân Phú,Khác,0.0
28/05/2025,75,Đồng Nai,26188,Xã Thạnh Phú,Khác,0.0
28/05/2025,75,Đồng Nai,26206,Thị Trấn Định Quán,Khác,0.0
28/05/2025,75,Đồng Nai,26272,Xã Hố Nai 3,Khác,0.0
28/05/2025,75,Đồng Nai,26296,Xã An Viễn,Khác,0.0
28/05/2025,75,Đồng Nai,26299,Xã Gia Tân 1,Khác,0.0
28/05/2025,75,Đồng Nai,26317,Xã Hưng Lộc,Khác,0.0
28/05/2025,75,Đồng Nai,26326,Thị Trấn Dầu Giây,Khác,0.0
28/05/2025,75,Đồng Nai,26362,Xã Sông Ray,Khác,0.0
28/05/2025,75,Đồng Nai,26368,Thị Trấn Long Thành,Khác,0.0
28/05/2025,75,Đồng Nai,26377,Phường Phước Tân,Khác,0.0
28/05/2025,75,Đồng Nai,26455,Xã Xuân Hiệp,Khác,0.0
28/05/2025,75,Đồng Nai,26497,Xã Vĩnh Thanh,Khác,0.0
28/12/2024,75,Đồng Nai,26341,Thị Trấn Long Giao,Khác,0.0
29/01/2025,75,Đồng Nai,26248,Thị Trấn Trảng Bom,Khác,0.0
29/01/2025,75,Đồng Nai,26341,Thị Trấn Long Giao,Khác,0.0
29/03/2025,75,Đồng Nai,26248,Thị Trấn Trảng Bom,Khác,0.0
29/03/2025,75,Đồng Nai,26272,Xã Hố Nai 3,Khác,0.0
29/03/2025,75,Đồng Nai,26452,Xã Suối Cát,Khác,0.0
29/04/2025,75,Đồng Nai,25993,Phường Trảng Dài,Khác,0.0
29/04/2025,75,Đồng Nai,25996,Phường Tân Phong,Khác,0.0
29/04/2025,75,Đồng Nai,25999,Phường Tân Biên,Khác,0.0
29/04/2025,75,Đồng Nai,26008,Phường Tân Hiệp,Khác,0.0
29/04/2025,75,Đồng Nai,26017,Phường Tam Hiệp,Khác,0.0
29/04/2025,75,Đồng Nai,26068,Phường Hóa An,Khác,0.0
29/04/2025,75,Đồng Nai,26095,Phường Suối Tre,Khác,0.0
29/04/2025,75,Đồng Nai,26188,Xã Thạnh Phú,Khác,0.0
29/04/2025,75,Đồng Nai,26206,Thị Trấn Định Quán,Khác,0.0
29/04/2025,75,Đồng Nai,26272,Xã Hố Nai 3,Khác,0.0
29/04/2025,75,Đồng Nai,26326,Thị Trấn Dầu Giây,Khác,0.0
29/04/2025,75,Đồng Nai,26341,Thị Trấn Long Giao,Khác,0.0
29/04/2025,75,Đồng Nai,26362,Xã Sông Ray,Khác,0.0
29/04/2025,75,Đồng Nai,26368,Thị Trấn Long Thành,Khác,0.0
29/04/2025,75,Đồng Nai,26377,Phường Phước Tân,Khác,0.0
29/04/2025,75,Đồng Nai,26452,Xã Suối Cát,Khác,0.0
29/04/2025,75,Đồng Nai,26455,Xã Xuân Hiệp,Khác,0.0
29/05/2025,75,Đồng Nai,25996,Phường Tân Phong,Khác,0.0
29/05/2025,75,Đồng Nai,25999,Phường Tân Biên,Khác,0.0
29/05/2025,75,Đồng Nai,26017,Phường Tam Hiệp,Khác,0.0
29/05/2025,75,Đồng Nai,26029,Phường Thống Nhất,Khác,0.0
29/05/2025,75,Đồng Nai,26050,Phường An Bình,Khác,0.0
29/05/2025,75,Đồng Nai,26068,Phường Hóa An,Khác,0.0
29/05/2025,75,Đồng Nai,26116,Thị Trấn Tân Phú,Khác,0.0
29/05/2025,75,Đồng Nai,26188,Xã Thạnh Phú,Khác,0.0
29/05/2025,75,Đồng Nai,26206,Thị Trấn Định Quán,Khác,0.0
29/05/2025,75,Đồng Nai,26272,Xã Hố Nai 3,Khác,0.0
29/05/2025,75,Đồng Nai,26296,Xã An Viễn,Khác,0.0
29/05/2025,75,Đồng Nai,26299,Xã Gia Tân 1,Khác,0.0
29/05/2025,75,Đồng Nai,26317,Xã Hưng Lộc,Khác,0.0
29/05/2025,75,Đồng Nai,26326,Thị Trấn Dầu Giây,Khác,0.0
29/05/2025,75,Đồng Nai,26362,Xã Sông Ray,Khác,0.0
29/05/2025,75,Đồng Nai,26368,Thị Trấn Long Thành,Khác,0.0
29/05/2025,75,Đồng Nai,26377,Phường Phước Tân,Khác,0.0
29/05/2025,75,Đồng Nai,26455,Xã Xuân Hiệp,Khác,0.0
29/05/2025,75,Đồng Nai,26497,Xã Vĩnh Thanh,Khác,0.0
30/01/2025,75,Đồng Nai,26248,Thị Trấn Trảng Bom,Khác,0.0
30/01/2025,75,Đồng Nai,26341,Thị Trấn Long Giao,Khác,0.0
30/03/2025,75,Đồng Nai,26248,Thị Trấn Trảng Bom,Khác,0.0
30/03/2025,75,Đồng Nai,26272,Xã Hố Nai 3,Khác,0.0
30/03/2025,75,Đồng Nai,26452,Xã Suối Cát,Khác,0.0
30/04/2025,75,Đồng Nai,25999,Phường Tân Biên,Khác,0.0
30/04/2025,75,Đồng Nai,26095,Phường Suối Tre,Khác,0.0
30/04/2025,75,Đồng Nai,26116,Thị Trấn Tân Phú,Khác,0.0
30/04/2025,75,Đồng Nai,26206,Thị Trấn Định Quán,Khác,0.0
30/04/2025,75,Đồng Nai,26326,Thị Trấn Dầu Giây,Khác,0.0
30/04/2025,75,Đồng Nai,26368,Thị Trấn Long Thành,Khác,0.0
30/04/2025,75,Đồng Nai,26452,Xã Suối Cát,Khác,0.0
30/05/2025,75,Đồng Nai,25996,Phường Tân Phong,Khác,0.0
30/05/2025,75,Đồng Nai,25999,Phường Tân Biên,Khác,0.0
30/05/2025,75,Đồng Nai,26017,Phường Tam Hiệp,Khác,0.0
30/05/2025,75,Đồng Nai,26029,Phường Thống Nhất,Khác,0.0
30/05/2025,75,Đồng Nai,26050,Phường An Bình,Khác,0.0
30/05/2025,75,Đồng Nai,26068,Phường Hóa An,Khác,0.0
30/05/2025,75,Đồng Nai,26095,Phường Suối Tre,Khác,0.0
30/05/2025,75,Đồng Nai,26188,Xã Thạnh Phú,Khác,0.0
30/05/2025,75,Đồng Nai,26206,Thị Trấn Định Quán,Khác,0.0
30/05/2025,75,Đồng Nai,26272,Xã Hố Nai 3,Khác,0.0
30/05/2025,75,Đồng Nai,26296,Xã An Viễn,Khác,0.0
30/05/2025,75,Đồng Nai,26299,Xã Gia Tân 1,Khác,0.0
30/05/2025,75,Đồng Nai,26317,Xã Hưng Lộc,Khác,0.0
30/05/2025,75,Đồng Nai,26326,Thị Trấn Dầu Giây,Khác,0.0
30/05/2025,75,Đồng Nai,26362,Xã Sông Ray,Khác,0.0
30/05/2025,75,Đồng Nai,26368,Thị Trấn Long Thành,Khác,0.0
30/05/2025,75,Đồng Nai,26374,Phường Tam Phước,Khác,0.0
30/05/2025,75,Đồng Nai,26377,Phường Phước Tân,Khác,0.0
30/05/2025,75,Đồng Nai,26416,Xã Phước Bình,Khác,0.0
30/05/2025,75,Đồng Nai,26440,Xã Xuân Trường,Khác,0.0
30/05/2025,75,Đồng Nai,26455,Xã Xuân Hiệp,Khác,0.0
30/05/2025,75,Đồng Nai,26497,Xã Vĩnh Thanh,Khác,0.0
31/01/2025,75,Đồng Nai,26248,Thị Trấn Trảng Bom,Khác,0.0
31/01/2025,75,Đồng Nai,26341,Thị Trấn Long Giao,Khác,0.0
31/01/2025,75,Đồng Nai,26452,Xã Suối Cát,Khác,0.0
31/03/2025,75,Đồng Nai,25996,Phường Tân Phong,Khác,0.0
31/03/2025,75,Đồng Nai,26026,Phường Tân Mai,Khác,0.0
31/03/2025,75,Đồng Nai,26068,Phường Hóa An,Khác,0.0
31/03/2025,75,Đồng Nai,26080,Phường Xuân An,Khác,0.0
31/03/2025,75,Đồng Nai,26116,Thị Trấn Tân Phú,Khác,0.0
31/03/2025,75,Đồng Nai,26248,Thị Trấn Trảng Bom,Khác,0.0
31/03/2025,75,Đồng Nai,26272,Xã Hố Nai 3,Khác,0.0
31/03/2025,75,Đồng Nai,26326,Thị Trấn Dầu Giây,Khác,0.0
31/03/2025,75,Đồng Nai,26452,Xã Suối Cát,Khác,0.0
31/05/2025,75,Đồng Nai,25996,Phường Tân Phong,Khác,0.0
31/05/2025,75,Đồng Nai,25999,Phường Tân Biên,Khác,0.0
31/05/2025,75,Đồng Nai,26017,Phường Tam Hiệp,Khác,0.0
31/05/2025,75,Đồng Nai,26029,Phường Thống Nhất,Khác,0.0
31/05/2025,75,Đồng Nai,26050,Phường An Bình,Khác,0.0
31/05/2025,75,Đồng Nai,26068,Phường Hóa An,Khác,0.0
31/05/2025,75,Đồng Nai,26095,Phường Suối Tre,Khác,0.0
31/05/2025,75,Đồng Nai,26188,Xã Thạnh Phú,Khác,0.0
31/05/2025,75,Đồng Nai,26206,Thị Trấn Định Quán,Khác,0.0
31/05/2025,75,Đồng Nai,26272,Xã Hố Nai 3,Khác,0.0
31/05/2025,75,Đồng Nai,26272,Xã Hố Nai 3,M13,115085.0
31/05/2025,75,Đồng Nai,26296,Xã An Viễn,Khác,0.0
31/05/2025,75,Đồng Nai,26299,Xã Gia Tân 1,Khác,0.0
31/05/2025,75,Đồng Nai,26311,Xã Quang Trung,Khác,0.0
31/05/2025,75,Đồng Nai,26317,Xã Hưng Lộc,Khác,0.0
31/05/2025,75,Đồng Nai,26326,Thị Trấn Dầu Giây,K29,521848.0
31/05/2025,75,Đồng Nai,26326,Thị Trấn Dầu Giây,Khác,0.0
31/05/2025,75,Đồng Nai,26362,Xã Sông Ray,Khác,0.0
31/05/2025,75,Đồng Nai,26368,Thị Trấn Long Thành,Khác,0.0
31/05/2025,75,Đồng Nai,26374,Phường Tam Phước,Khác,0.0
31/05/2025,75,Đồng Nai,26377,Phường Phước Tân,A15,2536900.0
31/05/2025,75,Đồng Nai,26416,Xã Phước Bình,Khác,0.0
31/05/2025,75,Đồng Nai,26455,Xã Xuân Hiệp,Khác,0.0
31/05/2025,75,Đồng Nai,26497,Xã Vĩnh Thanh,Khác,0.0
31/12/2024,75,Đồng Nai,26341,Thị Trấn Long Giao,Khác,0.0
31/12/2024,75,Đồng Nai,26452,Xã Suối Cát,Khác,0.0
