Ngày,Mã tỉnh,Tên tỉnh,Mã phường,Tên phường,Số ca chuyển tuyến,Số ca vượt tuyến,Lượt điều trị,Lượt tái khám,Lượt KCB BHYT,Số ca mắc mới
01/01/2025,75,Đồng Nai,26008,Phường Tân Hiệp,0.0,0.0,1.0,0.0,1.0,1.0
01/01/2025,75,Đồng Nai,26248,Thị Trấn Trảng Bom,0.0,0.0,10.0,0.0,10.0,10.0
01/01/2025,75,Đồng Nai,26341,Thị Trấn Long Giao,0.0,0.0,70.0,0.0,70.0,70.0
01/01/2025,75,Đồng Nai,26452,Xã Suối Cát,0.0,0.0,77.0,0.0,77.0,77.0
01/02/2025,75,Đồng Nai,26248,Thị Trấn Trảng Bom,0.0,0.0,87.0,0.0,87.0,87.0
01/02/2025,75,Đồng Nai,26341,Thị Trấn Long Giao,0.0,0.0,11.0,0.0,11.0,11.0
01/02/2025,75,Đồng Nai,26452,Xã Suối Cát,0.0,0.0,118.0,6.0,118.0,118.0
01/03/2025,75,Đồng Nai,26248,Thị Trấn Trảng Bom,0.0,0.0,130.0,0.0,130.0,130.0
01/03/2025,75,Đồng Nai,26452,Xã Suối Cát,0.0,0.0,89.0,2.0,89.0,89.0
01/04/2025,75,Đồng Nai,25993,Phường Trảng Dài,0.0,0.0,79.0,0.0,79.0,79.0
01/04/2025,75,Đồng Nai,25996,Phường Tân Phong,0.0,0.0,76.0,0.0,76.0,76.0
01/04/2025,75,Đồng Nai,25999,Phường Tân Biên,0.0,0.0,4.0,0.0,4.0,4.0
01/04/2025,75,Đồng Nai,26008,Phường Tân Hiệp,0.0,0.0,1.0,0.0,1.0,1.0
01/04/2025,75,Đồng Nai,26068,Phường Hóa An,0.0,0.0,9.0,0.0,9.0,9.0
01/04/2025,75,Đồng Nai,26095,Phường Suối Tre,0.0,0.0,101.0,0.0,101.0,101.0
01/04/2025,75,Đồng Nai,26116,Thị Trấn Tân Phú,0.0,0.0,393.0,0.0,393.0,393.0
01/04/2025,75,Đồng Nai,26170,Thị Trấn Vĩnh An,0.0,0.0,9.0,0.0,9.0,9.0
01/04/2025,75,Đồng Nai,26206,Thị Trấn Định Quán,0.0,0.0,22.0,0.0,22.0,22.0
01/04/2025,75,Đồng Nai,26248,Thị Trấn Trảng Bom,0.0,0.0,10.0,0.0,10.0,10.0
01/04/2025,75,Đồng Nai,26272,Xã Hố Nai 3,7.0,0.0,458.0,0.0,458.0,458.0
01/04/2025,75,Đồng Nai,26320,Xã Lộ 25,0.0,0.0,11.0,0.0,11.0,11.0
01/04/2025,75,Đồng Nai,26326,Thị Trấn Dầu Giây,0.0,0.0,490.0,0.0,490.0,490.0
01/04/2025,75,Đồng Nai,26368,Thị Trấn Long Thành,0.0,0.0,37.0,0.0,37.0,37.0
01/04/2025,75,Đồng Nai,26377,Phường Phước Tân,0.0,0.0,2.0,0.0,2.0,2.0
01/04/2025,75,Đồng Nai,26383,Xã An Phước,0.0,0.0,3.0,0.0,3.0,3.0
01/04/2025,75,Đồng Nai,26452,Xã Suối Cát,26.0,0.0,615.0,107.0,615.0,615.0
01/05/2025,75,Đồng Nai,25996,Phường Tân Phong,1.0,0.0,27.0,0.0,27.0,27.0
01/05/2025,75,Đồng Nai,25999,Phường Tân Biên,0.0,0.0,6.0,0.0,6.0,6.0
01/05/2025,75,Đồng Nai,26029,Phường Thống Nhất,0.0,0.0,12.0,0.0,12.0,12.0
01/05/2025,75,Đồng Nai,26095,Phường Suối Tre,0.0,0.0,184.0,0.0,184.0,184.0
01/05/2025,75,Đồng Nai,26116,Thị Trấn Tân Phú,0.0,0.0,31.0,0.0,31.0,31.0
01/05/2025,75,Đồng Nai,26206,Thị Trấn Định Quán,0.0,0.0,83.0,0.0,83.0,83.0
01/05/2025,75,Đồng Nai,26272,Xã Hố Nai 3,0.0,0.0,6.0,0.0,6.0,6.0
01/05/2025,75,Đồng Nai,26326,Thị Trấn Dầu Giây,0.0,0.0,84.0,0.0,84.0,84.0
01/05/2025,75,Đồng Nai,26368,Thị Trấn Long Thành,0.0,0.0,89.0,0.0,89.0,89.0
01/05/2025,75,Đồng Nai,26377,Phường Phước Tân,0.0,0.0,2.0,0.0,2.0,2.0
01/05/2025,75,Đồng Nai,26452,Xã Suối Cát,0.0,0.0,26.0,40.0,26.0,26.0
01/06/2025,75,Đồng Nai,25993,Phường Trảng Dài,0.0,0.0,0.0,45.0,0.0,0.0
01/06/2025,75,Đồng Nai,25996,Phường Tân Phong,0.0,0.0,20.0,0.0,20.0,20.0
01/06/2025,75,Đồng Nai,25999,Phường Tân Biên,0.0,0.0,1.0,0.0,1.0,1.0
01/06/2025,75,Đồng Nai,26017,Phường Tam Hiệp,0.0,0.0,5.0,3.0,5.0,5.0
01/06/2025,75,Đồng Nai,26029,Phường Thống Nhất,0.0,0.0,124.0,3.0,124.0,124.0
01/06/2025,75,Đồng Nai,26050,Phường An Bình,0.0,0.0,8.0,0.0,8.0,8.0
01/06/2025,75,Đồng Nai,26056,Phường Long Bình Tân,0.0,0.0,9.0,0.0,9.0,9.0
01/06/2025,75,Đồng Nai,26068,Phường Hóa An,0.0,0.0,86.0,0.0,82.0,86.0
01/06/2025,75,Đồng Nai,26095,Phường Suối Tre,0.0,0.0,225.0,0.0,225.0,225.0
01/06/2025,75,Đồng Nai,26188,Xã Thạnh Phú,0.0,0.0,32.0,0.0,32.0,32.0
01/06/2025,75,Đồng Nai,26206,Thị Trấn Định Quán,0.0,0.0,118.0,0.0,118.0,118.0
01/06/2025,75,Đồng Nai,26239,Xã Túc Trưng,0.0,0.0,58.0,0.0,58.0,58.0
01/06/2025,75,Đồng Nai,26272,Xã Hố Nai 3,3.0,0.0,383.0,0.0,383.0,383.0
01/06/2025,75,Đồng Nai,26296,Xã An Viễn,0.0,0.0,4.0,0.0,4.0,4.0
01/06/2025,75,Đồng Nai,26299,Xã Gia Tân 1,0.0,0.0,27.0,0.0,27.0,27.0
01/06/2025,75,Đồng Nai,26311,Xã Quang Trung,0.0,0.0,2.0,0.0,2.0,2.0
01/06/2025,75,Đồng Nai,26317,Xã Hưng Lộc,0.0,0.0,1.0,0.0,1.0,1.0
01/06/2025,75,Đồng Nai,26326,Thị Trấn Dầu Giây,0.0,0.0,54.0,0.0,54.0,54.0
01/06/2025,75,Đồng Nai,26362,Xã Sông Ray,1.0,0.0,12.0,0.0,12.0,12.0
01/06/2025,75,Đồng Nai,26368,Thị Trấn Long Thành,2.0,0.0,184.0,0.0,184.0,184.0
01/06/2025,75,Đồng Nai,26374,Phường Tam Phước,0.0,0.0,61.0,0.0,61.0,61.0
01/06/2025,75,Đồng Nai,26377,Phường Phước Tân,0.0,0.0,3.0,0.0,3.0,3.0
01/06/2025,75,Đồng Nai,26416,Xã Phước Bình,0.0,0.0,4.0,0.0,4.0,4.0
01/06/2025,75,Đồng Nai,26440,Xã Xuân Trường,0.0,0.0,27.0,0.0,27.0,27.0
01/06/2025,75,Đồng Nai,26452,Xã Suối Cát,0.0,0.0,32.0,75.0,32.0,32.0
01/06/2025,75,Đồng Nai,26455,Xã Xuân Hiệp,0.0,0.0,271.0,0.0,271.0,271.0
01/06/2025,75,Đồng Nai,26497,Xã Vĩnh Thanh,2.0,0.0,83.0,0.0,83.0,83.0
01/07/2024,75,Đồng Nai,26035,Phường Tam Hòa,0.0,0.0,14.0,0.0,14.0,14.0
01/07/2025,75,Đồng Nai,25993,Phường Trảng Dài,1.0,0.0,36.0,0.0,36.0,0.0
01/07/2025,75,Đồng Nai,25996,Phường Tân Phong,0.0,0.0,110.0,0.0,110.0,0.0
01/07/2025,75,Đồng Nai,26002,Phường Hố Nai,4.0,0.0,48.0,0.0,48.0,0.0
01/07/2025,75,Đồng Nai,26008,Phường Tân Hiệp,0.0,0.0,1.0,0.0,1.0,0.0
01/07/2025,75,Đồng Nai,26017,Phường Tam Hiệp,0.0,0.0,100.0,0.0,100.0,0.0
01/07/2025,75,Đồng Nai,26029,Phường Thống Nhất,0.0,0.0,435.0,3.0,435.0,0.0
01/07/2025,75,Đồng Nai,26035,Phường Tam Hòa,0.0,0.0,3.0,0.0,3.0,0.0
01/07/2025,75,Đồng Nai,26050,Phường An Bình,0.0,0.0,40.0,0.0,40.0,0.0
01/07/2025,75,Đồng Nai,26056,Phường Long Bình Tân,0.0,0.0,125.0,0.0,125.0,0.0
01/07/2025,75,Đồng Nai,26068,Phường Hóa An,0.0,0.0,216.0,0.0,189.0,0.0
01/07/2025,75,Đồng Nai,26095,Phường Suối Tre,0.0,0.0,1276.0,0.0,1276.0,0.0
01/07/2025,75,Đồng Nai,26116,Thị Trấn Tân Phú,0.0,0.0,346.0,0.0,346.0,0.0
01/07/2025,75,Đồng Nai,26206,Thị Trấn Định Quán,0.0,0.0,150.0,0.0,150.0,0.0
01/07/2025,75,Đồng Nai,26272,Xã Hố Nai 3,11.0,0.0,1124.0,0.0,1124.0,0.0
01/07/2025,75,Đồng Nai,26275,Xã Tây Hoà,0.0,0.0,1.0,0.0,1.0,0.0
01/07/2025,75,Đồng Nai,26296,Xã An Viễn,0.0,0.0,131.0,0.0,131.0,0.0
01/07/2025,75,Đồng Nai,26299,Xã Gia Tân 1,2.0,0.0,102.0,0.0,102.0,0.0
01/07/2025,75,Đồng Nai,26311,Xã Quang Trung,0.0,0.0,132.0,0.0,132.0,0.0
01/07/2025,75,Đồng Nai,26317,Xã Hưng Lộc,0.0,0.0,97.0,0.0,97.0,0.0
01/07/2025,75,Đồng Nai,26326,Thị Trấn Dầu Giây,0.0,0.0,20.0,0.0,20.0,0.0
01/07/2025,75,Đồng Nai,26362,Xã Sông Ray,9.0,0.0,207.0,0.0,207.0,0.0
01/07/2025,75,Đồng Nai,26368,Thị Trấn Long Thành,4.0,0.0,673.0,0.0,673.0,0.0
01/07/2025,75,Đồng Nai,26374,Phường Tam Phước,0.0,0.0,28.0,0.0,28.0,0.0
01/07/2025,75,Đồng Nai,26377,Phường Phước Tân,0.0,0.0,24.0,0.0,24.0,0.0
01/07/2025,75,Đồng Nai,26416,Xã Phước Bình,0.0,0.0,10.0,0.0,10.0,0.0
01/07/2025,75,Đồng Nai,26452,Xã Suối Cát,0.0,0.0,597.0,50.0,597.0,0.0
01/07/2025,75,Đồng Nai,26455,Xã Xuân Hiệp,0.0,0.0,354.0,0.0,353.0,0.0
01/07/2025,75,Đồng Nai,26497,Xã Vĩnh Thanh,0.0,0.0,79.0,0.0,79.0,0.0
01/08/2024,75,Đồng Nai,26248,Thị Trấn Trảng Bom,0.0,0.0,1.0,0.0,1.0,1.0
01/08/2025,75,Đồng Nai,25993,Phường Trảng Dài,0.0,0.0,219.0,0.0,219.0,0.0
01/08/2025,75,Đồng Nai,25996,Phường Tân Phong,0.0,0.0,309.0,0.0,18.0,0.0
01/08/2025,75,Đồng Nai,26017,Phường Tam Hiệp,0.0,0.0,77.0,0.0,77.0,0.0
01/08/2025,75,Đồng Nai,26029,Phường Thống Nhất,0.0,0.0,99.0,0.0,99.0,0.0
01/08/2025,75,Đồng Nai,26050,Phường An Bình,0.0,0.0,96.0,0.0,96.0,0.0
01/08/2025,75,Đồng Nai,26056,Phường Long Bình Tân,0.0,0.0,943.0,0.0,943.0,0.0
01/08/2025,75,Đồng Nai,26068,Phường Hóa An,0.0,0.0,341.0,0.0,341.0,0.0
01/08/2025,75,Đồng Nai,26095,Phường Suối Tre,0.0,0.0,230.0,0.0,230.0,0.0
01/08/2025,75,Đồng Nai,26188,Xã Thạnh Phú,0.0,0.0,221.0,0.0,221.0,0.0
01/08/2025,75,Đồng Nai,26206,Thị Trấn Định Quán,0.0,0.0,712.0,0.0,712.0,0.0
01/08/2025,75,Đồng Nai,26272,Xã Hố Nai 3,0.0,0.0,664.0,0.0,664.0,0.0
01/08/2025,75,Đồng Nai,26296,Xã An Viễn,0.0,0.0,91.0,0.0,91.0,0.0
01/08/2025,75,Đồng Nai,26311,Xã Quang Trung,0.0,0.0,151.0,0.0,151.0,0.0
01/08/2025,75,Đồng Nai,26317,Xã Hưng Lộc,0.0,0.0,31.0,0.0,31.0,0.0
01/08/2025,75,Đồng Nai,26341,Thị Trấn Long Giao,0.0,0.0,498.0,0.0,498.0,0.0
01/08/2025,75,Đồng Nai,26362,Xã Sông Ray,0.0,0.0,180.0,0.0,180.0,0.0
01/08/2025,75,Đồng Nai,26368,Thị Trấn Long Thành,0.0,0.0,481.0,0.0,481.0,0.0
01/08/2025,75,Đồng Nai,26416,Xã Phước Bình,0.0,0.0,111.0,0.0,111.0,0.0
01/08/2025,75,Đồng Nai,26452,Xã Suối Cát,0.0,0.0,0.0,4.0,0.0,0.0
01/08/2025,75,Đồng Nai,26455,Xã Xuân Hiệp,0.0,0.0,336.0,0.0,336.0,0.0
01/09/2025,75,Đồng Nai,25993,Phường Trảng Dài,0.0,0.0,0.0,67.0,0.0,0.0
01/09/2025,75,Đồng Nai,25996,Phường Tân Phong,0.0,0.0,135.0,0.0,135.0,0.0
01/09/2025,75,Đồng Nai,26017,Phường Tam Hiệp,0.0,0.0,0.0,4.0,0.0,0.0
01/09/2025,75,Đồng Nai,26029,Phường Thống Nhất,0.0,0.0,7.0,0.0,7.0,0.0
01/09/2025,75,Đồng Nai,26050,Phường An Bình,0.0,0.0,20.0,0.0,20.0,0.0
01/09/2025,75,Đồng Nai,26056,Phường Long Bình Tân,0.0,0.0,67.0,0.0,67.0,0.0
01/09/2025,75,Đồng Nai,26095,Phường Suối Tre,0.0,0.0,214.0,0.0,211.0,0.0
01/09/2025,75,Đồng Nai,26206,Thị Trấn Định Quán,0.0,0.0,68.0,0.0,68.0,0.0
01/09/2025,75,Đồng Nai,26272,Xã Hố Nai 3,0.0,0.0,136.0,0.0,136.0,0.0
01/09/2025,75,Đồng Nai,26311,Xã Quang Trung,0.0,0.0,106.0,0.0,106.0,0.0
01/09/2025,75,Đồng Nai,26341,Thị Trấn Long Giao,0.0,0.0,42.0,0.0,42.0,0.0
01/09/2025,75,Đồng Nai,26362,Xã Sông Ray,0.0,0.0,73.0,0.0,73.0,0.0
01/09/2025,75,Đồng Nai,26368,Thị Trấn Long Thành,0.0,0.0,188.0,0.0,183.0,0.0
01/09/2025,75,Đồng Nai,26389,Xã Long Đức,0.0,0.0,18.0,0.0,18.0,0.0
01/09/2025,75,Đồng Nai,26497,Xã Vĩnh Thanh,0.0,0.0,51.0,0.0,51.0,0.0
01/10/2024,75,Đồng Nai,26248,Thị Trấn Trảng Bom,0.0,0.0,2.0,0.0,2.0,2.0
01/10/2025,75,Đồng Nai,25993,Phường Trảng Dài,0.0,0.0,0.0,67.0,0.0,0.0
02/01/2025,75,Đồng Nai,26026,Phường Tân Mai,0.0,0.0,1.0,0.0,1.0,1.0
02/01/2025,75,Đồng Nai,26080,Phường Xuân An,0.0,0.0,1.0,0.0,1.0,1.0
02/01/2025,75,Đồng Nai,26341,Thị Trấn Long Giao,0.0,0.0,735.0,0.0,735.0,735.0
02/01/2025,75,Đồng Nai,26452,Xã Suối Cát,106.0,0.0,830.0,0.0,830.0,830.0
02/02/2022,75,Đồng Nai,26248,Thị Trấn Trảng Bom,0.0,0.0,1.0,0.0,1.0,1.0
02/02/2025,75,Đồng Nai,26026,Phường Tân Mai,8.0,0.0,87.0,0.0,87.0,87.0
02/02/2025,75,Đồng Nai,26248,Thị Trấn Trảng Bom,0.0,0.0,64.0,0.0,64.0,64.0
02/02/2025,75,Đồng Nai,26341,Thị Trấn Long Giao,0.0,0.0,34.0,0.0,34.0,34.0
02/02/2025,75,Đồng Nai,26452,Xã Suối Cát,0.0,0.0,70.0,30.0,70.0,70.0
02/03/2025,75,Đồng Nai,26026,Phường Tân Mai,20.0,0.0,148.0,0.0,148.0,148.0
02/03/2025,75,Đồng Nai,26248,Thị Trấn Trảng Bom,0.0,0.0,200.0,0.0,200.0,200.0
02/03/2025,75,Đồng Nai,26377,Phường Phước Tân,0.0,0.0,1.0,0.0,1.0,1.0
02/03/2025,75,Đồng Nai,26452,Xã Suối Cát,0.0,0.0,47.0,84.0,47.0,47.0
02/04/2025,75,Đồng Nai,25993,Phường Trảng Dài,0.0,0.0,176.0,0.0,176.0,176.0
02/04/2025,75,Đồng Nai,25996,Phường Tân Phong,0.0,0.0,51.0,0.0,51.0,51.0
02/04/2025,75,Đồng Nai,25999,Phường Tân Biên,0.0,0.0,8.0,0.0,8.0,8.0
02/04/2025,75,Đồng Nai,26068,Phường Hóa An,0.0,0.0,2.0,0.0,2.0,2.0
02/04/2025,75,Đồng Nai,26095,Phường Suối Tre,0.0,0.0,42.0,0.0,42.0,42.0
02/04/2025,75,Đồng Nai,26116,Thị Trấn Tân Phú,0.0,0.0,406.0,0.0,406.0,406.0
02/04/2025,75,Đồng Nai,26206,Thị Trấn Định Quán,0.0,0.0,27.0,0.0,27.0,27.0
02/04/2025,75,Đồng Nai,26248,Thị Trấn Trảng Bom,0.0,0.0,84.0,0.0,84.0,84.0
02/04/2025,75,Đồng Nai,26272,Xã Hố Nai 3,6.0,0.0,426.0,0.0,426.0,426.0
02/04/2025,75,Đồng Nai,26326,Thị Trấn Dầu Giây,0.0,0.0,512.0,0.0,512.0,512.0
02/04/2025,75,Đồng Nai,26341,Thị Trấn Long Giao,0.0,0.0,4.0,0.0,4.0,4.0
02/04/2025,75,Đồng Nai,26368,Thị Trấn Long Thành,0.0,0.0,37.0,0.0,37.0,37.0
02/04/2025,75,Đồng Nai,26377,Phường Phước Tân,0.0,0.0,3.0,0.0,3.0,3.0
02/04/2025,75,Đồng Nai,26452,Xã Suối Cát,20.0,0.0,664.0,106.0,664.0,664.0
02/05/2025,75,Đồng Nai,25996,Phường Tân Phong,3.0,0.0,446.0,0.0,446.0,446.0
02/05/2025,75,Đồng Nai,25999,Phường Tân Biên,0.0,0.0,11.0,0.0,11.0,11.0
02/05/2025,75,Đồng Nai,26017,Phường Tam Hiệp,0.0,0.0,198.0,0.0,198.0,198.0
02/05/2025,75,Đồng Nai,26029,Phường Thống Nhất,0.0,0.0,29.0,0.0,29.0,29.0
02/05/2025,75,Đồng Nai,26068,Phường Hóa An,0.0,0.0,268.0,0.0,224.0,268.0
02/05/2025,75,Đồng Nai,26095,Phường Suối Tre,1.0,0.0,153.0,0.0,153.0,153.0
02/05/2025,75,Đồng Nai,26116,Thị Trấn Tân Phú,0.0,0.0,22.0,0.0,22.0,22.0
02/05/2025,75,Đồng Nai,26188,Xã Thạnh Phú,0.0,0.0,58.0,0.0,58.0,58.0
02/05/2025,75,Đồng Nai,26206,Thị Trấn Định Quán,0.0,0.0,66.0,0.0,66.0,66.0
02/05/2025,75,Đồng Nai,26272,Xã Hố Nai 3,0.0,0.0,236.0,0.0,236.0,236.0
02/05/2025,75,Đồng Nai,26275,Xã Tây Hoà,0.0,0.0,121.0,0.0,121.0,121.0
02/05/2025,75,Đồng Nai,26326,Thị Trấn Dầu Giây,0.0,0.0,93.0,0.0,93.0,93.0
02/05/2025,75,Đồng Nai,26362,Xã Sông Ray,3.0,0.0,118.0,0.0,118.0,118.0
02/05/2025,75,Đồng Nai,26368,Thị Trấn Long Thành,0.0,0.0,88.0,0.0,88.0,88.0
02/05/2025,75,Đồng Nai,26377,Phường Phước Tân,0.0,0.0,6.0,0.0,6.0,6.0
02/05/2025,75,Đồng Nai,26383,Xã An Phước,0.0,0.0,3.0,0.0,3.0,3.0
02/05/2025,75,Đồng Nai,26416,Xã Phước Bình,0.0,0.0,7.0,0.0,7.0,7.0
02/05/2025,75,Đồng Nai,26440,Xã Xuân Trường,0.0,0.0,91.0,0.0,91.0,91.0
02/05/2025,75,Đồng Nai,26452,Xã Suối Cát,0.0,0.0,19.0,20.0,19.0,19.0
02/05/2025,75,Đồng Nai,26455,Xã Xuân Hiệp,0.0,0.0,4.0,0.0,2.0,4.0
02/05/2025,75,Đồng Nai,26497,Xã Vĩnh Thanh,0.0,0.0,128.0,0.0,128.0,128.0
02/06/2025,75,Đồng Nai,25993,Phường Trảng Dài,0.0,0.0,0.0,67.0,0.0,0.0
02/06/2025,75,Đồng Nai,25996,Phường Tân Phong,1.0,0.0,144.0,0.0,144.0,144.0
02/06/2025,75,Đồng Nai,25999,Phường Tân Biên,0.0,0.0,6.0,0.0,6.0,6.0
02/06/2025,75,Đồng Nai,26002,Phường Hố Nai,0.0,0.0,3.0,0.0,3.0,3.0
02/06/2025,75,Đồng Nai,26017,Phường Tam Hiệp,0.0,0.0,141.0,2.0,141.0,141.0
02/06/2025,75,Đồng Nai,26020,Phường Long Bình,0.0,0.0,56.0,0.0,56.0,56.0
02/06/2025,75,Đồng Nai,26029,Phường Thống Nhất,0.0,0.0,527.0,8.0,527.0,527.0
02/06/2025,75,Đồng Nai,26035,Phường Tam Hòa,0.0,0.0,1.0,0.0,1.0,1.0
02/06/2025,75,Đồng Nai,26050,Phường An Bình,0.0,0.0,118.0,0.0,118.0,118.0
02/06/2025,75,Đồng Nai,26056,Phường Long Bình Tân,0.0,0.0,7.0,0.0,7.0,7.0
02/06/2025,75,Đồng Nai,26068,Phường Hóa An,0.0,0.0,219.0,0.0,195.0,219.0
02/06/2025,75,Đồng Nai,26095,Phường Suối Tre,0.0,0.0,478.0,0.0,478.0,478.0
02/06/2025,75,Đồng Nai,26188,Xã Thạnh Phú,0.0,0.0,48.0,0.0,48.0,48.0
02/06/2025,75,Đồng Nai,26206,Thị Trấn Định Quán,0.0,0.0,405.0,0.0,405.0,405.0
02/06/2025,75,Đồng Nai,26239,Xã Túc Trưng,0.0,0.0,134.0,0.0,134.0,134.0
02/06/2025,75,Đồng Nai,26272,Xã Hố Nai 3,18.0,0.0,758.0,0.0,758.0,758.0
02/06/2025,75,Đồng Nai,26296,Xã An Viễn,0.0,0.0,38.0,0.0,38.0,38.0
02/06/2025,75,Đồng Nai,26299,Xã Gia Tân 1,2.0,0.0,27.0,0.0,27.0,27.0
02/06/2025,75,Đồng Nai,26311,Xã Quang Trung,0.0,0.0,33.0,0.0,33.0,33.0
02/06/2025,75,Đồng Nai,26317,Xã Hưng Lộc,2.0,0.0,135.0,0.0,135.0,135.0
02/06/2025,75,Đồng Nai,26326,Thị Trấn Dầu Giây,0.0,0.0,628.0,0.0,628.0,628.0
02/06/2025,75,Đồng Nai,26362,Xã Sông Ray,3.0,0.0,110.0,0.0,110.0,110.0
02/06/2025,75,Đồng Nai,26368,Thị Trấn Long Thành,2.0,0.0,535.0,0.0,535.0,535.0
02/06/2025,75,Đồng Nai,26374,Phường Tam Phước,0.0,0.0,231.0,0.0,231.0,231.0
02/06/2025,75,Đồng Nai,26377,Phường Phước Tân,0.0,0.0,36.0,0.0,36.0,36.0
02/06/2025,75,Đồng Nai,26416,Xã Phước Bình,0.0,0.0,13.0,0.0,13.0,13.0
02/06/2025,75,Đồng Nai,26440,Xã Xuân Trường,0.0,0.0,71.0,0.0,71.0,71.0
02/06/2025,75,Đồng Nai,26452,Xã Suối Cát,34.0,0.0,710.0,58.0,710.0,710.0
02/06/2025,75,Đồng Nai,26455,Xã Xuân Hiệp,0.0,0.0,396.0,0.0,396.0,396.0
02/06/2025,75,Đồng Nai,26497,Xã Vĩnh Thanh,0.0,0.0,98.0,0.0,98.0,98.0
02/07/2024,75,Đồng Nai,26035,Phường Tam Hòa,0.0,0.0,16.0,0.0,16.0,16.0
02/07/2025,75,Đồng Nai,25993,Phường Trảng Dài,0.0,0.0,49.0,1.0,49.0,0.0
02/07/2025,75,Đồng Nai,25996,Phường Tân Phong,7.0,0.0,268.0,0.0,268.0,0.0
02/07/2025,75,Đồng Nai,26002,Phường Hố Nai,2.0,0.0,32.0,0.0,32.0,0.0
02/07/2025,75,Đồng Nai,26017,Phường Tam Hiệp,0.0,0.0,88.0,3.0,88.0,0.0
02/07/2025,75,Đồng Nai,26029,Phường Thống Nhất,0.0,0.0,15.0,1.0,15.0,0.0
02/07/2025,75,Đồng Nai,26050,Phường An Bình,0.0,0.0,45.0,0.0,45.0,0.0
02/07/2025,75,Đồng Nai,26056,Phường Long Bình Tân,0.0,0.0,89.0,0.0,89.0,0.0
02/07/2025,75,Đồng Nai,26068,Phường Hóa An,0.0,0.0,322.0,0.0,302.0,0.0
02/07/2025,75,Đồng Nai,26095,Phường Suối Tre,0.0,0.0,1161.0,0.0,1161.0,0.0
02/07/2025,75,Đồng Nai,26116,Thị Trấn Tân Phú,0.0,0.0,387.0,0.0,387.0,0.0
02/07/2025,75,Đồng Nai,26188,Xã Thạnh Phú,0.0,0.0,3.0,0.0,3.0,0.0
02/07/2025,75,Đồng Nai,26206,Thị Trấn Định Quán,0.0,0.0,796.0,0.0,796.0,0.0
02/07/2025,75,Đồng Nai,26272,Xã Hố Nai 3,7.0,0.0,1114.0,0.0,1114.0,0.0
02/07/2025,75,Đồng Nai,26275,Xã Tây Hoà,2.0,0.0,112.0,0.0,112.0,0.0
02/07/2025,75,Đồng Nai,26296,Xã An Viễn,0.0,0.0,90.0,0.0,90.0,0.0
02/07/2025,75,Đồng Nai,26299,Xã Gia Tân 1,1.0,0.0,52.0,0.0,52.0,0.0
02/07/2025,75,Đồng Nai,26311,Xã Quang Trung,0.0,0.0,147.0,0.0,147.0,0.0
02/07/2025,75,Đồng Nai,26317,Xã Hưng Lộc,1.0,0.0,81.0,0.0,81.0,0.0
02/07/2025,75,Đồng Nai,26326,Thị Trấn Dầu Giây,0.0,0.0,18.0,0.0,18.0,0.0
02/07/2025,75,Đồng Nai,26362,Xã Sông Ray,4.0,0.0,165.0,0.0,165.0,0.0
02/07/2025,75,Đồng Nai,26368,Thị Trấn Long Thành,0.0,0.0,516.0,0.0,516.0,0.0
02/07/2025,75,Đồng Nai,26374,Phường Tam Phước,0.0,0.0,13.0,0.0,13.0,0.0
02/07/2025,75,Đồng Nai,26377,Phường Phước Tân,0.0,0.0,33.0,0.0,33.0,0.0
02/07/2025,75,Đồng Nai,26416,Xã Phước Bình,0.0,0.0,18.0,0.0,18.0,0.0
02/07/2025,75,Đồng Nai,26452,Xã Suối Cát,0.0,0.0,599.0,42.0,599.0,0.0
02/07/2025,75,Đồng Nai,26455,Xã Xuân Hiệp,0.0,0.0,338.0,0.0,338.0,0.0
02/07/2025,75,Đồng Nai,26497,Xã Vĩnh Thanh,0.0,0.0,48.0,0.0,48.0,0.0
02/08/2024,75,Đồng Nai,26248,Thị Trấn Trảng Bom,0.0,0.0,1.0,0.0,1.0,1.0
02/08/2025,75,Đồng Nai,25993,Phường Trảng Dài,0.0,0.0,4.0,0.0,4.0,0.0
02/08/2025,75,Đồng Nai,25996,Phường Tân Phong,0.0,0.0,415.0,0.0,0.0,0.0
02/08/2025,75,Đồng Nai,26017,Phường Tam Hiệp,0.0,0.0,80.0,1.0,80.0,0.0
02/08/2025,75,Đồng Nai,26029,Phường Thống Nhất,0.0,0.0,361.0,0.0,361.0,0.0
02/08/2025,75,Đồng Nai,26050,Phường An Bình,0.0,0.0,66.0,0.0,66.0,0.0
02/08/2025,75,Đồng Nai,26056,Phường Long Bình Tân,0.0,0.0,1022.0,0.0,1022.0,0.0
02/08/2025,75,Đồng Nai,26068,Phường Hóa An,0.0,0.0,191.0,0.0,191.0,0.0
02/08/2025,75,Đồng Nai,26095,Phường Suối Tre,0.0,0.0,206.0,0.0,206.0,0.0
02/08/2025,75,Đồng Nai,26188,Xã Thạnh Phú,0.0,0.0,121.0,0.0,121.0,0.0
02/08/2025,75,Đồng Nai,26206,Thị Trấn Định Quán,0.0,0.0,234.0,0.0,234.0,0.0
02/08/2025,75,Đồng Nai,26272,Xã Hố Nai 3,0.0,0.0,686.0,0.0,686.0,0.0
02/08/2025,75,Đồng Nai,26296,Xã An Viễn,0.0,0.0,66.0,0.0,66.0,0.0
02/08/2025,75,Đồng Nai,26311,Xã Quang Trung,0.0,0.0,155.0,0.0,155.0,0.0
02/08/2025,75,Đồng Nai,26317,Xã Hưng Lộc,0.0,0.0,38.0,0.0,38.0,0.0
02/08/2025,75,Đồng Nai,26362,Xã Sông Ray,0.0,0.0,161.0,0.0,161.0,0.0
02/08/2025,75,Đồng Nai,26368,Thị Trấn Long Thành,0.0,0.0,64.0,0.0,64.0,0.0
02/08/2025,75,Đồng Nai,26416,Xã Phước Bình,0.0,0.0,91.0,0.0,91.0,0.0
02/08/2025,75,Đồng Nai,26452,Xã Suối Cát,0.0,0.0,0.0,1.0,0.0,0.0
02/08/2025,75,Đồng Nai,26455,Xã Xuân Hiệp,0.0,0.0,379.0,0.0,379.0,0.0
02/09/2025,75,Đồng Nai,25993,Phường Trảng Dài,0.0,0.0,0.0,187.0,0.0,0.0
02/09/2025,75,Đồng Nai,25996,Phường Tân Phong,0.0,0.0,27.0,0.0,27.0,0.0
02/09/2025,75,Đồng Nai,26017,Phường Tam Hiệp,0.0,0.0,0.0,3.0,0.0,0.0
02/09/2025,75,Đồng Nai,26029,Phường Thống Nhất,0.0,0.0,7.0,0.0,7.0,0.0
02/09/2025,75,Đồng Nai,26050,Phường An Bình,0.0,0.0,6.0,0.0,6.0,0.0
02/09/2025,75,Đồng Nai,26056,Phường Long Bình Tân,0.0,0.0,225.0,0.0,225.0,0.0
02/09/2025,75,Đồng Nai,26095,Phường Suối Tre,0.0,0.0,539.0,0.0,533.0,0.0
02/09/2025,75,Đồng Nai,26206,Thị Trấn Định Quán,0.0,0.0,91.0,0.0,91.0,0.0
02/09/2025,75,Đồng Nai,26272,Xã Hố Nai 3,0.0,0.0,120.0,0.0,60.0,0.0
02/09/2025,75,Đồng Nai,26368,Thị Trấn Long Thành,0.0,0.0,163.0,0.0,158.0,0.0
02/10/2023,75,Đồng Nai,26248,Thị Trấn Trảng Bom,0.0,0.0,1.0,0.0,1.0,1.0
02/10/2024,75,Đồng Nai,26248,Thị Trấn Trảng Bom,0.0,0.0,1.0,0.0,1.0,1.0
02/10/2025,75,Đồng Nai,25993,Phường Trảng Dài,0.0,0.0,0.0,45.0,0.0,0.0
02/11/2025,75,Đồng Nai,25993,Phường Trảng Dài,0.0,0.0,0.0,3.0,0.0,0.0
03/01/2025,75,Đồng Nai,26080,Phường Xuân An,0.0,0.0,6.0,0.0,6.0,6.0
03/01/2025,75,Đồng Nai,26248,Thị Trấn Trảng Bom,0.0,0.0,1.0,0.0,1.0,1.0
03/01/2025,75,Đồng Nai,26341,Thị Trấn Long Giao,0.0,0.0,618.0,0.0,618.0,618.0
03/01/2025,75,Đồng Nai,26452,Xã Suối Cát,73.0,0.0,825.0,0.0,825.0,825.0
03/02/2025,75,Đồng Nai,26026,Phường Tân Mai,169.0,0.0,603.0,0.0,603.0,603.0
03/02/2025,75,Đồng Nai,26080,Phường Xuân An,0.0,0.0,5.0,0.0,5.0,5.0
03/02/2025,75,Đồng Nai,26248,Thị Trấn Trảng Bom,0.0,0.0,189.0,0.0,189.0,189.0
03/02/2025,75,Đồng Nai,26341,Thị Trấn Long Giao,0.0,0.0,544.0,0.0,544.0,544.0
03/02/2025,75,Đồng Nai,26452,Xã Suối Cát,49.0,0.0,633.0,63.0,633.0,633.0
03/03/2025,75,Đồng Nai,25996,Phường Tân Phong,0.0,0.0,2.0,0.0,2.0,2.0
03/03/2025,75,Đồng Nai,26026,Phường Tân Mai,236.0,0.0,1184.0,0.0,1184.0,1184.0
03/03/2025,75,Đồng Nai,26080,Phường Xuân An,0.0,0.0,5.0,0.0,5.0,5.0
03/03/2025,75,Đồng Nai,26248,Thị Trấn Trảng Bom,0.0,0.0,970.0,0.0,970.0,970.0
03/03/2025,75,Đồng Nai,26254,Xã Cây Gáo,0.0,0.0,1.0,0.0,1.0,1.0
03/03/2025,75,Đồng Nai,26377,Phường Phước Tân,0.0,0.0,1.0,0.0,1.0,1.0
03/03/2025,75,Đồng Nai,26452,Xã Suối Cát,48.0,0.0,814.0,95.0,814.0,814.0
03/04/2025,75,Đồng Nai,25993,Phường Trảng Dài,0.0,0.0,185.0,0.0,185.0,185.0
03/04/2025,75,Đồng Nai,25996,Phường Tân Phong,0.0,0.0,61.0,0.0,61.0,61.0
03/04/2025,75,Đồng Nai,25999,Phường Tân Biên,0.0,0.0,10.0,0.0,10.0,10.0
03/04/2025,75,Đồng Nai,26026,Phường Tân Mai,0.0,0.0,2.0,0.0,2.0,2.0
03/04/2025,75,Đồng Nai,26095,Phường Suối Tre,2.0,0.0,53.0,0.0,53.0,53.0
03/04/2025,75,Đồng Nai,26116,Thị Trấn Tân Phú,0.0,0.0,414.0,0.0,414.0,414.0
03/04/2025,75,Đồng Nai,26206,Thị Trấn Định Quán,0.0,0.0,33.0,0.0,33.0,33.0
03/04/2025,75,Đồng Nai,26248,Thị Trấn Trảng Bom,0.0,0.0,423.0,0.0,423.0,423.0
03/04/2025,75,Đồng Nai,26272,Xã Hố Nai 3,5.0,0.0,412.0,0.0,412.0,412.0
03/04/2025,75,Đồng Nai,26326,Thị Trấn Dầu Giây,0.0,0.0,461.0,0.0,461.0,461.0
03/04/2025,75,Đồng Nai,26368,Thị Trấn Long Thành,0.0,0.0,16.0,0.0,16.0,16.0
03/04/2025,75,Đồng Nai,26377,Phường Phước Tân,0.0,0.0,4.0,0.0,4.0,4.0
03/04/2025,75,Đồng Nai,26440,Xã Xuân Trường,0.0,0.0,13.0,0.0,13.0,13.0
03/04/2025,75,Đồng Nai,26452,Xã Suối Cát,15.0,0.0,619.0,112.0,619.0,619.0
03/05/2024,75,Đồng Nai,26248,Thị Trấn Trảng Bom,0.0,0.0,1.0,0.0,1.0,1.0
03/05/2025,75,Đồng Nai,25996,Phường Tân Phong,2.0,0.0,265.0,0.0,265.0,265.0
03/05/2025,75,Đồng Nai,25999,Phường Tân Biên,0.0,0.0,10.0,0.0,10.0,10.0
03/05/2025,75,Đồng Nai,26017,Phường Tam Hiệp,0.0,0.0,54.0,0.0,54.0,54.0
03/05/2025,75,Đồng Nai,26029,Phường Thống Nhất,0.0,0.0,29.0,0.0,29.0,29.0
03/05/2025,75,Đồng Nai,26068,Phường Hóa An,0.0,0.0,147.0,0.0,136.0,147.0
03/05/2025,75,Đồng Nai,26095,Phường Suối Tre,3.0,0.0,145.0,0.0,145.0,145.0
03/05/2025,75,Đồng Nai,26116,Thị Trấn Tân Phú,0.0,0.0,24.0,0.0,24.0,24.0
03/05/2025,75,Đồng Nai,26206,Thị Trấn Định Quán,0.0,0.0,64.0,0.0,64.0,64.0
03/05/2025,75,Đồng Nai,26272,Xã Hố Nai 3,0.0,0.0,148.0,0.0,148.0,148.0
03/05/2025,75,Đồng Nai,26296,Xã An Viễn,0.0,0.0,1.0,0.0,1.0,1.0
03/05/2025,75,Đồng Nai,26326,Thị Trấn Dầu Giây,0.0,0.0,54.0,0.0,54.0,54.0
03/05/2025,75,Đồng Nai,26362,Xã Sông Ray,0.0,0.0,87.0,0.0,87.0,87.0
03/05/2025,75,Đồng Nai,26368,Thị Trấn Long Thành,0.0,0.0,46.0,0.0,46.0,46.0
03/05/2025,75,Đồng Nai,26374,Phường Tam Phước,0.0,0.0,9.0,0.0,9.0,9.0
03/05/2025,75,Đồng Nai,26377,Phường Phước Tân,0.0,0.0,5.0,0.0,5.0,5.0
03/05/2025,75,Đồng Nai,26416,Xã Phước Bình,0.0,0.0,6.0,0.0,6.0,6.0
03/05/2025,75,Đồng Nai,26440,Xã Xuân Trường,0.0,0.0,60.0,0.0,60.0,60.0
03/05/2025,75,Đồng Nai,26452,Xã Suối Cát,0.0,0.0,16.0,1.0,16.0,16.0
03/05/2025,75,Đồng Nai,26455,Xã Xuân Hiệp,0.0,0.0,351.0,0.0,4.0,351.0
03/05/2025,75,Đồng Nai,26497,Xã Vĩnh Thanh,0.0,0.0,80.0,0.0,80.0,80.0
03/06/2025,75,Đồng Nai,25993,Phường Trảng Dài,0.0,0.0,0.0,45.0,0.0,0.0
03/06/2025,75,Đồng Nai,25996,Phường Tân Phong,7.0,0.0,199.0,0.0,199.0,199.0
03/06/2025,75,Đồng Nai,25999,Phường Tân Biên,0.0,0.0,4.0,0.0,4.0,4.0
03/06/2025,75,Đồng Nai,26017,Phường Tam Hiệp,0.0,0.0,84.0,0.0,84.0,84.0
03/06/2025,75,Đồng Nai,26020,Phường Long Bình,0.0,0.0,78.0,0.0,78.0,78.0
03/06/2025,75,Đồng Nai,26029,Phường Thống Nhất,2.0,0.0,320.0,2.0,320.0,320.0
03/06/2025,75,Đồng Nai,26050,Phường An Bình,0.0,0.0,33.0,0.0,33.0,33.0
03/06/2025,75,Đồng Nai,26056,Phường Long Bình Tân,0.0,0.0,11.0,0.0,11.0,11.0
03/06/2025,75,Đồng Nai,26068,Phường Hóa An,0.0,0.0,387.0,0.0,367.0,387.0
03/06/2025,75,Đồng Nai,26095,Phường Suối Tre,0.0,0.0,1163.0,0.0,1163.0,1163.0
03/06/2025,75,Đồng Nai,26188,Xã Thạnh Phú,0.0,0.0,31.0,0.0,31.0,31.0
03/06/2025,75,Đồng Nai,26206,Thị Trấn Định Quán,0.0,0.0,508.0,0.0,508.0,508.0
03/06/2025,75,Đồng Nai,26239,Xã Túc Trưng,4.0,0.0,110.0,0.0,110.0,110.0
03/06/2025,75,Đồng Nai,26272,Xã Hố Nai 3,2.0,0.0,204.0,0.0,204.0,204.0
03/06/2025,75,Đồng Nai,26296,Xã An Viễn,0.0,0.0,124.0,0.0,124.0,124.0
03/06/2025,75,Đồng Nai,26299,Xã Gia Tân 1,0.0,0.0,37.0,0.0,37.0,37.0
03/06/2025,75,Đồng Nai,26311,Xã Quang Trung,4.0,0.0,126.0,0.0,126.0,126.0
03/06/2025,75,Đồng Nai,26317,Xã Hưng Lộc,1.0,0.0,70.0,0.0,70.0,70.0
03/06/2025,75,Đồng Nai,26326,Thị Trấn Dầu Giây,0.0,0.0,556.0,0.0,556.0,556.0
03/06/2025,75,Đồng Nai,26362,Xã Sông Ray,0.0,0.0,81.0,0.0,81.0,81.0
03/06/2025,75,Đồng Nai,26368,Thị Trấn Long Thành,2.0,0.0,574.0,0.0,574.0,574.0
03/06/2025,75,Đồng Nai,26374,Phường Tam Phước,0.0,0.0,75.0,0.0,75.0,75.0
03/06/2025,75,Đồng Nai,26377,Phường Phước Tân,0.0,0.0,24.0,0.0,24.0,24.0
03/06/2025,75,Đồng Nai,26416,Xã Phước Bình,0.0,0.0,9.0,0.0,9.0,9.0
03/06/2025,75,Đồng Nai,26440,Xã Xuân Trường,0.0,0.0,55.0,0.0,55.0,55.0
03/06/2025,75,Đồng Nai,26452,Xã Suối Cát,16.0,0.0,578.0,57.0,578.0,578.0
03/06/2025,75,Đồng Nai,26455,Xã Xuân Hiệp,0.0,0.0,342.0,0.0,342.0,342.0
03/06/2025,75,Đồng Nai,26485,Xã Phú Hội,0.0,0.0,1.0,0.0,1.0,1.0
03/06/2025,75,Đồng Nai,26497,Xã Vĩnh Thanh,0.0,0.0,66.0,0.0,66.0,66.0
03/07/2024,75,Đồng Nai,26035,Phường Tam Hòa,0.0,0.0,8.0,0.0,8.0,8.0
03/07/2024,75,Đồng Nai,26206,Thị Trấn Định Quán,0.0,0.0,1.0,0.0,1.0,1.0
03/07/2025,75,Đồng Nai,25993,Phường Trảng Dài,0.0,0.0,127.0,0.0,127.0,0.0
03/07/2025,75,Đồng Nai,25996,Phường Tân Phong,0.0,0.0,57.0,0.0,57.0,0.0
03/07/2025,75,Đồng Nai,26017,Phường Tam Hiệp,0.0,0.0,90.0,1.0,90.0,0.0
03/07/2025,75,Đồng Nai,26029,Phường Thống Nhất,0.0,0.0,11.0,1.0,11.0,0.0
03/07/2025,75,Đồng Nai,26050,Phường An Bình,0.0,0.0,69.0,0.0,69.0,0.0
03/07/2025,75,Đồng Nai,26056,Phường Long Bình Tân,0.0,0.0,13.0,0.0,13.0,0.0
03/07/2025,75,Đồng Nai,26068,Phường Hóa An,0.0,0.0,239.0,0.0,219.0,0.0
03/07/2025,75,Đồng Nai,26095,Phường Suối Tre,0.0,0.0,1152.0,0.0,1152.0,0.0
03/07/2025,75,Đồng Nai,26116,Thị Trấn Tân Phú,0.0,0.0,422.0,0.0,422.0,0.0
03/07/2025,75,Đồng Nai,26188,Xã Thạnh Phú,0.0,0.0,3.0,0.0,3.0,0.0
03/07/2025,75,Đồng Nai,26206,Thị Trấn Định Quán,0.0,0.0,559.0,0.0,559.0,0.0
03/07/2025,75,Đồng Nai,26272,Xã Hố Nai 3,10.0,0.0,963.0,0.0,963.0,0.0
03/07/2025,75,Đồng Nai,26275,Xã Tây Hoà,0.0,0.0,3.0,0.0,3.0,0.0
03/07/2025,75,Đồng Nai,26296,Xã An Viễn,1.0,0.0,81.0,0.0,81.0,0.0
03/07/2025,75,Đồng Nai,26299,Xã Gia Tân 1,3.0,0.0,111.0,0.0,111.0,0.0
03/07/2025,75,Đồng Nai,26311,Xã Quang Trung,0.0,0.0,160.0,0.0,160.0,0.0
03/07/2025,75,Đồng Nai,26317,Xã Hưng Lộc,0.0,0.0,81.0,0.0,81.0,0.0
03/07/2025,75,Đồng Nai,26326,Thị Trấn Dầu Giây,0.0,0.0,22.0,0.0,22.0,0.0
03/07/2025,75,Đồng Nai,26362,Xã Sông Ray,0.0,0.0,119.0,0.0,119.0,0.0
03/07/2025,75,Đồng Nai,26368,Thị Trấn Long Thành,0.0,0.0,560.0,0.0,560.0,0.0
03/07/2025,75,Đồng Nai,26374,Phường Tam Phước,0.0,0.0,87.0,0.0,87.0,0.0
03/07/2025,75,Đồng Nai,26377,Phường Phước Tân,0.0,0.0,26.0,0.0,26.0,0.0
03/07/2025,75,Đồng Nai,26416,Xã Phước Bình,0.0,0.0,71.0,0.0,71.0,0.0
03/07/2025,75,Đồng Nai,26452,Xã Suối Cát,0.0,0.0,343.0,57.0,343.0,0.0
03/07/2025,75,Đồng Nai,26455,Xã Xuân Hiệp,0.0,0.0,370.0,0.0,369.0,0.0
03/07/2025,75,Đồng Nai,26497,Xã Vĩnh Thanh,0.0,0.0,66.0,0.0,66.0,0.0
03/08/2025,75,Đồng Nai,25993,Phường Trảng Dài,0.0,0.0,0.0,47.0,0.0,0.0
03/08/2025,75,Đồng Nai,25996,Phường Tân Phong,0.0,0.0,269.0,0.0,0.0,0.0
03/08/2025,75,Đồng Nai,26017,Phường Tam Hiệp,0.0,0.0,0.0,2.0,0.0,0.0
03/08/2025,75,Đồng Nai,26029,Phường Thống Nhất,0.0,0.0,233.0,0.0,233.0,0.0
03/08/2025,75,Đồng Nai,26050,Phường An Bình,0.0,0.0,5.0,0.0,5.0,0.0
03/08/2025,75,Đồng Nai,26056,Phường Long Bình Tân,0.0,0.0,523.0,0.0,523.0,0.0
03/08/2025,75,Đồng Nai,26095,Phường Suối Tre,0.0,0.0,768.0,0.0,768.0,0.0
03/08/2025,75,Đồng Nai,26188,Xã Thạnh Phú,0.0,0.0,155.0,0.0,155.0,0.0
03/08/2025,75,Đồng Nai,26206,Thị Trấn Định Quán,0.0,0.0,115.0,0.0,115.0,0.0
03/08/2025,75,Đồng Nai,26272,Xã Hố Nai 3,0.0,0.0,367.0,0.0,367.0,0.0
03/08/2025,75,Đồng Nai,26296,Xã An Viễn,0.0,0.0,54.0,0.0,54.0,0.0
03/08/2025,75,Đồng Nai,26311,Xã Quang Trung,0.0,0.0,118.0,0.0,118.0,0.0
03/08/2025,75,Đồng Nai,26317,Xã Hưng Lộc,0.0,0.0,15.0,0.0,15.0,0.0
03/08/2025,75,Đồng Nai,26362,Xã Sông Ray,0.0,0.0,32.0,0.0,32.0,0.0
03/08/2025,75,Đồng Nai,26368,Thị Trấn Long Thành,0.0,0.0,55.0,0.0,55.0,0.0
03/08/2025,75,Đồng Nai,26452,Xã Suối Cát,0.0,0.0,0.0,29.0,0.0,0.0
03/09/2025,75,Đồng Nai,25993,Phường Trảng Dài,0.0,0.0,141.0,151.0,141.0,0.0
03/09/2025,75,Đồng Nai,25996,Phường Tân Phong,0.0,0.0,434.0,0.0,434.0,0.0
03/09/2025,75,Đồng Nai,26017,Phường Tam Hiệp,0.0,0.0,149.0,7.0,149.0,0.0
03/09/2025,75,Đồng Nai,26029,Phường Thống Nhất,0.0,0.0,123.0,0.0,123.0,0.0
03/09/2025,75,Đồng Nai,26050,Phường An Bình,0.0,0.0,119.0,0.0,119.0,0.0
03/09/2025,75,Đồng Nai,26056,Phường Long Bình Tân,0.0,0.0,1108.0,0.0,1108.0,0.0
03/09/2025,75,Đồng Nai,26095,Phường Suối Tre,0.0,0.0,1680.0,0.0,1665.0,0.0
03/09/2025,75,Đồng Nai,26188,Xã Thạnh Phú,0.0,0.0,264.0,0.0,264.0,0.0
03/09/2025,75,Đồng Nai,26206,Thị Trấn Định Quán,0.0,0.0,671.0,0.0,670.0,0.0
03/09/2025,75,Đồng Nai,26272,Xã Hố Nai 3,0.0,0.0,1665.0,0.0,962.0,0.0
03/09/2025,75,Đồng Nai,26296,Xã An Viễn,0.0,0.0,226.0,0.0,226.0,0.0
03/09/2025,75,Đồng Nai,26311,Xã Quang Trung,0.0,0.0,228.0,0.0,228.0,0.0
03/09/2025,75,Đồng Nai,26362,Xã Sông Ray,0.0,0.0,230.0,0.0,230.0,0.0
03/09/2025,75,Đồng Nai,26368,Thị Trấn Long Thành,0.0,0.0,693.0,0.0,682.0,0.0
03/09/2025,75,Đồng Nai,26389,Xã Long Đức,0.0,0.0,82.0,0.0,82.0,0.0
03/09/2025,75,Đồng Nai,26416,Xã Phước Bình,0.0,0.0,147.0,0.0,147.0,0.0
03/09/2025,75,Đồng Nai,26455,Xã Xuân Hiệp,0.0,0.0,459.0,0.0,459.0,0.0
03/09/2025,75,Đồng Nai,26497,Xã Vĩnh Thanh,0.0,0.0,113.0,0.0,113.0,0.0
03/10/2025,75,Đồng Nai,26017,Phường Tam Hiệp,0.0,0.0,0.0,9.0,0.0,0.0
04/01/2025,75,Đồng Nai,26341,Thị Trấn Long Giao,0.0,0.0,10.0,0.0,10.0,10.0
04/01/2025,75,Đồng Nai,26452,Xã Suối Cát,0.0,0.0,50.0,0.0,50.0,50.0
04/02/2025,75,Đồng Nai,25993,Phường Trảng Dài,0.0,0.0,5.0,0.0,5.0,5.0
04/02/2025,75,Đồng Nai,26026,Phường Tân Mai,64.0,0.0,330.0,0.0,330.0,330.0
04/02/2025,75,Đồng Nai,26029,Phường Thống Nhất,0.0,0.0,1.0,0.0,1.0,1.0
04/02/2025,75,Đồng Nai,26080,Phường Xuân An,0.0,0.0,3.0,0.0,3.0,3.0
04/02/2025,75,Đồng Nai,26248,Thị Trấn Trảng Bom,0.0,0.0,100.0,0.0,100.0,100.0
04/02/2025,75,Đồng Nai,26341,Thị Trấn Long Giao,0.0,0.0,516.0,0.0,516.0,516.0
04/02/2025,75,Đồng Nai,26452,Xã Suối Cát,40.0,0.0,638.0,44.0,638.0,638.0
04/03/2025,75,Đồng Nai,25996,Phường Tân Phong,0.0,0.0,5.0,0.0,5.0,5.0
04/03/2025,75,Đồng Nai,26026,Phường Tân Mai,0.0,0.0,16.0,0.0,16.0,16.0
04/03/2025,75,Đồng Nai,26080,Phường Xuân An,0.0,0.0,2.0,0.0,2.0,2.0
04/03/2025,75,Đồng Nai,26095,Phường Suối Tre,0.0,0.0,1.0,0.0,1.0,1.0
04/03/2025,75,Đồng Nai,26248,Thị Trấn Trảng Bom,0.0,0.0,457.0,0.0,457.0,457.0
04/03/2025,75,Đồng Nai,26272,Xã Hố Nai 3,0.0,0.0,1.0,0.0,1.0,1.0
04/03/2025,75,Đồng Nai,26452,Xã Suối Cát,29.0,0.0,590.0,93.0,590.0,590.0
04/04/2025,75,Đồng Nai,25993,Phường Trảng Dài,0.0,0.0,71.0,0.0,71.0,71.0
04/04/2025,75,Đồng Nai,25996,Phường Tân Phong,0.0,0.0,72.0,0.0,72.0,72.0
04/04/2025,75,Đồng Nai,25999,Phường Tân Biên,0.0,0.0,13.0,0.0,13.0,13.0
04/04/2025,75,Đồng Nai,26095,Phường Suối Tre,0.0,0.0,71.0,0.0,71.0,71.0
04/04/2025,75,Đồng Nai,26116,Thị Trấn Tân Phú,0.0,0.0,366.0,0.0,366.0,366.0
04/04/2025,75,Đồng Nai,26206,Thị Trấn Định Quán,0.0,0.0,35.0,0.0,35.0,35.0
04/04/2025,75,Đồng Nai,26248,Thị Trấn Trảng Bom,0.0,0.0,396.0,0.0,396.0,396.0
04/04/2025,75,Đồng Nai,26272,Xã Hố Nai 3,3.0,0.0,423.0,0.0,423.0,423.0
04/04/2025,75,Đồng Nai,26326,Thị Trấn Dầu Giây,0.0,0.0,550.0,0.0,550.0,550.0
04/04/2025,75,Đồng Nai,26368,Thị Trấn Long Thành,0.0,0.0,15.0,0.0,15.0,15.0
04/04/2025,75,Đồng Nai,26377,Phường Phước Tân,0.0,0.0,11.0,0.0,11.0,11.0
04/04/2025,75,Đồng Nai,26452,Xã Suối Cát,20.0,0.0,688.0,8.0,688.0,688.0
04/04/2025,75,Đồng Nai,26485,Xã Phú Hội,0.0,0.0,1.0,0.0,1.0,1.0
04/05/2025,75,Đồng Nai,25993,Phường Trảng Dài,0.0,0.0,0.0,54.0,0.0,0.0
04/05/2025,75,Đồng Nai,25996,Phường Tân Phong,1.0,0.0,197.0,0.0,197.0,197.0
04/05/2025,75,Đồng Nai,25999,Phường Tân Biên,0.0,0.0,2.0,0.0,2.0,2.0
04/05/2025,75,Đồng Nai,26029,Phường Thống Nhất,0.0,0.0,53.0,0.0,53.0,53.0
04/05/2025,75,Đồng Nai,26068,Phường Hóa An,0.0,0.0,98.0,0.0,93.0,98.0
04/05/2025,75,Đồng Nai,26095,Phường Suối Tre,0.0,0.0,536.0,0.0,536.0,536.0
04/05/2025,75,Đồng Nai,26116,Thị Trấn Tân Phú,0.0,0.0,114.0,0.0,114.0,114.0
04/05/2025,75,Đồng Nai,26206,Thị Trấn Định Quán,0.0,0.0,54.0,0.0,54.0,54.0
04/05/2025,75,Đồng Nai,26272,Xã Hố Nai 3,0.0,0.0,128.0,0.0,128.0,128.0
04/05/2025,75,Đồng Nai,26326,Thị Trấn Dầu Giây,0.0,0.0,80.0,0.0,80.0,80.0
04/05/2025,75,Đồng Nai,26362,Xã Sông Ray,0.0,0.0,13.0,0.0,13.0,13.0
04/05/2025,75,Đồng Nai,26368,Thị Trấn Long Thành,0.0,0.0,73.0,0.0,73.0,73.0
04/05/2025,75,Đồng Nai,26374,Phường Tam Phước,0.0,0.0,5.0,0.0,5.0,5.0
04/05/2025,75,Đồng Nai,26440,Xã Xuân Trường,0.0,0.0,22.0,0.0,22.0,22.0
04/05/2025,75,Đồng Nai,26452,Xã Suối Cát,0.0,0.0,37.0,92.0,37.0,37.0
04/05/2025,75,Đồng Nai,26455,Xã Xuân Hiệp,0.0,0.0,252.0,0.0,6.0,252.0
04/05/2025,75,Đồng Nai,26497,Xã Vĩnh Thanh,1.0,0.0,91.0,0.0,91.0,91.0
04/06/2025,75,Đồng Nai,25993,Phường Trảng Dài,0.0,0.0,0.0,57.0,0.0,0.0
04/06/2025,75,Đồng Nai,25996,Phường Tân Phong,1.0,0.0,108.0,0.0,108.0,108.0
04/06/2025,75,Đồng Nai,26017,Phường Tam Hiệp,0.0,0.0,81.0,6.0,81.0,81.0
04/06/2025,75,Đồng Nai,26020,Phường Long Bình,0.0,0.0,66.0,0.0,66.0,66.0
04/06/2025,75,Đồng Nai,26029,Phường Thống Nhất,0.0,0.0,452.0,0.0,452.0,452.0
04/06/2025,75,Đồng Nai,26050,Phường An Bình,0.0,0.0,78.0,0.0,78.0,78.0
04/06/2025,75,Đồng Nai,26056,Phường Long Bình Tân,0.0,0.0,10.0,0.0,10.0,10.0
04/06/2025,75,Đồng Nai,26068,Phường Hóa An,0.0,0.0,175.0,0.0,162.0,175.0
04/06/2025,75,Đồng Nai,26095,Phường Suối Tre,0.0,0.0,1090.0,0.0,1090.0,1090.0
04/06/2025,75,Đồng Nai,26206,Thị Trấn Định Quán,0.0,0.0,470.0,0.0,470.0,470.0
04/06/2025,75,Đồng Nai,26239,Xã Túc Trưng,2.0,0.0,98.0,0.0,98.0,98.0
04/06/2025,75,Đồng Nai,26272,Xã Hố Nai 3,6.0,0.0,605.0,0.0,605.0,605.0
04/06/2025,75,Đồng Nai,26296,Xã An Viễn,0.0,0.0,19.0,0.0,19.0,19.0
04/06/2025,75,Đồng Nai,26299,Xã Gia Tân 1,0.0,0.0,33.0,0.0,33.0,33.0
04/06/2025,75,Đồng Nai,26311,Xã Quang Trung,0.0,0.0,30.0,0.0,30.0,30.0
04/06/2025,75,Đồng Nai,26317,Xã Hưng Lộc,0.0,0.0,77.0,0.0,77.0,77.0
04/06/2025,75,Đồng Nai,26326,Thị Trấn Dầu Giây,0.0,0.0,588.0,0.0,588.0,588.0
04/06/2025,75,Đồng Nai,26362,Xã Sông Ray,2.0,0.0,88.0,0.0,88.0,88.0
04/06/2025,75,Đồng Nai,26368,Thị Trấn Long Thành,0.0,0.0,530.0,0.0,530.0,530.0
04/06/2025,75,Đồng Nai,26374,Phường Tam Phước,0.0,0.0,74.0,0.0,74.0,74.0
04/06/2025,75,Đồng Nai,26377,Phường Phước Tân,0.0,0.0,40.0,0.0,40.0,40.0
04/06/2025,75,Đồng Nai,26416,Xã Phước Bình,0.0,0.0,59.0,0.0,59.0,59.0
04/06/2025,75,Đồng Nai,26452,Xã Suối Cát,20.0,0.0,616.0,46.0,616.0,616.0
04/06/2025,75,Đồng Nai,26455,Xã Xuân Hiệp,0.0,0.0,322.0,0.0,322.0,322.0
04/06/2025,75,Đồng Nai,26497,Xã Vĩnh Thanh,1.0,0.0,61.0,0.0,61.0,61.0
04/07/2021,75,Đồng Nai,26248,Thị Trấn Trảng Bom,0.0,0.0,2.0,0.0,2.0,2.0
04/07/2024,75,Đồng Nai,26035,Phường Tam Hòa,0.0,0.0,5.0,0.0,5.0,5.0
04/07/2024,75,Đồng Nai,26206,Thị Trấn Định Quán,0.0,0.0,21.0,0.0,21.0,21.0
04/07/2025,75,Đồng Nai,25993,Phường Trảng Dài,0.0,0.0,19.0,0.0,19.0,0.0
04/07/2025,75,Đồng Nai,25996,Phường Tân Phong,0.0,0.0,92.0,0.0,92.0,0.0
04/07/2025,75,Đồng Nai,26002,Phường Hố Nai,4.0,0.0,34.0,0.0,33.0,0.0
04/07/2025,75,Đồng Nai,26017,Phường Tam Hiệp,0.0,0.0,80.0,1.0,80.0,0.0
04/07/2025,75,Đồng Nai,26029,Phường Thống Nhất,1.0,0.0,101.0,0.0,101.0,0.0
04/07/2025,75,Đồng Nai,26050,Phường An Bình,0.0,0.0,94.0,0.0,94.0,0.0
04/07/2025,75,Đồng Nai,26056,Phường Long Bình Tân,0.0,0.0,2.0,0.0,2.0,0.0
04/07/2025,75,Đồng Nai,26068,Phường Hóa An,0.0,0.0,280.0,0.0,259.0,0.0
04/07/2025,75,Đồng Nai,26095,Phường Suối Tre,0.0,0.0,961.0,0.0,961.0,0.0
04/07/2025,75,Đồng Nai,26116,Thị Trấn Tân Phú,0.0,0.0,343.0,0.0,343.0,0.0
04/07/2025,75,Đồng Nai,26188,Xã Thạnh Phú,0.0,0.0,4.0,0.0,4.0,0.0
04/07/2025,75,Đồng Nai,26206,Thị Trấn Định Quán,0.0,0.0,246.0,0.0,246.0,0.0
04/07/2025,75,Đồng Nai,26272,Xã Hố Nai 3,5.0,0.0,974.0,0.0,974.0,0.0
04/07/2025,75,Đồng Nai,26275,Xã Tây Hoà,1.0,0.0,139.0,0.0,138.0,0.0
04/07/2025,75,Đồng Nai,26296,Xã An Viễn,0.0,0.0,72.0,0.0,72.0,0.0
04/07/2025,75,Đồng Nai,26299,Xã Gia Tân 1,2.0,0.0,67.0,0.0,67.0,0.0
04/07/2025,75,Đồng Nai,26311,Xã Quang Trung,0.0,0.0,159.0,0.0,159.0,0.0
04/07/2025,75,Đồng Nai,26317,Xã Hưng Lộc,0.0,0.0,91.0,0.0,91.0,0.0
04/07/2025,75,Đồng Nai,26326,Thị Trấn Dầu Giây,0.0,0.0,24.0,0.0,24.0,0.0
04/07/2025,75,Đồng Nai,26362,Xã Sông Ray,0.0,0.0,61.0,0.0,61.0,0.0
04/07/2025,75,Đồng Nai,26368,Thị Trấn Long Thành,1.0,0.0,475.0,0.0,475.0,0.0
04/07/2025,75,Đồng Nai,26374,Phường Tam Phước,0.0,0.0,70.0,0.0,70.0,0.0
04/07/2025,75,Đồng Nai,26377,Phường Phước Tân,0.0,0.0,46.0,0.0,46.0,0.0
04/07/2025,75,Đồng Nai,26416,Xã Phước Bình,0.0,0.0,66.0,0.0,66.0,0.0
04/07/2025,75,Đồng Nai,26452,Xã Suối Cát,0.0,0.0,2.0,4.0,2.0,0.0
04/07/2025,75,Đồng Nai,26455,Xã Xuân Hiệp,0.0,0.0,1184.0,0.0,1184.0,0.0
04/07/2025,75,Đồng Nai,26497,Xã Vĩnh Thanh,0.0,0.0,70.0,0.0,70.0,0.0
04/08/2025,75,Đồng Nai,25993,Phường Trảng Dài,0.0,0.0,312.0,25.0,312.0,0.0
04/08/2025,75,Đồng Nai,25996,Phường Tân Phong,0.0,0.0,662.0,0.0,46.0,0.0
04/08/2025,75,Đồng Nai,26017,Phường Tam Hiệp,0.0,0.0,131.0,2.0,131.0,0.0
04/08/2025,75,Đồng Nai,26029,Phường Thống Nhất,0.0,0.0,521.0,0.0,521.0,0.0
04/08/2025,75,Đồng Nai,26050,Phường An Bình,0.0,0.0,53.0,0.0,53.0,0.0
04/08/2025,75,Đồng Nai,26056,Phường Long Bình Tân,0.0,0.0,1250.0,0.0,1250.0,0.0
04/08/2025,75,Đồng Nai,26068,Phường Hóa An,0.0,0.0,203.0,0.0,203.0,0.0
04/08/2025,75,Đồng Nai,26095,Phường Suối Tre,0.0,0.0,2442.0,0.0,2442.0,0.0
04/08/2025,75,Đồng Nai,26188,Xã Thạnh Phú,0.0,0.0,255.0,0.0,255.0,0.0
04/08/2025,75,Đồng Nai,26206,Thị Trấn Định Quán,0.0,0.0,708.0,0.0,708.0,0.0
04/08/2025,75,Đồng Nai,26272,Xã Hố Nai 3,0.0,0.0,759.0,0.0,759.0,0.0
04/08/2025,75,Đồng Nai,26296,Xã An Viễn,0.0,0.0,155.0,0.0,155.0,0.0
04/08/2025,75,Đồng Nai,26311,Xã Quang Trung,0.0,0.0,227.0,0.0,226.0,0.0
04/08/2025,75,Đồng Nai,26317,Xã Hưng Lộc,0.0,0.0,67.0,0.0,67.0,0.0
04/08/2025,75,Đồng Nai,26341,Thị Trấn Long Giao,0.0,0.0,1.0,0.0,1.0,0.0
04/08/2025,75,Đồng Nai,26362,Xã Sông Ray,0.0,0.0,148.0,0.0,148.0,0.0
04/08/2025,75,Đồng Nai,26368,Thị Trấn Long Thành,0.0,0.0,505.0,0.0,505.0,0.0
04/08/2025,75,Đồng Nai,26374,Phường Tam Phước,0.0,0.0,134.0,0.0,134.0,0.0
04/08/2025,75,Đồng Nai,26416,Xã Phước Bình,0.0,0.0,109.0,0.0,109.0,0.0
04/08/2025,75,Đồng Nai,26452,Xã Suối Cát,0.0,0.0,0.0,29.0,0.0,0.0
04/08/2025,75,Đồng Nai,26455,Xã Xuân Hiệp,0.0,0.0,4.0,0.0,4.0,0.0
04/09/2024,75,Đồng Nai,26248,Thị Trấn Trảng Bom,0.0,0.0,1.0,0.0,1.0,1.0
04/09/2025,75,Đồng Nai,25993,Phường Trảng Dài,0.0,0.0,247.0,95.0,247.0,0.0
04/09/2025,75,Đồng Nai,25996,Phường Tân Phong,0.0,0.0,315.0,0.0,310.0,0.0
04/09/2025,75,Đồng Nai,26017,Phường Tam Hiệp,0.0,0.0,109.0,5.0,109.0,0.0
04/09/2025,75,Đồng Nai,26029,Phường Thống Nhất,0.0,0.0,440.0,0.0,440.0,0.0
04/09/2025,75,Đồng Nai,26050,Phường An Bình,0.0,0.0,45.0,0.0,45.0,0.0
04/09/2025,75,Đồng Nai,26056,Phường Long Bình Tân,0.0,0.0,1052.0,0.0,1052.0,0.0
04/09/2025,75,Đồng Nai,26068,Phường Hóa An,0.0,0.0,230.0,0.0,230.0,0.0
04/09/2025,75,Đồng Nai,26095,Phường Suối Tre,0.0,0.0,1433.0,0.0,1416.0,0.0
04/09/2025,75,Đồng Nai,26188,Xã Thạnh Phú,0.0,0.0,143.0,0.0,143.0,0.0
04/09/2025,75,Đồng Nai,26206,Thị Trấn Định Quán,0.0,0.0,761.0,0.0,761.0,0.0
04/09/2025,75,Đồng Nai,26272,Xã Hố Nai 3,0.0,0.0,22.0,0.0,22.0,0.0
04/09/2025,75,Đồng Nai,26311,Xã Quang Trung,0.0,0.0,187.0,0.0,187.0,0.0
04/09/2025,75,Đồng Nai,26317,Xã Hưng Lộc,0.0,0.0,103.0,0.0,102.0,0.0
04/09/2025,75,Đồng Nai,26362,Xã Sông Ray,0.0,0.0,111.0,0.0,111.0,0.0
04/09/2025,75,Đồng Nai,26368,Thị Trấn Long Thành,0.0,0.0,659.0,0.0,653.0,0.0
04/09/2025,75,Đồng Nai,26389,Xã Long Đức,0.0,0.0,38.0,0.0,38.0,0.0
04/09/2025,75,Đồng Nai,26416,Xã Phước Bình,0.0,0.0,93.0,0.0,93.0,0.0
04/09/2025,75,Đồng Nai,26455,Xã Xuân Hiệp,0.0,0.0,424.0,0.0,424.0,0.0
04/09/2025,75,Đồng Nai,26497,Xã Vĩnh Thanh,0.0,0.0,10.0,0.0,10.0,0.0
04/10/2024,75,Đồng Nai,26248,Thị Trấn Trảng Bom,0.0,0.0,2.0,0.0,2.0,2.0
04/10/2025,75,Đồng Nai,26017,Phường Tam Hiệp,0.0,0.0,0.0,8.0,0.0,0.0
05/01/2025,75,Đồng Nai,26341,Thị Trấn Long Giao,0.0,0.0,61.0,0.0,61.0,61.0
05/01/2025,75,Đồng Nai,26452,Xã Suối Cát,0.0,0.0,59.0,12.0,59.0,59.0
05/02/2025,75,Đồng Nai,25993,Phường Trảng Dài,0.0,0.0,46.0,0.0,46.0,46.0
05/02/2025,75,Đồng Nai,26026,Phường Tân Mai,158.0,0.0,657.0,0.0,657.0,657.0
05/02/2025,75,Đồng Nai,26029,Phường Thống Nhất,0.0,0.0,1.0,0.0,1.0,1.0
05/02/2025,75,Đồng Nai,26080,Phường Xuân An,0.0,0.0,1.0,0.0,1.0,1.0
05/02/2025,75,Đồng Nai,26248,Thị Trấn Trảng Bom,0.0,0.0,116.0,0.0,116.0,116.0
05/02/2025,75,Đồng Nai,26341,Thị Trấn Long Giao,0.0,0.0,489.0,0.0,489.0,489.0
05/02/2025,75,Đồng Nai,26452,Xã Suối Cát,28.0,0.0,661.0,75.0,661.0,661.0
05/03/2025,75,Đồng Nai,25996,Phường Tân Phong,0.0,0.0,4.0,0.0,4.0,4.0
05/03/2025,75,Đồng Nai,26026,Phường Tân Mai,1.0,0.0,29.0,0.0,29.0,29.0
05/03/2025,75,Đồng Nai,26080,Phường Xuân An,0.0,0.0,3.0,0.0,3.0,3.0
05/03/2025,75,Đồng Nai,26248,Thị Trấn Trảng Bom,0.0,0.0,440.0,0.0,440.0,440.0
05/03/2025,75,Đồng Nai,26326,Thị Trấn Dầu Giây,0.0,0.0,1.0,0.0,1.0,1.0
05/03/2025,75,Đồng Nai,26452,Xã Suối Cát,24.0,0.0,619.0,101.0,619.0,619.0
05/03/2025,75,Đồng Nai,26455,Xã Xuân Hiệp,0.0,0.0,2.0,0.0,0.0,2.0
05/04/2025,75,Đồng Nai,25999,Phường Tân Biên,0.0,0.0,8.0,0.0,8.0,8.0
05/04/2025,75,Đồng Nai,26095,Phường Suối Tre,2.0,0.0,84.0,0.0,84.0,84.0
05/04/2025,75,Đồng Nai,26116,Thị Trấn Tân Phú,0.0,0.0,98.0,0.0,98.0,98.0
05/04/2025,75,Đồng Nai,26206,Thị Trấn Định Quán,0.0,0.0,25.0,0.0,25.0,25.0
05/04/2025,75,Đồng Nai,26248,Thị Trấn Trảng Bom,0.0,0.0,30.0,0.0,30.0,30.0
05/04/2025,75,Đồng Nai,26272,Xã Hố Nai 3,4.0,0.0,319.0,0.0,319.0,319.0
05/04/2025,75,Đồng Nai,26326,Thị Trấn Dầu Giây,0.0,0.0,152.0,0.0,152.0,152.0
05/04/2025,75,Đồng Nai,26368,Thị Trấn Long Thành,0.0,0.0,13.0,0.0,13.0,13.0
05/04/2025,75,Đồng Nai,26377,Phường Phước Tân,0.0,0.0,3.0,0.0,3.0,3.0
05/04/2025,75,Đồng Nai,26440,Xã Xuân Trường,0.0,0.0,14.0,0.0,14.0,14.0
05/04/2025,75,Đồng Nai,26452,Xã Suối Cát,0.0,0.0,86.0,5.0,86.0,86.0
05/04/2025,75,Đồng Nai,26485,Xã Phú Hội,0.0,0.0,3.0,0.0,3.0,3.0
05/05/2025,75,Đồng Nai,25993,Phường Trảng Dài,8.0,0.0,251.0,64.0,251.0,251.0
05/05/2025,75,Đồng Nai,25996,Phường Tân Phong,0.0,0.0,144.0,0.0,144.0,144.0
05/05/2025,75,Đồng Nai,25999,Phường Tân Biên,0.0,0.0,9.0,0.0,9.0,9.0
05/05/2025,75,Đồng Nai,26017,Phường Tam Hiệp,0.0,0.0,142.0,0.0,142.0,142.0
05/05/2025,75,Đồng Nai,26029,Phường Thống Nhất,0.0,0.0,573.0,0.0,573.0,573.0
05/05/2025,75,Đồng Nai,26068,Phường Hóa An,0.0,0.0,193.0,0.0,183.0,193.0
05/05/2025,75,Đồng Nai,26095,Phường Suối Tre,0.0,0.0,1662.0,0.0,1661.0,1661.0
05/05/2025,75,Đồng Nai,26116,Thị Trấn Tân Phú,0.0,0.0,571.0,0.0,571.0,571.0
05/05/2025,75,Đồng Nai,26188,Xã Thạnh Phú,0.0,0.0,51.0,0.0,51.0,51.0
05/05/2025,75,Đồng Nai,26206,Thị Trấn Định Quán,0.0,0.0,304.0,0.0,304.0,304.0
05/05/2025,75,Đồng Nai,26272,Xã Hố Nai 3,1.0,0.0,334.0,0.0,334.0,334.0
05/05/2025,75,Đồng Nai,26326,Thị Trấn Dầu Giây,0.0,0.0,874.0,0.0,874.0,874.0
05/05/2025,75,Đồng Nai,26362,Xã Sông Ray,3.0,0.0,141.0,0.0,141.0,141.0
05/05/2025,75,Đồng Nai,26368,Thị Trấn Long Thành,0.0,0.0,581.0,0.0,581.0,581.0
05/05/2025,75,Đồng Nai,26374,Phường Tam Phước,0.0,0.0,37.0,0.0,37.0,37.0
05/05/2025,75,Đồng Nai,26377,Phường Phước Tân,0.0,0.0,48.0,0.0,48.0,48.0
05/05/2025,75,Đồng Nai,26383,Xã An Phước,0.0,0.0,1.0,0.0,1.0,1.0
05/05/2025,75,Đồng Nai,26416,Xã Phước Bình,0.0,0.0,7.0,0.0,7.0,7.0
05/05/2025,75,Đồng Nai,26440,Xã Xuân Trường,0.0,0.0,85.0,0.0,85.0,85.0
05/05/2025,75,Đồng Nai,26452,Xã Suối Cát,55.0,0.0,927.0,96.0,927.0,927.0
05/05/2025,75,Đồng Nai,26455,Xã Xuân Hiệp,0.0,0.0,396.0,0.0,4.0,396.0
05/05/2025,75,Đồng Nai,26485,Xã Phú Hội,0.0,0.0,1.0,0.0,1.0,1.0
05/05/2025,75,Đồng Nai,26497,Xã Vĩnh Thanh,0.0,0.0,93.0,0.0,93.0,93.0
05/06/2025,75,Đồng Nai,25993,Phường Trảng Dài,0.0,0.0,0.0,30.0,0.0,0.0
05/06/2025,75,Đồng Nai,25996,Phường Tân Phong,5.0,0.0,375.0,0.0,375.0,375.0
05/06/2025,75,Đồng Nai,26017,Phường Tam Hiệp,0.0,0.0,70.0,3.0,70.0,70.0
05/06/2025,75,Đồng Nai,26020,Phường Long Bình,0.0,0.0,75.0,0.0,75.0,75.0
05/06/2025,75,Đồng Nai,26029,Phường Thống Nhất,0.0,0.0,393.0,4.0,393.0,393.0
05/06/2025,75,Đồng Nai,26050,Phường An Bình,0.0,0.0,48.0,0.0,48.0,48.0
05/06/2025,75,Đồng Nai,26056,Phường Long Bình Tân,2.0,0.0,61.0,0.0,61.0,61.0
05/06/2025,75,Đồng Nai,26068,Phường Hóa An,1.0,0.0,272.0,0.0,257.0,272.0
05/06/2025,75,Đồng Nai,26095,Phường Suối Tre,0.0,0.0,1222.0,0.0,1222.0,1222.0
05/06/2025,75,Đồng Nai,26206,Thị Trấn Định Quán,0.0,0.0,505.0,0.0,505.0,505.0
05/06/2025,75,Đồng Nai,26239,Xã Túc Trưng,3.0,0.0,121.0,0.0,121.0,121.0
05/06/2025,75,Đồng Nai,26272,Xã Hố Nai 3,11.0,0.0,493.0,0.0,493.0,493.0
05/06/2025,75,Đồng Nai,26296,Xã An Viễn,0.0,0.0,106.0,0.0,106.0,106.0
05/06/2025,75,Đồng Nai,26299,Xã Gia Tân 1,0.0,0.0,27.0,0.0,27.0,27.0
05/06/2025,75,Đồng Nai,26311,Xã Quang Trung,1.0,0.0,143.0,0.0,143.0,143.0
05/06/2025,75,Đồng Nai,26317,Xã Hưng Lộc,1.0,0.0,90.0,0.0,90.0,90.0
05/06/2025,75,Đồng Nai,26326,Thị Trấn Dầu Giây,0.0,0.0,985.0,0.0,983.0,983.0
05/06/2025,75,Đồng Nai,26362,Xã Sông Ray,2.0,0.0,120.0,0.0,120.0,120.0
05/06/2025,75,Đồng Nai,26368,Thị Trấn Long Thành,1.0,0.0,557.0,0.0,557.0,557.0
05/06/2025,75,Đồng Nai,26374,Phường Tam Phước,0.0,0.0,8.0,0.0,8.0,8.0
05/06/2025,75,Đồng Nai,26377,Phường Phước Tân,0.0,0.0,27.0,0.0,27.0,27.0
05/06/2025,75,Đồng Nai,26416,Xã Phước Bình,0.0,0.0,75.0,0.0,75.0,75.0
05/06/2025,75,Đồng Nai,26452,Xã Suối Cát,14.0,0.0,646.0,75.0,646.0,646.0
05/06/2025,75,Đồng Nai,26455,Xã Xuân Hiệp,0.0,0.0,332.0,0.0,332.0,332.0
05/06/2025,75,Đồng Nai,26497,Xã Vĩnh Thanh,0.0,0.0,74.0,0.0,74.0,74.0
05/07/2024,75,Đồng Nai,26035,Phường Tam Hòa,0.0,0.0,26.0,0.0,26.0,26.0
05/07/2024,75,Đồng Nai,26206,Thị Trấn Định Quán,0.0,0.0,267.0,0.0,267.0,267.0
05/07/2025,75,Đồng Nai,25993,Phường Trảng Dài,0.0,0.0,1.0,0.0,1.0,0.0
05/07/2025,75,Đồng Nai,25996,Phường Tân Phong,4.0,0.0,386.0,0.0,386.0,0.0
05/07/2025,75,Đồng Nai,26017,Phường Tam Hiệp,0.0,0.0,68.0,6.0,68.0,0.0
05/07/2025,75,Đồng Nai,26029,Phường Thống Nhất,0.0,0.0,359.0,1.0,359.0,0.0
05/07/2025,75,Đồng Nai,26050,Phường An Bình,0.0,0.0,50.0,0.0,50.0,0.0
05/07/2025,75,Đồng Nai,26056,Phường Long Bình Tân,0.0,0.0,7.0,0.0,7.0,0.0
05/07/2025,75,Đồng Nai,26068,Phường Hóa An,0.0,0.0,113.0,0.0,102.0,0.0
05/07/2025,75,Đồng Nai,26095,Phường Suối Tre,0.0,0.0,116.0,0.0,116.0,0.0
05/07/2025,75,Đồng Nai,26116,Thị Trấn Tân Phú,0.0,0.0,116.0,0.0,116.0,0.0
05/07/2025,75,Đồng Nai,26188,Xã Thạnh Phú,0.0,0.0,3.0,0.0,3.0,0.0
05/07/2025,75,Đồng Nai,26206,Thị Trấn Định Quán,0.0,0.0,108.0,0.0,108.0,0.0
05/07/2025,75,Đồng Nai,26272,Xã Hố Nai 3,4.0,0.0,1240.0,0.0,1240.0,0.0
05/07/2025,75,Đồng Nai,26296,Xã An Viễn,0.0,0.0,10.0,0.0,10.0,0.0
05/07/2025,75,Đồng Nai,26299,Xã Gia Tân 1,0.0,0.0,51.0,0.0,51.0,0.0
05/07/2025,75,Đồng Nai,26311,Xã Quang Trung,0.0,0.0,133.0,0.0,133.0,0.0
05/07/2025,75,Đồng Nai,26317,Xã Hưng Lộc,2.0,0.0,99.0,0.0,99.0,0.0
05/07/2025,75,Đồng Nai,26326,Thị Trấn Dầu Giây,0.0,0.0,13.0,0.0,13.0,0.0
05/07/2025,75,Đồng Nai,26362,Xã Sông Ray,0.0,0.0,128.0,0.0,128.0,0.0
05/07/2025,75,Đồng Nai,26368,Thị Trấn Long Thành,0.0,0.0,104.0,0.0,104.0,0.0
05/07/2025,75,Đồng Nai,26374,Phường Tam Phước,0.0,0.0,105.0,0.0,105.0,0.0
05/07/2025,75,Đồng Nai,26377,Phường Phước Tân,0.0,0.0,3.0,0.0,3.0,0.0
05/07/2025,75,Đồng Nai,26416,Xã Phước Bình,0.0,0.0,76.0,0.0,76.0,0.0
05/07/2025,75,Đồng Nai,26452,Xã Suối Cát,0.0,0.0,1.0,2.0,1.0,0.0
05/07/2025,75,Đồng Nai,26455,Xã Xuân Hiệp,0.0,0.0,733.0,0.0,733.0,0.0
05/08/2025,75,Đồng Nai,25993,Phường Trảng Dài,0.0,0.0,228.0,44.0,228.0,0.0
05/08/2025,75,Đồng Nai,25996,Phường Tân Phong,0.0,0.0,352.0,0.0,119.0,0.0
05/08/2025,75,Đồng Nai,26017,Phường Tam Hiệp,0.0,0.0,84.0,0.0,84.0,0.0
05/08/2025,75,Đồng Nai,26050,Phường An Bình,0.0,0.0,37.0,0.0,37.0,0.0
05/08/2025,75,Đồng Nai,26056,Phường Long Bình Tân,0.0,0.0,955.0,0.0,955.0,0.0
05/08/2025,75,Đồng Nai,26068,Phường Hóa An,0.0,0.0,139.0,0.0,139.0,0.0
05/08/2025,75,Đồng Nai,26095,Phường Suối Tre,0.0,0.0,484.0,0.0,484.0,0.0
05/08/2025,75,Đồng Nai,26188,Xã Thạnh Phú,0.0,0.0,123.0,0.0,123.0,0.0
05/08/2025,75,Đồng Nai,26206,Thị Trấn Định Quán,0.0,0.0,675.0,0.0,675.0,0.0
05/08/2025,75,Đồng Nai,26272,Xã Hố Nai 3,0.0,0.0,1003.0,0.0,1003.0,0.0
05/08/2025,75,Đồng Nai,26296,Xã An Viễn,0.0,0.0,149.0,0.0,149.0,0.0
05/08/2025,75,Đồng Nai,26311,Xã Quang Trung,0.0,0.0,163.0,0.0,163.0,0.0
05/08/2025,75,Đồng Nai,26317,Xã Hưng Lộc,0.0,0.0,63.0,0.0,63.0,0.0
05/08/2025,75,Đồng Nai,26341,Thị Trấn Long Giao,0.0,0.0,352.0,0.0,352.0,0.0
05/08/2025,75,Đồng Nai,26362,Xã Sông Ray,0.0,0.0,101.0,0.0,101.0,0.0
05/08/2025,75,Đồng Nai,26368,Thị Trấn Long Thành,0.0,0.0,360.0,0.0,360.0,0.0
05/08/2025,75,Đồng Nai,26416,Xã Phước Bình,0.0,0.0,87.0,0.0,87.0,0.0
05/08/2025,75,Đồng Nai,26452,Xã Suối Cát,0.0,0.0,0.0,23.0,0.0,0.0
05/08/2025,75,Đồng Nai,26455,Xã Xuân Hiệp,0.0,0.0,2.0,0.0,2.0,0.0
05/08/2025,75,Đồng Nai,26497,Xã Vĩnh Thanh,0.0,0.0,4.0,0.0,4.0,0.0
05/09/2025,75,Đồng Nai,25993,Phường Trảng Dài,0.0,0.0,103.0,5.0,103.0,0.0
05/09/2025,75,Đồng Nai,25996,Phường Tân Phong,0.0,0.0,52.0,0.0,52.0,0.0
05/09/2025,75,Đồng Nai,26017,Phường Tam Hiệp,0.0,0.0,101.0,1.0,101.0,0.0
05/09/2025,75,Đồng Nai,26029,Phường Thống Nhất,0.0,0.0,101.0,0.0,101.0,0.0
05/09/2025,75,Đồng Nai,26050,Phường An Bình,0.0,0.0,33.0,0.0,33.0,0.0
05/09/2025,75,Đồng Nai,26056,Phường Long Bình Tân,0.0,0.0,921.0,0.0,921.0,0.0
05/09/2025,75,Đồng Nai,26068,Phường Hóa An,0.0,0.0,173.0,0.0,167.0,0.0
05/09/2025,75,Đồng Nai,26095,Phường Suối Tre,0.0,0.0,1247.0,0.0,1228.0,0.0
05/09/2025,75,Đồng Nai,26188,Xã Thạnh Phú,0.0,0.0,130.0,0.0,130.0,0.0
05/09/2025,75,Đồng Nai,26206,Thị Trấn Định Quán,0.0,0.0,754.0,0.0,754.0,0.0
05/09/2025,75,Đồng Nai,26272,Xã Hố Nai 3,0.0,0.0,136.0,0.0,136.0,0.0
05/09/2025,75,Đồng Nai,26296,Xã An Viễn,0.0,0.0,90.0,0.0,81.0,0.0
05/09/2025,75,Đồng Nai,26311,Xã Quang Trung,0.0,0.0,143.0,0.0,143.0,0.0
05/09/2025,75,Đồng Nai,26362,Xã Sông Ray,0.0,0.0,108.0,0.0,108.0,0.0
05/09/2025,75,Đồng Nai,26368,Thị Trấn Long Thành,0.0,0.0,691.0,0.0,675.0,0.0
05/09/2025,75,Đồng Nai,26389,Xã Long Đức,0.0,0.0,53.0,0.0,53.0,0.0
05/09/2025,75,Đồng Nai,26416,Xã Phước Bình,0.0,0.0,98.0,0.0,93.0,0.0
05/09/2025,75,Đồng Nai,26455,Xã Xuân Hiệp,0.0,0.0,339.0,0.0,339.0,0.0
05/09/2025,75,Đồng Nai,26497,Xã Vĩnh Thanh,0.0,0.0,90.0,0.0,90.0,0.0
05/10/2025,75,Đồng Nai,25993,Phường Trảng Dài,0.0,0.0,0.0,10.0,0.0,0.0
05/10/2025,75,Đồng Nai,26017,Phường Tam Hiệp,0.0,0.0,0.0,7.0,0.0,0.0
05/11/2025,75,Đồng Nai,25993,Phường Trảng Dài,0.0,0.0,0.0,4.0,0.0,0.0
05/12/2023,75,Đồng Nai,26248,Thị Trấn Trảng Bom,0.0,0.0,1.0,0.0,1.0,1.0
05/12/2024,75,Đồng Nai,26248,Thị Trấn Trảng Bom,0.0,0.0,1.0,0.0,1.0,1.0
06/01/2025,75,Đồng Nai,26080,Phường Xuân An,0.0,0.0,1.0,0.0,1.0,1.0
06/01/2025,75,Đồng Nai,26341,Thị Trấn Long Giao,0.0,0.0,668.0,0.0,668.0,668.0
06/01/2025,75,Đồng Nai,26452,Xã Suối Cát,65.0,0.0,790.0,9.0,790.0,790.0
06/02/2025,75,Đồng Nai,25993,Phường Trảng Dài,0.0,0.0,57.0,0.0,57.0,57.0
06/02/2025,75,Đồng Nai,26026,Phường Tân Mai,51.0,0.0,412.0,0.0,412.0,412.0
06/02/2025,75,Đồng Nai,26080,Phường Xuân An,0.0,0.0,4.0,0.0,4.0,4.0
06/02/2025,75,Đồng Nai,26248,Thị Trấn Trảng Bom,0.0,0.0,126.0,0.0,126.0,126.0
06/02/2025,75,Đồng Nai,26341,Thị Trấn Long Giao,0.0,0.0,554.0,0.0,554.0,554.0
06/02/2025,75,Đồng Nai,26452,Xã Suối Cát,35.0,0.0,656.0,59.0,656.0,656.0
06/02/2025,75,Đồng Nai,26455,Xã Xuân Hiệp,0.0,0.0,2.0,0.0,0.0,2.0
06/03/2024,75,Đồng Nai,26248,Thị Trấn Trảng Bom,0.0,0.0,2.0,0.0,2.0,2.0
06/03/2025,75,Đồng Nai,26026,Phường Tân Mai,2.0,0.0,104.0,0.0,104.0,104.0
06/03/2025,75,Đồng Nai,26080,Phường Xuân An,0.0,0.0,1.0,0.0,1.0,1.0
06/03/2025,75,Đồng Nai,26095,Phường Suối Tre,0.0,0.0,2.0,0.0,2.0,2.0
06/03/2025,75,Đồng Nai,26248,Thị Trấn Trảng Bom,0.0,0.0,533.0,0.0,533.0,533.0
06/03/2025,75,Đồng Nai,26452,Xã Suối Cát,40.0,0.0,633.0,129.0,633.0,633.0
06/03/2025,75,Đồng Nai,26455,Xã Xuân Hiệp,0.0,0.0,2.0,0.0,0.0,2.0
06/04/2025,75,Đồng Nai,25999,Phường Tân Biên,0.0,0.0,7.0,0.0,7.0,7.0
06/04/2025,75,Đồng Nai,26026,Phường Tân Mai,0.0,0.0,1.0,0.0,1.0,1.0
06/04/2025,75,Đồng Nai,26095,Phường Suối Tre,1.0,0.0,103.0,0.0,103.0,103.0
06/04/2025,75,Đồng Nai,26116,Thị Trấn Tân Phú,0.0,0.0,15.0,0.0,15.0,15.0
06/04/2025,75,Đồng Nai,26206,Thị Trấn Định Quán,0.0,0.0,26.0,0.0,26.0,26.0
06/04/2025,75,Đồng Nai,26248,Thị Trấn Trảng Bom,0.0,0.0,40.0,0.0,40.0,40.0
06/04/2025,75,Đồng Nai,26326,Thị Trấn Dầu Giây,0.0,0.0,15.0,0.0,15.0,15.0
06/04/2025,75,Đồng Nai,26368,Thị Trấn Long Thành,0.0,0.0,9.0,0.0,9.0,9.0
06/04/2025,75,Đồng Nai,26377,Phường Phước Tân,0.0,0.0,3.0,0.0,3.0,3.0
06/04/2025,75,Đồng Nai,26452,Xã Suối Cát,0.0,0.0,63.0,131.0,63.0,63.0
06/05/2025,75,Đồng Nai,25993,Phường Trảng Dài,0.0,0.0,303.0,57.0,303.0,303.0
06/05/2025,75,Đồng Nai,25996,Phường Tân Phong,9.0,0.0,283.0,0.0,283.0,283.0
06/05/2025,75,Đồng Nai,25999,Phường Tân Biên,0.0,0.0,5.0,0.0,5.0,5.0
06/05/2025,75,Đồng Nai,26017,Phường Tam Hiệp,0.0,0.0,111.0,0.0,111.0,111.0
06/05/2025,75,Đồng Nai,26029,Phường Thống Nhất,1.0,0.0,521.0,0.0,521.0,521.0
06/05/2025,75,Đồng Nai,26056,Phường Long Bình Tân,0.0,0.0,2.0,0.0,2.0,2.0
06/05/2025,75,Đồng Nai,26068,Phường Hóa An,0.0,0.0,168.0,0.0,144.0,168.0
06/05/2025,75,Đồng Nai,26095,Phường Suối Tre,0.0,0.0,1532.0,0.0,1532.0,1532.0
06/05/2025,75,Đồng Nai,26116,Thị Trấn Tân Phú,0.0,0.0,527.0,0.0,527.0,527.0
06/05/2025,75,Đồng Nai,26188,Xã Thạnh Phú,0.0,0.0,30.0,0.0,30.0,30.0
06/05/2025,75,Đồng Nai,26206,Thị Trấn Định Quán,0.0,0.0,613.0,0.0,613.0,613.0
06/05/2025,75,Đồng Nai,26272,Xã Hố Nai 3,7.0,0.0,624.0,0.0,624.0,624.0
06/05/2025,75,Đồng Nai,26317,Xã Hưng Lộc,0.0,0.0,10.0,0.0,5.0,10.0
06/05/2025,75,Đồng Nai,26326,Thị Trấn Dầu Giây,0.0,0.0,667.0,0.0,667.0,667.0
06/05/2025,75,Đồng Nai,26362,Xã Sông Ray,3.0,0.0,114.0,0.0,114.0,114.0
06/05/2025,75,Đồng Nai,26368,Thị Trấn Long Thành,0.0,0.0,544.0,0.0,544.0,544.0
06/05/2025,75,Đồng Nai,26374,Phường Tam Phước,0.0,0.0,26.0,0.0,26.0,26.0
06/05/2025,75,Đồng Nai,26377,Phường Phước Tân,0.0,0.0,30.0,0.0,30.0,30.0
06/05/2025,75,Đồng Nai,26416,Xã Phước Bình,0.0,0.0,4.0,0.0,4.0,4.0
06/05/2025,75,Đồng Nai,26440,Xã Xuân Trường,0.0,0.0,66.0,0.0,66.0,66.0
06/05/2025,75,Đồng Nai,26449,Xã Xuân Tâm,0.0,0.0,1.0,0.0,1.0,1.0
06/05/2025,75,Đồng Nai,26452,Xã Suối Cát,19.0,0.0,765.0,58.0,765.0,765.0
06/05/2025,75,Đồng Nai,26455,Xã Xuân Hiệp,0.0,0.0,377.0,0.0,7.0,377.0
06/05/2025,75,Đồng Nai,26485,Xã Phú Hội,0.0,0.0,1.0,0.0,1.0,1.0
06/05/2025,75,Đồng Nai,26497,Xã Vĩnh Thanh,0.0,0.0,68.0,0.0,68.0,68.0
06/06/2022,75,Đồng Nai,26248,Thị Trấn Trảng Bom,0.0,0.0,1.0,0.0,1.0,1.0
06/06/2025,75,Đồng Nai,25996,Phường Tân Phong,10.0,0.0,567.0,0.0,567.0,567.0
06/06/2025,75,Đồng Nai,26017,Phường Tam Hiệp,0.0,0.0,93.0,2.0,93.0,93.0
06/06/2025,75,Đồng Nai,26020,Phường Long Bình,0.0,0.0,56.0,0.0,56.0,56.0
06/06/2025,75,Đồng Nai,26029,Phường Thống Nhất,0.0,0.0,108.0,1.0,108.0,108.0
06/06/2025,75,Đồng Nai,26050,Phường An Bình,0.0,0.0,34.0,0.0,34.0,34.0
06/06/2025,75,Đồng Nai,26056,Phường Long Bình Tân,0.0,0.0,43.0,0.0,43.0,43.0
06/06/2025,75,Đồng Nai,26068,Phường Hóa An,0.0,0.0,274.0,0.0,271.0,274.0
06/06/2025,75,Đồng Nai,26095,Phường Suối Tre,0.0,0.0,963.0,0.0,963.0,963.0
06/06/2025,75,Đồng Nai,26116,Thị Trấn Tân Phú,0.0,0.0,1.0,0.0,1.0,1.0
06/06/2025,75,Đồng Nai,26206,Thị Trấn Định Quán,0.0,0.0,385.0,0.0,385.0,385.0
06/06/2025,75,Đồng Nai,26239,Xã Túc Trưng,0.0,0.0,85.0,0.0,85.0,85.0
06/06/2025,75,Đồng Nai,26272,Xã Hố Nai 3,0.0,0.0,195.0,0.0,195.0,195.0
06/06/2025,75,Đồng Nai,26296,Xã An Viễn,0.0,0.0,99.0,0.0,99.0,99.0
06/06/2025,75,Đồng Nai,26299,Xã Gia Tân 1,0.0,0.0,32.0,0.0,32.0,32.0
06/06/2025,75,Đồng Nai,26311,Xã Quang Trung,0.0,0.0,18.0,0.0,18.0,18.0
06/06/2025,75,Đồng Nai,26317,Xã Hưng Lộc,2.0,0.0,76.0,0.0,76.0,76.0
06/06/2025,75,Đồng Nai,26326,Thị Trấn Dầu Giây,0.0,0.0,561.0,0.0,561.0,561.0
06/06/2025,75,Đồng Nai,26362,Xã Sông Ray,1.0,0.0,132.0,0.0,132.0,132.0
06/06/2025,75,Đồng Nai,26368,Thị Trấn Long Thành,2.0,0.0,639.0,0.0,639.0,639.0
06/06/2025,75,Đồng Nai,26374,Phường Tam Phước,0.0,0.0,161.0,0.0,161.0,161.0
06/06/2025,75,Đồng Nai,26377,Phường Phước Tân,0.0,0.0,43.0,0.0,43.0,43.0
06/06/2025,75,Đồng Nai,26416,Xã Phước Bình,0.0,0.0,87.0,0.0,87.0,87.0
06/06/2025,75,Đồng Nai,26452,Xã Suối Cát,8.0,0.0,683.0,5.0,683.0,683.0
06/06/2025,75,Đồng Nai,26455,Xã Xuân Hiệp,0.0,0.0,307.0,0.0,307.0,307.0
06/06/2025,75,Đồng Nai,26497,Xã Vĩnh Thanh,1.0,0.0,64.0,0.0,64.0,64.0
06/07/2024,75,Đồng Nai,26035,Phường Tam Hòa,0.0,0.0,42.0,0.0,42.0,42.0
06/07/2025,75,Đồng Nai,25996,Phường Tân Phong,1.0,0.0,226.0,0.0,226.0,0.0
06/07/2025,75,Đồng Nai,26029,Phường Thống Nhất,0.0,0.0,140.0,1.0,140.0,0.0
06/07/2025,75,Đồng Nai,26050,Phường An Bình,0.0,0.0,9.0,0.0,9.0,0.0
06/07/2025,75,Đồng Nai,26056,Phường Long Bình Tân,0.0,0.0,5.0,0.0,5.0,0.0
06/07/2025,75,Đồng Nai,26068,Phường Hóa An,0.0,0.0,113.0,0.0,105.0,0.0
06/07/2025,75,Đồng Nai,26095,Phường Suối Tre,0.0,0.0,397.0,0.0,397.0,0.0
06/07/2025,75,Đồng Nai,26116,Thị Trấn Tân Phú,0.0,0.0,75.0,0.0,75.0,0.0
06/07/2025,75,Đồng Nai,26188,Xã Thạnh Phú,0.0,0.0,28.0,0.0,28.0,0.0
06/07/2025,75,Đồng Nai,26272,Xã Hố Nai 3,4.0,0.0,956.0,0.0,956.0,0.0
06/07/2025,75,Đồng Nai,26296,Xã An Viễn,0.0,0.0,7.0,0.0,7.0,0.0
06/07/2025,75,Đồng Nai,26299,Xã Gia Tân 1,1.0,0.0,11.0,0.0,11.0,0.0
06/07/2025,75,Đồng Nai,26311,Xã Quang Trung,0.0,0.0,110.0,0.0,110.0,0.0
06/07/2025,75,Đồng Nai,26317,Xã Hưng Lộc,0.0,0.0,30.0,0.0,30.0,0.0
06/07/2025,75,Đồng Nai,26326,Thị Trấn Dầu Giây,0.0,0.0,11.0,0.0,11.0,0.0
06/07/2025,75,Đồng Nai,26362,Xã Sông Ray,0.0,0.0,27.0,0.0,27.0,0.0
06/07/2025,75,Đồng Nai,26368,Thị Trấn Long Thành,0.0,0.0,112.0,0.0,112.0,0.0
06/07/2025,75,Đồng Nai,26374,Phường Tam Phước,0.0,0.0,75.0,0.0,75.0,0.0
06/07/2025,75,Đồng Nai,26377,Phường Phước Tân,0.0,0.0,2.0,0.0,2.0,0.0
06/07/2025,75,Đồng Nai,26452,Xã Suối Cát,0.0,0.0,0.0,13.0,0.0,0.0
06/07/2025,75,Đồng Nai,26455,Xã Xuân Hiệp,0.0,0.0,626.0,0.0,626.0,0.0
06/08/2025,75,Đồng Nai,25993,Phường Trảng Dài,0.0,0.0,672.0,30.0,672.0,0.0
06/08/2025,75,Đồng Nai,25996,Phường Tân Phong,0.0,0.0,301.0,0.0,21.0,0.0
06/08/2025,75,Đồng Nai,26017,Phường Tam Hiệp,0.0,0.0,0.0,5.0,0.0,0.0
06/08/2025,75,Đồng Nai,26056,Phường Long Bình Tân,0.0,0.0,1046.0,0.0,1045.0,0.0
06/08/2025,75,Đồng Nai,26068,Phường Hóa An,0.0,0.0,134.0,0.0,134.0,0.0
06/08/2025,75,Đồng Nai,26095,Phường Suối Tre,0.0,0.0,1383.0,0.0,1383.0,0.0
06/08/2025,75,Đồng Nai,26188,Xã Thạnh Phú,0.0,0.0,94.0,0.0,94.0,0.0
06/08/2025,75,Đồng Nai,26206,Thị Trấn Định Quán,0.0,0.0,565.0,0.0,565.0,0.0
06/08/2025,75,Đồng Nai,26272,Xã Hố Nai 3,0.0,0.0,1000.0,0.0,1000.0,0.0
06/08/2025,75,Đồng Nai,26296,Xã An Viễn,0.0,0.0,68.0,0.0,68.0,0.0
06/08/2025,75,Đồng Nai,26311,Xã Quang Trung,0.0,0.0,140.0,0.0,140.0,0.0
06/08/2025,75,Đồng Nai,26317,Xã Hưng Lộc,0.0,0.0,31.0,0.0,31.0,0.0
06/08/2025,75,Đồng Nai,26341,Thị Trấn Long Giao,0.0,0.0,383.0,0.0,382.0,0.0
06/08/2025,75,Đồng Nai,26362,Xã Sông Ray,0.0,0.0,73.0,0.0,73.0,0.0
06/08/2025,75,Đồng Nai,26368,Thị Trấn Long Thành,0.0,0.0,583.0,0.0,582.0,0.0
06/08/2025,75,Đồng Nai,26416,Xã Phước Bình,0.0,0.0,13.0,0.0,13.0,0.0
06/08/2025,75,Đồng Nai,26452,Xã Suối Cát,0.0,0.0,0.0,60.0,0.0,0.0
06/08/2025,75,Đồng Nai,26455,Xã Xuân Hiệp,0.0,0.0,2.0,0.0,2.0,0.0
06/08/2025,75,Đồng Nai,26497,Xã Vĩnh Thanh,0.0,0.0,10.0,0.0,10.0,0.0
06/09/2025,75,Đồng Nai,26017,Phường Tam Hiệp,0.0,0.0,100.0,0.0,100.0,0.0
06/09/2025,75,Đồng Nai,26029,Phường Thống Nhất,0.0,0.0,390.0,0.0,390.0,0.0
06/09/2025,75,Đồng Nai,26050,Phường An Bình,0.0,0.0,44.0,0.0,44.0,0.0
06/09/2025,75,Đồng Nai,26056,Phường Long Bình Tân,0.0,0.0,738.0,0.0,738.0,0.0
06/09/2025,75,Đồng Nai,26068,Phường Hóa An,0.0,0.0,208.0,0.0,207.0,0.0
06/09/2025,75,Đồng Nai,26095,Phường Suối Tre,0.0,0.0,194.0,0.0,160.0,0.0
06/09/2025,75,Đồng Nai,26188,Xã Thạnh Phú,0.0,0.0,86.0,0.0,86.0,0.0
06/09/2025,75,Đồng Nai,26206,Thị Trấn Định Quán,0.0,0.0,27.0,0.0,25.0,0.0
06/09/2025,75,Đồng Nai,26272,Xã Hố Nai 3,0.0,0.0,148.0,0.0,143.0,0.0
06/09/2025,75,Đồng Nai,26296,Xã An Viễn,0.0,0.0,2.0,0.0,1.0,0.0
06/09/2025,75,Đồng Nai,26311,Xã Quang Trung,0.0,0.0,153.0,0.0,153.0,0.0
06/09/2025,75,Đồng Nai,26362,Xã Sông Ray,0.0,0.0,98.0,0.0,98.0,0.0
06/09/2025,75,Đồng Nai,26368,Thị Trấn Long Thành,0.0,0.0,190.0,0.0,184.0,0.0
06/09/2025,75,Đồng Nai,26389,Xã Long Đức,0.0,0.0,44.0,0.0,44.0,0.0
06/09/2025,75,Đồng Nai,26455,Xã Xuân Hiệp,0.0,0.0,358.0,0.0,358.0,0.0
06/09/2025,75,Đồng Nai,26497,Xã Vĩnh Thanh,0.0,0.0,6.0,0.0,6.0,0.0
06/10/2025,75,Đồng Nai,25993,Phường Trảng Dài,0.0,0.0,0.0,20.0,0.0,0.0
06/10/2025,75,Đồng Nai,26017,Phường Tam Hiệp,0.0,0.0,0.0,4.0,0.0,0.0
06/12/2024,75,Đồng Nai,26095,Phường Suối Tre,0.0,0.0,1.0,0.0,1.0,1.0
07/01/2025,75,Đồng Nai,26080,Phường Xuân An,0.0,0.0,1.0,0.0,1.0,1.0
07/01/2025,75,Đồng Nai,26341,Thị Trấn Long Giao,0.0,0.0,575.0,0.0,575.0,575.0
07/01/2025,75,Đồng Nai,26452,Xã Suối Cát,51.0,0.0,724.0,12.0,724.0,724.0
07/02/2025,75,Đồng Nai,26026,Phường Tân Mai,304.0,0.0,1304.0,0.0,1304.0,1304.0
07/02/2025,75,Đồng Nai,26080,Phường Xuân An,0.0,0.0,4.0,0.0,4.0,4.0
07/02/2025,75,Đồng Nai,26248,Thị Trấn Trảng Bom,0.0,0.0,158.0,0.0,158.0,158.0
07/02/2025,75,Đồng Nai,26341,Thị Trấn Long Giao,0.0,0.0,480.0,0.0,480.0,480.0
07/02/2025,75,Đồng Nai,26452,Xã Suối Cát,19.0,0.0,637.0,6.0,637.0,637.0
07/03/2025,75,Đồng Nai,25996,Phường Tân Phong,0.0,0.0,7.0,0.0,7.0,7.0
07/03/2025,75,Đồng Nai,26026,Phường Tân Mai,110.0,0.0,642.0,0.0,642.0,642.0
07/03/2025,75,Đồng Nai,26080,Phường Xuân An,0.0,0.0,7.0,0.0,7.0,7.0
07/03/2025,75,Đồng Nai,26248,Thị Trấn Trảng Bom,0.0,0.0,418.0,0.0,418.0,418.0
07/03/2025,75,Đồng Nai,26452,Xã Suối Cát,16.0,0.0,691.0,5.0,691.0,691.0
07/03/2025,75,Đồng Nai,26455,Xã Xuân Hiệp,0.0,0.0,2.0,0.0,0.0,2.0
07/04/2025,75,Đồng Nai,25993,Phường Trảng Dài,0.0,0.0,0.0,14.0,0.0,0.0
07/04/2025,75,Đồng Nai,25999,Phường Tân Biên,0.0,0.0,6.0,0.0,6.0,6.0
07/04/2025,75,Đồng Nai,26095,Phường Suối Tre,1.0,0.0,152.0,0.0,152.0,152.0
07/04/2025,75,Đồng Nai,26116,Thị Trấn Tân Phú,0.0,0.0,107.0,0.0,107.0,107.0
07/04/2025,75,Đồng Nai,26206,Thị Trấn Định Quán,0.0,0.0,28.0,0.0,28.0,28.0
07/04/2025,75,Đồng Nai,26248,Thị Trấn Trảng Bom,0.0,0.0,140.0,0.0,140.0,140.0
07/04/2025,75,Đồng Nai,26326,Thị Trấn Dầu Giây,0.0,0.0,67.0,0.0,67.0,67.0
07/04/2025,75,Đồng Nai,26368,Thị Trấn Long Thành,0.0,0.0,18.0,0.0,18.0,18.0
07/04/2025,75,Đồng Nai,26377,Phường Phước Tân,0.0,0.0,5.0,0.0,5.0,5.0
07/04/2025,75,Đồng Nai,26440,Xã Xuân Trường,0.0,0.0,2.0,0.0,2.0,2.0
07/04/2025,75,Đồng Nai,26452,Xã Suối Cát,0.0,0.0,53.0,85.0,53.0,53.0
07/04/2025,75,Đồng Nai,26485,Xã Phú Hội,0.0,0.0,1.0,0.0,1.0,1.0
07/05/2025,75,Đồng Nai,25993,Phường Trảng Dài,0.0,0.0,647.0,74.0,647.0,647.0
07/05/2025,75,Đồng Nai,25996,Phường Tân Phong,2.0,0.0,170.0,0.0,170.0,170.0
07/05/2025,75,Đồng Nai,25999,Phường Tân Biên,0.0,0.0,4.0,0.0,4.0,4.0
07/05/2025,75,Đồng Nai,26017,Phường Tam Hiệp,1.0,0.0,72.0,0.0,72.0,72.0
07/05/2025,75,Đồng Nai,26029,Phường Thống Nhất,0.0,0.0,477.0,1.0,477.0,477.0
07/05/2025,75,Đồng Nai,26068,Phường Hóa An,0.0,0.0,142.0,0.0,129.0,142.0
07/05/2025,75,Đồng Nai,26095,Phường Suối Tre,0.0,0.0,1111.0,0.0,1111.0,1111.0
07/05/2025,75,Đồng Nai,26116,Thị Trấn Tân Phú,0.0,0.0,355.0,0.0,355.0,355.0
07/05/2025,75,Đồng Nai,26188,Xã Thạnh Phú,0.0,0.0,38.0,0.0,38.0,38.0
07/05/2025,75,Đồng Nai,26206,Thị Trấn Định Quán,0.0,0.0,496.0,0.0,496.0,496.0
07/05/2025,75,Đồng Nai,26272,Xã Hố Nai 3,7.0,0.0,543.0,0.0,543.0,543.0
07/05/2025,75,Đồng Nai,26299,Xã Gia Tân 1,0.0,0.0,2.0,0.0,2.0,2.0
07/05/2025,75,Đồng Nai,26311,Xã Quang Trung,0.0,0.0,5.0,0.0,5.0,5.0
07/05/2025,75,Đồng Nai,26317,Xã Hưng Lộc,0.0,0.0,4.0,0.0,4.0,4.0
07/05/2025,75,Đồng Nai,26326,Thị Trấn Dầu Giây,0.0,0.0,512.0,0.0,512.0,512.0
07/05/2025,75,Đồng Nai,26362,Xã Sông Ray,3.0,0.0,97.0,0.0,97.0,97.0
07/05/2025,75,Đồng Nai,26368,Thị Trấn Long Thành,0.0,0.0,456.0,0.0,456.0,456.0
07/05/2025,75,Đồng Nai,26374,Phường Tam Phước,0.0,0.0,98.0,0.0,98.0,98.0
07/05/2025,75,Đồng Nai,26377,Phường Phước Tân,0.0,0.0,45.0,0.0,45.0,45.0
07/05/2025,75,Đồng Nai,26440,Xã Xuân Trường,0.0,0.0,63.0,0.0,63.0,63.0
07/05/2025,75,Đồng Nai,26452,Xã Suối Cát,23.0,0.0,608.0,83.0,608.0,608.0
07/05/2025,75,Đồng Nai,26455,Xã Xuân Hiệp,0.0,0.0,303.0,0.0,303.0,303.0
07/05/2025,75,Đồng Nai,26485,Xã Phú Hội,0.0,0.0,2.0,0.0,2.0,2.0
07/05/2025,75,Đồng Nai,26497,Xã Vĩnh Thanh,1.0,0.0,62.0,0.0,62.0,62.0
07/06/2025,75,Đồng Nai,25996,Phường Tân Phong,6.0,0.0,389.0,0.0,389.0,389.0
07/06/2025,75,Đồng Nai,26017,Phường Tam Hiệp,0.0,0.0,93.0,1.0,93.0,93.0
07/06/2025,75,Đồng Nai,26020,Phường Long Bình,0.0,0.0,24.0,0.0,24.0,24.0
07/06/2025,75,Đồng Nai,26029,Phường Thống Nhất,0.0,0.0,246.0,4.0,246.0,246.0
07/06/2025,75,Đồng Nai,26050,Phường An Bình,0.0,0.0,76.0,0.0,76.0,76.0
07/06/2025,75,Đồng Nai,26056,Phường Long Bình Tân,0.0,0.0,80.0,0.0,80.0,80.0
07/06/2025,75,Đồng Nai,26068,Phường Hóa An,0.0,0.0,184.0,0.0,173.0,184.0
07/06/2025,75,Đồng Nai,26095,Phường Suối Tre,1.0,0.0,160.0,0.0,160.0,160.0
07/06/2025,75,Đồng Nai,26206,Thị Trấn Định Quán,0.0,0.0,69.0,0.0,69.0,69.0
07/06/2025,75,Đồng Nai,26239,Xã Túc Trưng,2.0,0.0,99.0,0.0,99.0,99.0
07/06/2025,75,Đồng Nai,26272,Xã Hố Nai 3,3.0,0.0,596.0,0.0,596.0,596.0
07/06/2025,75,Đồng Nai,26296,Xã An Viễn,0.0,0.0,150.0,0.0,150.0,150.0
07/06/2025,75,Đồng Nai,26311,Xã Quang Trung,5.0,0.0,139.0,0.0,139.0,139.0
07/06/2025,75,Đồng Nai,26317,Xã Hưng Lộc,0.0,0.0,5.0,0.0,5.0,5.0
07/06/2025,75,Đồng Nai,26326,Thị Trấn Dầu Giây,0.0,0.0,159.0,0.0,158.0,158.0
07/06/2025,75,Đồng Nai,26362,Xã Sông Ray,2.0,0.0,150.0,0.0,150.0,150.0
07/06/2025,75,Đồng Nai,26368,Thị Trấn Long Thành,1.0,0.0,186.0,0.0,186.0,186.0
07/06/2025,75,Đồng Nai,26374,Phường Tam Phước,0.0,0.0,86.0,0.0,86.0,86.0
07/06/2025,75,Đồng Nai,26377,Phường Phước Tân,0.0,0.0,2.0,0.0,2.0,2.0
07/06/2025,75,Đồng Nai,26416,Xã Phước Bình,0.0,0.0,81.0,0.0,81.0,81.0
07/06/2025,75,Đồng Nai,26452,Xã Suối Cát,0.0,0.0,48.0,8.0,48.0,48.0
07/06/2025,75,Đồng Nai,26455,Xã Xuân Hiệp,0.0,0.0,331.0,0.0,331.0,331.0
07/06/2025,75,Đồng Nai,26497,Xã Vĩnh Thanh,0.0,0.0,75.0,0.0,75.0,75.0
07/07/2025,75,Đồng Nai,25993,Phường Trảng Dài,0.0,0.0,171.0,1.0,171.0,0.0
07/07/2025,75,Đồng Nai,25996,Phường Tân Phong,0.0,0.0,65.0,0.0,65.0,0.0
07/07/2025,75,Đồng Nai,26002,Phường Hố Nai,2.0,0.0,36.0,0.0,36.0,0.0
07/07/2025,75,Đồng Nai,26017,Phường Tam Hiệp,0.0,0.0,129.0,0.0,129.0,0.0
07/07/2025,75,Đồng Nai,26029,Phường Thống Nhất,0.0,0.0,503.0,2.0,503.0,0.0
07/07/2025,75,Đồng Nai,26050,Phường An Bình,0.0,0.0,127.0,0.0,127.0,0.0
07/07/2025,75,Đồng Nai,26056,Phường Long Bình Tân,0.0,0.0,17.0,0.0,17.0,0.0
07/07/2025,75,Đồng Nai,26068,Phường Hóa An,0.0,0.0,233.0,0.0,193.0,0.0
07/07/2025,75,Đồng Nai,26095,Phường Suối Tre,0.0,0.0,1288.0,0.0,1288.0,0.0
07/07/2025,75,Đồng Nai,26116,Thị Trấn Tân Phú,0.0,0.0,470.0,0.0,470.0,0.0
07/07/2025,75,Đồng Nai,26188,Xã Thạnh Phú,0.0,0.0,75.0,0.0,75.0,0.0
07/07/2025,75,Đồng Nai,26206,Thị Trấn Định Quán,0.0,0.0,11.0,0.0,11.0,0.0
07/07/2025,75,Đồng Nai,26272,Xã Hố Nai 3,15.0,0.0,1506.0,0.0,1506.0,0.0
07/07/2025,75,Đồng Nai,26296,Xã An Viễn,1.0,0.0,92.0,0.0,92.0,0.0
07/07/2025,75,Đồng Nai,26299,Xã Gia Tân 1,0.0,0.0,39.0,0.0,39.0,0.0
07/07/2025,75,Đồng Nai,26311,Xã Quang Trung,0.0,0.0,189.0,0.0,189.0,0.0
07/07/2025,75,Đồng Nai,26317,Xã Hưng Lộc,1.0,0.0,130.0,0.0,130.0,0.0
07/07/2025,75,Đồng Nai,26326,Thị Trấn Dầu Giây,0.0,0.0,27.0,0.0,27.0,0.0
07/07/2025,75,Đồng Nai,26362,Xã Sông Ray,0.0,0.0,99.0,0.0,99.0,0.0
07/07/2025,75,Đồng Nai,26368,Thị Trấn Long Thành,3.0,0.0,562.0,0.0,562.0,0.0
07/07/2025,75,Đồng Nai,26374,Phường Tam Phước,0.0,0.0,273.0,0.0,273.0,0.0
07/07/2025,75,Đồng Nai,26377,Phường Phước Tân,0.0,0.0,33.0,0.0,33.0,0.0
07/07/2025,75,Đồng Nai,26416,Xã Phước Bình,0.0,0.0,87.0,0.0,87.0,0.0
07/07/2025,75,Đồng Nai,26452,Xã Suối Cát,0.0,0.0,1.0,42.0,1.0,0.0
07/07/2025,75,Đồng Nai,26455,Xã Xuân Hiệp,0.0,0.0,865.0,0.0,865.0,0.0
07/08/2025,75,Đồng Nai,25993,Phường Trảng Dài,0.0,0.0,617.0,32.0,617.0,0.0
07/08/2025,75,Đồng Nai,25996,Phường Tân Phong,0.0,0.0,309.0,0.0,61.0,0.0
07/08/2025,75,Đồng Nai,26017,Phường Tam Hiệp,0.0,0.0,4.0,4.0,4.0,0.0
07/08/2025,75,Đồng Nai,26056,Phường Long Bình Tân,0.0,0.0,893.0,0.0,893.0,0.0
07/08/2025,75,Đồng Nai,26068,Phường Hóa An,0.0,0.0,144.0,0.0,144.0,0.0
07/08/2025,75,Đồng Nai,26095,Phường Suối Tre,0.0,0.0,1386.0,0.0,1386.0,0.0
07/08/2025,75,Đồng Nai,26188,Xã Thạnh Phú,0.0,0.0,221.0,0.0,221.0,0.0
07/08/2025,75,Đồng Nai,26206,Thị Trấn Định Quán,0.0,0.0,637.0,0.0,637.0,0.0
07/08/2025,75,Đồng Nai,26272,Xã Hố Nai 3,0.0,0.0,603.0,0.0,603.0,0.0
07/08/2025,75,Đồng Nai,26296,Xã An Viễn,0.0,0.0,73.0,0.0,73.0,0.0
07/08/2025,75,Đồng Nai,26311,Xã Quang Trung,0.0,0.0,154.0,0.0,154.0,0.0
07/08/2025,75,Đồng Nai,26317,Xã Hưng Lộc,0.0,0.0,39.0,0.0,39.0,0.0
07/08/2025,75,Đồng Nai,26368,Thị Trấn Long Thành,0.0,0.0,503.0,0.0,503.0,0.0
07/08/2025,75,Đồng Nai,26416,Xã Phước Bình,0.0,0.0,86.0,0.0,86.0,0.0
07/08/2025,75,Đồng Nai,26452,Xã Suối Cát,0.0,0.0,0.0,6.0,0.0,0.0
07/08/2025,75,Đồng Nai,26455,Xã Xuân Hiệp,0.0,0.0,1.0,0.0,1.0,0.0
07/08/2025,75,Đồng Nai,26497,Xã Vĩnh Thanh,0.0,0.0,14.0,0.0,14.0,0.0
07/09/2025,75,Đồng Nai,25993,Phường Trảng Dài,0.0,0.0,0.0,188.0,0.0,0.0
07/09/2025,75,Đồng Nai,26056,Phường Long Bình Tân,0.0,0.0,354.0,0.0,354.0,0.0
07/09/2025,75,Đồng Nai,26095,Phường Suối Tre,0.0,0.0,495.0,0.0,467.0,0.0
07/09/2025,75,Đồng Nai,26188,Xã Thạnh Phú,0.0,0.0,99.0,0.0,97.0,0.0
07/09/2025,75,Đồng Nai,26206,Thị Trấn Định Quán,0.0,0.0,84.0,0.0,83.0,0.0
07/09/2025,75,Đồng Nai,26272,Xã Hố Nai 3,0.0,0.0,130.0,0.0,124.0,0.0
07/09/2025,75,Đồng Nai,26296,Xã An Viễn,0.0,0.0,40.0,0.0,40.0,0.0
07/09/2025,75,Đồng Nai,26311,Xã Quang Trung,0.0,0.0,103.0,0.0,103.0,0.0
07/09/2025,75,Đồng Nai,26362,Xã Sông Ray,0.0,0.0,25.0,0.0,25.0,0.0
07/09/2025,75,Đồng Nai,26368,Thị Trấn Long Thành,0.0,0.0,226.0,0.0,219.0,0.0
07/09/2025,75,Đồng Nai,26389,Xã Long Đức,0.0,0.0,18.0,0.0,18.0,0.0
07/09/2025,75,Đồng Nai,26416,Xã Phước Bình,0.0,0.0,64.0,0.0,64.0,0.0
07/09/2025,75,Đồng Nai,26497,Xã Vĩnh Thanh,0.0,0.0,84.0,0.0,77.0,0.0
07/10/2025,75,Đồng Nai,25993,Phường Trảng Dài,0.0,0.0,0.0,23.0,0.0,0.0
08/01/2025,75,Đồng Nai,26080,Phường Xuân An,0.0,0.0,3.0,0.0,3.0,3.0
08/01/2025,75,Đồng Nai,26206,Thị Trấn Định Quán,0.0,0.0,1.0,0.0,1.0,1.0
08/01/2025,75,Đồng Nai,26341,Thị Trấn Long Giao,0.0,0.0,474.0,0.0,474.0,474.0
08/01/2025,75,Đồng Nai,26452,Xã Suối Cát,44.0,0.0,675.0,61.0,675.0,675.0
08/02/2025,75,Đồng Nai,26026,Phường Tân Mai,0.0,0.0,11.0,0.0,11.0,11.0
08/02/2025,75,Đồng Nai,26248,Thị Trấn Trảng Bom,0.0,0.0,68.0,0.0,68.0,68.0
08/02/2025,75,Đồng Nai,26341,Thị Trấn Long Giao,0.0,0.0,12.0,0.0,12.0,12.0
08/02/2025,75,Đồng Nai,26452,Xã Suối Cát,0.0,0.0,75.0,3.0,75.0,75.0
08/03/2025,75,Đồng Nai,26248,Thị Trấn Trảng Bom,0.0,0.0,56.0,0.0,56.0,56.0
08/03/2025,75,Đồng Nai,26254,Xã Cây Gáo,0.0,0.0,8.0,0.0,8.0,8.0
08/03/2025,75,Đồng Nai,26377,Phường Phước Tân,0.0,0.0,1.0,0.0,1.0,1.0
08/03/2025,75,Đồng Nai,26452,Xã Suối Cát,0.0,0.0,70.0,6.0,70.0,70.0
08/04/2025,75,Đồng Nai,25993,Phường Trảng Dài,0.0,0.0,135.0,12.0,135.0,135.0
08/04/2025,75,Đồng Nai,25996,Phường Tân Phong,0.0,0.0,105.0,0.0,105.0,105.0
08/04/2025,75,Đồng Nai,25999,Phường Tân Biên,0.0,0.0,11.0,0.0,11.0,11.0
08/04/2025,75,Đồng Nai,26026,Phường Tân Mai,0.0,0.0,4.0,0.0,4.0,4.0
08/04/2025,75,Đồng Nai,26068,Phường Hóa An,0.0,0.0,2.0,0.0,2.0,2.0
08/04/2025,75,Đồng Nai,26095,Phường Suối Tre,5.0,0.0,239.0,0.0,239.0,239.0
08/04/2025,75,Đồng Nai,26116,Thị Trấn Tân Phú,0.0,0.0,570.0,0.0,570.0,570.0
08/04/2025,75,Đồng Nai,26206,Thị Trấn Định Quán,0.0,0.0,78.0,0.0,78.0,78.0
08/04/2025,75,Đồng Nai,26248,Thị Trấn Trảng Bom,0.0,0.0,700.0,0.0,700.0,700.0
08/04/2025,75,Đồng Nai,26326,Thị Trấn Dầu Giây,0.0,0.0,745.0,0.0,745.0,745.0
08/04/2025,75,Đồng Nai,26368,Thị Trấn Long Thành,0.0,0.0,42.0,0.0,42.0,42.0
08/04/2025,75,Đồng Nai,26377,Phường Phước Tân,0.0,0.0,6.0,0.0,6.0,6.0
08/04/2025,75,Đồng Nai,26440,Xã Xuân Trường,0.0,0.0,19.0,0.0,19.0,19.0
08/04/2025,75,Đồng Nai,26452,Xã Suối Cát,41.0,0.0,931.0,89.0,931.0,931.0
08/04/2025,75,Đồng Nai,26470,Xã Phước Thiền,0.0,0.0,1.0,0.0,1.0,1.0
08/04/2025,75,Đồng Nai,26485,Xã Phú Hội,0.0,0.0,4.0,0.0,4.0,4.0
08/05/2023,75,Đồng Nai,26248,Thị Trấn Trảng Bom,0.0,0.0,2.0,0.0,2.0,2.0
08/05/2025,75,Đồng Nai,25993,Phường Trảng Dài,0.0,0.0,439.0,77.0,439.0,439.0
08/05/2025,75,Đồng Nai,25996,Phường Tân Phong,2.0,0.0,67.0,0.0,67.0,67.0
08/05/2025,75,Đồng Nai,25999,Phường Tân Biên,0.0,0.0,9.0,0.0,9.0,9.0
08/05/2025,75,Đồng Nai,26017,Phường Tam Hiệp,0.0,0.0,71.0,0.0,71.0,71.0
08/05/2025,75,Đồng Nai,26029,Phường Thống Nhất,0.0,0.0,586.0,0.0,586.0,586.0
08/05/2025,75,Đồng Nai,26068,Phường Hóa An,0.0,0.0,139.0,0.0,120.0,139.0
08/05/2025,75,Đồng Nai,26095,Phường Suối Tre,0.0,0.0,1337.0,0.0,1337.0,1337.0
08/05/2025,75,Đồng Nai,26116,Thị Trấn Tân Phú,0.0,0.0,465.0,0.0,465.0,465.0
08/05/2025,75,Đồng Nai,26188,Xã Thạnh Phú,0.0,0.0,38.0,0.0,38.0,38.0
08/05/2025,75,Đồng Nai,26206,Thị Trấn Định Quán,0.0,0.0,518.0,0.0,518.0,518.0
08/05/2025,75,Đồng Nai,26272,Xã Hố Nai 3,12.0,0.0,521.0,0.0,521.0,521.0
08/05/2025,75,Đồng Nai,26311,Xã Quang Trung,0.0,0.0,3.0,0.0,3.0,3.0
08/05/2025,75,Đồng Nai,26317,Xã Hưng Lộc,0.0,0.0,6.0,0.0,5.0,6.0
08/05/2025,75,Đồng Nai,26326,Thị Trấn Dầu Giây,0.0,0.0,499.0,0.0,499.0,499.0
08/05/2025,75,Đồng Nai,26362,Xã Sông Ray,3.0,0.0,106.0,0.0,106.0,106.0
08/05/2025,75,Đồng Nai,26368,Thị Trấn Long Thành,0.0,0.0,450.0,0.0,450.0,450.0
08/05/2025,75,Đồng Nai,26374,Phường Tam Phước,0.0,0.0,21.0,0.0,21.0,21.0
08/05/2025,75,Đồng Nai,26377,Phường Phước Tân,0.0,0.0,29.0,0.0,29.0,29.0
08/05/2025,75,Đồng Nai,26416,Xã Phước Bình,0.0,0.0,79.0,0.0,79.0,79.0
08/05/2025,75,Đồng Nai,26440,Xã Xuân Trường,0.0,0.0,61.0,0.0,61.0,61.0
08/05/2025,75,Đồng Nai,26452,Xã Suối Cát,16.0,0.0,581.0,90.0,581.0,581.0
08/05/2025,75,Đồng Nai,26455,Xã Xuân Hiệp,0.0,0.0,305.0,0.0,305.0,305.0
08/05/2025,75,Đồng Nai,26479,Thị Trấn Hiệp Phước,0.0,0.0,4.0,0.0,4.0,4.0
08/05/2025,75,Đồng Nai,26485,Xã Phú Hội,0.0,0.0,1.0,0.0,1.0,1.0
08/05/2025,75,Đồng Nai,26497,Xã Vĩnh Thanh,0.0,0.0,79.0,0.0,79.0,79.0
08/06/2023,75,Đồng Nai,26248,Thị Trấn Trảng Bom,0.0,0.0,1.0,0.0,1.0,1.0
08/06/2025,75,Đồng Nai,25993,Phường Trảng Dài,0.0,0.0,0.0,7.0,0.0,0.0
08/06/2025,75,Đồng Nai,25996,Phường Tân Phong,6.0,0.0,436.0,0.0,436.0,436.0
08/06/2025,75,Đồng Nai,26017,Phường Tam Hiệp,0.0,0.0,0.0,5.0,0.0,0.0
08/06/2025,75,Đồng Nai,26029,Phường Thống Nhất,0.0,0.0,81.0,1.0,81.0,81.0
08/06/2025,75,Đồng Nai,26050,Phường An Bình,0.0,0.0,12.0,0.0,12.0,12.0
08/06/2025,75,Đồng Nai,26056,Phường Long Bình Tân,0.0,0.0,4.0,0.0,4.0,4.0
08/06/2025,75,Đồng Nai,26068,Phường Hóa An,0.0,0.0,106.0,0.0,103.0,106.0
08/06/2025,75,Đồng Nai,26095,Phường Suối Tre,0.0,0.0,167.0,0.0,167.0,167.0
08/06/2025,75,Đồng Nai,26206,Thị Trấn Định Quán,0.0,0.0,176.0,0.0,176.0,176.0
08/06/2025,75,Đồng Nai,26239,Xã Túc Trưng,1.0,0.0,74.0,0.0,74.0,74.0
08/06/2025,75,Đồng Nai,26272,Xã Hố Nai 3,5.0,0.0,406.0,0.0,406.0,406.0
08/06/2025,75,Đồng Nai,26296,Xã An Viễn,2.0,0.0,102.0,0.0,102.0,102.0
08/06/2025,75,Đồng Nai,26311,Xã Quang Trung,10.0,0.0,208.0,0.0,208.0,208.0
08/06/2025,75,Đồng Nai,26326,Thị Trấn Dầu Giây,0.0,0.0,57.0,0.0,57.0,57.0
08/06/2025,75,Đồng Nai,26362,Xã Sông Ray,0.0,0.0,39.0,0.0,39.0,39.0
08/06/2025,75,Đồng Nai,26368,Thị Trấn Long Thành,2.0,0.0,209.0,0.0,209.0,209.0
08/06/2025,75,Đồng Nai,26374,Phường Tam Phước,0.0,0.0,75.0,0.0,75.0,75.0
08/06/2025,75,Đồng Nai,26377,Phường Phước Tân,0.0,0.0,2.0,0.0,2.0,2.0
08/06/2025,75,Đồng Nai,26416,Xã Phước Bình,0.0,0.0,49.0,0.0,49.0,49.0
08/06/2025,75,Đồng Nai,26452,Xã Suối Cát,0.0,0.0,26.0,51.0,26.0,26.0
08/06/2025,75,Đồng Nai,26455,Xã Xuân Hiệp,0.0,0.0,282.0,0.0,282.0,282.0
08/06/2025,75,Đồng Nai,26485,Xã Phú Hội,0.0,0.0,3.0,0.0,3.0,3.0
08/06/2025,75,Đồng Nai,26497,Xã Vĩnh Thanh,0.0,0.0,74.0,0.0,74.0,74.0
08/07/2025,75,Đồng Nai,25993,Phường Trảng Dài,3.0,0.0,84.0,4.0,84.0,0.0
08/07/2025,75,Đồng Nai,25996,Phường Tân Phong,0.0,0.0,8.0,0.0,8.0,0.0
08/07/2025,75,Đồng Nai,26002,Phường Hố Nai,1.0,0.0,1.0,0.0,1.0,0.0
08/07/2025,75,Đồng Nai,26017,Phường Tam Hiệp,0.0,0.0,104.0,0.0,104.0,0.0
08/07/2025,75,Đồng Nai,26029,Phường Thống Nhất,0.0,0.0,0.0,1.0,0.0,0.0
08/07/2025,75,Đồng Nai,26050,Phường An Bình,0.0,0.0,1.0,0.0,1.0,0.0
08/07/2025,75,Đồng Nai,26056,Phường Long Bình Tân,0.0,0.0,27.0,0.0,27.0,0.0
08/07/2025,75,Đồng Nai,26068,Phường Hóa An,0.0,0.0,161.0,0.0,151.0,0.0
08/07/2025,75,Đồng Nai,26095,Phường Suối Tre,0.0,0.0,955.0,0.0,955.0,0.0
08/07/2025,75,Đồng Nai,26116,Thị Trấn Tân Phú,0.0,0.0,442.0,0.0,442.0,0.0
08/07/2025,75,Đồng Nai,26188,Xã Thạnh Phú,0.0,0.0,48.0,0.0,48.0,0.0
08/07/2025,75,Đồng Nai,26206,Thị Trấn Định Quán,0.0,0.0,14.0,0.0,14.0,0.0
08/07/2025,75,Đồng Nai,26272,Xã Hố Nai 3,17.0,0.0,665.0,0.0,665.0,0.0
08/07/2025,75,Đồng Nai,26296,Xã An Viễn,2.0,0.0,65.0,0.0,65.0,0.0
08/07/2025,75,Đồng Nai,26299,Xã Gia Tân 1,0.0,0.0,22.0,0.0,22.0,0.0
08/07/2025,75,Đồng Nai,26311,Xã Quang Trung,0.0,0.0,147.0,0.0,147.0,0.0
08/07/2025,75,Đồng Nai,26317,Xã Hưng Lộc,1.0,0.0,83.0,0.0,83.0,0.0
08/07/2025,75,Đồng Nai,26326,Thị Trấn Dầu Giây,0.0,0.0,29.0,0.0,29.0,0.0
08/07/2025,75,Đồng Nai,26362,Xã Sông Ray,2.0,0.0,93.0,0.0,93.0,0.0
08/07/2025,75,Đồng Nai,26368,Thị Trấn Long Thành,0.0,0.0,603.0,0.0,603.0,0.0
08/07/2025,75,Đồng Nai,26374,Phường Tam Phước,0.0,0.0,112.0,0.0,112.0,0.0
08/07/2025,75,Đồng Nai,26377,Phường Phước Tân,0.0,0.0,26.0,0.0,26.0,0.0
08/07/2025,75,Đồng Nai,26416,Xã Phước Bình,0.0,0.0,192.0,0.0,192.0,0.0
08/07/2025,75,Đồng Nai,26452,Xã Suối Cát,0.0,0.0,3.0,21.0,3.0,0.0
08/07/2025,75,Đồng Nai,26455,Xã Xuân Hiệp,0.0,0.0,413.0,0.0,413.0,0.0
08/08/2025,75,Đồng Nai,25993,Phường Trảng Dài,0.0,0.0,202.0,0.0,202.0,0.0
08/08/2025,75,Đồng Nai,25996,Phường Tân Phong,0.0,0.0,335.0,0.0,66.0,0.0
08/08/2025,75,Đồng Nai,26017,Phường Tam Hiệp,0.0,0.0,4.0,5.0,4.0,0.0
08/08/2025,75,Đồng Nai,26029,Phường Thống Nhất,0.0,0.0,1.0,0.0,1.0,0.0
08/08/2025,75,Đồng Nai,26056,Phường Long Bình Tân,0.0,0.0,989.0,0.0,989.0,0.0
08/08/2025,75,Đồng Nai,26068,Phường Hóa An,0.0,0.0,246.0,0.0,246.0,0.0
08/08/2025,75,Đồng Nai,26095,Phường Suối Tre,0.0,0.0,1107.0,0.0,1107.0,0.0
08/08/2025,75,Đồng Nai,26188,Xã Thạnh Phú,0.0,0.0,162.0,0.0,162.0,0.0
08/08/2025,75,Đồng Nai,26206,Thị Trấn Định Quán,0.0,0.0,763.0,0.0,763.0,0.0
08/08/2025,75,Đồng Nai,26272,Xã Hố Nai 3,0.0,0.0,636.0,0.0,636.0,0.0
08/08/2025,75,Đồng Nai,26296,Xã An Viễn,0.0,0.0,156.0,0.0,156.0,0.0
08/08/2025,75,Đồng Nai,26311,Xã Quang Trung,0.0,0.0,167.0,0.0,167.0,0.0
08/08/2025,75,Đồng Nai,26317,Xã Hưng Lộc,0.0,0.0,41.0,0.0,41.0,0.0
08/08/2025,75,Đồng Nai,26368,Thị Trấn Long Thành,0.0,0.0,519.0,0.0,519.0,0.0
08/08/2025,75,Đồng Nai,26416,Xã Phước Bình,0.0,0.0,7.0,0.0,7.0,0.0
08/08/2025,75,Đồng Nai,26455,Xã Xuân Hiệp,0.0,0.0,2.0,0.0,2.0,0.0
08/08/2025,75,Đồng Nai,26497,Xã Vĩnh Thanh,0.0,0.0,13.0,0.0,13.0,0.0
08/09/2025,75,Đồng Nai,25993,Phường Trảng Dài,0.0,0.0,82.0,134.0,82.0,0.0
08/09/2025,75,Đồng Nai,25996,Phường Tân Phong,0.0,0.0,40.0,0.0,40.0,0.0
08/09/2025,75,Đồng Nai,26017,Phường Tam Hiệp,0.0,0.0,0.0,1.0,0.0,0.0
08/09/2025,75,Đồng Nai,26068,Phường Hóa An,0.0,0.0,167.0,0.0,167.0,0.0
08/09/2025,75,Đồng Nai,26095,Phường Suối Tre,0.0,0.0,1501.0,0.0,1464.0,0.0
08/09/2025,75,Đồng Nai,26188,Xã Thạnh Phú,0.0,0.0,218.0,0.0,216.0,0.0
08/09/2025,75,Đồng Nai,26206,Thị Trấn Định Quán,0.0,0.0,695.0,0.0,691.0,0.0
08/09/2025,75,Đồng Nai,26272,Xã Hố Nai 3,0.0,0.0,180.0,0.0,171.0,0.0
08/09/2025,75,Đồng Nai,26311,Xã Quang Trung,0.0,0.0,196.0,0.0,196.0,0.0
08/09/2025,75,Đồng Nai,26317,Xã Hưng Lộc,0.0,0.0,142.0,0.0,142.0,0.0
08/09/2025,75,Đồng Nai,26362,Xã Sông Ray,0.0,0.0,134.0,0.0,112.0,0.0
08/09/2025,75,Đồng Nai,26368,Thị Trấn Long Thành,0.0,0.0,477.0,0.0,470.0,0.0
08/09/2025,75,Đồng Nai,26389,Xã Long Đức,0.0,0.0,72.0,0.0,72.0,0.0
08/09/2025,75,Đồng Nai,26416,Xã Phước Bình,0.0,0.0,111.0,0.0,111.0,0.0
08/09/2025,75,Đồng Nai,26497,Xã Vĩnh Thanh,0.0,0.0,85.0,0.0,85.0,0.0
08/10/2025,75,Đồng Nai,25993,Phường Trảng Dài,0.0,0.0,0.0,30.0,0.0,0.0
09/01/2025,75,Đồng Nai,26080,Phường Xuân An,0.0,0.0,4.0,0.0,4.0,4.0
09/01/2025,75,Đồng Nai,26341,Thị Trấn Long Giao,0.0,0.0,586.0,0.0,586.0,586.0
09/01/2025,75,Đồng Nai,26452,Xã Suối Cát,38.0,0.0,683.0,54.0,683.0,683.0
09/02/2025,75,Đồng Nai,26026,Phường Tân Mai,12.0,0.0,135.0,0.0,135.0,135.0
09/02/2025,75,Đồng Nai,26248,Thị Trấn Trảng Bom,0.0,0.0,54.0,0.0,54.0,54.0
09/02/2025,75,Đồng Nai,26341,Thị Trấn Long Giao,0.0,0.0,59.0,0.0,59.0,59.0
09/02/2025,75,Đồng Nai,26452,Xã Suối Cát,0.0,0.0,46.0,103.0,46.0,46.0
09/03/2025,75,Đồng Nai,26026,Phường Tân Mai,2.0,0.0,86.0,0.0,86.0,86.0
09/03/2025,75,Đồng Nai,26248,Thị Trấn Trảng Bom,0.0,0.0,184.0,0.0,184.0,184.0
09/03/2025,75,Đồng Nai,26452,Xã Suối Cát,0.0,0.0,66.0,135.0,66.0,66.0
09/03/2025,75,Đồng Nai,26455,Xã Xuân Hiệp,0.0,0.0,2.0,0.0,0.0,2.0
09/04/2025,75,Đồng Nai,25993,Phường Trảng Dài,0.0,0.0,163.0,5.0,163.0,163.0
09/04/2025,75,Đồng Nai,25996,Phường Tân Phong,0.0,0.0,61.0,0.0,61.0,61.0
09/04/2025,75,Đồng Nai,25999,Phường Tân Biên,0.0,0.0,15.0,0.0,15.0,15.0
09/04/2025,75,Đồng Nai,26026,Phường Tân Mai,1.0,0.0,48.0,0.0,48.0,48.0
09/04/2025,75,Đồng Nai,26095,Phường Suối Tre,3.0,0.0,543.0,0.0,543.0,543.0
09/04/2025,75,Đồng Nai,26116,Thị Trấn Tân Phú,0.0,0.0,454.0,0.0,454.0,454.0
09/04/2025,75,Đồng Nai,26206,Thị Trấn Định Quán,0.0,0.0,93.0,0.0,93.0,93.0
09/04/2025,75,Đồng Nai,26248,Thị Trấn Trảng Bom,0.0,0.0,522.0,0.0,522.0,522.0
09/04/2025,75,Đồng Nai,26326,Thị Trấn Dầu Giây,0.0,0.0,540.0,0.0,540.0,540.0
09/04/2025,75,Đồng Nai,26368,Thị Trấn Long Thành,0.0,0.0,71.0,0.0,71.0,71.0
09/04/2025,75,Đồng Nai,26377,Phường Phước Tân,0.0,0.0,6.0,0.0,6.0,6.0
09/04/2025,75,Đồng Nai,26440,Xã Xuân Trường,0.0,0.0,14.0,0.0,14.0,14.0
09/04/2025,75,Đồng Nai,26452,Xã Suối Cát,27.0,0.0,739.0,113.0,739.0,739.0
09/04/2025,75,Đồng Nai,26455,Xã Xuân Hiệp,0.0,0.0,2.0,0.0,0.0,2.0
09/04/2025,75,Đồng Nai,26485,Xã Phú Hội,0.0,0.0,4.0,0.0,4.0,4.0
09/05/2025,75,Đồng Nai,25993,Phường Trảng Dài,0.0,0.0,90.0,3.0,90.0,90.0
09/05/2025,75,Đồng Nai,25996,Phường Tân Phong,0.0,0.0,84.0,0.0,84.0,84.0
09/05/2025,75,Đồng Nai,25999,Phường Tân Biên,0.0,0.0,6.0,0.0,6.0,6.0
09/05/2025,75,Đồng Nai,26017,Phường Tam Hiệp,0.0,0.0,94.0,0.0,94.0,94.0
09/05/2025,75,Đồng Nai,26029,Phường Thống Nhất,0.0,0.0,414.0,0.0,414.0,414.0
09/05/2025,75,Đồng Nai,26068,Phường Hóa An,0.0,0.0,145.0,0.0,131.0,145.0
09/05/2025,75,Đồng Nai,26095,Phường Suối Tre,0.0,0.0,1114.0,0.0,1114.0,1114.0
09/05/2025,75,Đồng Nai,26116,Thị Trấn Tân Phú,0.0,0.0,392.0,0.0,392.0,392.0
09/05/2025,75,Đồng Nai,26188,Xã Thạnh Phú,0.0,0.0,40.0,0.0,40.0,40.0
09/05/2025,75,Đồng Nai,26206,Thị Trấn Định Quán,0.0,0.0,490.0,0.0,490.0,490.0
09/05/2025,75,Đồng Nai,26272,Xã Hố Nai 3,9.0,0.0,503.0,0.0,503.0,503.0
09/05/2025,75,Đồng Nai,26299,Xã Gia Tân 1,0.0,0.0,3.0,0.0,3.0,3.0
09/05/2025,75,Đồng Nai,26311,Xã Quang Trung,0.0,0.0,8.0,0.0,8.0,8.0
09/05/2025,75,Đồng Nai,26317,Xã Hưng Lộc,0.0,0.0,8.0,0.0,8.0,8.0
09/05/2025,75,Đồng Nai,26326,Thị Trấn Dầu Giây,0.0,0.0,454.0,0.0,454.0,454.0
09/05/2025,75,Đồng Nai,26362,Xã Sông Ray,0.0,0.0,86.0,0.0,86.0,86.0
09/05/2025,75,Đồng Nai,26368,Thị Trấn Long Thành,0.0,0.0,538.0,0.0,538.0,538.0
09/05/2025,75,Đồng Nai,26374,Phường Tam Phước,0.0,0.0,109.0,0.0,109.0,109.0
09/05/2025,75,Đồng Nai,26377,Phường Phước Tân,0.0,0.0,34.0,0.0,34.0,34.0
09/05/2025,75,Đồng Nai,26416,Xã Phước Bình,0.0,0.0,62.0,0.0,62.0,62.0
09/05/2025,75,Đồng Nai,26440,Xã Xuân Trường,0.0,0.0,2.0,0.0,2.0,2.0
09/05/2025,75,Đồng Nai,26452,Xã Suối Cát,11.0,0.0,616.0,3.0,616.0,616.0
09/05/2025,75,Đồng Nai,26455,Xã Xuân Hiệp,0.0,0.0,329.0,0.0,329.0,329.0
09/05/2025,75,Đồng Nai,26470,Xã Phước Thiền,0.0,0.0,5.0,0.0,5.0,5.0
09/05/2025,75,Đồng Nai,26497,Xã Vĩnh Thanh,0.0,0.0,72.0,0.0,72.0,72.0
09/06/2025,75,Đồng Nai,25993,Phường Trảng Dài,0.0,0.0,0.0,3.0,0.0,0.0
09/06/2025,75,Đồng Nai,25996,Phường Tân Phong,9.0,0.0,421.0,0.0,421.0,421.0
09/06/2025,75,Đồng Nai,26017,Phường Tam Hiệp,0.0,0.0,113.0,1.0,113.0,113.0
09/06/2025,75,Đồng Nai,26020,Phường Long Bình,0.0,0.0,64.0,0.0,64.0,64.0
09/06/2025,75,Đồng Nai,26029,Phường Thống Nhất,0.0,0.0,439.0,2.0,439.0,439.0
09/06/2025,75,Đồng Nai,26050,Phường An Bình,0.0,0.0,57.0,0.0,57.0,57.0
09/06/2025,75,Đồng Nai,26056,Phường Long Bình Tân,2.0,0.0,123.0,0.0,123.0,123.0
09/06/2025,75,Đồng Nai,26068,Phường Hóa An,0.0,0.0,418.0,0.0,394.0,418.0
09/06/2025,75,Đồng Nai,26095,Phường Suối Tre,0.0,0.0,485.0,0.0,485.0,485.0
09/06/2025,75,Đồng Nai,26206,Thị Trấn Định Quán,0.0,0.0,632.0,0.0,632.0,632.0
09/06/2025,75,Đồng Nai,26239,Xã Túc Trưng,1.0,0.0,110.0,0.0,110.0,110.0
09/06/2025,75,Đồng Nai,26272,Xã Hố Nai 3,1.0,0.0,314.0,0.0,314.0,314.0
09/06/2025,75,Đồng Nai,26296,Xã An Viễn,2.0,0.0,232.0,0.0,232.0,232.0
09/06/2025,75,Đồng Nai,26311,Xã Quang Trung,5.0,0.0,198.0,0.0,198.0,198.0
09/06/2025,75,Đồng Nai,26317,Xã Hưng Lộc,0.0,0.0,9.0,0.0,9.0,9.0
09/06/2025,75,Đồng Nai,26326,Thị Trấn Dầu Giây,0.0,0.0,610.0,0.0,610.0,610.0
09/06/2025,75,Đồng Nai,26362,Xã Sông Ray,5.0,0.0,133.0,0.0,133.0,133.0
09/06/2025,75,Đồng Nai,26368,Thị Trấn Long Thành,4.0,0.0,564.0,0.0,564.0,564.0
09/06/2025,75,Đồng Nai,26374,Phường Tam Phước,0.0,0.0,118.0,0.0,118.0,118.0
09/06/2025,75,Đồng Nai,26377,Phường Phước Tân,0.0,0.0,48.0,0.0,48.0,48.0
09/06/2025,75,Đồng Nai,26416,Xã Phước Bình,0.0,0.0,87.0,0.0,87.0,87.0
09/06/2025,75,Đồng Nai,26452,Xã Suối Cát,0.0,0.0,13.0,30.0,13.0,13.0
09/06/2025,75,Đồng Nai,26455,Xã Xuân Hiệp,0.0,0.0,402.0,0.0,402.0,402.0
09/06/2025,75,Đồng Nai,26485,Xã Phú Hội,0.0,0.0,55.0,0.0,55.0,55.0
09/06/2025,75,Đồng Nai,26497,Xã Vĩnh Thanh,0.0,0.0,97.0,0.0,97.0,97.0
09/07/2025,75,Đồng Nai,25993,Phường Trảng Dài,0.0,0.0,118.0,4.0,118.0,0.0
09/07/2025,75,Đồng Nai,25996,Phường Tân Phong,0.0,0.0,43.0,0.0,43.0,0.0
09/07/2025,75,Đồng Nai,26017,Phường Tam Hiệp,0.0,0.0,93.0,6.0,93.0,0.0
09/07/2025,75,Đồng Nai,26056,Phường Long Bình Tân,0.0,0.0,28.0,0.0,28.0,0.0
09/07/2025,75,Đồng Nai,26068,Phường Hóa An,0.0,0.0,143.0,0.0,138.0,0.0
09/07/2025,75,Đồng Nai,26095,Phường Suối Tre,0.0,0.0,40.0,0.0,40.0,0.0
09/07/2025,75,Đồng Nai,26116,Thị Trấn Tân Phú,0.0,0.0,481.0,0.0,481.0,0.0
09/07/2025,75,Đồng Nai,26188,Xã Thạnh Phú,0.0,0.0,51.0,0.0,51.0,0.0
09/07/2025,75,Đồng Nai,26206,Thị Trấn Định Quán,0.0,0.0,10.0,0.0,10.0,0.0
09/07/2025,75,Đồng Nai,26272,Xã Hố Nai 3,0.0,0.0,124.0,0.0,124.0,0.0
09/07/2025,75,Đồng Nai,26296,Xã An Viễn,0.0,0.0,95.0,0.0,95.0,0.0
09/07/2025,75,Đồng Nai,26299,Xã Gia Tân 1,1.0,0.0,45.0,0.0,45.0,0.0
09/07/2025,75,Đồng Nai,26311,Xã Quang Trung,0.0,0.0,148.0,0.0,148.0,0.0
09/07/2025,75,Đồng Nai,26317,Xã Hưng Lộc,2.0,0.0,87.0,0.0,87.0,0.0
09/07/2025,75,Đồng Nai,26326,Thị Trấn Dầu Giây,0.0,0.0,31.0,0.0,31.0,0.0
09/07/2025,75,Đồng Nai,26362,Xã Sông Ray,0.0,0.0,3.0,0.0,3.0,0.0
09/07/2025,75,Đồng Nai,26368,Thị Trấn Long Thành,0.0,0.0,16.0,0.0,16.0,0.0
09/07/2025,75,Đồng Nai,26374,Phường Tam Phước,0.0,0.0,84.0,0.0,84.0,0.0
09/07/2025,75,Đồng Nai,26377,Phường Phước Tân,0.0,0.0,53.0,0.0,53.0,0.0
09/07/2025,75,Đồng Nai,26452,Xã Suối Cát,0.0,0.0,1.0,13.0,1.0,0.0
09/07/2025,75,Đồng Nai,26455,Xã Xuân Hiệp,0.0,0.0,354.0,0.0,354.0,0.0
09/08/2025,75,Đồng Nai,25996,Phường Tân Phong,0.0,0.0,421.0,0.0,0.0,0.0
09/08/2025,75,Đồng Nai,26017,Phường Tam Hiệp,0.0,0.0,1.0,4.0,1.0,0.0
09/08/2025,75,Đồng Nai,26050,Phường An Bình,0.0,0.0,53.0,0.0,53.0,0.0
09/08/2025,75,Đồng Nai,26056,Phường Long Bình Tân,0.0,0.0,1052.0,0.0,1052.0,0.0
09/08/2025,75,Đồng Nai,26068,Phường Hóa An,0.0,0.0,190.0,0.0,190.0,0.0
09/08/2025,75,Đồng Nai,26095,Phường Suối Tre,0.0,0.0,200.0,0.0,200.0,0.0
09/08/2025,75,Đồng Nai,26188,Xã Thạnh Phú,0.0,0.0,177.0,0.0,177.0,0.0
09/08/2025,75,Đồng Nai,26206,Thị Trấn Định Quán,0.0,0.0,184.0,0.0,184.0,0.0
09/08/2025,75,Đồng Nai,26272,Xã Hố Nai 3,0.0,0.0,760.0,0.0,760.0,0.0
09/08/2025,75,Đồng Nai,26296,Xã An Viễn,0.0,0.0,140.0,0.0,140.0,0.0
09/08/2025,75,Đồng Nai,26311,Xã Quang Trung,0.0,0.0,156.0,0.0,156.0,0.0
09/08/2025,75,Đồng Nai,26317,Xã Hưng Lộc,0.0,0.0,45.0,0.0,45.0,0.0
09/08/2025,75,Đồng Nai,26368,Thị Trấn Long Thành,0.0,0.0,106.0,0.0,106.0,0.0
09/08/2025,75,Đồng Nai,26416,Xã Phước Bình,0.0,0.0,101.0,0.0,101.0,0.0
09/08/2025,75,Đồng Nai,26452,Xã Suối Cát,0.0,0.0,0.0,1.0,0.0,0.0
09/08/2025,75,Đồng Nai,26455,Xã Xuân Hiệp,0.0,0.0,355.0,0.0,355.0,0.0
09/08/2025,75,Đồng Nai,26497,Xã Vĩnh Thanh,0.0,0.0,17.0,0.0,17.0,0.0
09/09/2025,75,Đồng Nai,25993,Phường Trảng Dài,0.0,0.0,60.0,135.0,60.0,0.0
09/09/2025,75,Đồng Nai,25996,Phường Tân Phong,0.0,0.0,73.0,0.0,73.0,0.0
09/09/2025,75,Đồng Nai,26068,Phường Hóa An,0.0,0.0,123.0,0.0,123.0,0.0
09/09/2025,75,Đồng Nai,26095,Phường Suối Tre,0.0,0.0,1308.0,0.0,1273.0,0.0
09/09/2025,75,Đồng Nai,26188,Xã Thạnh Phú,0.0,0.0,111.0,0.0,111.0,0.0
09/09/2025,75,Đồng Nai,26206,Thị Trấn Định Quán,0.0,0.0,622.0,0.0,617.0,0.0
09/09/2025,75,Đồng Nai,26272,Xã Hố Nai 3,0.0,0.0,133.0,0.0,124.0,0.0
09/09/2025,75,Đồng Nai,26317,Xã Hưng Lộc,0.0,0.0,82.0,0.0,82.0,0.0
09/09/2025,75,Đồng Nai,26368,Thị Trấn Long Thành,0.0,0.0,445.0,0.0,406.0,0.0
09/09/2025,75,Đồng Nai,26389,Xã Long Đức,0.0,0.0,53.0,0.0,53.0,0.0
09/09/2025,75,Đồng Nai,26416,Xã Phước Bình,0.0,0.0,94.0,0.0,94.0,0.0
09/09/2025,75,Đồng Nai,26497,Xã Vĩnh Thanh,0.0,0.0,58.0,0.0,58.0,0.0
09/10/2025,75,Đồng Nai,25993,Phường Trảng Dài,0.0,0.0,0.0,26.0,0.0,0.0
10/01/2025,75,Đồng Nai,26080,Phường Xuân An,0.0,0.0,3.0,0.0,3.0,3.0
10/01/2025,75,Đồng Nai,26248,Thị Trấn Trảng Bom,0.0,0.0,2.0,0.0,2.0,2.0
10/01/2025,75,Đồng Nai,26341,Thị Trấn Long Giao,0.0,0.0,565.0,0.0,565.0,565.0
10/01/2025,75,Đồng Nai,26452,Xã Suối Cát,31.0,0.0,707.0,5.0,707.0,707.0
10/02/2025,75,Đồng Nai,25996,Phường Tân Phong,0.0,0.0,1.0,0.0,1.0,1.0
10/02/2025,75,Đồng Nai,26026,Phường Tân Mai,298.0,0.0,1216.0,0.0,1216.0,1216.0
10/02/2025,75,Đồng Nai,26080,Phường Xuân An,0.0,0.0,5.0,0.0,5.0,5.0
10/02/2025,75,Đồng Nai,26248,Thị Trấn Trảng Bom,0.0,0.0,159.0,0.0,159.0,159.0
10/02/2025,75,Đồng Nai,26341,Thị Trấn Long Giao,0.0,0.0,690.0,0.0,690.0,690.0
10/02/2025,75,Đồng Nai,26452,Xã Suối Cát,52.0,0.0,870.0,98.0,870.0,870.0
10/03/2023,75,Đồng Nai,26341,Thị Trấn Long Giao,0.0,0.0,1.0,0.0,1.0,1.0
10/03/2025,75,Đồng Nai,25996,Phường Tân Phong,0.0,0.0,22.0,0.0,22.0,22.0
10/03/2025,75,Đồng Nai,26026,Phường Tân Mai,134.0,0.0,848.0,0.0,848.0,848.0
10/03/2025,75,Đồng Nai,26080,Phường Xuân An,0.0,0.0,4.0,0.0,4.0,4.0
10/03/2025,75,Đồng Nai,26248,Thị Trấn Trảng Bom,0.0,0.0,1311.0,0.0,1311.0,1311.0
10/03/2025,75,Đồng Nai,26254,Xã Cây Gáo,0.0,0.0,15.0,0.0,15.0,15.0
10/03/2025,75,Đồng Nai,26452,Xã Suối Cát,45.0,0.0,793.0,99.0,793.0,793.0
10/04/2025,75,Đồng Nai,25993,Phường Trảng Dài,0.0,0.0,231.0,10.0,231.0,231.0
10/04/2025,75,Đồng Nai,25996,Phường Tân Phong,0.0,0.0,60.0,0.0,60.0,60.0
10/04/2025,75,Đồng Nai,25999,Phường Tân Biên,0.0,0.0,9.0,0.0,9.0,9.0
10/04/2025,75,Đồng Nai,26026,Phường Tân Mai,60.0,0.0,340.0,0.0,340.0,340.0
10/04/2025,75,Đồng Nai,26095,Phường Suối Tre,29.0,0.0,1769.0,0.0,1769.0,1769.0
10/04/2025,75,Đồng Nai,26116,Thị Trấn Tân Phú,0.0,0.0,374.0,0.0,374.0,374.0
10/04/2025,75,Đồng Nai,26206,Thị Trấn Định Quán,0.0,0.0,684.0,0.0,684.0,684.0
10/04/2025,75,Đồng Nai,26248,Thị Trấn Trảng Bom,0.0,0.0,464.0,0.0,464.0,464.0
10/04/2025,75,Đồng Nai,26326,Thị Trấn Dầu Giây,0.0,0.0,530.0,0.0,530.0,530.0
10/04/2025,75,Đồng Nai,26368,Thị Trấn Long Thành,0.0,0.0,561.0,0.0,561.0,561.0
10/04/2025,75,Đồng Nai,26377,Phường Phước Tân,0.0,0.0,21.0,0.0,21.0,21.0
10/04/2025,75,Đồng Nai,26440,Xã Xuân Trường,0.0,0.0,7.0,0.0,7.0,7.0
10/04/2025,75,Đồng Nai,26452,Xã Suối Cát,31.0,0.0,636.0,122.0,636.0,636.0
10/04/2025,75,Đồng Nai,26485,Xã Phú Hội,0.0,0.0,1.0,0.0,1.0,1.0
10/05/2025,75,Đồng Nai,25993,Phường Trảng Dài,0.0,0.0,0.0,2.0,0.0,0.0
10/05/2025,75,Đồng Nai,25996,Phường Tân Phong,2.0,0.0,180.0,0.0,180.0,180.0
10/05/2025,75,Đồng Nai,25999,Phường Tân Biên,0.0,0.0,4.0,0.0,4.0,4.0
10/05/2025,75,Đồng Nai,26017,Phường Tam Hiệp,0.0,0.0,128.0,0.0,128.0,128.0
10/05/2025,75,Đồng Nai,26029,Phường Thống Nhất,0.0,0.0,46.0,1.0,46.0,46.0
10/05/2025,75,Đồng Nai,26068,Phường Hóa An,0.0,0.0,201.0,0.0,196.0,201.0
10/05/2025,75,Đồng Nai,26095,Phường Suối Tre,0.0,0.0,161.0,0.0,161.0,161.0
10/05/2025,75,Đồng Nai,26116,Thị Trấn Tân Phú,0.0,0.0,116.0,0.0,116.0,116.0
10/05/2025,75,Đồng Nai,26206,Thị Trấn Định Quán,0.0,0.0,141.0,0.0,141.0,141.0
10/05/2025,75,Đồng Nai,26272,Xã Hố Nai 3,2.0,0.0,914.0,0.0,914.0,914.0
10/05/2025,75,Đồng Nai,26311,Xã Quang Trung,0.0,0.0,8.0,0.0,8.0,8.0
10/05/2025,75,Đồng Nai,26317,Xã Hưng Lộc,0.0,0.0,9.0,0.0,9.0,9.0
10/05/2025,75,Đồng Nai,26326,Thị Trấn Dầu Giây,0.0,0.0,154.0,0.0,154.0,154.0
10/05/2025,75,Đồng Nai,26362,Xã Sông Ray,1.0,0.0,86.0,0.0,86.0,86.0
10/05/2025,75,Đồng Nai,26368,Thị Trấn Long Thành,0.0,0.0,35.0,0.0,35.0,35.0
10/05/2025,75,Đồng Nai,26374,Phường Tam Phước,0.0,0.0,164.0,0.0,164.0,164.0
10/05/2025,75,Đồng Nai,26377,Phường Phước Tân,0.0,0.0,1.0,0.0,1.0,1.0
10/05/2025,75,Đồng Nai,26389,Xã Long Đức,0.0,0.0,2.0,0.0,2.0,2.0
10/05/2025,75,Đồng Nai,26440,Xã Xuân Trường,0.0,0.0,75.0,0.0,75.0,75.0
10/05/2025,75,Đồng Nai,26452,Xã Suối Cát,0.0,0.0,42.0,3.0,42.0,42.0
10/05/2025,75,Đồng Nai,26455,Xã Xuân Hiệp,0.0,0.0,4.0,0.0,4.0,4.0
10/05/2025,75,Đồng Nai,26485,Xã Phú Hội,0.0,0.0,1.0,0.0,1.0,1.0
10/05/2025,75,Đồng Nai,26497,Xã Vĩnh Thanh,0.0,0.0,69.0,0.0,69.0,69.0
10/06/2024,75,Đồng Nai,26035,Phường Tam Hòa,0.0,0.0,1.0,0.0,1.0,1.0
10/06/2024,75,Đồng Nai,26248,Thị Trấn Trảng Bom,0.0,0.0,3.0,0.0,3.0,3.0
10/06/2025,75,Đồng Nai,25993,Phường Trảng Dài,0.0,0.0,0.0,8.0,0.0,0.0
10/06/2025,75,Đồng Nai,25996,Phường Tân Phong,7.0,0.0,328.0,0.0,328.0,328.0
10/06/2025,75,Đồng Nai,26017,Phường Tam Hiệp,1.0,0.0,95.0,0.0,95.0,95.0
10/06/2025,75,Đồng Nai,26020,Phường Long Bình,0.0,0.0,30.0,0.0,30.0,30.0
10/06/2025,75,Đồng Nai,26029,Phường Thống Nhất,0.0,0.0,11.0,1.0,11.0,11.0
10/06/2025,75,Đồng Nai,26035,Phường Tam Hòa,0.0,0.0,2.0,0.0,2.0,2.0
10/06/2025,75,Đồng Nai,26050,Phường An Bình,0.0,0.0,73.0,0.0,73.0,73.0
10/06/2025,75,Đồng Nai,26056,Phường Long Bình Tân,1.0,0.0,114.0,0.0,114.0,114.0
10/06/2025,75,Đồng Nai,26068,Phường Hóa An,0.0,0.0,257.0,0.0,250.0,257.0
10/06/2025,75,Đồng Nai,26095,Phường Suối Tre,0.0,0.0,1061.0,0.0,1061.0,1061.0
10/06/2025,75,Đồng Nai,26206,Thị Trấn Định Quán,0.0,0.0,459.0,0.0,459.0,459.0
10/06/2025,75,Đồng Nai,26239,Xã Túc Trưng,2.0,0.0,113.0,0.0,113.0,113.0
10/06/2025,75,Đồng Nai,26272,Xã Hố Nai 3,15.0,0.0,635.0,0.0,635.0,635.0
10/06/2025,75,Đồng Nai,26296,Xã An Viễn,2.0,0.0,131.0,0.0,131.0,131.0
10/06/2025,75,Đồng Nai,26299,Xã Gia Tân 1,1.0,0.0,49.0,0.0,49.0,49.0
10/06/2025,75,Đồng Nai,26311,Xã Quang Trung,1.0,0.0,130.0,0.0,130.0,130.0
10/06/2025,75,Đồng Nai,26317,Xã Hưng Lộc,2.0,0.0,76.0,0.0,76.0,76.0
10/06/2025,75,Đồng Nai,26326,Thị Trấn Dầu Giây,0.0,0.0,548.0,0.0,548.0,548.0
10/06/2025,75,Đồng Nai,26362,Xã Sông Ray,0.0,0.0,115.0,0.0,115.0,115.0
10/06/2025,75,Đồng Nai,26368,Thị Trấn Long Thành,3.0,0.0,537.0,0.0,537.0,537.0
10/06/2025,75,Đồng Nai,26374,Phường Tam Phước,0.0,0.0,193.0,0.0,193.0,193.0
10/06/2025,75,Đồng Nai,26377,Phường Phước Tân,0.0,0.0,33.0,0.0,33.0,33.0
10/06/2025,75,Đồng Nai,26452,Xã Suối Cát,0.0,0.0,17.0,39.0,17.0,17.0
10/06/2025,75,Đồng Nai,26455,Xã Xuân Hiệp,0.0,0.0,396.0,0.0,396.0,396.0
10/06/2025,75,Đồng Nai,26497,Xã Vĩnh Thanh,0.0,0.0,86.0,0.0,85.0,85.0
10/07/2025,75,Đồng Nai,25993,Phường Trảng Dài,0.0,0.0,56.0,2.0,56.0,0.0
10/07/2025,75,Đồng Nai,25996,Phường Tân Phong,0.0,0.0,5.0,0.0,5.0,0.0
10/07/2025,75,Đồng Nai,26017,Phường Tam Hiệp,0.0,0.0,96.0,2.0,96.0,0.0
10/07/2025,75,Đồng Nai,26029,Phường Thống Nhất,0.0,0.0,0.0,2.0,0.0,0.0
10/07/2025,75,Đồng Nai,26056,Phường Long Bình Tân,0.0,0.0,51.0,0.0,51.0,0.0
10/07/2025,75,Đồng Nai,26068,Phường Hóa An,0.0,0.0,82.0,0.0,82.0,0.0
10/07/2025,75,Đồng Nai,26095,Phường Suối Tre,0.0,0.0,55.0,0.0,55.0,0.0
10/07/2025,75,Đồng Nai,26116,Thị Trấn Tân Phú,0.0,0.0,495.0,0.0,495.0,0.0
10/07/2025,75,Đồng Nai,26188,Xã Thạnh Phú,0.0,0.0,40.0,0.0,40.0,0.0
10/07/2025,75,Đồng Nai,26206,Thị Trấn Định Quán,0.0,0.0,14.0,0.0,14.0,0.0
10/07/2025,75,Đồng Nai,26272,Xã Hố Nai 3,0.0,0.0,145.0,0.0,145.0,0.0
10/07/2025,75,Đồng Nai,26296,Xã An Viễn,0.0,0.0,131.0,0.0,131.0,0.0
10/07/2025,75,Đồng Nai,26311,Xã Quang Trung,0.0,0.0,164.0,0.0,164.0,0.0
10/07/2025,75,Đồng Nai,26326,Thị Trấn Dầu Giây,0.0,0.0,28.0,0.0,28.0,0.0
10/07/2025,75,Đồng Nai,26368,Thị Trấn Long Thành,0.0,0.0,13.0,0.0,13.0,0.0
10/07/2025,75,Đồng Nai,26374,Phường Tam Phước,0.0,0.0,13.0,0.0,13.0,0.0
10/07/2025,75,Đồng Nai,26377,Phường Phước Tân,0.0,0.0,21.0,0.0,21.0,0.0
10/07/2025,75,Đồng Nai,26416,Xã Phước Bình,0.0,0.0,2.0,0.0,2.0,0.0
10/07/2025,75,Đồng Nai,26452,Xã Suối Cát,0.0,0.0,1.0,5.0,1.0,0.0
10/07/2025,75,Đồng Nai,26455,Xã Xuân Hiệp,0.0,0.0,407.0,0.0,407.0,0.0
10/07/2025,75,Đồng Nai,26497,Xã Vĩnh Thanh,0.0,0.0,4.0,0.0,4.0,0.0
10/08/2025,75,Đồng Nai,25993,Phường Trảng Dài,0.0,0.0,0.0,61.0,0.0,0.0
10/08/2025,75,Đồng Nai,25996,Phường Tân Phong,0.0,0.0,292.0,0.0,0.0,0.0
10/08/2025,75,Đồng Nai,26017,Phường Tam Hiệp,0.0,0.0,0.0,2.0,0.0,0.0
10/08/2025,75,Đồng Nai,26050,Phường An Bình,0.0,0.0,8.0,0.0,8.0,0.0
10/08/2025,75,Đồng Nai,26056,Phường Long Bình Tân,0.0,0.0,552.0,0.0,552.0,0.0
10/08/2025,75,Đồng Nai,26095,Phường Suối Tre,0.0,0.0,822.0,0.0,822.0,0.0
10/08/2025,75,Đồng Nai,26188,Xã Thạnh Phú,0.0,0.0,114.0,0.0,114.0,0.0
10/08/2025,75,Đồng Nai,26206,Thị Trấn Định Quán,0.0,0.0,164.0,0.0,164.0,0.0
10/08/2025,75,Đồng Nai,26272,Xã Hố Nai 3,0.0,0.0,540.0,0.0,540.0,0.0
10/08/2025,75,Đồng Nai,26296,Xã An Viễn,0.0,0.0,76.0,0.0,76.0,0.0
10/08/2025,75,Đồng Nai,26311,Xã Quang Trung,0.0,0.0,102.0,0.0,102.0,0.0
10/08/2025,75,Đồng Nai,26317,Xã Hưng Lộc,0.0,0.0,14.0,0.0,14.0,0.0
10/08/2025,75,Đồng Nai,26368,Thị Trấn Long Thành,0.0,0.0,100.0,0.0,100.0,0.0
10/08/2025,75,Đồng Nai,26389,Xã Long Đức,0.0,0.0,6.0,0.0,6.0,0.0
10/08/2025,75,Đồng Nai,26416,Xã Phước Bình,0.0,0.0,1.0,0.0,1.0,0.0
10/08/2025,75,Đồng Nai,26452,Xã Suối Cát,0.0,0.0,0.0,10.0,0.0,0.0
10/08/2025,75,Đồng Nai,26455,Xã Xuân Hiệp,0.0,0.0,288.0,0.0,288.0,0.0
10/08/2025,75,Đồng Nai,26497,Xã Vĩnh Thanh,0.0,0.0,86.0,0.0,86.0,0.0
10/09/2025,75,Đồng Nai,25993,Phường Trảng Dài,0.0,0.0,159.0,171.0,159.0,0.0
10/09/2025,75,Đồng Nai,25996,Phường Tân Phong,0.0,0.0,149.0,0.0,99.0,0.0
10/09/2025,75,Đồng Nai,26068,Phường Hóa An,0.0,0.0,141.0,0.0,139.0,0.0
10/09/2025,75,Đồng Nai,26095,Phường Suối Tre,0.0,0.0,1466.0,0.0,1144.0,0.0
10/09/2025,75,Đồng Nai,26188,Xã Thạnh Phú,0.0,0.0,125.0,0.0,125.0,0.0
10/09/2025,75,Đồng Nai,26206,Thị Trấn Định Quán,0.0,0.0,385.0,0.0,359.0,0.0
10/09/2025,75,Đồng Nai,26272,Xã Hố Nai 3,0.0,0.0,242.0,0.0,121.0,0.0
10/09/2025,75,Đồng Nai,26296,Xã An Viễn,0.0,0.0,154.0,0.0,77.0,0.0
10/09/2025,75,Đồng Nai,26362,Xã Sông Ray,0.0,0.0,168.0,0.0,84.0,0.0
10/09/2025,75,Đồng Nai,26368,Thị Trấn Long Thành,0.0,0.0,788.0,0.0,394.0,0.0
10/09/2025,75,Đồng Nai,26389,Xã Long Đức,0.0,0.0,47.0,0.0,47.0,0.0
10/09/2025,75,Đồng Nai,26416,Xã Phước Bình,0.0,0.0,98.0,0.0,98.0,0.0
10/09/2025,75,Đồng Nai,26497,Xã Vĩnh Thanh,0.0,0.0,80.0,0.0,80.0,0.0
10/12/2024,75,Đồng Nai,26452,Xã Suối Cát,0.0,0.0,1.0,0.0,1.0,1.0
11/01/2025,75,Đồng Nai,26341,Thị Trấn Long Giao,0.0,0.0,9.0,0.0,9.0,9.0
11/01/2025,75,Đồng Nai,26452,Xã Suối Cát,0.0,0.0,66.0,16.0,66.0,66.0
11/02/2025,75,Đồng Nai,25993,Phường Trảng Dài,0.0,0.0,45.0,0.0,45.0,45.0
11/02/2025,75,Đồng Nai,26026,Phường Tân Mai,0.0,0.0,18.0,0.0,18.0,18.0
11/02/2025,75,Đồng Nai,26080,Phường Xuân An,0.0,0.0,1.0,0.0,1.0,1.0
11/02/2025,75,Đồng Nai,26116,Thị Trấn Tân Phú,0.0,0.0,1.0,0.0,1.0,1.0
11/02/2025,75,Đồng Nai,26248,Thị Trấn Trảng Bom,0.0,0.0,89.0,0.0,89.0,89.0
11/02/2025,75,Đồng Nai,26341,Thị Trấn Long Giao,0.0,0.0,585.0,0.0,585.0,585.0
11/02/2025,75,Đồng Nai,26452,Xã Suối Cát,29.0,0.0,644.0,83.0,644.0,644.0
11/03/2025,75,Đồng Nai,25996,Phường Tân Phong,0.0,0.0,9.0,0.0,9.0,9.0
11/03/2025,75,Đồng Nai,26026,Phường Tân Mai,96.0,0.0,602.0,0.0,602.0,602.0
11/03/2025,75,Đồng Nai,26080,Phường Xuân An,0.0,0.0,2.0,0.0,2.0,2.0
11/03/2025,75,Đồng Nai,26095,Phường Suối Tre,0.0,0.0,2.0,0.0,2.0,2.0
11/03/2025,75,Đồng Nai,26248,Thị Trấn Trảng Bom,0.0,0.0,890.0,0.0,890.0,890.0
11/03/2025,75,Đồng Nai,26254,Xã Cây Gáo,0.0,0.0,9.0,0.0,9.0,9.0
11/03/2025,75,Đồng Nai,26272,Xã Hố Nai 3,0.0,0.0,2.0,0.0,2.0,2.0
11/03/2025,75,Đồng Nai,26452,Xã Suối Cát,42.0,0.0,686.0,97.0,686.0,686.0
11/04/2025,75,Đồng Nai,25993,Phường Trảng Dài,0.0,0.0,82.0,0.0,82.0,82.0
11/04/2025,75,Đồng Nai,25996,Phường Tân Phong,0.0,0.0,69.0,0.0,69.0,69.0
11/04/2025,75,Đồng Nai,25999,Phường Tân Biên,0.0,0.0,10.0,0.0,10.0,10.0
11/04/2025,75,Đồng Nai,26095,Phường Suối Tre,24.0,0.0,1126.0,0.0,1126.0,1126.0
11/04/2025,75,Đồng Nai,26116,Thị Trấn Tân Phú,0.0,0.0,369.0,0.0,369.0,369.0
11/04/2025,75,Đồng Nai,26206,Thị Trấn Định Quán,0.0,0.0,724.0,0.0,724.0,724.0
11/04/2025,75,Đồng Nai,26248,Thị Trấn Trảng Bom,0.0,0.0,427.0,0.0,427.0,427.0
11/04/2025,75,Đồng Nai,26272,Xã Hố Nai 3,0.0,0.0,25.0,0.0,25.0,25.0
11/04/2025,75,Đồng Nai,26275,Xã Tây Hoà,0.0,0.0,1.0,0.0,1.0,1.0
11/04/2025,75,Đồng Nai,26326,Thị Trấn Dầu Giây,0.0,0.0,567.0,0.0,567.0,567.0
11/04/2025,75,Đồng Nai,26341,Thị Trấn Long Giao,0.0,0.0,15.0,0.0,15.0,15.0
11/04/2025,75,Đồng Nai,26368,Thị Trấn Long Thành,0.0,0.0,473.0,0.0,473.0,473.0
11/04/2025,75,Đồng Nai,26377,Phường Phước Tân,0.0,0.0,48.0,0.0,48.0,48.0
11/04/2025,75,Đồng Nai,26452,Xã Suối Cát,20.0,0.0,795.0,8.0,795.0,795.0
11/05/2025,75,Đồng Nai,25993,Phường Trảng Dài,0.0,0.0,0.0,56.0,0.0,0.0
11/05/2025,75,Đồng Nai,25996,Phường Tân Phong,6.0,0.0,248.0,0.0,248.0,248.0
11/05/2025,75,Đồng Nai,25999,Phường Tân Biên,0.0,0.0,6.0,0.0,6.0,6.0
11/05/2025,75,Đồng Nai,26029,Phường Thống Nhất,0.0,0.0,301.0,1.0,301.0,301.0
11/05/2025,75,Đồng Nai,26068,Phường Hóa An,0.0,0.0,123.0,0.0,115.0,123.0
11/05/2025,75,Đồng Nai,26095,Phường Suối Tre,0.0,0.0,420.0,0.0,420.0,420.0
11/05/2025,75,Đồng Nai,26116,Thị Trấn Tân Phú,0.0,0.0,87.0,0.0,87.0,87.0
11/05/2025,75,Đồng Nai,26206,Thị Trấn Định Quán,0.0,0.0,66.0,0.0,66.0,66.0
11/05/2025,75,Đồng Nai,26272,Xã Hố Nai 3,0.0,0.0,143.0,0.0,143.0,143.0
11/05/2025,75,Đồng Nai,26326,Thị Trấn Dầu Giây,0.0,0.0,40.0,0.0,40.0,40.0
11/05/2025,75,Đồng Nai,26362,Xã Sông Ray,0.0,0.0,19.0,0.0,19.0,19.0
11/05/2025,75,Đồng Nai,26368,Thị Trấn Long Thành,0.0,0.0,46.0,0.0,46.0,46.0
11/05/2025,75,Đồng Nai,26374,Phường Tam Phước,0.0,0.0,110.0,0.0,110.0,110.0
11/05/2025,75,Đồng Nai,26377,Phường Phước Tân,0.0,0.0,2.0,0.0,2.0,2.0
11/05/2025,75,Đồng Nai,26416,Xã Phước Bình,0.0,0.0,58.0,0.0,58.0,58.0
11/05/2025,75,Đồng Nai,26440,Xã Xuân Trường,0.0,0.0,17.0,0.0,17.0,17.0
11/05/2025,75,Đồng Nai,26452,Xã Suối Cát,0.0,0.0,42.0,108.0,42.0,42.0
11/05/2025,75,Đồng Nai,26455,Xã Xuân Hiệp,0.0,0.0,327.0,0.0,327.0,327.0
11/05/2025,75,Đồng Nai,26485,Xã Phú Hội,0.0,0.0,2.0,0.0,2.0,2.0
11/05/2025,75,Đồng Nai,26497,Xã Vĩnh Thanh,0.0,0.0,98.0,0.0,98.0,98.0
11/06/2025,75,Đồng Nai,25996,Phường Tân Phong,8.0,0.0,293.0,0.0,293.0,293.0
11/06/2025,75,Đồng Nai,26017,Phường Tam Hiệp,0.0,0.0,73.0,0.0,73.0,73.0
11/06/2025,75,Đồng Nai,26020,Phường Long Bình,0.0,0.0,36.0,0.0,36.0,36.0
11/06/2025,75,Đồng Nai,26029,Phường Thống Nhất,0.0,0.0,4.0,4.0,4.0,4.0
11/06/2025,75,Đồng Nai,26050,Phường An Bình,0.0,0.0,94.0,0.0,94.0,94.0
11/06/2025,75,Đồng Nai,26056,Phường Long Bình Tân,0.0,0.0,133.0,0.0,133.0,133.0
11/06/2025,75,Đồng Nai,26068,Phường Hóa An,0.0,0.0,345.0,0.0,327.0,345.0
11/06/2025,75,Đồng Nai,26095,Phường Suối Tre,0.0,0.0,522.0,0.0,522.0,522.0
11/06/2025,75,Đồng Nai,26206,Thị Trấn Định Quán,0.0,0.0,651.0,0.0,651.0,651.0
11/06/2025,75,Đồng Nai,26239,Xã Túc Trưng,2.0,0.0,119.0,0.0,119.0,119.0
11/06/2025,75,Đồng Nai,26272,Xã Hố Nai 3,14.0,0.0,647.0,0.0,647.0,647.0
11/06/2025,75,Đồng Nai,26296,Xã An Viễn,0.0,0.0,150.0,0.0,150.0,150.0
11/06/2025,75,Đồng Nai,26299,Xã Gia Tân 1,1.0,0.0,35.0,0.0,35.0,35.0
11/06/2025,75,Đồng Nai,26311,Xã Quang Trung,0.0,0.0,8.0,0.0,8.0,8.0
11/06/2025,75,Đồng Nai,26317,Xã Hưng Lộc,1.0,0.0,77.0,0.0,77.0,77.0
11/06/2025,75,Đồng Nai,26326,Thị Trấn Dầu Giây,0.0,0.0,506.0,0.0,506.0,506.0
11/06/2025,75,Đồng Nai,26362,Xã Sông Ray,2.0,0.0,88.0,0.0,88.0,88.0
11/06/2025,75,Đồng Nai,26368,Thị Trấn Long Thành,1.0,0.0,550.0,0.0,550.0,550.0
11/06/2025,75,Đồng Nai,26374,Phường Tam Phước,0.0,0.0,108.0,0.0,108.0,108.0
11/06/2025,75,Đồng Nai,26377,Phường Phước Tân,0.0,0.0,59.0,0.0,59.0,59.0
11/06/2025,75,Đồng Nai,26416,Xã Phước Bình,0.0,0.0,73.0,0.0,73.0,73.0
11/06/2025,75,Đồng Nai,26452,Xã Suối Cát,0.0,0.0,8.0,42.0,8.0,8.0
11/06/2025,75,Đồng Nai,26455,Xã Xuân Hiệp,0.0,0.0,353.0,0.0,353.0,353.0
11/06/2025,75,Đồng Nai,26497,Xã Vĩnh Thanh,0.0,0.0,60.0,0.0,60.0,60.0
11/07/2025,75,Đồng Nai,25996,Phường Tân Phong,0.0,0.0,19.0,0.0,19.0,0.0
11/07/2025,75,Đồng Nai,26017,Phường Tam Hiệp,0.0,0.0,78.0,1.0,78.0,0.0
11/07/2025,75,Đồng Nai,26029,Phường Thống Nhất,0.0,0.0,0.0,1.0,0.0,0.0
11/07/2025,75,Đồng Nai,26056,Phường Long Bình Tân,0.0,0.0,93.0,0.0,93.0,0.0
11/07/2025,75,Đồng Nai,26068,Phường Hóa An,0.0,0.0,3.0,0.0,3.0,0.0
11/07/2025,75,Đồng Nai,26095,Phường Suối Tre,0.0,0.0,54.0,0.0,54.0,0.0
11/07/2025,75,Đồng Nai,26116,Thị Trấn Tân Phú,0.0,0.0,399.0,0.0,399.0,0.0
11/07/2025,75,Đồng Nai,26188,Xã Thạnh Phú,0.0,0.0,43.0,0.0,43.0,0.0
11/07/2025,75,Đồng Nai,26206,Thị Trấn Định Quán,0.0,0.0,10.0,0.0,10.0,0.0
11/07/2025,75,Đồng Nai,26272,Xã Hố Nai 3,0.0,0.0,150.0,0.0,150.0,0.0
11/07/2025,75,Đồng Nai,26296,Xã An Viễn,0.0,0.0,83.0,0.0,83.0,0.0
11/07/2025,75,Đồng Nai,26311,Xã Quang Trung,0.0,0.0,173.0,0.0,173.0,0.0
11/07/2025,75,Đồng Nai,26317,Xã Hưng Lộc,0.0,0.0,2.0,0.0,2.0,0.0
11/07/2025,75,Đồng Nai,26326,Thị Trấn Dầu Giây,0.0,0.0,21.0,0.0,21.0,0.0
11/07/2025,75,Đồng Nai,26368,Thị Trấn Long Thành,0.0,0.0,10.0,0.0,10.0,0.0
11/07/2025,75,Đồng Nai,26374,Phường Tam Phước,0.0,0.0,88.0,0.0,88.0,0.0
11/07/2025,75,Đồng Nai,26377,Phường Phước Tân,0.0,0.0,37.0,0.0,37.0,0.0
11/07/2025,75,Đồng Nai,26455,Xã Xuân Hiệp,0.0,0.0,212.0,0.0,212.0,0.0
11/07/2025,75,Đồng Nai,26497,Xã Vĩnh Thanh,0.0,0.0,3.0,0.0,3.0,0.0
11/08/2023,75,Đồng Nai,26248,Thị Trấn Trảng Bom,0.0,0.0,2.0,0.0,2.0,2.0
11/08/2025,75,Đồng Nai,25993,Phường Trảng Dài,0.0,0.0,291.0,41.0,291.0,0.0
11/08/2025,75,Đồng Nai,25996,Phường Tân Phong,0.0,0.0,656.0,0.0,68.0,0.0
11/08/2025,75,Đồng Nai,26017,Phường Tam Hiệp,0.0,0.0,5.0,1.0,5.0,0.0
11/08/2025,75,Đồng Nai,26029,Phường Thống Nhất,0.0,0.0,4.0,0.0,4.0,0.0
11/08/2025,75,Đồng Nai,26050,Phường An Bình,0.0,0.0,75.0,0.0,75.0,0.0
11/08/2025,75,Đồng Nai,26056,Phường Long Bình Tân,0.0,0.0,1228.0,0.0,1228.0,0.0
11/08/2025,75,Đồng Nai,26068,Phường Hóa An,0.0,0.0,239.0,0.0,239.0,0.0
11/08/2025,75,Đồng Nai,26095,Phường Suối Tre,0.0,0.0,3035.0,0.0,3034.0,0.0
11/08/2025,75,Đồng Nai,26188,Xã Thạnh Phú,0.0,0.0,639.0,0.0,639.0,0.0
11/08/2025,75,Đồng Nai,26206,Thị Trấn Định Quán,0.0,0.0,692.0,0.0,692.0,0.0
11/08/2025,75,Đồng Nai,26272,Xã Hố Nai 3,0.0,0.0,892.0,0.0,892.0,0.0
11/08/2025,75,Đồng Nai,26296,Xã An Viễn,0.0,0.0,120.0,0.0,120.0,0.0
11/08/2025,75,Đồng Nai,26311,Xã Quang Trung,0.0,0.0,226.0,0.0,226.0,0.0
11/08/2025,75,Đồng Nai,26317,Xã Hưng Lộc,0.0,0.0,152.0,0.0,152.0,0.0
11/08/2025,75,Đồng Nai,26362,Xã Sông Ray,0.0,0.0,33.0,0.0,33.0,0.0
11/08/2025,75,Đồng Nai,26368,Thị Trấn Long Thành,0.0,0.0,539.0,0.0,539.0,0.0
11/08/2025,75,Đồng Nai,26416,Xã Phước Bình,0.0,0.0,99.0,0.0,99.0,0.0
11/08/2025,75,Đồng Nai,26452,Xã Suối Cát,0.0,0.0,0.0,1.0,0.0,0.0
11/08/2025,75,Đồng Nai,26455,Xã Xuân Hiệp,0.0,0.0,460.0,0.0,460.0,0.0
11/08/2025,75,Đồng Nai,26497,Xã Vĩnh Thanh,0.0,0.0,112.0,0.0,112.0,0.0
11/09/2025,75,Đồng Nai,25993,Phường Trảng Dài,0.0,0.0,532.0,111.0,266.0,0.0
11/09/2025,75,Đồng Nai,25996,Phường Tân Phong,0.0,0.0,108.0,0.0,54.0,0.0
11/09/2025,75,Đồng Nai,26068,Phường Hóa An,0.0,0.0,298.0,0.0,149.0,0.0
11/09/2025,75,Đồng Nai,26095,Phường Suối Tre,0.0,0.0,1686.0,0.0,842.0,0.0
11/09/2025,75,Đồng Nai,26188,Xã Thạnh Phú,0.0,0.0,139.0,0.0,77.0,0.0
11/09/2025,75,Đồng Nai,26206,Thị Trấn Định Quán,0.0,0.0,883.0,0.0,489.0,0.0
11/09/2025,75,Đồng Nai,26272,Xã Hố Nai 3,0.0,0.0,266.0,0.0,133.0,0.0
11/09/2025,75,Đồng Nai,26296,Xã An Viễn,0.0,0.0,188.0,0.0,94.0,0.0
11/09/2025,75,Đồng Nai,26317,Xã Hưng Lộc,0.0,0.0,200.0,0.0,100.0,0.0
11/09/2025,75,Đồng Nai,26362,Xã Sông Ray,0.0,0.0,248.0,0.0,124.0,0.0
11/09/2025,75,Đồng Nai,26368,Thị Trấn Long Thành,0.0,0.0,694.0,0.0,347.0,0.0
11/09/2025,75,Đồng Nai,26389,Xã Long Đức,0.0,0.0,111.0,0.0,64.0,0.0
11/09/2025,75,Đồng Nai,26416,Xã Phước Bình,0.0,0.0,184.0,0.0,92.0,0.0
11/09/2025,75,Đồng Nai,26497,Xã Vĩnh Thanh,0.0,0.0,130.0,0.0,65.0,0.0
11/10/2024,75,Đồng Nai,26248,Thị Trấn Trảng Bom,0.0,0.0,1.0,0.0,1.0,1.0
12/01/2025,75,Đồng Nai,26341,Thị Trấn Long Giao,0.0,0.0,54.0,0.0,54.0,54.0
12/01/2025,75,Đồng Nai,26452,Xã Suối Cát,0.0,0.0,55.0,64.0,55.0,55.0
12/02/2025,75,Đồng Nai,25993,Phường Trảng Dài,0.0,0.0,44.0,0.0,44.0,44.0
12/02/2025,75,Đồng Nai,26080,Phường Xuân An,0.0,0.0,1.0,0.0,1.0,1.0
12/02/2025,75,Đồng Nai,26248,Thị Trấn Trảng Bom,0.0,0.0,93.0,0.0,93.0,93.0
12/02/2025,75,Đồng Nai,26341,Thị Trấn Long Giao,0.0,0.0,493.0,0.0,493.0,493.0
12/02/2025,75,Đồng Nai,26452,Xã Suối Cát,24.0,0.0,650.0,122.0,650.0,650.0
12/03/2025,75,Đồng Nai,25996,Phường Tân Phong,0.0,0.0,7.0,0.0,7.0,7.0
12/03/2025,75,Đồng Nai,26026,Phường Tân Mai,100.0,0.0,564.0,0.0,564.0,564.0
12/03/2025,75,Đồng Nai,26080,Phường Xuân An,0.0,0.0,3.0,0.0,3.0,3.0
12/03/2025,75,Đồng Nai,26095,Phường Suối Tre,0.0,0.0,1.0,0.0,1.0,1.0
12/03/2025,75,Đồng Nai,26248,Thị Trấn Trảng Bom,0.0,0.0,1007.0,0.0,1007.0,1007.0
12/03/2025,75,Đồng Nai,26254,Xã Cây Gáo,0.0,0.0,4.0,0.0,4.0,4.0
12/03/2025,75,Đồng Nai,26377,Phường Phước Tân,0.0,0.0,2.0,0.0,2.0,2.0
12/03/2025,75,Đồng Nai,26452,Xã Suối Cát,24.0,0.0,702.0,89.0,702.0,702.0
12/04/2025,75,Đồng Nai,25999,Phường Tân Biên,0.0,0.0,9.0,0.0,9.0,9.0
12/04/2025,75,Đồng Nai,26095,Phường Suối Tre,13.0,0.0,187.0,0.0,187.0,187.0
12/04/2025,75,Đồng Nai,26116,Thị Trấn Tân Phú,0.0,0.0,98.0,0.0,98.0,98.0
12/04/2025,75,Đồng Nai,26206,Thị Trấn Định Quán,0.0,0.0,193.0,0.0,193.0,193.0
12/04/2025,75,Đồng Nai,26248,Thị Trấn Trảng Bom,0.0,0.0,30.0,0.0,30.0,30.0
12/04/2025,75,Đồng Nai,26272,Xã Hố Nai 3,0.0,0.0,16.0,0.0,16.0,16.0
12/04/2025,75,Đồng Nai,26326,Thị Trấn Dầu Giây,0.0,0.0,161.0,0.0,161.0,161.0
12/04/2025,75,Đồng Nai,26368,Thị Trấn Long Thành,0.0,0.0,32.0,0.0,32.0,32.0
12/04/2025,75,Đồng Nai,26377,Phường Phước Tân,0.0,0.0,4.0,0.0,4.0,4.0
12/04/2025,75,Đồng Nai,26452,Xã Suối Cát,0.0,0.0,62.0,9.0,62.0,62.0
12/04/2025,75,Đồng Nai,26485,Xã Phú Hội,0.0,0.0,3.0,0.0,3.0,3.0
12/05/2025,75,Đồng Nai,25993,Phường Trảng Dài,2.0,0.0,77.0,48.0,77.0,77.0
12/05/2025,75,Đồng Nai,25996,Phường Tân Phong,8.0,0.0,334.0,0.0,334.0,334.0
12/05/2025,75,Đồng Nai,25999,Phường Tân Biên,0.0,0.0,10.0,0.0,10.0,10.0
12/05/2025,75,Đồng Nai,26017,Phường Tam Hiệp,0.0,0.0,148.0,0.0,148.0,148.0
12/05/2025,75,Đồng Nai,26029,Phường Thống Nhất,0.0,0.0,679.0,1.0,679.0,679.0
12/05/2025,75,Đồng Nai,26056,Phường Long Bình Tân,0.0,0.0,1.0,0.0,1.0,1.0
12/05/2025,75,Đồng Nai,26068,Phường Hóa An,0.0,0.0,211.0,0.0,185.0,211.0
12/05/2025,75,Đồng Nai,26095,Phường Suối Tre,0.0,0.0,1479.0,0.0,1479.0,1479.0
12/05/2025,75,Đồng Nai,26116,Thị Trấn Tân Phú,0.0,0.0,445.0,0.0,445.0,445.0
12/05/2025,75,Đồng Nai,26206,Thị Trấn Định Quán,0.0,0.0,425.0,0.0,425.0,425.0
12/05/2025,75,Đồng Nai,26272,Xã Hố Nai 3,0.0,0.0,261.0,0.0,261.0,261.0
12/05/2025,75,Đồng Nai,26299,Xã Gia Tân 1,0.0,0.0,32.0,0.0,32.0,32.0
12/05/2025,75,Đồng Nai,26311,Xã Quang Trung,0.0,0.0,33.0,0.0,22.0,33.0
12/05/2025,75,Đồng Nai,26317,Xã Hưng Lộc,0.0,0.0,13.0,0.0,10.0,13.0
12/05/2025,75,Đồng Nai,26326,Thị Trấn Dầu Giây,0.0,0.0,631.0,0.0,631.0,631.0
12/05/2025,75,Đồng Nai,26362,Xã Sông Ray,1.0,0.0,108.0,0.0,108.0,108.0
12/05/2025,75,Đồng Nai,26368,Thị Trấn Long Thành,0.0,0.0,511.0,0.0,511.0,511.0
12/05/2025,75,Đồng Nai,26374,Phường Tam Phước,0.0,0.0,257.0,0.0,257.0,257.0
12/05/2025,75,Đồng Nai,26377,Phường Phước Tân,0.0,0.0,46.0,0.0,46.0,46.0
12/05/2025,75,Đồng Nai,26389,Xã Long Đức,0.0,0.0,3.0,0.0,3.0,3.0
12/05/2025,75,Đồng Nai,26416,Xã Phước Bình,0.0,0.0,119.0,0.0,119.0,119.0
12/05/2025,75,Đồng Nai,26440,Xã Xuân Trường,0.0,0.0,61.0,0.0,61.0,61.0
12/05/2025,75,Đồng Nai,26449,Xã Xuân Tâm,0.0,0.0,2.0,0.0,2.0,2.0
12/05/2025,75,Đồng Nai,26452,Xã Suối Cát,0.0,0.0,12.0,119.0,12.0,12.0
12/05/2025,75,Đồng Nai,26455,Xã Xuân Hiệp,0.0,0.0,386.0,0.0,386.0,386.0
12/05/2025,75,Đồng Nai,26485,Xã Phú Hội,0.0,0.0,5.0,0.0,5.0,5.0
12/05/2025,75,Đồng Nai,26497,Xã Vĩnh Thanh,1.0,0.0,104.0,0.0,104.0,104.0
12/06/2025,75,Đồng Nai,25996,Phường Tân Phong,7.0,0.0,311.0,0.0,311.0,311.0
12/06/2025,75,Đồng Nai,26017,Phường Tam Hiệp,0.0,0.0,85.0,0.0,85.0,85.0
12/06/2025,75,Đồng Nai,26020,Phường Long Bình,0.0,0.0,46.0,0.0,46.0,46.0
12/06/2025,75,Đồng Nai,26029,Phường Thống Nhất,0.0,0.0,5.0,4.0,5.0,5.0
12/06/2025,75,Đồng Nai,26050,Phường An Bình,0.0,0.0,242.0,0.0,242.0,242.0
12/06/2025,75,Đồng Nai,26056,Phường Long Bình Tân,0.0,0.0,168.0,0.0,168.0,168.0
12/06/2025,75,Đồng Nai,26068,Phường Hóa An,1.0,0.0,330.0,0.0,312.0,330.0
12/06/2025,75,Đồng Nai,26095,Phường Suối Tre,1.0,0.0,1340.0,0.0,1340.0,1340.0
12/06/2025,75,Đồng Nai,26206,Thị Trấn Định Quán,0.0,0.0,1194.0,0.0,1194.0,1194.0
12/06/2025,75,Đồng Nai,26239,Xã Túc Trưng,1.0,0.0,104.0,0.0,104.0,104.0
12/06/2025,75,Đồng Nai,26272,Xã Hố Nai 3,10.0,0.0,602.0,0.0,602.0,602.0
12/06/2025,75,Đồng Nai,26296,Xã An Viễn,0.0,0.0,198.0,0.0,198.0,198.0
12/06/2025,75,Đồng Nai,26299,Xã Gia Tân 1,0.0,0.0,47.0,0.0,47.0,47.0
12/06/2025,75,Đồng Nai,26311,Xã Quang Trung,2.0,0.0,163.0,0.0,163.0,163.0
12/06/2025,75,Đồng Nai,26317,Xã Hưng Lộc,1.0,0.0,92.0,0.0,92.0,92.0
12/06/2025,75,Đồng Nai,26326,Thị Trấn Dầu Giây,0.0,0.0,502.0,0.0,502.0,502.0
12/06/2025,75,Đồng Nai,26362,Xã Sông Ray,3.0,0.0,117.0,0.0,117.0,117.0
12/06/2025,75,Đồng Nai,26368,Thị Trấn Long Thành,2.0,0.0,521.0,0.0,521.0,521.0
12/06/2025,75,Đồng Nai,26374,Phường Tam Phước,0.0,0.0,124.0,0.0,124.0,124.0
12/06/2025,75,Đồng Nai,26377,Phường Phước Tân,0.0,0.0,29.0,0.0,29.0,29.0
12/06/2025,75,Đồng Nai,26416,Xã Phước Bình,0.0,0.0,10.0,0.0,10.0,10.0
12/06/2025,75,Đồng Nai,26452,Xã Suối Cát,0.0,0.0,22.0,36.0,22.0,22.0
12/06/2025,75,Đồng Nai,26455,Xã Xuân Hiệp,0.0,0.0,385.0,0.0,385.0,385.0
12/06/2025,75,Đồng Nai,26497,Xã Vĩnh Thanh,0.0,0.0,87.0,0.0,87.0,87.0
12/07/2025,75,Đồng Nai,25996,Phường Tân Phong,0.0,0.0,3.0,0.0,3.0,0.0
12/07/2025,75,Đồng Nai,26017,Phường Tam Hiệp,0.0,0.0,70.0,3.0,70.0,0.0
12/07/2025,75,Đồng Nai,26029,Phường Thống Nhất,0.0,0.0,0.0,4.0,0.0,0.0
12/07/2025,75,Đồng Nai,26056,Phường Long Bình Tân,0.0,0.0,471.0,0.0,471.0,0.0
12/07/2025,75,Đồng Nai,26068,Phường Hóa An,0.0,0.0,2.0,0.0,2.0,0.0
12/07/2025,75,Đồng Nai,26095,Phường Suối Tre,0.0,0.0,38.0,0.0,38.0,0.0
12/07/2025,75,Đồng Nai,26116,Thị Trấn Tân Phú,0.0,0.0,108.0,0.0,107.0,0.0
12/07/2025,75,Đồng Nai,26188,Xã Thạnh Phú,0.0,0.0,57.0,0.0,57.0,0.0
12/07/2025,75,Đồng Nai,26206,Thị Trấn Định Quán,0.0,0.0,11.0,0.0,11.0,0.0
12/07/2025,75,Đồng Nai,26272,Xã Hố Nai 3,0.0,0.0,209.0,0.0,209.0,0.0
12/07/2025,75,Đồng Nai,26296,Xã An Viễn,0.0,0.0,96.0,0.0,96.0,0.0
12/07/2025,75,Đồng Nai,26299,Xã Gia Tân 1,0.0,0.0,3.0,0.0,3.0,0.0
12/07/2025,75,Đồng Nai,26311,Xã Quang Trung,0.0,0.0,160.0,0.0,160.0,0.0
12/07/2025,75,Đồng Nai,26326,Thị Trấn Dầu Giây,0.0,0.0,12.0,0.0,12.0,0.0
12/07/2025,75,Đồng Nai,26368,Thị Trấn Long Thành,0.0,0.0,6.0,0.0,6.0,0.0
12/07/2025,75,Đồng Nai,26374,Phường Tam Phước,0.0,0.0,100.0,0.0,100.0,0.0
12/07/2025,75,Đồng Nai,26377,Phường Phước Tân,0.0,0.0,3.0,0.0,3.0,0.0
12/07/2025,75,Đồng Nai,26455,Xã Xuân Hiệp,0.0,0.0,5.0,0.0,5.0,0.0
12/07/2025,75,Đồng Nai,26497,Xã Vĩnh Thanh,0.0,0.0,8.0,0.0,8.0,0.0
12/08/2023,75,Đồng Nai,26248,Thị Trấn Trảng Bom,0.0,0.0,1.0,0.0,1.0,1.0
12/08/2025,75,Đồng Nai,25993,Phường Trảng Dài,0.0,0.0,233.0,55.0,233.0,0.0
12/08/2025,75,Đồng Nai,25996,Phường Tân Phong,0.0,0.0,401.0,0.0,94.0,0.0
12/08/2025,75,Đồng Nai,26056,Phường Long Bình Tân,0.0,0.0,1019.0,0.0,1019.0,0.0
12/08/2025,75,Đồng Nai,26068,Phường Hóa An,0.0,0.0,159.0,0.0,159.0,0.0
12/08/2025,75,Đồng Nai,26095,Phường Suối Tre,0.0,0.0,2115.0,0.0,2113.0,0.0
12/08/2025,75,Đồng Nai,26188,Xã Thạnh Phú,0.0,0.0,271.0,0.0,271.0,0.0
12/08/2025,75,Đồng Nai,26206,Thị Trấn Định Quán,0.0,0.0,672.0,0.0,672.0,0.0
12/08/2025,75,Đồng Nai,26272,Xã Hố Nai 3,0.0,0.0,671.0,0.0,671.0,0.0
12/08/2025,75,Đồng Nai,26296,Xã An Viễn,0.0,0.0,16.0,0.0,16.0,0.0
12/08/2025,75,Đồng Nai,26311,Xã Quang Trung,0.0,0.0,168.0,0.0,168.0,0.0
12/08/2025,75,Đồng Nai,26317,Xã Hưng Lộc,0.0,0.0,114.0,0.0,114.0,0.0
12/08/2025,75,Đồng Nai,26362,Xã Sông Ray,0.0,0.0,10.0,0.0,10.0,0.0
12/08/2025,75,Đồng Nai,26368,Thị Trấn Long Thành,0.0,0.0,529.0,0.0,529.0,0.0
12/08/2025,75,Đồng Nai,26416,Xã Phước Bình,0.0,0.0,106.0,0.0,106.0,0.0
12/08/2025,75,Đồng Nai,26452,Xã Suối Cát,0.0,0.0,0.0,2.0,0.0,0.0
12/08/2025,75,Đồng Nai,26455,Xã Xuân Hiệp,0.0,0.0,9.0,0.0,9.0,0.0
12/08/2025,75,Đồng Nai,26497,Xã Vĩnh Thanh,0.0,0.0,87.0,0.0,87.0,0.0
12/09/2024,75,Đồng Nai,26248,Thị Trấn Trảng Bom,0.0,0.0,1.0,0.0,1.0,1.0
12/09/2025,75,Đồng Nai,25993,Phường Trảng Dài,0.0,0.0,36.0,0.0,18.0,0.0
12/09/2025,75,Đồng Nai,26017,Phường Tam Hiệp,0.0,0.0,0.0,2.0,0.0,0.0
12/09/2025,75,Đồng Nai,26188,Xã Thạnh Phú,0.0,0.0,90.0,0.0,45.0,0.0
12/09/2025,75,Đồng Nai,26389,Xã Long Đức,0.0,0.0,66.0,0.0,33.0,0.0
12/10/2023,75,Đồng Nai,26248,Thị Trấn Trảng Bom,0.0,0.0,2.0,0.0,2.0,2.0
13/01/2025,75,Đồng Nai,26080,Phường Xuân An,0.0,0.0,3.0,0.0,3.0,3.0
13/01/2025,75,Đồng Nai,26248,Thị Trấn Trảng Bom,0.0,0.0,1.0,0.0,1.0,1.0
13/01/2025,75,Đồng Nai,26341,Thị Trấn Long Giao,0.0,0.0,589.0,0.0,589.0,589.0
13/01/2025,75,Đồng Nai,26452,Xã Suối Cát,57.0,0.0,776.0,52.0,776.0,776.0
13/02/2025,75,Đồng Nai,25993,Phường Trảng Dài,0.0,0.0,47.0,0.0,47.0,47.0
13/02/2025,75,Đồng Nai,26026,Phường Tân Mai,0.0,0.0,9.0,0.0,9.0,9.0
13/02/2025,75,Đồng Nai,26080,Phường Xuân An,0.0,0.0,1.0,0.0,1.0,1.0
13/02/2025,75,Đồng Nai,26248,Thị Trấn Trảng Bom,0.0,0.0,95.0,0.0,95.0,95.0
13/02/2025,75,Đồng Nai,26341,Thị Trấn Long Giao,0.0,0.0,577.0,0.0,577.0,577.0
13/02/2025,75,Đồng Nai,26452,Xã Suối Cát,16.0,0.0,692.0,107.0,692.0,692.0
13/03/2019,75,Đồng Nai,26248,Thị Trấn Trảng Bom,0.0,0.0,1.0,0.0,1.0,1.0
13/03/2025,75,Đồng Nai,25996,Phường Tân Phong,0.0,0.0,5.0,0.0,5.0,5.0
13/03/2025,75,Đồng Nai,26026,Phường Tân Mai,0.0,0.0,6.0,0.0,6.0,6.0
13/03/2025,75,Đồng Nai,26248,Thị Trấn Trảng Bom,0.0,0.0,939.0,0.0,939.0,939.0
13/03/2025,75,Đồng Nai,26254,Xã Cây Gáo,0.0,0.0,4.0,0.0,4.0,4.0
13/03/2025,75,Đồng Nai,26452,Xã Suối Cát,20.0,0.0,605.0,102.0,605.0,605.0
13/04/2025,75,Đồng Nai,25999,Phường Tân Biên,0.0,0.0,4.0,0.0,4.0,4.0
13/04/2025,75,Đồng Nai,26008,Phường Tân Hiệp,0.0,0.0,1.0,0.0,1.0,1.0
13/04/2025,75,Đồng Nai,26068,Phường Hóa An,0.0,0.0,2.0,0.0,2.0,2.0
13/04/2025,75,Đồng Nai,26095,Phường Suối Tre,5.0,0.0,488.0,0.0,488.0,488.0
13/04/2025,75,Đồng Nai,26116,Thị Trấn Tân Phú,0.0,0.0,96.0,0.0,96.0,96.0
13/04/2025,75,Đồng Nai,26206,Thị Trấn Định Quán,0.0,0.0,72.0,0.0,72.0,72.0
13/04/2025,75,Đồng Nai,26248,Thị Trấn Trảng Bom,0.0,0.0,119.0,0.0,119.0,119.0
13/04/2025,75,Đồng Nai,26272,Xã Hố Nai 3,0.0,0.0,20.0,0.0,20.0,20.0
13/04/2025,75,Đồng Nai,26326,Thị Trấn Dầu Giây,0.0,0.0,62.0,0.0,62.0,62.0
13/04/2025,75,Đồng Nai,26341,Thị Trấn Long Giao,0.0,0.0,1.0,0.0,1.0,1.0
13/04/2025,75,Đồng Nai,26368,Thị Trấn Long Thành,0.0,0.0,111.0,0.0,111.0,111.0
13/04/2025,75,Đồng Nai,26377,Phường Phước Tân,0.0,0.0,1.0,0.0,1.0,1.0
13/04/2025,75,Đồng Nai,26452,Xã Suối Cát,0.0,0.0,59.0,92.0,59.0,59.0
13/04/2025,75,Đồng Nai,26485,Xã Phú Hội,0.0,0.0,17.0,0.0,17.0,17.0
13/05/2025,75,Đồng Nai,25993,Phường Trảng Dài,0.0,0.0,11.0,43.0,11.0,11.0
13/05/2025,75,Đồng Nai,25996,Phường Tân Phong,0.0,0.0,124.0,0.0,124.0,124.0
13/05/2025,75,Đồng Nai,25999,Phường Tân Biên,0.0,0.0,3.0,0.0,3.0,3.0
13/05/2025,75,Đồng Nai,26017,Phường Tam Hiệp,1.0,0.0,85.0,0.0,85.0,85.0
13/05/2025,75,Đồng Nai,26029,Phường Thống Nhất,0.0,0.0,548.0,2.0,548.0,548.0
13/05/2025,75,Đồng Nai,26068,Phường Hóa An,0.0,0.0,178.0,0.0,160.0,178.0
13/05/2025,75,Đồng Nai,26095,Phường Suối Tre,0.0,0.0,1337.0,0.0,1337.0,1337.0
13/05/2025,75,Đồng Nai,26116,Thị Trấn Tân Phú,0.0,0.0,468.0,0.0,468.0,468.0
13/05/2025,75,Đồng Nai,26188,Xã Thạnh Phú,0.0,0.0,35.0,0.0,35.0,35.0
13/05/2025,75,Đồng Nai,26206,Thị Trấn Định Quán,0.0,0.0,332.0,0.0,332.0,332.0
13/05/2025,75,Đồng Nai,26272,Xã Hố Nai 3,0.0,0.0,131.0,0.0,131.0,131.0
13/05/2025,75,Đồng Nai,26311,Xã Quang Trung,0.0,0.0,263.0,0.0,197.0,263.0
13/05/2025,75,Đồng Nai,26317,Xã Hưng Lộc,0.0,0.0,81.0,0.0,44.0,81.0
13/05/2025,75,Đồng Nai,26326,Thị Trấn Dầu Giây,0.0,0.0,570.0,0.0,570.0,570.0
13/05/2025,75,Đồng Nai,26362,Xã Sông Ray,2.0,0.0,95.0,0.0,95.0,95.0
13/05/2025,75,Đồng Nai,26368,Thị Trấn Long Thành,0.0,0.0,477.0,0.0,477.0,477.0
13/05/2025,75,Đồng Nai,26374,Phường Tam Phước,0.0,0.0,185.0,0.0,185.0,185.0
13/05/2025,75,Đồng Nai,26377,Phường Phước Tân,0.0,0.0,35.0,0.0,35.0,35.0
13/05/2025,75,Đồng Nai,26452,Xã Suối Cát,0.0,0.0,23.0,90.0,23.0,23.0
13/05/2025,75,Đồng Nai,26455,Xã Xuân Hiệp,0.0,0.0,343.0,0.0,343.0,343.0
13/05/2025,75,Đồng Nai,26479,Thị Trấn Hiệp Phước,0.0,0.0,1.0,0.0,1.0,1.0
13/05/2025,75,Đồng Nai,26485,Xã Phú Hội,0.0,0.0,140.0,0.0,140.0,140.0
13/05/2025,75,Đồng Nai,26497,Xã Vĩnh Thanh,0.0,0.0,72.0,0.0,72.0,72.0
13/06/2025,75,Đồng Nai,25996,Phường Tân Phong,5.0,0.0,261.0,0.0,261.0,261.0
13/06/2025,75,Đồng Nai,26002,Phường Hố Nai,0.0,0.0,2.0,0.0,2.0,2.0
13/06/2025,75,Đồng Nai,26017,Phường Tam Hiệp,0.0,0.0,91.0,2.0,91.0,91.0
13/06/2025,75,Đồng Nai,26020,Phường Long Bình,0.0,0.0,48.0,0.0,48.0,48.0
13/06/2025,75,Đồng Nai,26029,Phường Thống Nhất,0.0,0.0,24.0,2.0,24.0,24.0
13/06/2025,75,Đồng Nai,26050,Phường An Bình,0.0,0.0,75.0,0.0,75.0,75.0
13/06/2025,75,Đồng Nai,26056,Phường Long Bình Tân,2.0,0.0,119.0,0.0,119.0,119.0
13/06/2025,75,Đồng Nai,26068,Phường Hóa An,0.0,0.0,256.0,0.0,240.0,255.0
13/06/2025,75,Đồng Nai,26095,Phường Suối Tre,0.0,0.0,1035.0,0.0,1035.0,1035.0
13/06/2025,75,Đồng Nai,26206,Thị Trấn Định Quán,0.0,0.0,704.0,0.0,704.0,704.0
13/06/2025,75,Đồng Nai,26239,Xã Túc Trưng,1.0,0.0,101.0,0.0,101.0,101.0
13/06/2025,75,Đồng Nai,26272,Xã Hố Nai 3,4.0,0.0,600.0,0.0,600.0,600.0
13/06/2025,75,Đồng Nai,26296,Xã An Viễn,0.0,0.0,91.0,0.0,91.0,91.0
13/06/2025,75,Đồng Nai,26299,Xã Gia Tân 1,2.0,0.0,52.0,0.0,52.0,52.0
13/06/2025,75,Đồng Nai,26311,Xã Quang Trung,1.0,0.0,146.0,0.0,146.0,146.0
13/06/2025,75,Đồng Nai,26317,Xã Hưng Lộc,0.0,0.0,74.0,0.0,74.0,74.0
13/06/2025,75,Đồng Nai,26326,Thị Trấn Dầu Giây,0.0,0.0,594.0,0.0,594.0,594.0
13/06/2025,75,Đồng Nai,26362,Xã Sông Ray,0.0,0.0,82.0,0.0,82.0,82.0
13/06/2025,75,Đồng Nai,26368,Thị Trấn Long Thành,2.0,0.0,642.0,0.0,642.0,642.0
13/06/2025,75,Đồng Nai,26374,Phường Tam Phước,0.0,0.0,76.0,0.0,76.0,76.0
13/06/2025,75,Đồng Nai,26377,Phường Phước Tân,0.0,0.0,33.0,0.0,33.0,33.0
13/06/2025,75,Đồng Nai,26416,Xã Phước Bình,0.0,0.0,97.0,0.0,97.0,97.0
13/06/2025,75,Đồng Nai,26452,Xã Suối Cát,0.0,0.0,17.0,2.0,17.0,17.0
13/06/2025,75,Đồng Nai,26455,Xã Xuân Hiệp,0.0,0.0,386.0,0.0,386.0,386.0
13/06/2025,75,Đồng Nai,26497,Xã Vĩnh Thanh,1.0,0.0,65.0,0.0,65.0,65.0
13/07/2025,75,Đồng Nai,25993,Phường Trảng Dài,0.0,0.0,0.0,11.0,0.0,0.0
13/07/2025,75,Đồng Nai,25996,Phường Tân Phong,0.0,0.0,10.0,0.0,10.0,0.0
13/07/2025,75,Đồng Nai,26017,Phường Tam Hiệp,0.0,0.0,1.0,0.0,1.0,0.0
13/07/2025,75,Đồng Nai,26029,Phường Thống Nhất,0.0,0.0,1.0,0.0,1.0,0.0
13/07/2025,75,Đồng Nai,26056,Phường Long Bình Tân,0.0,0.0,304.0,0.0,304.0,0.0
13/07/2025,75,Đồng Nai,26095,Phường Suối Tre,0.0,0.0,40.0,0.0,40.0,0.0
13/07/2025,75,Đồng Nai,26116,Thị Trấn Tân Phú,0.0,0.0,94.0,0.0,94.0,0.0
13/07/2025,75,Đồng Nai,26188,Xã Thạnh Phú,0.0,0.0,32.0,0.0,32.0,0.0
13/07/2025,75,Đồng Nai,26206,Thị Trấn Định Quán,0.0,0.0,7.0,0.0,7.0,0.0
13/07/2025,75,Đồng Nai,26272,Xã Hố Nai 3,0.0,0.0,212.0,0.0,212.0,0.0
13/07/2025,75,Đồng Nai,26296,Xã An Viễn,0.0,0.0,52.0,0.0,52.0,0.0
13/07/2025,75,Đồng Nai,26311,Xã Quang Trung,0.0,0.0,111.0,0.0,111.0,0.0
13/07/2025,75,Đồng Nai,26317,Xã Hưng Lộc,0.0,0.0,7.0,0.0,7.0,0.0
13/07/2025,75,Đồng Nai,26326,Thị Trấn Dầu Giây,0.0,0.0,14.0,0.0,14.0,0.0
13/07/2025,75,Đồng Nai,26368,Thị Trấn Long Thành,0.0,0.0,12.0,0.0,12.0,0.0
13/07/2025,75,Đồng Nai,26377,Phường Phước Tân,0.0,0.0,3.0,0.0,3.0,0.0
13/07/2025,75,Đồng Nai,26452,Xã Suối Cát,0.0,0.0,0.0,67.0,0.0,0.0
13/07/2025,75,Đồng Nai,26455,Xã Xuân Hiệp,0.0,0.0,1.0,0.0,1.0,0.0
13/07/2025,75,Đồng Nai,26497,Xã Vĩnh Thanh,0.0,0.0,4.0,0.0,4.0,0.0
13/08/2024,75,Đồng Nai,26248,Thị Trấn Trảng Bom,0.0,0.0,4.0,0.0,4.0,4.0
13/08/2025,75,Đồng Nai,25993,Phường Trảng Dài,0.0,0.0,484.0,17.0,484.0,0.0
13/08/2025,75,Đồng Nai,25996,Phường Tân Phong,0.0,0.0,91.0,0.0,59.0,0.0
13/08/2025,75,Đồng Nai,26017,Phường Tam Hiệp,0.0,0.0,74.0,3.0,74.0,0.0
13/08/2025,75,Đồng Nai,26029,Phường Thống Nhất,0.0,0.0,2.0,0.0,2.0,0.0
13/08/2025,75,Đồng Nai,26050,Phường An Bình,0.0,0.0,40.0,0.0,40.0,0.0
13/08/2025,75,Đồng Nai,26056,Phường Long Bình Tân,0.0,0.0,926.0,0.0,926.0,0.0
13/08/2025,75,Đồng Nai,26068,Phường Hóa An,0.0,0.0,182.0,0.0,182.0,0.0
13/08/2025,75,Đồng Nai,26095,Phường Suối Tre,0.0,0.0,455.0,0.0,455.0,0.0
13/08/2025,75,Đồng Nai,26188,Xã Thạnh Phú,0.0,0.0,141.0,0.0,141.0,0.0
13/08/2025,75,Đồng Nai,26206,Thị Trấn Định Quán,0.0,0.0,610.0,0.0,610.0,0.0
13/08/2025,75,Đồng Nai,26272,Xã Hố Nai 3,0.0,0.0,657.0,0.0,657.0,0.0
13/08/2025,75,Đồng Nai,26296,Xã An Viễn,0.0,0.0,12.0,0.0,12.0,0.0
13/08/2025,75,Đồng Nai,26311,Xã Quang Trung,0.0,0.0,154.0,0.0,154.0,0.0
13/08/2025,75,Đồng Nai,26317,Xã Hưng Lộc,0.0,0.0,96.0,0.0,96.0,0.0
13/08/2025,75,Đồng Nai,26362,Xã Sông Ray,0.0,0.0,57.0,0.0,57.0,0.0
13/08/2025,75,Đồng Nai,26368,Thị Trấn Long Thành,0.0,0.0,533.0,0.0,533.0,0.0
13/08/2025,75,Đồng Nai,26416,Xã Phước Bình,0.0,0.0,107.0,0.0,107.0,0.0
13/08/2025,75,Đồng Nai,26452,Xã Suối Cát,0.0,0.0,0.0,3.0,0.0,0.0
13/08/2025,75,Đồng Nai,26455,Xã Xuân Hiệp,0.0,0.0,3.0,0.0,3.0,0.0
13/08/2025,75,Đồng Nai,26497,Xã Vĩnh Thanh,0.0,0.0,103.0,0.0,103.0,0.0
13/09/2025,75,Đồng Nai,25993,Phường Trảng Dài,0.0,0.0,0.0,11.0,0.0,0.0
13/09/2025,75,Đồng Nai,26017,Phường Tam Hiệp,0.0,0.0,0.0,4.0,0.0,0.0
13/10/2023,75,Đồng Nai,26248,Thị Trấn Trảng Bom,0.0,0.0,1.0,0.0,1.0,1.0
14/01/2025,75,Đồng Nai,26080,Phường Xuân An,0.0,0.0,3.0,0.0,3.0,3.0
14/01/2025,75,Đồng Nai,26248,Thị Trấn Trảng Bom,0.0,0.0,2.0,0.0,2.0,2.0
14/01/2025,75,Đồng Nai,26341,Thị Trấn Long Giao,0.0,0.0,517.0,0.0,517.0,517.0
14/01/2025,75,Đồng Nai,26452,Xã Suối Cát,41.0,0.0,654.0,42.0,654.0,654.0
14/02/2025,75,Đồng Nai,26026,Phường Tân Mai,0.0,0.0,3.0,0.0,3.0,3.0
14/02/2025,75,Đồng Nai,26029,Phường Thống Nhất,0.0,0.0,1.0,0.0,1.0,1.0
14/02/2025,75,Đồng Nai,26080,Phường Xuân An,0.0,0.0,1.0,0.0,1.0,1.0
14/02/2025,75,Đồng Nai,26248,Thị Trấn Trảng Bom,0.0,0.0,47.0,0.0,47.0,47.0
14/02/2025,75,Đồng Nai,26341,Thị Trấn Long Giao,0.0,0.0,641.0,0.0,641.0,641.0
14/02/2025,75,Đồng Nai,26452,Xã Suối Cát,24.0,0.0,751.0,20.0,751.0,751.0
14/03/2024,75,Đồng Nai,26248,Thị Trấn Trảng Bom,0.0,0.0,1.0,0.0,1.0,1.0
14/03/2025,75,Đồng Nai,25996,Phường Tân Phong,0.0,0.0,2.0,0.0,2.0,2.0
14/03/2025,75,Đồng Nai,26026,Phường Tân Mai,0.0,0.0,10.0,0.0,10.0,10.0
14/03/2025,75,Đồng Nai,26080,Phường Xuân An,0.0,0.0,1.0,0.0,1.0,1.0
14/03/2025,75,Đồng Nai,26095,Phường Suối Tre,0.0,0.0,1.0,0.0,1.0,1.0
14/03/2025,75,Đồng Nai,26248,Thị Trấn Trảng Bom,0.0,0.0,973.0,0.0,973.0,973.0
14/03/2025,75,Đồng Nai,26254,Xã Cây Gáo,0.0,0.0,30.0,0.0,30.0,30.0
14/03/2025,75,Đồng Nai,26326,Thị Trấn Dầu Giây,0.0,0.0,1.0,0.0,1.0,1.0
14/03/2025,75,Đồng Nai,26452,Xã Suối Cát,12.0,0.0,652.0,4.0,652.0,652.0
14/04/2025,75,Đồng Nai,25993,Phường Trảng Dài,0.0,0.0,90.0,36.0,90.0,90.0
14/04/2025,75,Đồng Nai,25996,Phường Tân Phong,0.0,0.0,77.0,0.0,77.0,77.0
14/04/2025,75,Đồng Nai,25999,Phường Tân Biên,0.0,0.0,9.0,0.0,9.0,9.0
14/04/2025,75,Đồng Nai,26095,Phường Suối Tre,31.0,0.0,1642.0,0.0,1642.0,1642.0
14/04/2025,75,Đồng Nai,26116,Thị Trấn Tân Phú,0.0,0.0,379.0,0.0,379.0,379.0
14/04/2025,75,Đồng Nai,26206,Thị Trấn Định Quán,0.0,0.0,728.0,0.0,728.0,728.0
14/04/2025,75,Đồng Nai,26248,Thị Trấn Trảng Bom,0.0,0.0,590.0,0.0,590.0,590.0
14/04/2025,75,Đồng Nai,26272,Xã Hố Nai 3,3.0,0.0,102.0,0.0,102.0,102.0
14/04/2025,75,Đồng Nai,26326,Thị Trấn Dầu Giây,0.0,0.0,608.0,0.0,608.0,608.0
14/04/2025,75,Đồng Nai,26341,Thị Trấn Long Giao,0.0,0.0,3.0,0.0,3.0,3.0
14/04/2025,75,Đồng Nai,26362,Xã Sông Ray,0.0,0.0,10.0,0.0,10.0,10.0
14/04/2025,75,Đồng Nai,26368,Thị Trấn Long Thành,0.0,0.0,492.0,0.0,492.0,492.0
14/04/2025,75,Đồng Nai,26377,Phường Phước Tân,0.0,0.0,32.0,0.0,32.0,32.0
14/04/2025,75,Đồng Nai,26452,Xã Suối Cát,29.0,0.0,812.0,108.0,812.0,812.0
14/05/2025,75,Đồng Nai,25993,Phường Trảng Dài,0.0,0.0,0.0,47.0,0.0,0.0
14/05/2025,75,Đồng Nai,25996,Phường Tân Phong,5.0,0.0,260.0,0.0,260.0,260.0
14/05/2025,75,Đồng Nai,25999,Phường Tân Biên,0.0,0.0,10.0,0.0,10.0,10.0
14/05/2025,75,Đồng Nai,26017,Phường Tam Hiệp,0.0,0.0,87.0,0.0,87.0,87.0
14/05/2025,75,Đồng Nai,26029,Phường Thống Nhất,0.0,0.0,573.0,2.0,573.0,573.0
14/05/2025,75,Đồng Nai,26056,Phường Long Bình Tân,0.0,0.0,5.0,0.0,5.0,5.0
14/05/2025,75,Đồng Nai,26068,Phường Hóa An,0.0,0.0,161.0,0.0,148.0,161.0
14/05/2025,75,Đồng Nai,26095,Phường Suối Tre,0.0,0.0,1223.0,0.0,1223.0,1223.0
14/05/2025,75,Đồng Nai,26116,Thị Trấn Tân Phú,0.0,0.0,380.0,0.0,380.0,380.0
14/05/2025,75,Đồng Nai,26188,Xã Thạnh Phú,0.0,0.0,34.0,0.0,34.0,34.0
14/05/2025,75,Đồng Nai,26206,Thị Trấn Định Quán,0.0,0.0,279.0,0.0,279.0,279.0
14/05/2025,75,Đồng Nai,26272,Xã Hố Nai 3,2.0,0.0,199.0,0.0,199.0,199.0
14/05/2025,75,Đồng Nai,26299,Xã Gia Tân 1,0.0,0.0,2.0,0.0,2.0,2.0
14/05/2025,75,Đồng Nai,26311,Xã Quang Trung,3.0,0.0,142.0,0.0,142.0,142.0
14/05/2025,75,Đồng Nai,26317,Xã Hưng Lộc,0.0,0.0,67.0,0.0,67.0,67.0
14/05/2025,75,Đồng Nai,26326,Thị Trấn Dầu Giây,0.0,0.0,8.0,0.0,8.0,8.0
14/05/2025,75,Đồng Nai,26362,Xã Sông Ray,3.0,0.0,98.0,0.0,98.0,98.0
14/05/2025,75,Đồng Nai,26368,Thị Trấn Long Thành,0.0,0.0,423.0,0.0,423.0,423.0
14/05/2025,75,Đồng Nai,26374,Phường Tam Phước,0.0,0.0,168.0,0.0,168.0,168.0
14/05/2025,75,Đồng Nai,26377,Phường Phước Tân,0.0,0.0,36.0,0.0,36.0,36.0
14/05/2025,75,Đồng Nai,26452,Xã Suối Cát,0.0,0.0,31.0,106.0,31.0,31.0
14/05/2025,75,Đồng Nai,26455,Xã Xuân Hiệp,0.0,0.0,340.0,0.0,340.0,340.0
14/05/2025,75,Đồng Nai,26497,Xã Vĩnh Thanh,0.0,0.0,63.0,0.0,63.0,63.0
14/06/2025,75,Đồng Nai,25996,Phường Tân Phong,1.0,0.0,105.0,0.0,105.0,105.0
14/06/2025,75,Đồng Nai,26017,Phường Tam Hiệp,0.0,0.0,68.0,2.0,68.0,68.0
14/06/2025,75,Đồng Nai,26020,Phường Long Bình,0.0,0.0,18.0,0.0,18.0,18.0
14/06/2025,75,Đồng Nai,26029,Phường Thống Nhất,0.0,0.0,14.0,1.0,14.0,14.0
14/06/2025,75,Đồng Nai,26050,Phường An Bình,0.0,0.0,39.0,0.0,39.0,39.0
14/06/2025,75,Đồng Nai,26056,Phường Long Bình Tân,3.0,0.0,178.0,0.0,178.0,178.0
14/06/2025,75,Đồng Nai,26068,Phường Hóa An,0.0,0.0,317.0,0.0,299.0,317.0
14/06/2025,75,Đồng Nai,26095,Phường Suối Tre,0.0,0.0,203.0,0.0,203.0,203.0
14/06/2025,75,Đồng Nai,26206,Thị Trấn Định Quán,0.0,0.0,163.0,0.0,163.0,163.0
14/06/2025,75,Đồng Nai,26239,Xã Túc Trưng,1.0,0.0,35.0,0.0,35.0,35.0
14/06/2025,75,Đồng Nai,26272,Xã Hố Nai 3,5.0,0.0,671.0,0.0,671.0,671.0
14/06/2025,75,Đồng Nai,26296,Xã An Viễn,1.0,0.0,83.0,0.0,83.0,83.0
14/06/2025,75,Đồng Nai,26299,Xã Gia Tân 1,6.0,0.0,395.0,0.0,395.0,395.0
14/06/2025,75,Đồng Nai,26311,Xã Quang Trung,3.0,0.0,140.0,0.0,140.0,140.0
14/06/2025,75,Đồng Nai,26317,Xã Hưng Lộc,0.0,0.0,71.0,0.0,71.0,71.0
14/06/2025,75,Đồng Nai,26326,Thị Trấn Dầu Giây,0.0,0.0,181.0,0.0,181.0,181.0
14/06/2025,75,Đồng Nai,26362,Xã Sông Ray,1.0,0.0,71.0,0.0,71.0,71.0
14/06/2025,75,Đồng Nai,26368,Thị Trấn Long Thành,0.0,0.0,228.0,0.0,228.0,228.0
14/06/2025,75,Đồng Nai,26374,Phường Tam Phước,0.0,0.0,126.0,0.0,126.0,126.0
14/06/2025,75,Đồng Nai,26377,Phường Phước Tân,0.0,0.0,2.0,0.0,2.0,2.0
14/06/2025,75,Đồng Nai,26416,Xã Phước Bình,0.0,0.0,82.0,0.0,82.0,82.0
14/06/2025,75,Đồng Nai,26452,Xã Suối Cát,0.0,0.0,13.0,0.0,13.0,13.0
14/06/2025,75,Đồng Nai,26455,Xã Xuân Hiệp,0.0,0.0,398.0,0.0,398.0,398.0
14/06/2025,75,Đồng Nai,26497,Xã Vĩnh Thanh,0.0,0.0,71.0,0.0,71.0,71.0
14/07/2025,75,Đồng Nai,25993,Phường Trảng Dài,0.0,0.0,0.0,18.0,0.0,0.0
14/07/2025,75,Đồng Nai,25996,Phường Tân Phong,0.0,0.0,73.0,0.0,73.0,0.0
14/07/2025,75,Đồng Nai,26017,Phường Tam Hiệp,0.0,0.0,136.0,1.0,136.0,0.0
14/07/2025,75,Đồng Nai,26029,Phường Thống Nhất,0.0,0.0,0.0,2.0,0.0,0.0
14/07/2025,75,Đồng Nai,26056,Phường Long Bình Tân,0.0,0.0,954.0,0.0,954.0,0.0
14/07/2025,75,Đồng Nai,26068,Phường Hóa An,0.0,0.0,17.0,0.0,17.0,0.0
14/07/2025,75,Đồng Nai,26095,Phường Suối Tre,0.0,0.0,260.0,0.0,260.0,0.0
14/07/2025,75,Đồng Nai,26116,Thị Trấn Tân Phú,0.0,0.0,462.0,0.0,462.0,0.0
14/07/2025,75,Đồng Nai,26188,Xã Thạnh Phú,0.0,0.0,71.0,0.0,71.0,0.0
14/07/2025,75,Đồng Nai,26206,Thị Trấn Định Quán,0.0,0.0,24.0,0.0,24.0,0.0
14/07/2025,75,Đồng Nai,26272,Xã Hố Nai 3,0.0,0.0,683.0,0.0,683.0,0.0
14/07/2025,75,Đồng Nai,26296,Xã An Viễn,0.0,0.0,109.0,0.0,109.0,0.0
14/07/2025,75,Đồng Nai,26311,Xã Quang Trung,0.0,0.0,253.0,0.0,253.0,0.0
14/07/2025,75,Đồng Nai,26317,Xã Hưng Lộc,0.0,0.0,71.0,0.0,71.0,0.0
14/07/2025,75,Đồng Nai,26326,Thị Trấn Dầu Giây,0.0,0.0,29.0,0.0,29.0,0.0
14/07/2025,75,Đồng Nai,26362,Xã Sông Ray,0.0,0.0,51.0,0.0,51.0,0.0
14/07/2025,75,Đồng Nai,26368,Thị Trấn Long Thành,0.0,0.0,31.0,0.0,31.0,0.0
14/07/2025,75,Đồng Nai,26374,Phường Tam Phước,0.0,0.0,30.0,0.0,30.0,0.0
14/07/2025,75,Đồng Nai,26377,Phường Phước Tân,0.0,0.0,35.0,0.0,35.0,0.0
14/07/2025,75,Đồng Nai,26452,Xã Suối Cát,0.0,0.0,1.0,32.0,1.0,0.0
14/07/2025,75,Đồng Nai,26455,Xã Xuân Hiệp,0.0,0.0,3.0,0.0,3.0,0.0
14/07/2025,75,Đồng Nai,26497,Xã Vĩnh Thanh,0.0,0.0,61.0,0.0,61.0,0.0
14/08/2025,75,Đồng Nai,25993,Phường Trảng Dài,0.0,0.0,513.0,86.0,513.0,0.0
14/08/2025,75,Đồng Nai,25996,Phường Tân Phong,0.0,0.0,316.0,0.0,59.0,0.0
14/08/2025,75,Đồng Nai,26017,Phường Tam Hiệp,0.0,0.0,91.0,0.0,91.0,0.0
14/08/2025,75,Đồng Nai,26029,Phường Thống Nhất,0.0,0.0,4.0,0.0,4.0,0.0
14/08/2025,75,Đồng Nai,26050,Phường An Bình,0.0,0.0,58.0,0.0,58.0,0.0
14/08/2025,75,Đồng Nai,26056,Phường Long Bình Tân,0.0,0.0,993.0,0.0,993.0,0.0
14/08/2025,75,Đồng Nai,26068,Phường Hóa An,0.0,0.0,148.0,0.0,148.0,0.0
14/08/2025,75,Đồng Nai,26095,Phường Suối Tre,0.0,0.0,1224.0,0.0,1224.0,0.0
14/08/2025,75,Đồng Nai,26188,Xã Thạnh Phú,0.0,0.0,109.0,0.0,109.0,0.0
14/08/2025,75,Đồng Nai,26206,Thị Trấn Định Quán,0.0,0.0,726.0,0.0,726.0,0.0
14/08/2025,75,Đồng Nai,26272,Xã Hố Nai 3,0.0,0.0,567.0,0.0,567.0,0.0
14/08/2025,75,Đồng Nai,26296,Xã An Viễn,0.0,0.0,2.0,0.0,2.0,0.0
14/08/2025,75,Đồng Nai,26311,Xã Quang Trung,0.0,0.0,166.0,0.0,166.0,0.0
14/08/2025,75,Đồng Nai,26317,Xã Hưng Lộc,0.0,0.0,92.0,0.0,92.0,0.0
14/08/2025,75,Đồng Nai,26362,Xã Sông Ray,0.0,0.0,99.0,0.0,99.0,0.0
14/08/2025,75,Đồng Nai,26368,Thị Trấn Long Thành,0.0,0.0,167.0,0.0,167.0,0.0
14/08/2025,75,Đồng Nai,26389,Xã Long Đức,0.0,0.0,5.0,0.0,5.0,0.0
14/08/2025,75,Đồng Nai,26416,Xã Phước Bình,0.0,0.0,104.0,0.0,104.0,0.0
14/08/2025,75,Đồng Nai,26455,Xã Xuân Hiệp,0.0,0.0,3.0,0.0,3.0,0.0
14/08/2025,75,Đồng Nai,26497,Xã Vĩnh Thanh,0.0,0.0,71.0,0.0,71.0,0.0
14/09/2025,75,Đồng Nai,25993,Phường Trảng Dài,0.0,0.0,0.0,74.0,0.0,0.0
14/09/2025,75,Đồng Nai,26017,Phường Tam Hiệp,0.0,0.0,0.0,4.0,0.0,0.0
14/10/2024,75,Đồng Nai,26341,Thị Trấn Long Giao,0.0,0.0,1.0,0.0,1.0,1.0
14/11/2023,75,Đồng Nai,26248,Thị Trấn Trảng Bom,0.0,0.0,1.0,0.0,1.0,1.0
14/12/2024,75,Đồng Nai,26341,Thị Trấn Long Giao,0.0,0.0,1.0,0.0,1.0,1.0
15/01/2025,75,Đồng Nai,26080,Phường Xuân An,0.0,0.0,2.0,0.0,2.0,2.0
15/01/2025,75,Đồng Nai,26248,Thị Trấn Trảng Bom,0.0,0.0,1.0,0.0,1.0,1.0
15/01/2025,75,Đồng Nai,26341,Thị Trấn Long Giao,0.0,0.0,483.0,0.0,483.0,483.0
15/01/2025,75,Đồng Nai,26452,Xã Suối Cát,35.0,0.0,638.0,69.0,638.0,638.0
15/02/2025,75,Đồng Nai,26248,Thị Trấn Trảng Bom,0.0,0.0,64.0,0.0,64.0,64.0
15/02/2025,75,Đồng Nai,26341,Thị Trấn Long Giao,0.0,0.0,10.0,0.0,10.0,10.0
15/02/2025,75,Đồng Nai,26452,Xã Suối Cát,0.0,0.0,86.0,4.0,86.0,86.0
15/03/2025,75,Đồng Nai,26248,Thị Trấn Trảng Bom,0.0,0.0,57.0,0.0,57.0,57.0
15/03/2025,75,Đồng Nai,26254,Xã Cây Gáo,0.0,0.0,32.0,0.0,32.0,32.0
15/03/2025,75,Đồng Nai,26272,Xã Hố Nai 3,0.0,0.0,2.0,0.0,2.0,2.0
15/03/2025,75,Đồng Nai,26452,Xã Suối Cát,0.0,0.0,79.0,6.0,79.0,79.0
15/04/2025,75,Đồng Nai,25993,Phường Trảng Dài,0.0,0.0,84.0,27.0,84.0,84.0
15/04/2025,75,Đồng Nai,25996,Phường Tân Phong,0.0,0.0,72.0,0.0,72.0,72.0
15/04/2025,75,Đồng Nai,25999,Phường Tân Biên,0.0,0.0,11.0,0.0,11.0,11.0
15/04/2025,75,Đồng Nai,26095,Phường Suối Tre,12.0,0.0,1442.0,0.0,1442.0,1442.0
15/04/2025,75,Đồng Nai,26116,Thị Trấn Tân Phú,0.0,0.0,398.0,0.0,398.0,398.0
15/04/2025,75,Đồng Nai,26206,Thị Trấn Định Quán,0.0,0.0,321.0,0.0,321.0,321.0
15/04/2025,75,Đồng Nai,26248,Thị Trấn Trảng Bom,0.0,0.0,497.0,0.0,497.0,497.0
15/04/2025,75,Đồng Nai,26272,Xã Hố Nai 3,9.0,0.0,460.0,0.0,460.0,460.0
15/04/2025,75,Đồng Nai,26275,Xã Tây Hoà,0.0,0.0,8.0,0.0,8.0,8.0
15/04/2025,75,Đồng Nai,26326,Thị Trấn Dầu Giây,0.0,0.0,571.0,0.0,571.0,571.0
15/04/2025,75,Đồng Nai,26341,Thị Trấn Long Giao,0.0,0.0,3.0,0.0,3.0,3.0
15/04/2025,75,Đồng Nai,26368,Thị Trấn Long Thành,0.0,0.0,541.0,0.0,541.0,541.0
15/04/2025,75,Đồng Nai,26377,Phường Phước Tân,0.0,0.0,32.0,0.0,32.0,32.0
15/04/2025,75,Đồng Nai,26452,Xã Suối Cát,12.0,0.0,642.0,98.0,642.0,642.0
15/04/2025,75,Đồng Nai,26455,Xã Xuân Hiệp,0.0,0.0,3.0,0.0,0.0,3.0
15/04/2025,75,Đồng Nai,26470,Xã Phước Thiền,0.0,0.0,1.0,0.0,1.0,1.0
15/04/2025,75,Đồng Nai,26485,Xã Phú Hội,0.0,0.0,58.0,0.0,58.0,58.0
15/05/2025,75,Đồng Nai,25993,Phường Trảng Dài,0.0,0.0,0.0,27.0,0.0,0.0
15/05/2025,75,Đồng Nai,25996,Phường Tân Phong,4.0,0.0,229.0,0.0,229.0,229.0
15/05/2025,75,Đồng Nai,25999,Phường Tân Biên,0.0,0.0,12.0,0.0,12.0,12.0
15/05/2025,75,Đồng Nai,26017,Phường Tam Hiệp,0.0,0.0,115.0,0.0,115.0,115.0
15/05/2025,75,Đồng Nai,26029,Phường Thống Nhất,0.0,0.0,520.0,9.0,520.0,520.0
15/05/2025,75,Đồng Nai,26068,Phường Hóa An,0.0,0.0,184.0,0.0,156.0,184.0
15/05/2025,75,Đồng Nai,26095,Phường Suối Tre,0.0,0.0,1293.0,0.0,1293.0,1293.0
15/05/2025,75,Đồng Nai,26116,Thị Trấn Tân Phú,0.0,0.0,526.0,0.0,526.0,526.0
15/05/2025,75,Đồng Nai,26188,Xã Thạnh Phú,0.0,0.0,2.0,0.0,2.0,2.0
15/05/2025,75,Đồng Nai,26206,Thị Trấn Định Quán,0.0,0.0,640.0,0.0,640.0,640.0
15/05/2025,75,Đồng Nai,26272,Xã Hố Nai 3,5.0,0.0,540.0,0.0,540.0,540.0
15/05/2025,75,Đồng Nai,26299,Xã Gia Tân 1,1.0,0.0,21.0,0.0,21.0,21.0
15/05/2025,75,Đồng Nai,26311,Xã Quang Trung,4.0,0.0,118.0,0.0,118.0,118.0
15/05/2025,75,Đồng Nai,26317,Xã Hưng Lộc,1.0,0.0,84.0,0.0,84.0,84.0
15/05/2025,75,Đồng Nai,26326,Thị Trấn Dầu Giây,0.0,0.0,56.0,0.0,56.0,56.0
15/05/2025,75,Đồng Nai,26362,Xã Sông Ray,3.0,0.0,116.0,0.0,116.0,116.0
15/05/2025,75,Đồng Nai,26368,Thị Trấn Long Thành,0.0,0.0,524.0,0.0,524.0,524.0
15/05/2025,75,Đồng Nai,26374,Phường Tam Phước,0.0,0.0,142.0,0.0,142.0,142.0
15/05/2025,75,Đồng Nai,26377,Phường Phước Tân,0.0,0.0,49.0,0.0,49.0,49.0
15/05/2025,75,Đồng Nai,26416,Xã Phước Bình,0.0,0.0,6.0,0.0,6.0,6.0
15/05/2025,75,Đồng Nai,26452,Xã Suối Cát,0.0,0.0,33.0,89.0,33.0,33.0
15/05/2025,75,Đồng Nai,26455,Xã Xuân Hiệp,0.0,0.0,385.0,0.0,385.0,385.0
15/05/2025,75,Đồng Nai,26497,Xã Vĩnh Thanh,0.0,0.0,64.0,0.0,64.0,64.0
15/06/2025,75,Đồng Nai,25996,Phường Tân Phong,4.0,0.0,260.0,0.0,260.0,260.0
15/06/2025,75,Đồng Nai,26017,Phường Tam Hiệp,0.0,0.0,96.0,8.0,96.0,96.0
15/06/2025,75,Đồng Nai,26029,Phường Thống Nhất,0.0,0.0,13.0,0.0,13.0,13.0
15/06/2025,75,Đồng Nai,26056,Phường Long Bình Tân,0.0,0.0,252.0,0.0,252.0,252.0
15/06/2025,75,Đồng Nai,26068,Phường Hóa An,0.0,0.0,107.0,0.0,100.0,107.0
15/06/2025,75,Đồng Nai,26095,Phường Suối Tre,0.0,0.0,575.0,0.0,575.0,575.0
15/06/2025,75,Đồng Nai,26206,Thị Trấn Định Quán,0.0,0.0,134.0,0.0,134.0,134.0
15/06/2025,75,Đồng Nai,26272,Xã Hố Nai 3,3.0,0.0,698.0,0.0,698.0,698.0
15/06/2025,75,Đồng Nai,26296,Xã An Viễn,0.0,0.0,116.0,0.0,116.0,116.0
15/06/2025,75,Đồng Nai,26311,Xã Quang Trung,1.0,0.0,83.0,0.0,83.0,83.0
15/06/2025,75,Đồng Nai,26317,Xã Hưng Lộc,0.0,0.0,31.0,0.0,31.0,31.0
15/06/2025,75,Đồng Nai,26326,Thị Trấn Dầu Giây,0.0,0.0,53.0,0.0,53.0,53.0
15/06/2025,75,Đồng Nai,26362,Xã Sông Ray,0.0,0.0,10.0,0.0,10.0,10.0
15/06/2025,75,Đồng Nai,26368,Thị Trấn Long Thành,3.0,0.0,290.0,0.0,290.0,290.0
15/06/2025,75,Đồng Nai,26374,Phường Tam Phước,0.0,0.0,58.0,0.0,58.0,58.0
15/06/2025,75,Đồng Nai,26377,Phường Phước Tân,0.0,0.0,3.0,0.0,3.0,3.0
15/06/2025,75,Đồng Nai,26416,Xã Phước Bình,0.0,0.0,15.0,0.0,15.0,15.0
15/06/2025,75,Đồng Nai,26452,Xã Suối Cát,0.0,0.0,21.0,67.0,21.0,21.0
15/06/2025,75,Đồng Nai,26455,Xã Xuân Hiệp,0.0,0.0,842.0,0.0,842.0,842.0
15/06/2025,75,Đồng Nai,26497,Xã Vĩnh Thanh,0.0,0.0,81.0,0.0,81.0,81.0
15/07/2025,75,Đồng Nai,25993,Phường Trảng Dài,0.0,0.0,0.0,22.0,0.0,0.0
15/07/2025,75,Đồng Nai,25996,Phường Tân Phong,0.0,0.0,259.0,0.0,259.0,0.0
15/07/2025,75,Đồng Nai,26017,Phường Tam Hiệp,0.0,0.0,93.0,0.0,93.0,0.0
15/07/2025,75,Đồng Nai,26050,Phường An Bình,0.0,0.0,43.0,0.0,43.0,0.0
15/07/2025,75,Đồng Nai,26056,Phường Long Bình Tân,0.0,0.0,86.0,0.0,86.0,0.0
15/07/2025,75,Đồng Nai,26068,Phường Hóa An,0.0,0.0,290.0,0.0,290.0,0.0
15/07/2025,75,Đồng Nai,26095,Phường Suối Tre,0.0,0.0,822.0,0.0,822.0,0.0
15/07/2025,75,Đồng Nai,26116,Thị Trấn Tân Phú,0.0,0.0,409.0,0.0,409.0,0.0
15/07/2025,75,Đồng Nai,26188,Xã Thạnh Phú,0.0,0.0,53.0,0.0,53.0,0.0
15/07/2025,75,Đồng Nai,26206,Thị Trấn Định Quán,0.0,0.0,125.0,0.0,125.0,0.0
15/07/2025,75,Đồng Nai,26272,Xã Hố Nai 3,0.0,0.0,684.0,0.0,684.0,0.0
15/07/2025,75,Đồng Nai,26296,Xã An Viễn,0.0,0.0,77.0,0.0,77.0,0.0
15/07/2025,75,Đồng Nai,26299,Xã Gia Tân 1,0.0,0.0,61.0,0.0,61.0,0.0
15/07/2025,75,Đồng Nai,26311,Xã Quang Trung,0.0,0.0,175.0,0.0,175.0,0.0
15/07/2025,75,Đồng Nai,26317,Xã Hưng Lộc,0.0,0.0,44.0,0.0,44.0,0.0
15/07/2025,75,Đồng Nai,26326,Thị Trấn Dầu Giây,0.0,0.0,25.0,0.0,25.0,0.0
15/07/2025,75,Đồng Nai,26362,Xã Sông Ray,0.0,0.0,60.0,0.0,60.0,0.0
15/07/2025,75,Đồng Nai,26368,Thị Trấn Long Thành,0.0,0.0,228.0,0.0,228.0,0.0
15/07/2025,75,Đồng Nai,26374,Phường Tam Phước,0.0,0.0,9.0,0.0,9.0,0.0
15/07/2025,75,Đồng Nai,26377,Phường Phước Tân,0.0,0.0,46.0,0.0,46.0,0.0
15/07/2025,75,Đồng Nai,26452,Xã Suối Cát,0.0,0.0,2.0,10.0,2.0,0.0
15/07/2025,75,Đồng Nai,26455,Xã Xuân Hiệp,0.0,0.0,2.0,0.0,2.0,0.0
15/07/2025,75,Đồng Nai,26497,Xã Vĩnh Thanh,0.0,0.0,48.0,0.0,48.0,0.0
15/08/2025,75,Đồng Nai,25993,Phường Trảng Dài,0.0,0.0,212.0,0.0,212.0,0.0
15/08/2025,75,Đồng Nai,25996,Phường Tân Phong,0.0,0.0,365.0,0.0,68.0,0.0
15/08/2025,75,Đồng Nai,26017,Phường Tam Hiệp,0.0,0.0,75.0,0.0,75.0,0.0
15/08/2025,75,Đồng Nai,26029,Phường Thống Nhất,0.0,0.0,8.0,0.0,8.0,0.0
15/08/2025,75,Đồng Nai,26050,Phường An Bình,0.0,0.0,44.0,0.0,44.0,0.0
15/08/2025,75,Đồng Nai,26056,Phường Long Bình Tân,0.0,0.0,894.0,0.0,894.0,0.0
15/08/2025,75,Đồng Nai,26068,Phường Hóa An,0.0,0.0,164.0,0.0,164.0,0.0
15/08/2025,75,Đồng Nai,26095,Phường Suối Tre,0.0,0.0,1109.0,0.0,1108.0,0.0
15/08/2025,75,Đồng Nai,26188,Xã Thạnh Phú,0.0,0.0,105.0,0.0,105.0,0.0
15/08/2025,75,Đồng Nai,26206,Thị Trấn Định Quán,0.0,0.0,658.0,0.0,658.0,0.0
15/08/2025,75,Đồng Nai,26272,Xã Hố Nai 3,0.0,0.0,653.0,0.0,653.0,0.0
15/08/2025,75,Đồng Nai,26296,Xã An Viễn,0.0,0.0,9.0,0.0,9.0,0.0
15/08/2025,75,Đồng Nai,26311,Xã Quang Trung,0.0,0.0,178.0,0.0,178.0,0.0
15/08/2025,75,Đồng Nai,26317,Xã Hưng Lộc,0.0,0.0,90.0,0.0,90.0,0.0
15/08/2025,75,Đồng Nai,26362,Xã Sông Ray,0.0,0.0,95.0,0.0,95.0,0.0
15/08/2025,75,Đồng Nai,26368,Thị Trấn Long Thành,0.0,0.0,608.0,0.0,608.0,0.0
15/08/2025,75,Đồng Nai,26389,Xã Long Đức,0.0,0.0,56.0,0.0,56.0,0.0
15/08/2025,75,Đồng Nai,26416,Xã Phước Bình,0.0,0.0,89.0,0.0,89.0,0.0
15/08/2025,75,Đồng Nai,26455,Xã Xuân Hiệp,0.0,0.0,315.0,0.0,315.0,0.0
15/08/2025,75,Đồng Nai,26497,Xã Vĩnh Thanh,0.0,0.0,84.0,0.0,84.0,0.0
15/09/2025,75,Đồng Nai,25993,Phường Trảng Dài,0.0,0.0,0.0,105.0,0.0,0.0
16/01/2025,75,Đồng Nai,25993,Phường Trảng Dài,0.0,0.0,41.0,0.0,41.0,41.0
16/01/2025,75,Đồng Nai,26080,Phường Xuân An,0.0,0.0,1.0,0.0,1.0,1.0
16/01/2025,75,Đồng Nai,26341,Thị Trấn Long Giao,0.0,0.0,635.0,0.0,635.0,635.0
16/01/2025,75,Đồng Nai,26452,Xã Suối Cát,26.0,0.0,670.0,84.0,670.0,670.0
16/02/2025,75,Đồng Nai,26029,Phường Thống Nhất,0.0,0.0,2.0,0.0,2.0,2.0
16/02/2025,75,Đồng Nai,26248,Thị Trấn Trảng Bom,0.0,0.0,88.0,0.0,88.0,88.0
16/02/2025,75,Đồng Nai,26341,Thị Trấn Long Giao,0.0,0.0,58.0,0.0,58.0,58.0
16/02/2025,75,Đồng Nai,26452,Xã Suối Cát,0.0,0.0,70.0,108.0,70.0,70.0
16/03/2025,75,Đồng Nai,26248,Thị Trấn Trảng Bom,0.0,0.0,228.0,0.0,228.0,228.0
16/03/2025,75,Đồng Nai,26452,Xã Suối Cát,0.0,0.0,53.0,156.0,53.0,53.0
16/04/2025,75,Đồng Nai,25993,Phường Trảng Dài,0.0,0.0,286.0,12.0,286.0,286.0
16/04/2025,75,Đồng Nai,25996,Phường Tân Phong,0.0,0.0,63.0,0.0,63.0,63.0
16/04/2025,75,Đồng Nai,25999,Phường Tân Biên,0.0,0.0,3.0,0.0,3.0,3.0
16/04/2025,75,Đồng Nai,26095,Phường Suối Tre,14.0,0.0,1133.0,0.0,1133.0,1133.0
16/04/2025,75,Đồng Nai,26116,Thị Trấn Tân Phú,0.0,0.0,38.0,0.0,38.0,38.0
16/04/2025,75,Đồng Nai,26206,Thị Trấn Định Quán,0.0,0.0,666.0,0.0,666.0,666.0
16/04/2025,75,Đồng Nai,26248,Thị Trấn Trảng Bom,0.0,0.0,323.0,0.0,323.0,323.0
16/04/2025,75,Đồng Nai,26272,Xã Hố Nai 3,7.0,0.0,455.0,0.0,455.0,455.0
16/04/2025,75,Đồng Nai,26275,Xã Tây Hoà,0.0,0.0,1.0,0.0,1.0,1.0
16/04/2025,75,Đồng Nai,26326,Thị Trấn Dầu Giây,0.0,0.0,515.0,0.0,515.0,515.0
16/04/2025,75,Đồng Nai,26341,Thị Trấn Long Giao,0.0,0.0,2.0,0.0,2.0,2.0
16/04/2025,75,Đồng Nai,26368,Thị Trấn Long Thành,0.0,0.0,440.0,0.0,440.0,440.0
16/04/2025,75,Đồng Nai,26377,Phường Phước Tân,0.0,0.0,42.0,0.0,42.0,42.0
16/04/2025,75,Đồng Nai,26452,Xã Suối Cát,17.0,0.0,640.0,111.0,640.0,640.0
16/05/2025,75,Đồng Nai,25996,Phường Tân Phong,8.0,0.0,280.0,0.0,280.0,280.0
16/05/2025,75,Đồng Nai,25999,Phường Tân Biên,0.0,0.0,15.0,0.0,15.0,15.0
16/05/2025,75,Đồng Nai,26017,Phường Tam Hiệp,0.0,0.0,113.0,0.0,113.0,113.0
16/05/2025,75,Đồng Nai,26029,Phường Thống Nhất,0.0,0.0,548.0,2.0,548.0,548.0
16/05/2025,75,Đồng Nai,26056,Phường Long Bình Tân,0.0,0.0,1.0,0.0,1.0,1.0
16/05/2025,75,Đồng Nai,26068,Phường Hóa An,0.0,0.0,143.0,0.0,127.0,143.0
16/05/2025,75,Đồng Nai,26095,Phường Suối Tre,0.0,0.0,1008.0,0.0,1008.0,1008.0
16/05/2025,75,Đồng Nai,26116,Thị Trấn Tân Phú,0.0,0.0,384.0,0.0,384.0,384.0
16/05/2025,75,Đồng Nai,26188,Xã Thạnh Phú,0.0,0.0,1.0,0.0,1.0,1.0
16/05/2025,75,Đồng Nai,26206,Thị Trấn Định Quán,0.0,0.0,540.0,0.0,540.0,540.0
16/05/2025,75,Đồng Nai,26272,Xã Hố Nai 3,8.0,0.0,586.0,0.0,586.0,586.0
16/05/2025,75,Đồng Nai,26299,Xã Gia Tân 1,9.0,0.0,408.0,0.0,408.0,408.0
16/05/2025,75,Đồng Nai,26311,Xã Quang Trung,6.0,0.0,161.0,0.0,161.0,161.0
16/05/2025,75,Đồng Nai,26317,Xã Hưng Lộc,0.0,0.0,93.0,0.0,93.0,93.0
16/05/2025,75,Đồng Nai,26326,Thị Trấn Dầu Giây,0.0,0.0,556.0,0.0,556.0,556.0
16/05/2025,75,Đồng Nai,26362,Xã Sông Ray,4.0,0.0,105.0,0.0,105.0,105.0
16/05/2025,75,Đồng Nai,26368,Thị Trấn Long Thành,0.0,0.0,478.0,0.0,478.0,478.0
16/05/2025,75,Đồng Nai,26374,Phường Tam Phước,0.0,0.0,13.0,0.0,13.0,13.0
16/05/2025,75,Đồng Nai,26377,Phường Phước Tân,0.0,0.0,37.0,0.0,37.0,37.0
16/05/2025,75,Đồng Nai,26416,Xã Phước Bình,0.0,0.0,6.0,0.0,6.0,6.0
16/05/2025,75,Đồng Nai,26440,Xã Xuân Trường,0.0,0.0,65.0,0.0,65.0,65.0
16/05/2025,75,Đồng Nai,26452,Xã Suối Cát,0.0,0.0,44.0,3.0,44.0,44.0
16/05/2025,75,Đồng Nai,26455,Xã Xuân Hiệp,0.0,0.0,367.0,0.0,367.0,367.0
16/05/2025,75,Đồng Nai,26479,Thị Trấn Hiệp Phước,0.0,0.0,5.0,0.0,0.0,5.0
16/05/2025,75,Đồng Nai,26497,Xã Vĩnh Thanh,0.0,0.0,56.0,0.0,56.0,56.0
16/06/2025,75,Đồng Nai,25996,Phường Tân Phong,13.0,0.0,417.0,0.0,417.0,417.0
16/06/2025,75,Đồng Nai,25999,Phường Tân Biên,0.0,0.0,5.0,0.0,5.0,5.0
16/06/2025,75,Đồng Nai,26002,Phường Hố Nai,4.0,0.0,27.0,0.0,27.0,27.0
16/06/2025,75,Đồng Nai,26017,Phường Tam Hiệp,0.0,0.0,321.0,5.0,321.0,321.0
16/06/2025,75,Đồng Nai,26020,Phường Long Bình,0.0,0.0,54.0,0.0,54.0,54.0
16/06/2025,75,Đồng Nai,26029,Phường Thống Nhất,0.0,0.0,644.0,6.0,644.0,644.0
16/06/2025,75,Đồng Nai,26050,Phường An Bình,0.0,0.0,42.0,0.0,42.0,42.0
16/06/2025,75,Đồng Nai,26056,Phường Long Bình Tân,3.0,0.0,2035.0,0.0,2034.0,2034.0
16/06/2025,75,Đồng Nai,26068,Phường Hóa An,0.0,0.0,258.0,0.0,210.0,258.0
16/06/2025,75,Đồng Nai,26095,Phường Suối Tre,2.0,0.0,1563.0,0.0,1563.0,1563.0
16/06/2025,75,Đồng Nai,26170,Thị Trấn Vĩnh An,0.0,0.0,1.0,0.0,1.0,1.0
16/06/2025,75,Đồng Nai,26206,Thị Trấn Định Quán,0.0,0.0,381.0,0.0,381.0,381.0
16/06/2025,75,Đồng Nai,26272,Xã Hố Nai 3,14.0,0.0,1004.0,0.0,1004.0,1004.0
16/06/2025,75,Đồng Nai,26296,Xã An Viễn,1.0,0.0,133.0,0.0,133.0,133.0
16/06/2025,75,Đồng Nai,26299,Xã Gia Tân 1,1.0,0.0,39.0,0.0,39.0,39.0
16/06/2025,75,Đồng Nai,26311,Xã Quang Trung,4.0,0.0,225.0,0.0,225.0,225.0
16/06/2025,75,Đồng Nai,26317,Xã Hưng Lộc,0.0,0.0,123.0,0.0,123.0,123.0
16/06/2025,75,Đồng Nai,26326,Thị Trấn Dầu Giây,0.0,0.0,669.0,0.0,669.0,669.0
16/06/2025,75,Đồng Nai,26362,Xã Sông Ray,2.0,0.0,152.0,0.0,152.0,152.0
16/06/2025,75,Đồng Nai,26368,Thị Trấn Long Thành,5.0,0.0,642.0,0.0,642.0,642.0
16/06/2025,75,Đồng Nai,26374,Phường Tam Phước,0.0,0.0,181.0,0.0,181.0,181.0
16/06/2025,75,Đồng Nai,26377,Phường Phước Tân,0.0,0.0,39.0,0.0,39.0,39.0
16/06/2025,75,Đồng Nai,26416,Xã Phước Bình,0.0,0.0,30.0,0.0,30.0,30.0
16/06/2025,75,Đồng Nai,26452,Xã Suối Cát,29.0,0.0,786.0,46.0,785.0,785.0
16/06/2025,75,Đồng Nai,26455,Xã Xuân Hiệp,0.0,0.0,1290.0,0.0,1290.0,1290.0
16/06/2025,75,Đồng Nai,26497,Xã Vĩnh Thanh,0.0,0.0,96.0,0.0,96.0,96.0
16/07/2025,75,Đồng Nai,25993,Phường Trảng Dài,0.0,0.0,136.0,16.0,136.0,0.0
16/07/2025,75,Đồng Nai,25996,Phường Tân Phong,0.0,0.0,16.0,0.0,16.0,0.0
16/07/2025,75,Đồng Nai,26029,Phường Thống Nhất,0.0,0.0,0.0,1.0,0.0,0.0
16/07/2025,75,Đồng Nai,26056,Phường Long Bình Tân,0.0,0.0,84.0,0.0,84.0,0.0
16/07/2025,75,Đồng Nai,26068,Phường Hóa An,0.0,0.0,24.0,0.0,24.0,0.0
16/07/2025,75,Đồng Nai,26095,Phường Suối Tre,0.0,0.0,815.0,0.0,815.0,0.0
16/07/2025,75,Đồng Nai,26116,Thị Trấn Tân Phú,0.0,0.0,357.0,0.0,357.0,0.0
16/07/2025,75,Đồng Nai,26188,Xã Thạnh Phú,0.0,0.0,57.0,0.0,57.0,0.0
16/07/2025,75,Đồng Nai,26206,Thị Trấn Định Quán,0.0,0.0,265.0,0.0,265.0,0.0
16/07/2025,75,Đồng Nai,26272,Xã Hố Nai 3,0.0,0.0,938.0,0.0,938.0,0.0
16/07/2025,75,Đồng Nai,26296,Xã An Viễn,0.0,0.0,73.0,0.0,73.0,0.0
16/07/2025,75,Đồng Nai,26299,Xã Gia Tân 1,0.0,0.0,47.0,0.0,47.0,0.0
16/07/2025,75,Đồng Nai,26317,Xã Hưng Lộc,0.0,0.0,98.0,0.0,98.0,0.0
16/07/2025,75,Đồng Nai,26326,Thị Trấn Dầu Giây,0.0,0.0,18.0,0.0,18.0,0.0
16/07/2025,75,Đồng Nai,26368,Thị Trấn Long Thành,0.0,0.0,31.0,0.0,31.0,0.0
16/07/2025,75,Đồng Nai,26377,Phường Phước Tân,0.0,0.0,31.0,0.0,31.0,0.0
16/07/2025,75,Đồng Nai,26416,Xã Phước Bình,0.0,0.0,48.0,0.0,48.0,0.0
16/07/2025,75,Đồng Nai,26452,Xã Suối Cát,0.0,0.0,4.0,2.0,4.0,0.0
16/07/2025,75,Đồng Nai,26455,Xã Xuân Hiệp,0.0,0.0,327.0,0.0,327.0,0.0
16/07/2025,75,Đồng Nai,26497,Xã Vĩnh Thanh,0.0,0.0,77.0,0.0,77.0,0.0
16/08/2025,75,Đồng Nai,25996,Phường Tân Phong,0.0,0.0,414.0,0.0,18.0,0.0
16/08/2025,75,Đồng Nai,26017,Phường Tam Hiệp,0.0,0.0,83.0,0.0,83.0,0.0
16/08/2025,75,Đồng Nai,26029,Phường Thống Nhất,0.0,0.0,4.0,0.0,4.0,0.0
16/08/2025,75,Đồng Nai,26050,Phường An Bình,0.0,0.0,34.0,0.0,34.0,0.0
16/08/2025,75,Đồng Nai,26056,Phường Long Bình Tân,0.0,0.0,843.0,0.0,843.0,0.0
16/08/2025,75,Đồng Nai,26068,Phường Hóa An,0.0,0.0,204.0,0.0,204.0,0.0
16/08/2025,75,Đồng Nai,26095,Phường Suối Tre,0.0,0.0,138.0,0.0,138.0,0.0
16/08/2025,75,Đồng Nai,26188,Xã Thạnh Phú,0.0,0.0,85.0,0.0,85.0,0.0
16/08/2025,75,Đồng Nai,26206,Thị Trấn Định Quán,0.0,0.0,336.0,0.0,336.0,0.0
16/08/2025,75,Đồng Nai,26272,Xã Hố Nai 3,0.0,0.0,788.0,0.0,788.0,0.0
16/08/2025,75,Đồng Nai,26296,Xã An Viễn,0.0,0.0,55.0,0.0,55.0,0.0
16/08/2025,75,Đồng Nai,26311,Xã Quang Trung,0.0,0.0,144.0,0.0,144.0,0.0
16/08/2025,75,Đồng Nai,26317,Xã Hưng Lộc,0.0,0.0,92.0,0.0,92.0,0.0
16/08/2025,75,Đồng Nai,26362,Xã Sông Ray,0.0,0.0,65.0,0.0,65.0,0.0
16/08/2025,75,Đồng Nai,26368,Thị Trấn Long Thành,0.0,0.0,181.0,0.0,181.0,0.0
16/08/2025,75,Đồng Nai,26389,Xã Long Đức,0.0,0.0,46.0,0.0,46.0,0.0
16/08/2025,75,Đồng Nai,26416,Xã Phước Bình,0.0,0.0,87.0,0.0,87.0,0.0
16/08/2025,75,Đồng Nai,26455,Xã Xuân Hiệp,0.0,0.0,5.0,0.0,5.0,0.0
16/08/2025,75,Đồng Nai,26497,Xã Vĩnh Thanh,0.0,0.0,95.0,0.0,95.0,0.0
16/09/2025,75,Đồng Nai,25993,Phường Trảng Dài,0.0,0.0,0.0,93.0,0.0,0.0
16/09/2025,75,Đồng Nai,26017,Phường Tam Hiệp,0.0,0.0,0.0,1.0,0.0,0.0
16/12/2024,75,Đồng Nai,26248,Thị Trấn Trảng Bom,0.0,0.0,2.0,0.0,2.0,2.0
17/01/2025,75,Đồng Nai,26080,Phường Xuân An,0.0,0.0,1.0,0.0,1.0,1.0
17/01/2025,75,Đồng Nai,26341,Thị Trấn Long Giao,0.0,0.0,741.0,0.0,741.0,741.0
17/01/2025,75,Đồng Nai,26452,Xã Suối Cát,22.0,0.0,684.0,2.0,684.0,684.0
17/02/2025,75,Đồng Nai,26026,Phường Tân Mai,0.0,0.0,3.0,0.0,3.0,3.0
17/02/2025,75,Đồng Nai,26029,Phường Thống Nhất,0.0,0.0,1.0,0.0,1.0,1.0
17/02/2025,75,Đồng Nai,26080,Phường Xuân An,0.0,0.0,1.0,0.0,1.0,1.0
17/02/2025,75,Đồng Nai,26248,Thị Trấn Trảng Bom,0.0,0.0,179.0,0.0,179.0,179.0
17/02/2025,75,Đồng Nai,26341,Thị Trấn Long Giao,0.0,0.0,680.0,0.0,680.0,680.0
17/02/2025,75,Đồng Nai,26452,Xã Suối Cát,40.0,0.0,840.0,42.0,840.0,840.0
17/03/2025,75,Đồng Nai,25996,Phường Tân Phong,0.0,0.0,15.0,0.0,15.0,15.0
17/03/2025,75,Đồng Nai,26026,Phường Tân Mai,0.0,0.0,18.0,0.0,18.0,18.0
17/03/2025,75,Đồng Nai,26080,Phường Xuân An,0.0,0.0,3.0,0.0,3.0,3.0
17/03/2025,75,Đồng Nai,26095,Phường Suối Tre,0.0,0.0,7.0,0.0,7.0,7.0
17/03/2025,75,Đồng Nai,26248,Thị Trấn Trảng Bom,0.0,0.0,1110.0,0.0,1110.0,1110.0
17/03/2025,75,Đồng Nai,26254,Xã Cây Gáo,0.0,0.0,50.0,0.0,50.0,50.0
17/03/2025,75,Đồng Nai,26272,Xã Hố Nai 3,0.0,0.0,3.0,0.0,3.0,3.0
17/03/2025,75,Đồng Nai,26368,Thị Trấn Long Thành,0.0,0.0,1.0,0.0,1.0,1.0
17/03/2025,75,Đồng Nai,26452,Xã Suối Cát,49.0,0.0,850.0,127.0,850.0,850.0
17/04/2025,75,Đồng Nai,25993,Phường Trảng Dài,0.0,0.0,161.0,37.0,161.0,161.0
17/04/2025,75,Đồng Nai,25996,Phường Tân Phong,0.0,0.0,54.0,0.0,54.0,54.0
17/04/2025,75,Đồng Nai,25999,Phường Tân Biên,0.0,0.0,4.0,0.0,4.0,4.0
17/04/2025,75,Đồng Nai,26095,Phường Suối Tre,4.0,1.0,956.0,0.0,956.0,956.0
17/04/2025,75,Đồng Nai,26206,Thị Trấn Định Quán,0.0,0.0,595.0,0.0,595.0,595.0
17/04/2025,75,Đồng Nai,26272,Xã Hố Nai 3,7.0,0.0,466.0,0.0,466.0,466.0
17/04/2025,75,Đồng Nai,26326,Thị Trấn Dầu Giây,0.0,0.0,582.0,0.0,582.0,582.0
17/04/2025,75,Đồng Nai,26341,Thị Trấn Long Giao,0.0,0.0,1.0,0.0,1.0,1.0
17/04/2025,75,Đồng Nai,26368,Thị Trấn Long Thành,0.0,0.0,399.0,0.0,399.0,399.0
17/04/2025,75,Đồng Nai,26377,Phường Phước Tân,0.0,0.0,16.0,0.0,16.0,16.0
17/04/2025,75,Đồng Nai,26452,Xã Suối Cát,23.0,0.0,675.0,114.0,675.0,675.0
17/04/2025,75,Đồng Nai,26455,Xã Xuân Hiệp,0.0,0.0,1.0,0.0,0.0,1.0
17/05/2024,75,Đồng Nai,26035,Phường Tam Hòa,0.0,0.0,1.0,0.0,1.0,1.0
17/05/2025,75,Đồng Nai,25996,Phường Tân Phong,0.0,0.0,100.0,0.0,100.0,100.0
17/05/2025,75,Đồng Nai,25999,Phường Tân Biên,0.0,0.0,15.0,0.0,15.0,15.0
17/05/2025,75,Đồng Nai,26017,Phường Tam Hiệp,0.0,0.0,117.0,0.0,117.0,117.0
17/05/2025,75,Đồng Nai,26029,Phường Thống Nhất,0.0,0.0,356.0,6.0,356.0,356.0
17/05/2025,75,Đồng Nai,26068,Phường Hóa An,0.0,0.0,317.0,0.0,302.0,317.0
17/05/2025,75,Đồng Nai,26095,Phường Suối Tre,0.0,0.0,97.0,0.0,97.0,97.0
17/05/2025,75,Đồng Nai,26116,Thị Trấn Tân Phú,0.0,0.0,121.0,0.0,121.0,121.0
17/05/2025,75,Đồng Nai,26188,Xã Thạnh Phú,0.0,0.0,2.0,0.0,2.0,2.0
17/05/2025,75,Đồng Nai,26206,Thị Trấn Định Quán,0.0,0.0,82.0,0.0,82.0,82.0
17/05/2025,75,Đồng Nai,26272,Xã Hố Nai 3,3.0,0.0,619.0,0.0,619.0,619.0
17/05/2025,75,Đồng Nai,26299,Xã Gia Tân 1,0.0,0.0,18.0,0.0,18.0,18.0
17/05/2025,75,Đồng Nai,26311,Xã Quang Trung,0.0,0.0,2.0,0.0,2.0,2.0
17/05/2025,75,Đồng Nai,26317,Xã Hưng Lộc,0.0,0.0,106.0,0.0,106.0,106.0
17/05/2025,75,Đồng Nai,26326,Thị Trấn Dầu Giây,0.0,0.0,155.0,0.0,155.0,155.0
17/05/2025,75,Đồng Nai,26362,Xã Sông Ray,1.0,0.0,79.0,0.0,79.0,79.0
17/05/2025,75,Đồng Nai,26368,Thị Trấn Long Thành,0.0,0.0,111.0,0.0,111.0,111.0
17/05/2025,75,Đồng Nai,26374,Phường Tam Phước,0.0,0.0,92.0,0.0,92.0,92.0
17/05/2025,75,Đồng Nai,26377,Phường Phước Tân,0.0,0.0,1.0,0.0,1.0,1.0
17/05/2025,75,Đồng Nai,26416,Xã Phước Bình,0.0,0.0,89.0,0.0,89.0,89.0
17/05/2025,75,Đồng Nai,26440,Xã Xuân Trường,0.0,0.0,64.0,0.0,64.0,64.0
17/05/2025,75,Đồng Nai,26452,Xã Suối Cát,0.0,0.0,21.0,2.0,21.0,21.0
17/05/2025,75,Đồng Nai,26455,Xã Xuân Hiệp,0.0,0.0,375.0,0.0,375.0,375.0
17/05/2025,75,Đồng Nai,26497,Xã Vĩnh Thanh,0.0,0.0,65.0,0.0,65.0,65.0
17/06/2024,75,Đồng Nai,26206,Thị Trấn Định Quán,0.0,0.0,6.0,0.0,6.0,6.0
17/06/2025,75,Đồng Nai,25993,Phường Trảng Dài,0.0,0.0,1.0,0.0,1.0,1.0
17/06/2025,75,Đồng Nai,25996,Phường Tân Phong,7.0,0.0,358.0,0.0,358.0,358.0
17/06/2025,75,Đồng Nai,25999,Phường Tân Biên,0.0,0.0,13.0,0.0,13.0,13.0
17/06/2025,75,Đồng Nai,26002,Phường Hố Nai,1.0,0.0,44.0,0.0,44.0,44.0
17/06/2025,75,Đồng Nai,26017,Phường Tam Hiệp,0.0,0.0,291.0,0.0,291.0,291.0
17/06/2025,75,Đồng Nai,26020,Phường Long Bình,0.0,0.0,66.0,0.0,66.0,66.0
17/06/2025,75,Đồng Nai,26029,Phường Thống Nhất,0.0,0.0,424.0,0.0,424.0,424.0
17/06/2025,75,Đồng Nai,26050,Phường An Bình,0.0,0.0,30.0,0.0,30.0,30.0
17/06/2025,75,Đồng Nai,26056,Phường Long Bình Tân,3.0,0.0,1446.0,0.0,1446.0,1446.0
17/06/2025,75,Đồng Nai,26068,Phường Hóa An,0.0,0.0,193.0,0.0,162.0,193.0
17/06/2025,75,Đồng Nai,26095,Phường Suối Tre,0.0,0.0,1377.0,0.0,1377.0,1377.0
17/06/2025,75,Đồng Nai,26206,Thị Trấn Định Quán,0.0,0.0,373.0,0.0,373.0,373.0
17/06/2025,75,Đồng Nai,26272,Xã Hố Nai 3,11.0,0.0,675.0,0.0,675.0,675.0
17/06/2025,75,Đồng Nai,26293,Xã Giang Điền,0.0,0.0,2.0,0.0,2.0,2.0
17/06/2025,75,Đồng Nai,26296,Xã An Viễn,0.0,0.0,128.0,0.0,128.0,128.0
17/06/2025,75,Đồng Nai,26299,Xã Gia Tân 1,1.0,0.0,52.0,0.0,52.0,52.0
17/06/2025,75,Đồng Nai,26311,Xã Quang Trung,0.0,0.0,39.0,0.0,39.0,39.0
17/06/2025,75,Đồng Nai,26317,Xã Hưng Lộc,0.0,0.0,86.0,0.0,86.0,86.0
17/06/2025,75,Đồng Nai,26326,Thị Trấn Dầu Giây,0.0,0.0,588.0,0.0,588.0,588.0
17/06/2025,75,Đồng Nai,26362,Xã Sông Ray,2.0,0.0,110.0,0.0,110.0,110.0
17/06/2025,75,Đồng Nai,26368,Thị Trấn Long Thành,2.0,0.0,602.0,0.0,602.0,602.0
17/06/2025,75,Đồng Nai,26374,Phường Tam Phước,0.0,0.0,200.0,0.0,200.0,200.0
17/06/2025,75,Đồng Nai,26377,Phường Phước Tân,0.0,0.0,24.0,0.0,24.0,24.0
17/06/2025,75,Đồng Nai,26416,Xã Phước Bình,0.0,0.0,89.0,0.0,89.0,89.0
17/06/2025,75,Đồng Nai,26452,Xã Suối Cát,22.0,0.0,644.0,59.0,644.0,644.0
17/06/2025,75,Đồng Nai,26455,Xã Xuân Hiệp,0.0,0.0,1171.0,0.0,1171.0,1171.0
17/06/2025,75,Đồng Nai,26470,Xã Phước Thiền,0.0,0.0,1.0,0.0,1.0,1.0
17/06/2025,75,Đồng Nai,26497,Xã Vĩnh Thanh,0.0,0.0,66.0,0.0,66.0,66.0
17/07/2025,75,Đồng Nai,25993,Phường Trảng Dài,0.0,0.0,3.0,10.0,3.0,0.0
17/07/2025,75,Đồng Nai,25996,Phường Tân Phong,0.0,0.0,269.0,0.0,269.0,0.0
17/07/2025,75,Đồng Nai,26056,Phường Long Bình Tân,0.0,0.0,108.0,0.0,108.0,0.0
17/07/2025,75,Đồng Nai,26068,Phường Hóa An,0.0,0.0,150.0,0.0,150.0,0.0
17/07/2025,75,Đồng Nai,26095,Phường Suối Tre,0.0,0.0,71.0,0.0,71.0,0.0
17/07/2025,75,Đồng Nai,26116,Thị Trấn Tân Phú,0.0,0.0,513.0,0.0,513.0,0.0
17/07/2025,75,Đồng Nai,26206,Thị Trấn Định Quán,0.0,0.0,22.0,0.0,22.0,0.0
17/07/2025,75,Đồng Nai,26272,Xã Hố Nai 3,0.0,0.0,215.0,0.0,215.0,0.0
17/07/2025,75,Đồng Nai,26296,Xã An Viễn,0.0,0.0,79.0,0.0,79.0,0.0
17/07/2025,75,Đồng Nai,26317,Xã Hưng Lộc,0.0,0.0,2.0,0.0,2.0,0.0
17/07/2025,75,Đồng Nai,26326,Thị Trấn Dầu Giây,0.0,0.0,23.0,0.0,23.0,0.0
17/07/2025,75,Đồng Nai,26368,Thị Trấn Long Thành,0.0,0.0,51.0,0.0,51.0,0.0
17/07/2025,75,Đồng Nai,26374,Phường Tam Phước,0.0,0.0,4.0,0.0,4.0,0.0
17/07/2025,75,Đồng Nai,26377,Phường Phước Tân,0.0,0.0,29.0,0.0,29.0,0.0
17/07/2025,75,Đồng Nai,26416,Xã Phước Bình,0.0,0.0,4.0,0.0,4.0,0.0
17/07/2025,75,Đồng Nai,26452,Xã Suối Cát,0.0,0.0,3.0,1.0,3.0,0.0
17/07/2025,75,Đồng Nai,26455,Xã Xuân Hiệp,0.0,0.0,372.0,0.0,372.0,0.0
17/07/2025,75,Đồng Nai,26497,Xã Vĩnh Thanh,0.0,0.0,75.0,0.0,75.0,0.0
17/08/2025,75,Đồng Nai,25993,Phường Trảng Dài,0.0,0.0,0.0,102.0,0.0,0.0
17/08/2025,75,Đồng Nai,25996,Phường Tân Phong,0.0,0.0,284.0,0.0,39.0,0.0
17/08/2025,75,Đồng Nai,26029,Phường Thống Nhất,0.0,0.0,8.0,0.0,8.0,0.0
17/08/2025,75,Đồng Nai,26050,Phường An Bình,0.0,0.0,11.0,0.0,11.0,0.0
17/08/2025,75,Đồng Nai,26056,Phường Long Bình Tân,0.0,0.0,546.0,0.0,546.0,0.0
17/08/2025,75,Đồng Nai,26095,Phường Suối Tre,0.0,0.0,432.0,0.0,432.0,0.0
17/08/2025,75,Đồng Nai,26188,Xã Thạnh Phú,0.0,0.0,93.0,0.0,93.0,0.0
17/08/2025,75,Đồng Nai,26206,Thị Trấn Định Quán,0.0,0.0,111.0,0.0,111.0,0.0
17/08/2025,75,Đồng Nai,26272,Xã Hố Nai 3,0.0,0.0,492.0,0.0,492.0,0.0
17/08/2025,75,Đồng Nai,26296,Xã An Viễn,0.0,0.0,42.0,0.0,42.0,0.0
17/08/2025,75,Đồng Nai,26311,Xã Quang Trung,0.0,0.0,106.0,0.0,106.0,0.0
17/08/2025,75,Đồng Nai,26362,Xã Sông Ray,0.0,0.0,26.0,0.0,26.0,0.0
17/08/2025,75,Đồng Nai,26368,Thị Trấn Long Thành,0.0,0.0,231.0,0.0,231.0,0.0
17/08/2025,75,Đồng Nai,26389,Xã Long Đức,0.0,0.0,42.0,0.0,42.0,0.0
17/08/2025,75,Đồng Nai,26416,Xã Phước Bình,0.0,0.0,1.0,0.0,1.0,0.0
17/08/2025,75,Đồng Nai,26452,Xã Suối Cát,0.0,0.0,0.0,3.0,0.0,0.0
17/08/2025,75,Đồng Nai,26455,Xã Xuân Hiệp,0.0,0.0,304.0,0.0,304.0,0.0
17/08/2025,75,Đồng Nai,26497,Xã Vĩnh Thanh,0.0,0.0,93.0,0.0,93.0,0.0
17/09/2025,75,Đồng Nai,25993,Phường Trảng Dài,0.0,0.0,0.0,113.0,0.0,0.0
17/12/2024,75,Đồng Nai,26452,Xã Suối Cát,0.0,0.0,2.0,0.0,2.0,2.0
18/01/2025,75,Đồng Nai,26341,Thị Trấn Long Giao,0.0,0.0,6.0,0.0,6.0,6.0
18/01/2025,75,Đồng Nai,26452,Xã Suối Cát,0.0,0.0,44.0,2.0,44.0,44.0
18/02/2025,75,Đồng Nai,25993,Phường Trảng Dài,0.0,0.0,34.0,0.0,34.0,34.0
18/02/2025,75,Đồng Nai,26026,Phường Tân Mai,0.0,0.0,5.0,0.0,5.0,5.0
18/02/2025,75,Đồng Nai,26080,Phường Xuân An,0.0,0.0,1.0,0.0,1.0,1.0
18/02/2025,75,Đồng Nai,26248,Thị Trấn Trảng Bom,0.0,0.0,117.0,0.0,117.0,117.0
18/02/2025,75,Đồng Nai,26341,Thị Trấn Long Giao,0.0,0.0,631.0,0.0,631.0,631.0
18/02/2025,75,Đồng Nai,26452,Xã Suối Cát,27.0,0.0,730.0,52.0,730.0,730.0
18/03/2025,75,Đồng Nai,25996,Phường Tân Phong,0.0,0.0,4.0,0.0,4.0,4.0
18/03/2025,75,Đồng Nai,26026,Phường Tân Mai,0.0,0.0,8.0,0.0,8.0,8.0
18/03/2025,75,Đồng Nai,26080,Phường Xuân An,0.0,0.0,2.0,0.0,2.0,2.0
18/03/2025,75,Đồng Nai,26095,Phường Suối Tre,0.0,0.0,3.0,0.0,3.0,3.0
18/03/2025,75,Đồng Nai,26116,Thị Trấn Tân Phú,0.0,0.0,1.0,0.0,1.0,1.0
18/03/2025,75,Đồng Nai,26248,Thị Trấn Trảng Bom,0.0,0.0,855.0,0.0,855.0,855.0
18/03/2025,75,Đồng Nai,26254,Xã Cây Gáo,0.0,0.0,35.0,0.0,35.0,35.0
18/03/2025,75,Đồng Nai,26272,Xã Hố Nai 3,0.0,0.0,5.0,0.0,5.0,5.0
18/03/2025,75,Đồng Nai,26368,Thị Trấn Long Thành,0.0,0.0,1.0,0.0,1.0,1.0
18/03/2025,75,Đồng Nai,26377,Phường Phước Tân,0.0,0.0,2.0,0.0,2.0,2.0
18/03/2025,75,Đồng Nai,26452,Xã Suối Cát,24.0,0.0,624.0,99.0,624.0,624.0
18/04/2025,75,Đồng Nai,25993,Phường Trảng Dài,0.0,0.0,53.0,0.0,53.0,53.0
18/04/2025,75,Đồng Nai,25996,Phường Tân Phong,0.0,0.0,67.0,0.0,67.0,67.0
18/04/2025,75,Đồng Nai,25999,Phường Tân Biên,0.0,0.0,10.0,0.0,10.0,10.0
18/04/2025,75,Đồng Nai,26095,Phường Suối Tre,10.0,0.0,2275.0,0.0,2275.0,2275.0
18/04/2025,75,Đồng Nai,26206,Thị Trấn Định Quán,0.0,0.0,803.0,0.0,803.0,803.0
18/04/2025,75,Đồng Nai,26272,Xã Hố Nai 3,4.0,0.0,445.0,0.0,445.0,445.0
18/04/2025,75,Đồng Nai,26326,Thị Trấn Dầu Giây,0.0,0.0,665.0,0.0,665.0,665.0
18/04/2025,75,Đồng Nai,26341,Thị Trấn Long Giao,0.0,0.0,3.0,0.0,3.0,3.0
18/04/2025,75,Đồng Nai,26362,Xã Sông Ray,0.0,0.0,61.0,0.0,61.0,61.0
18/04/2025,75,Đồng Nai,26368,Thị Trấn Long Thành,0.0,0.0,533.0,0.0,533.0,533.0
18/04/2025,75,Đồng Nai,26377,Phường Phước Tân,0.0,0.0,39.0,0.0,39.0,39.0
18/04/2025,75,Đồng Nai,26440,Xã Xuân Trường,0.0,0.0,1.0,0.0,1.0,1.0
18/04/2025,75,Đồng Nai,26452,Xã Suối Cát,22.0,0.0,698.0,11.0,698.0,698.0
18/04/2025,75,Đồng Nai,26485,Xã Phú Hội,0.0,0.0,1.0,0.0,1.0,1.0
18/05/2025,75,Đồng Nai,25993,Phường Trảng Dài,0.0,0.0,0.0,110.0,0.0,0.0
18/05/2025,75,Đồng Nai,25996,Phường Tân Phong,1.0,0.0,299.0,0.0,299.0,299.0
18/05/2025,75,Đồng Nai,25999,Phường Tân Biên,0.0,0.0,9.0,0.0,9.0,9.0
18/05/2025,75,Đồng Nai,26017,Phường Tam Hiệp,0.0,0.0,5.0,0.0,5.0,5.0
18/05/2025,75,Đồng Nai,26029,Phường Thống Nhất,0.0,0.0,287.0,1.0,287.0,287.0
18/05/2025,75,Đồng Nai,26068,Phường Hóa An,0.0,0.0,106.0,0.0,94.0,106.0
18/05/2025,75,Đồng Nai,26095,Phường Suối Tre,0.0,0.0,92.0,0.0,92.0,92.0
18/05/2025,75,Đồng Nai,26116,Thị Trấn Tân Phú,0.0,0.0,120.0,0.0,120.0,120.0
18/05/2025,75,Đồng Nai,26188,Xã Thạnh Phú,0.0,0.0,2.0,0.0,2.0,2.0
18/05/2025,75,Đồng Nai,26206,Thị Trấn Định Quán,0.0,0.0,115.0,0.0,115.0,115.0
18/05/2025,75,Đồng Nai,26272,Xã Hố Nai 3,7.0,0.0,447.0,0.0,447.0,447.0
18/05/2025,75,Đồng Nai,26299,Xã Gia Tân 1,0.0,0.0,20.0,0.0,20.0,20.0
18/05/2025,75,Đồng Nai,26317,Xã Hưng Lộc,0.0,0.0,19.0,0.0,19.0,19.0
18/05/2025,75,Đồng Nai,26326,Thị Trấn Dầu Giây,0.0,0.0,61.0,0.0,61.0,61.0
18/05/2025,75,Đồng Nai,26362,Xã Sông Ray,0.0,0.0,13.0,0.0,13.0,13.0
18/05/2025,75,Đồng Nai,26368,Thị Trấn Long Thành,0.0,0.0,116.0,0.0,116.0,116.0
18/05/2025,75,Đồng Nai,26374,Phường Tam Phước,0.0,0.0,121.0,0.0,121.0,121.0
18/05/2025,75,Đồng Nai,26440,Xã Xuân Trường,0.0,0.0,21.0,0.0,21.0,21.0
18/05/2025,75,Đồng Nai,26452,Xã Suối Cát,2.0,0.0,31.0,88.0,31.0,31.0
18/05/2025,75,Đồng Nai,26455,Xã Xuân Hiệp,0.0,0.0,272.0,0.0,272.0,272.0
18/05/2025,75,Đồng Nai,26497,Xã Vĩnh Thanh,1.0,0.0,85.0,0.0,85.0,85.0
18/06/2025,75,Đồng Nai,25996,Phường Tân Phong,0.0,0.0,38.0,0.0,38.0,5.0
18/06/2025,75,Đồng Nai,26002,Phường Hố Nai,0.0,0.0,20.0,0.0,20.0,20.0
18/06/2025,75,Đồng Nai,26017,Phường Tam Hiệp,0.0,0.0,326.0,4.0,326.0,134.0
18/06/2025,75,Đồng Nai,26020,Phường Long Bình,0.0,0.0,43.0,0.0,43.0,8.0
18/06/2025,75,Đồng Nai,26029,Phường Thống Nhất,0.0,0.0,123.0,0.0,123.0,114.0
18/06/2025,75,Đồng Nai,26050,Phường An Bình,0.0,0.0,76.0,0.0,76.0,0.0
18/06/2025,75,Đồng Nai,26056,Phường Long Bình Tân,5.0,0.0,1119.0,0.0,1119.0,731.0
18/06/2025,75,Đồng Nai,26068,Phường Hóa An,0.0,0.0,163.0,0.0,135.0,145.0
18/06/2025,75,Đồng Nai,26095,Phường Suối Tre,0.0,0.0,1566.0,0.0,1566.0,311.0
18/06/2025,75,Đồng Nai,26116,Thị Trấn Tân Phú,0.0,0.0,1.0,0.0,1.0,1.0
18/06/2025,75,Đồng Nai,26206,Thị Trấn Định Quán,0.0,0.0,398.0,0.0,398.0,364.0
18/06/2025,75,Đồng Nai,26272,Xã Hố Nai 3,10.0,0.0,718.0,0.0,718.0,647.0
18/06/2025,75,Đồng Nai,26296,Xã An Viễn,0.0,0.0,124.0,0.0,124.0,100.0
18/06/2025,75,Đồng Nai,26299,Xã Gia Tân 1,0.0,0.0,61.0,0.0,61.0,61.0
18/06/2025,75,Đồng Nai,26311,Xã Quang Trung,0.0,0.0,23.0,0.0,23.0,11.0
18/06/2025,75,Đồng Nai,26317,Xã Hưng Lộc,0.0,0.0,24.0,0.0,24.0,17.0
18/06/2025,75,Đồng Nai,26326,Thị Trấn Dầu Giây,0.0,0.0,498.0,0.0,498.0,291.0
18/06/2025,75,Đồng Nai,26362,Xã Sông Ray,0.0,0.0,139.0,0.0,139.0,119.0
18/06/2025,75,Đồng Nai,26368,Thị Trấn Long Thành,0.0,0.0,177.0,0.0,177.0,119.0
18/06/2025,75,Đồng Nai,26374,Phường Tam Phước,0.0,0.0,23.0,0.0,23.0,23.0
18/06/2025,75,Đồng Nai,26377,Phường Phước Tân,0.0,0.0,37.0,0.0,37.0,19.0
18/06/2025,75,Đồng Nai,26416,Xã Phước Bình,0.0,0.0,85.0,0.0,85.0,81.0
18/06/2025,75,Đồng Nai,26452,Xã Suối Cát,0.0,0.0,68.0,56.0,68.0,23.0
18/06/2025,75,Đồng Nai,26455,Xã Xuân Hiệp,0.0,0.0,949.0,0.0,949.0,553.0
18/06/2025,75,Đồng Nai,26497,Xã Vĩnh Thanh,0.0,0.0,66.0,0.0,66.0,51.0
18/07/2025,75,Đồng Nai,25993,Phường Trảng Dài,0.0,0.0,1.0,0.0,1.0,0.0
18/07/2025,75,Đồng Nai,25996,Phường Tân Phong,0.0,0.0,263.0,0.0,263.0,0.0
18/07/2025,75,Đồng Nai,26056,Phường Long Bình Tân,0.0,0.0,130.0,0.0,130.0,0.0
18/07/2025,75,Đồng Nai,26068,Phường Hóa An,0.0,0.0,139.0,0.0,139.0,0.0
18/07/2025,75,Đồng Nai,26095,Phường Suối Tre,0.0,0.0,93.0,0.0,93.0,0.0
18/07/2025,75,Đồng Nai,26116,Thị Trấn Tân Phú,0.0,0.0,395.0,0.0,395.0,0.0
18/07/2025,75,Đồng Nai,26206,Thị Trấn Định Quán,0.0,0.0,23.0,0.0,23.0,0.0
18/07/2025,75,Đồng Nai,26272,Xã Hố Nai 3,0.0,0.0,594.0,0.0,594.0,0.0
18/07/2025,75,Đồng Nai,26296,Xã An Viễn,0.0,0.0,180.0,0.0,180.0,0.0
18/07/2025,75,Đồng Nai,26317,Xã Hưng Lộc,0.0,0.0,2.0,0.0,2.0,0.0
18/07/2025,75,Đồng Nai,26326,Thị Trấn Dầu Giây,0.0,0.0,19.0,0.0,19.0,0.0
18/07/2025,75,Đồng Nai,26341,Thị Trấn Long Giao,0.0,0.0,2.0,0.0,2.0,0.0
18/07/2025,75,Đồng Nai,26368,Thị Trấn Long Thành,0.0,0.0,375.0,0.0,375.0,0.0
18/07/2025,75,Đồng Nai,26374,Phường Tam Phước,0.0,0.0,11.0,0.0,11.0,0.0
18/07/2025,75,Đồng Nai,26377,Phường Phước Tân,0.0,0.0,45.0,0.0,45.0,0.0
18/07/2025,75,Đồng Nai,26416,Xã Phước Bình,0.0,0.0,22.0,0.0,22.0,0.0
18/07/2025,75,Đồng Nai,26452,Xã Suối Cát,0.0,0.0,4.0,0.0,4.0,0.0
18/07/2025,75,Đồng Nai,26455,Xã Xuân Hiệp,0.0,0.0,374.0,0.0,374.0,0.0
18/07/2025,75,Đồng Nai,26497,Xã Vĩnh Thanh,0.0,0.0,88.0,0.0,88.0,0.0
18/08/2025,75,Đồng Nai,25993,Phường Trảng Dài,0.0,0.0,206.0,111.0,206.0,0.0
18/08/2025,75,Đồng Nai,25996,Phường Tân Phong,0.0,0.0,479.0,0.0,478.0,0.0
18/08/2025,75,Đồng Nai,26029,Phường Thống Nhất,0.0,0.0,116.0,0.0,116.0,0.0
18/08/2025,75,Đồng Nai,26056,Phường Long Bình Tân,0.0,0.0,1049.0,0.0,1049.0,0.0
18/08/2025,75,Đồng Nai,26068,Phường Hóa An,0.0,0.0,200.0,0.0,200.0,0.0
18/08/2025,75,Đồng Nai,26095,Phường Suối Tre,0.0,0.0,1443.0,0.0,1443.0,0.0
18/08/2025,75,Đồng Nai,26188,Xã Thạnh Phú,0.0,0.0,235.0,0.0,235.0,0.0
18/08/2025,75,Đồng Nai,26206,Thị Trấn Định Quán,0.0,0.0,837.0,0.0,837.0,0.0
18/08/2025,75,Đồng Nai,26272,Xã Hố Nai 3,0.0,0.0,899.0,0.0,899.0,0.0
18/08/2025,75,Đồng Nai,26296,Xã An Viễn,0.0,0.0,97.0,0.0,97.0,0.0
18/08/2025,75,Đồng Nai,26311,Xã Quang Trung,0.0,0.0,240.0,0.0,240.0,0.0
18/08/2025,75,Đồng Nai,26317,Xã Hưng Lộc,0.0,0.0,1.0,0.0,1.0,0.0
18/08/2025,75,Đồng Nai,26362,Xã Sông Ray,0.0,0.0,144.0,0.0,144.0,0.0
18/08/2025,75,Đồng Nai,26368,Thị Trấn Long Thành,0.0,0.0,603.0,0.0,603.0,0.0
18/08/2025,75,Đồng Nai,26389,Xã Long Đức,0.0,0.0,84.0,0.0,84.0,0.0
18/08/2025,75,Đồng Nai,26416,Xã Phước Bình,0.0,0.0,2.0,0.0,2.0,0.0
18/08/2025,75,Đồng Nai,26452,Xã Suối Cát,0.0,0.0,0.0,1.0,0.0,0.0
18/08/2025,75,Đồng Nai,26455,Xã Xuân Hiệp,0.0,0.0,10.0,0.0,10.0,0.0
18/08/2025,75,Đồng Nai,26497,Xã Vĩnh Thanh,0.0,0.0,97.0,0.0,97.0,0.0
18/09/2025,75,Đồng Nai,25993,Phường Trảng Dài,0.0,0.0,0.0,57.0,0.0,0.0
18/10/2024,75,Đồng Nai,26248,Thị Trấn Trảng Bom,0.0,0.0,1.0,0.0,1.0,1.0
18/12/2024,75,Đồng Nai,26248,Thị Trấn Trảng Bom,0.0,0.0,1.0,0.0,1.0,1.0
18/12/2024,75,Đồng Nai,26452,Xã Suối Cát,0.0,0.0,1.0,0.0,1.0,1.0
19/01/2025,75,Đồng Nai,26029,Phường Thống Nhất,0.0,0.0,1.0,0.0,1.0,1.0
19/01/2025,75,Đồng Nai,26248,Thị Trấn Trảng Bom,0.0,0.0,1.0,0.0,1.0,1.0
19/01/2025,75,Đồng Nai,26341,Thị Trấn Long Giao,0.0,0.0,62.0,0.0,62.0,62.0
19/01/2025,75,Đồng Nai,26452,Xã Suối Cát,0.0,0.0,0.0,87.0,0.0,0.0
19/02/2025,75,Đồng Nai,25993,Phường Trảng Dài,0.0,0.0,38.0,0.0,38.0,38.0
19/02/2025,75,Đồng Nai,26026,Phường Tân Mai,1.0,0.0,64.0,0.0,64.0,64.0
19/02/2025,75,Đồng Nai,26080,Phường Xuân An,0.0,0.0,4.0,0.0,4.0,4.0
19/02/2025,75,Đồng Nai,26248,Thị Trấn Trảng Bom,0.0,0.0,44.0,0.0,44.0,44.0
19/02/2025,75,Đồng Nai,26341,Thị Trấn Long Giao,0.0,0.0,527.0,0.0,527.0,527.0
19/02/2025,75,Đồng Nai,26452,Xã Suối Cát,21.0,0.0,749.0,54.0,749.0,749.0
19/03/2025,75,Đồng Nai,25996,Phường Tân Phong,0.0,0.0,3.0,0.0,3.0,3.0
19/03/2025,75,Đồng Nai,26026,Phường Tân Mai,0.0,0.0,7.0,0.0,7.0,7.0
19/03/2025,75,Đồng Nai,26080,Phường Xuân An,0.0,0.0,1.0,0.0,1.0,1.0
19/03/2025,75,Đồng Nai,26095,Phường Suối Tre,0.0,0.0,13.0,0.0,13.0,13.0
19/03/2025,75,Đồng Nai,26248,Thị Trấn Trảng Bom,0.0,0.0,510.0,0.0,510.0,510.0
19/03/2025,75,Đồng Nai,26254,Xã Cây Gáo,0.0,0.0,29.0,0.0,29.0,29.0
19/03/2025,75,Đồng Nai,26272,Xã Hố Nai 3,0.0,0.0,6.0,0.0,6.0,6.0
19/03/2025,75,Đồng Nai,26326,Thị Trấn Dầu Giây,0.0,0.0,1.0,0.0,1.0,1.0
19/03/2025,75,Đồng Nai,26377,Phường Phước Tân,0.0,0.0,1.0,0.0,1.0,1.0
19/03/2025,75,Đồng Nai,26452,Xã Suối Cát,19.0,0.0,680.0,110.0,680.0,680.0
19/03/2025,75,Đồng Nai,26479,Thị Trấn Hiệp Phước,0.0,0.0,1.0,0.0,1.0,1.0
19/04/2024,75,Đồng Nai,26248,Thị Trấn Trảng Bom,0.0,0.0,2.0,0.0,2.0,2.0
19/04/2025,75,Đồng Nai,25999,Phường Tân Biên,0.0,0.0,1.0,0.0,1.0,1.0
19/04/2025,75,Đồng Nai,26068,Phường Hóa An,0.0,0.0,2.0,0.0,2.0,2.0
19/04/2025,75,Đồng Nai,26095,Phường Suối Tre,5.0,0.0,228.0,0.0,228.0,228.0
19/04/2025,75,Đồng Nai,26206,Thị Trấn Định Quán,0.0,0.0,198.0,0.0,198.0,198.0
19/04/2025,75,Đồng Nai,26272,Xã Hố Nai 3,3.0,0.0,540.0,0.0,540.0,540.0
19/04/2025,75,Đồng Nai,26326,Thị Trấn Dầu Giây,0.0,0.0,129.0,0.0,129.0,129.0
19/04/2025,75,Đồng Nai,26368,Thị Trấn Long Thành,0.0,0.0,108.0,0.0,108.0,108.0
19/04/2025,75,Đồng Nai,26377,Phường Phước Tân,0.0,0.0,1.0,0.0,1.0,1.0
19/04/2025,75,Đồng Nai,26440,Xã Xuân Trường,0.0,0.0,3.0,0.0,3.0,3.0
19/04/2025,75,Đồng Nai,26452,Xã Suối Cát,0.0,0.0,66.0,5.0,66.0,66.0
19/05/2025,75,Đồng Nai,25993,Phường Trảng Dài,0.0,0.0,0.0,97.0,0.0,0.0
19/05/2025,75,Đồng Nai,25996,Phường Tân Phong,0.0,0.0,95.0,0.0,95.0,95.0
19/05/2025,75,Đồng Nai,25999,Phường Tân Biên,0.0,0.0,7.0,0.0,7.0,7.0
19/05/2025,75,Đồng Nai,26017,Phường Tam Hiệp,0.0,0.0,127.0,0.0,127.0,127.0
19/05/2025,75,Đồng Nai,26029,Phường Thống Nhất,0.0,0.0,412.0,7.0,412.0,412.0
19/05/2025,75,Đồng Nai,26056,Phường Long Bình Tân,0.0,0.0,1.0,0.0,1.0,1.0
19/05/2025,75,Đồng Nai,26068,Phường Hóa An,0.0,0.0,243.0,0.0,207.0,243.0
19/05/2025,75,Đồng Nai,26095,Phường Suối Tre,0.0,0.0,416.0,0.0,416.0,416.0
19/05/2025,75,Đồng Nai,26116,Thị Trấn Tân Phú,0.0,0.0,471.0,0.0,471.0,471.0
19/05/2025,75,Đồng Nai,26188,Xã Thạnh Phú,0.0,0.0,75.0,0.0,75.0,75.0
19/05/2025,75,Đồng Nai,26206,Thị Trấn Định Quán,0.0,0.0,270.0,0.0,270.0,270.0
19/05/2025,75,Đồng Nai,26272,Xã Hố Nai 3,15.0,0.0,857.0,0.0,857.0,857.0
19/05/2025,75,Đồng Nai,26296,Xã An Viễn,0.0,0.0,19.0,0.0,19.0,19.0
19/05/2025,75,Đồng Nai,26299,Xã Gia Tân 1,0.0,0.0,17.0,0.0,17.0,17.0
19/05/2025,75,Đồng Nai,26317,Xã Hưng Lộc,0.0,0.0,8.0,0.0,8.0,8.0
19/05/2025,75,Đồng Nai,26326,Thị Trấn Dầu Giây,0.0,0.0,735.0,0.0,735.0,735.0
19/05/2025,75,Đồng Nai,26362,Xã Sông Ray,7.0,0.0,120.0,0.0,120.0,120.0
19/05/2025,75,Đồng Nai,26368,Thị Trấn Long Thành,0.0,0.0,484.0,0.0,484.0,484.0
19/05/2025,75,Đồng Nai,26374,Phường Tam Phước,0.0,0.0,20.0,0.0,20.0,20.0
19/05/2025,75,Đồng Nai,26377,Phường Phước Tân,0.0,0.0,34.0,0.0,34.0,34.0
19/05/2025,75,Đồng Nai,26440,Xã Xuân Trường,0.0,0.0,101.0,0.0,101.0,101.0
19/05/2025,75,Đồng Nai,26452,Xã Suối Cát,37.0,0.0,761.0,51.0,761.0,761.0
19/05/2025,75,Đồng Nai,26455,Xã Xuân Hiệp,0.0,0.0,799.0,0.0,799.0,799.0
19/06/2025,75,Đồng Nai,25996,Phường Tân Phong,0.0,0.0,88.0,0.0,88.0,0.0
19/06/2025,75,Đồng Nai,26002,Phường Hố Nai,10.0,0.0,135.0,0.0,135.0,0.0
19/06/2025,75,Đồng Nai,26017,Phường Tam Hiệp,0.0,0.0,415.0,4.0,415.0,0.0
19/06/2025,75,Đồng Nai,26020,Phường Long Bình,0.0,0.0,33.0,0.0,33.0,0.0
19/06/2025,75,Đồng Nai,26029,Phường Thống Nhất,0.0,0.0,581.0,0.0,581.0,0.0
19/06/2025,75,Đồng Nai,26050,Phường An Bình,0.0,0.0,127.0,0.0,127.0,0.0
19/06/2025,75,Đồng Nai,26056,Phường Long Bình Tân,1.0,0.0,917.0,0.0,917.0,0.0
19/06/2025,75,Đồng Nai,26068,Phường Hóa An,0.0,0.0,211.0,0.0,167.0,0.0
19/06/2025,75,Đồng Nai,26095,Phường Suối Tre,0.0,0.0,2618.0,0.0,2618.0,0.0
19/06/2025,75,Đồng Nai,26206,Thị Trấn Định Quán,0.0,0.0,536.0,0.0,536.0,0.0
19/06/2025,75,Đồng Nai,26272,Xã Hố Nai 3,14.0,0.0,1106.0,0.0,1106.0,0.0
19/06/2025,75,Đồng Nai,26296,Xã An Viễn,2.0,0.0,203.0,0.0,203.0,0.0
19/06/2025,75,Đồng Nai,26299,Xã Gia Tân 1,0.0,0.0,35.0,0.0,35.0,0.0
19/06/2025,75,Đồng Nai,26311,Xã Quang Trung,1.0,0.0,134.0,0.0,134.0,0.0
19/06/2025,75,Đồng Nai,26317,Xã Hưng Lộc,0.0,0.0,4.0,0.0,4.0,0.0
19/06/2025,75,Đồng Nai,26326,Thị Trấn Dầu Giây,0.0,0.0,475.0,0.0,475.0,0.0
19/06/2025,75,Đồng Nai,26362,Xã Sông Ray,0.0,0.0,86.0,0.0,86.0,0.0
19/06/2025,75,Đồng Nai,26368,Thị Trấn Long Thành,2.0,0.0,736.0,0.0,736.0,0.0
19/06/2025,75,Đồng Nai,26374,Phường Tam Phước,0.0,0.0,192.0,0.0,192.0,0.0
19/06/2025,75,Đồng Nai,26377,Phường Phước Tân,0.0,0.0,24.0,0.0,24.0,0.0
19/06/2025,75,Đồng Nai,26416,Xã Phước Bình,0.0,0.0,84.0,0.0,84.0,0.0
19/06/2025,75,Đồng Nai,26452,Xã Suối Cát,0.0,0.0,0.0,76.0,0.0,0.0
19/06/2025,75,Đồng Nai,26455,Xã Xuân Hiệp,0.0,0.0,1095.0,0.0,1095.0,0.0
19/06/2025,75,Đồng Nai,26497,Xã Vĩnh Thanh,0.0,0.0,76.0,0.0,76.0,0.0
19/07/2025,75,Đồng Nai,25996,Phường Tân Phong,0.0,0.0,9.0,0.0,9.0,0.0
19/07/2025,75,Đồng Nai,26029,Phường Thống Nhất,0.0,0.0,2.0,0.0,2.0,0.0
19/07/2025,75,Đồng Nai,26056,Phường Long Bình Tân,0.0,0.0,108.0,0.0,108.0,0.0
19/07/2025,75,Đồng Nai,26068,Phường Hóa An,0.0,0.0,189.0,0.0,189.0,0.0
19/07/2025,75,Đồng Nai,26095,Phường Suối Tre,0.0,0.0,101.0,0.0,99.0,0.0
19/07/2025,75,Đồng Nai,26116,Thị Trấn Tân Phú,0.0,0.0,95.0,0.0,95.0,0.0
19/07/2025,75,Đồng Nai,26206,Thị Trấn Định Quán,0.0,0.0,29.0,0.0,29.0,0.0
19/07/2025,75,Đồng Nai,26272,Xã Hố Nai 3,0.0,0.0,582.0,0.0,582.0,0.0
19/07/2025,75,Đồng Nai,26296,Xã An Viễn,0.0,0.0,20.0,0.0,20.0,0.0
19/07/2025,75,Đồng Nai,26317,Xã Hưng Lộc,0.0,0.0,4.0,0.0,4.0,0.0
19/07/2025,75,Đồng Nai,26326,Thị Trấn Dầu Giây,0.0,0.0,16.0,0.0,16.0,0.0
19/07/2025,75,Đồng Nai,26368,Thị Trấn Long Thành,0.0,0.0,29.0,0.0,29.0,0.0
19/07/2025,75,Đồng Nai,26374,Phường Tam Phước,0.0,0.0,1.0,0.0,1.0,0.0
19/07/2025,75,Đồng Nai,26416,Xã Phước Bình,0.0,0.0,1.0,0.0,1.0,0.0
19/07/2025,75,Đồng Nai,26452,Xã Suối Cát,0.0,0.0,2.0,0.0,2.0,0.0
19/07/2025,75,Đồng Nai,26455,Xã Xuân Hiệp,0.0,0.0,352.0,0.0,352.0,0.0
19/07/2025,75,Đồng Nai,26497,Xã Vĩnh Thanh,0.0,0.0,96.0,0.0,96.0,0.0
19/08/2025,75,Đồng Nai,25993,Phường Trảng Dài,0.0,0.0,219.0,107.0,219.0,0.0
19/08/2025,75,Đồng Nai,25996,Phường Tân Phong,0.0,0.0,319.0,0.0,319.0,0.0
19/08/2025,75,Đồng Nai,26017,Phường Tam Hiệp,0.0,0.0,9.0,0.0,9.0,0.0
19/08/2025,75,Đồng Nai,26029,Phường Thống Nhất,0.0,0.0,511.0,0.0,510.0,0.0
19/08/2025,75,Đồng Nai,26056,Phường Long Bình Tân,0.0,0.0,923.0,0.0,923.0,0.0
19/08/2025,75,Đồng Nai,26068,Phường Hóa An,0.0,0.0,144.0,0.0,144.0,0.0
19/08/2025,75,Đồng Nai,26095,Phường Suối Tre,0.0,0.0,1474.0,0.0,1474.0,0.0
19/08/2025,75,Đồng Nai,26188,Xã Thạnh Phú,0.0,0.0,139.0,0.0,139.0,0.0
19/08/2025,75,Đồng Nai,26206,Thị Trấn Định Quán,0.0,0.0,636.0,0.0,636.0,0.0
19/08/2025,75,Đồng Nai,26272,Xã Hố Nai 3,0.0,0.0,628.0,0.0,628.0,0.0
19/08/2025,75,Đồng Nai,26296,Xã An Viễn,0.0,0.0,71.0,0.0,71.0,0.0
19/08/2025,75,Đồng Nai,26311,Xã Quang Trung,0.0,0.0,153.0,0.0,153.0,0.0
19/08/2025,75,Đồng Nai,26317,Xã Hưng Lộc,0.0,0.0,86.0,0.0,86.0,0.0
19/08/2025,75,Đồng Nai,26341,Thị Trấn Long Giao,0.0,0.0,1.0,0.0,1.0,0.0
19/08/2025,75,Đồng Nai,26362,Xã Sông Ray,0.0,0.0,106.0,0.0,106.0,0.0
19/08/2025,75,Đồng Nai,26368,Thị Trấn Long Thành,0.0,0.0,609.0,0.0,609.0,0.0
19/08/2025,75,Đồng Nai,26389,Xã Long Đức,0.0,0.0,38.0,0.0,38.0,0.0
19/08/2025,75,Đồng Nai,26416,Xã Phước Bình,0.0,0.0,92.0,0.0,92.0,0.0
19/08/2025,75,Đồng Nai,26452,Xã Suối Cát,0.0,0.0,0.0,1.0,0.0,0.0
19/08/2025,75,Đồng Nai,26455,Xã Xuân Hiệp,0.0,0.0,246.0,0.0,246.0,0.0
19/08/2025,75,Đồng Nai,26497,Xã Vĩnh Thanh,0.0,0.0,109.0,0.0,109.0,0.0
19/09/2025,75,Đồng Nai,26017,Phường Tam Hiệp,0.0,0.0,0.0,1.0,0.0,0.0
19/11/2024,75,Đồng Nai,26248,Thị Trấn Trảng Bom,0.0,0.0,1.0,0.0,1.0,1.0
19/12/2024,75,Đồng Nai,26452,Xã Suối Cát,0.0,0.0,1.0,0.0,1.0,1.0
20/01/2025,75,Đồng Nai,26080,Phường Xuân An,0.0,0.0,2.0,0.0,2.0,2.0
20/01/2025,75,Đồng Nai,26248,Thị Trấn Trảng Bom,0.0,0.0,2.0,0.0,2.0,2.0
20/01/2025,75,Đồng Nai,26341,Thị Trấn Long Giao,0.0,0.0,780.0,0.0,780.0,780.0
20/01/2025,75,Đồng Nai,26452,Xã Suối Cát,0.0,0.0,0.0,64.0,0.0,0.0
20/02/2025,75,Đồng Nai,25993,Phường Trảng Dài,0.0,0.0,42.0,0.0,42.0,42.0
20/02/2025,75,Đồng Nai,25996,Phường Tân Phong,0.0,0.0,2.0,0.0,2.0,2.0
20/02/2025,75,Đồng Nai,26026,Phường Tân Mai,51.0,0.0,328.0,0.0,328.0,328.0
20/02/2025,75,Đồng Nai,26080,Phường Xuân An,0.0,0.0,1.0,0.0,1.0,1.0
20/02/2025,75,Đồng Nai,26248,Thị Trấn Trảng Bom,0.0,0.0,37.0,0.0,37.0,37.0
20/02/2025,75,Đồng Nai,26341,Thị Trấn Long Giao,0.0,0.0,506.0,0.0,506.0,506.0
20/02/2025,75,Đồng Nai,26452,Xã Suối Cát,21.0,0.0,718.0,51.0,718.0,718.0
20/03/2025,75,Đồng Nai,25996,Phường Tân Phong,0.0,0.0,8.0,0.0,8.0,8.0
20/03/2025,75,Đồng Nai,26026,Phường Tân Mai,2.0,0.0,117.0,0.0,117.0,117.0
20/03/2025,75,Đồng Nai,26080,Phường Xuân An,0.0,0.0,2.0,0.0,2.0,2.0
20/03/2025,75,Đồng Nai,26095,Phường Suối Tre,1.0,0.0,8.0,0.0,8.0,8.0
20/03/2025,75,Đồng Nai,26248,Thị Trấn Trảng Bom,0.0,0.0,457.0,0.0,457.0,457.0
20/03/2025,75,Đồng Nai,26254,Xã Cây Gáo,0.0,0.0,42.0,0.0,42.0,42.0
20/03/2025,75,Đồng Nai,26272,Xã Hố Nai 3,0.0,0.0,1.0,0.0,1.0,1.0
20/03/2025,75,Đồng Nai,26326,Thị Trấn Dầu Giây,0.0,0.0,1.0,0.0,1.0,1.0
20/03/2025,75,Đồng Nai,26377,Phường Phước Tân,0.0,0.0,1.0,0.0,1.0,1.0
20/03/2025,75,Đồng Nai,26452,Xã Suối Cát,24.0,0.0,689.0,158.0,689.0,689.0
20/04/2025,75,Đồng Nai,25999,Phường Tân Biên,0.0,0.0,5.0,0.0,5.0,5.0
20/04/2025,75,Đồng Nai,26029,Phường Thống Nhất,0.0,0.0,1.0,0.0,1.0,1.0
20/04/2025,75,Đồng Nai,26068,Phường Hóa An,0.0,0.0,1.0,0.0,1.0,1.0
20/04/2025,75,Đồng Nai,26095,Phường Suối Tre,4.0,0.0,1298.0,0.0,1298.0,1298.0
20/04/2025,75,Đồng Nai,26206,Thị Trấn Định Quán,0.0,0.0,81.0,0.0,81.0,81.0
20/04/2025,75,Đồng Nai,26272,Xã Hố Nai 3,4.0,0.0,308.0,0.0,308.0,308.0
20/04/2025,75,Đồng Nai,26326,Thị Trấn Dầu Giây,0.0,0.0,38.0,0.0,38.0,38.0
20/04/2025,75,Đồng Nai,26368,Thị Trấn Long Thành,0.0,0.0,94.0,0.0,94.0,94.0
20/04/2025,75,Đồng Nai,26377,Phường Phước Tân,0.0,0.0,3.0,0.0,3.0,3.0
20/04/2025,75,Đồng Nai,26440,Xã Xuân Trường,0.0,0.0,39.0,0.0,39.0,39.0
20/04/2025,75,Đồng Nai,26452,Xã Suối Cát,0.0,0.0,68.0,125.0,68.0,68.0
20/04/2025,75,Đồng Nai,26455,Xã Xuân Hiệp,0.0,0.0,1.0,0.0,0.0,1.0
20/04/2025,75,Đồng Nai,26485,Xã Phú Hội,0.0,0.0,5.0,0.0,5.0,5.0
20/05/2025,75,Đồng Nai,25993,Phường Trảng Dài,0.0,0.0,0.0,97.0,0.0,0.0
20/05/2025,75,Đồng Nai,25996,Phường Tân Phong,1.0,0.0,106.0,0.0,106.0,106.0
20/05/2025,75,Đồng Nai,25999,Phường Tân Biên,0.0,0.0,10.0,0.0,10.0,10.0
20/05/2025,75,Đồng Nai,26017,Phường Tam Hiệp,0.0,0.0,119.0,0.0,119.0,119.0
20/05/2025,75,Đồng Nai,26029,Phường Thống Nhất,0.0,0.0,209.0,7.0,209.0,209.0
20/05/2025,75,Đồng Nai,26068,Phường Hóa An,0.0,0.0,159.0,0.0,137.0,159.0
20/05/2025,75,Đồng Nai,26095,Phường Suối Tre,0.0,0.0,911.0,0.0,911.0,911.0
20/05/2025,75,Đồng Nai,26116,Thị Trấn Tân Phú,0.0,0.0,388.0,0.0,388.0,388.0
20/05/2025,75,Đồng Nai,26188,Xã Thạnh Phú,0.0,0.0,28.0,0.0,28.0,28.0
20/05/2025,75,Đồng Nai,26206,Thị Trấn Định Quán,0.0,0.0,582.0,0.0,582.0,582.0
20/05/2025,75,Đồng Nai,26272,Xã Hố Nai 3,6.0,0.0,594.0,0.0,594.0,594.0
20/05/2025,75,Đồng Nai,26296,Xã An Viễn,0.0,0.0,24.0,0.0,24.0,24.0
20/05/2025,75,Đồng Nai,26299,Xã Gia Tân 1,2.0,0.0,21.0,0.0,21.0,21.0
20/05/2025,75,Đồng Nai,26317,Xã Hưng Lộc,1.0,0.0,78.0,0.0,78.0,78.0
20/05/2025,75,Đồng Nai,26326,Thị Trấn Dầu Giây,0.0,0.0,555.0,0.0,555.0,555.0
20/05/2025,75,Đồng Nai,26362,Xã Sông Ray,1.0,0.0,94.0,0.0,94.0,94.0
20/05/2025,75,Đồng Nai,26368,Thị Trấn Long Thành,0.0,0.0,439.0,0.0,439.0,439.0
20/05/2025,75,Đồng Nai,26374,Phường Tam Phước,0.0,0.0,1.0,0.0,1.0,1.0
20/05/2025,75,Đồng Nai,26377,Phường Phước Tân,0.0,0.0,30.0,0.0,30.0,30.0
20/05/2025,75,Đồng Nai,26416,Xã Phước Bình,0.0,0.0,74.0,0.0,74.0,74.0
20/05/2025,75,Đồng Nai,26452,Xã Suối Cát,27.0,0.0,613.0,56.0,613.0,613.0
20/05/2025,75,Đồng Nai,26455,Xã Xuân Hiệp,0.0,0.0,694.0,0.0,694.0,694.0
20/05/2025,75,Đồng Nai,26497,Xã Vĩnh Thanh,1.0,0.0,73.0,0.0,73.0,73.0
20/06/2022,75,Đồng Nai,26248,Thị Trấn Trảng Bom,0.0,0.0,1.0,0.0,1.0,1.0
20/06/2025,75,Đồng Nai,25996,Phường Tân Phong,0.0,0.0,458.0,0.0,458.0,0.0
20/06/2025,75,Đồng Nai,26002,Phường Hố Nai,10.0,0.0,130.0,0.0,130.0,0.0
20/06/2025,75,Đồng Nai,26017,Phường Tam Hiệp,0.0,0.0,386.0,5.0,386.0,0.0
20/06/2025,75,Đồng Nai,26020,Phường Long Bình,0.0,0.0,23.0,0.0,23.0,0.0
20/06/2025,75,Đồng Nai,26029,Phường Thống Nhất,0.0,0.0,441.0,2.0,441.0,0.0
20/06/2025,75,Đồng Nai,26035,Phường Tam Hòa,0.0,0.0,1.0,0.0,1.0,0.0
20/06/2025,75,Đồng Nai,26050,Phường An Bình,0.0,0.0,109.0,0.0,109.0,0.0
20/06/2025,75,Đồng Nai,26056,Phường Long Bình Tân,3.0,0.0,846.0,0.0,846.0,0.0
20/06/2025,75,Đồng Nai,26068,Phường Hóa An,0.0,0.0,196.0,0.0,173.0,0.0
20/06/2025,75,Đồng Nai,26095,Phường Suối Tre,0.0,0.0,1741.0,0.0,1741.0,0.0
20/06/2025,75,Đồng Nai,26116,Thị Trấn Tân Phú,0.0,0.0,1.0,0.0,1.0,0.0
20/06/2025,75,Đồng Nai,26206,Thị Trấn Định Quán,0.0,0.0,1689.0,0.0,1689.0,0.0
20/06/2025,75,Đồng Nai,26272,Xã Hố Nai 3,4.0,0.0,544.0,0.0,544.0,0.0
20/06/2025,75,Đồng Nai,26296,Xã An Viễn,0.0,0.0,93.0,0.0,93.0,0.0
20/06/2025,75,Đồng Nai,26299,Xã Gia Tân 1,2.0,0.0,67.0,0.0,67.0,0.0
20/06/2025,75,Đồng Nai,26311,Xã Quang Trung,1.0,0.0,186.0,0.0,186.0,0.0
20/06/2025,75,Đồng Nai,26317,Xã Hưng Lộc,0.0,0.0,2.0,0.0,2.0,0.0
20/06/2025,75,Đồng Nai,26326,Thị Trấn Dầu Giây,0.0,0.0,517.0,0.0,516.0,0.0
20/06/2025,75,Đồng Nai,26362,Xã Sông Ray,2.0,0.0,97.0,0.0,97.0,0.0
20/06/2025,75,Đồng Nai,26368,Thị Trấn Long Thành,0.0,0.0,896.0,0.0,896.0,0.0
20/06/2025,75,Đồng Nai,26374,Phường Tam Phước,0.0,0.0,157.0,0.0,157.0,0.0
20/06/2025,75,Đồng Nai,26377,Phường Phước Tân,0.0,0.0,39.0,0.0,39.0,0.0
20/06/2025,75,Đồng Nai,26416,Xã Phước Bình,0.0,0.0,88.0,0.0,88.0,0.0
20/06/2025,75,Đồng Nai,26452,Xã Suối Cát,0.0,0.0,1.0,3.0,1.0,0.0
20/06/2025,75,Đồng Nai,26455,Xã Xuân Hiệp,0.0,0.0,978.0,0.0,978.0,0.0
20/06/2025,75,Đồng Nai,26497,Xã Vĩnh Thanh,1.0,0.0,64.0,0.0,64.0,0.0
20/07/2025,75,Đồng Nai,25993,Phường Trảng Dài,0.0,0.0,0.0,69.0,0.0,0.0
20/07/2025,75,Đồng Nai,25996,Phường Tân Phong,0.0,0.0,11.0,0.0,11.0,0.0
20/07/2025,75,Đồng Nai,26029,Phường Thống Nhất,0.0,0.0,4.0,0.0,4.0,0.0
20/07/2025,75,Đồng Nai,26056,Phường Long Bình Tân,0.0,0.0,220.0,0.0,220.0,0.0
20/07/2025,75,Đồng Nai,26095,Phường Suối Tre,0.0,0.0,92.0,0.0,92.0,0.0
20/07/2025,75,Đồng Nai,26116,Thị Trấn Tân Phú,0.0,0.0,123.0,0.0,123.0,0.0
20/07/2025,75,Đồng Nai,26206,Thị Trấn Định Quán,0.0,0.0,21.0,0.0,21.0,0.0
20/07/2025,75,Đồng Nai,26272,Xã Hố Nai 3,0.0,0.0,167.0,0.0,167.0,0.0
20/07/2025,75,Đồng Nai,26296,Xã An Viễn,0.0,0.0,6.0,0.0,6.0,0.0
20/07/2025,75,Đồng Nai,26326,Thị Trấn Dầu Giây,0.0,0.0,17.0,0.0,17.0,0.0
20/07/2025,75,Đồng Nai,26368,Thị Trấn Long Thành,0.0,0.0,36.0,0.0,36.0,0.0
20/07/2025,75,Đồng Nai,26374,Phường Tam Phước,0.0,0.0,19.0,0.0,19.0,0.0
20/07/2025,75,Đồng Nai,26416,Xã Phước Bình,0.0,0.0,4.0,0.0,4.0,0.0
20/07/2025,75,Đồng Nai,26452,Xã Suối Cát,0.0,0.0,3.0,0.0,3.0,0.0
20/07/2025,75,Đồng Nai,26455,Xã Xuân Hiệp,0.0,0.0,295.0,0.0,295.0,0.0
20/07/2025,75,Đồng Nai,26497,Xã Vĩnh Thanh,0.0,0.0,86.0,0.0,86.0,0.0
20/08/2024,75,Đồng Nai,26248,Thị Trấn Trảng Bom,0.0,0.0,1.0,0.0,1.0,1.0
20/08/2025,75,Đồng Nai,25993,Phường Trảng Dài,0.0,0.0,401.0,152.0,401.0,0.0
20/08/2025,75,Đồng Nai,25996,Phường Tân Phong,0.0,0.0,302.0,0.0,300.0,0.0
20/08/2025,75,Đồng Nai,26017,Phường Tam Hiệp,0.0,0.0,4.0,0.0,4.0,0.0
20/08/2025,75,Đồng Nai,26029,Phường Thống Nhất,0.0,0.0,68.0,0.0,68.0,0.0
20/08/2025,75,Đồng Nai,26056,Phường Long Bình Tân,0.0,0.0,763.0,0.0,763.0,0.0
20/08/2025,75,Đồng Nai,26068,Phường Hóa An,0.0,0.0,133.0,0.0,133.0,0.0
20/08/2025,75,Đồng Nai,26095,Phường Suối Tre,0.0,0.0,1178.0,0.0,1174.0,0.0
20/08/2025,75,Đồng Nai,26188,Xã Thạnh Phú,0.0,0.0,91.0,0.0,91.0,0.0
20/08/2025,75,Đồng Nai,26206,Thị Trấn Định Quán,0.0,0.0,582.0,0.0,582.0,0.0
20/08/2025,75,Đồng Nai,26272,Xã Hố Nai 3,0.0,0.0,563.0,0.0,563.0,0.0
20/08/2025,75,Đồng Nai,26311,Xã Quang Trung,0.0,0.0,174.0,0.0,174.0,0.0
20/08/2025,75,Đồng Nai,26362,Xã Sông Ray,0.0,0.0,106.0,0.0,106.0,0.0
20/08/2025,75,Đồng Nai,26368,Thị Trấn Long Thành,0.0,0.0,519.0,0.0,519.0,0.0
20/08/2025,75,Đồng Nai,26389,Xã Long Đức,0.0,0.0,39.0,0.0,39.0,0.0
20/08/2025,75,Đồng Nai,26416,Xã Phước Bình,0.0,0.0,83.0,0.0,83.0,0.0
20/08/2025,75,Đồng Nai,26452,Xã Suối Cát,0.0,0.0,0.0,2.0,0.0,0.0
20/08/2025,75,Đồng Nai,26455,Xã Xuân Hiệp,0.0,0.0,356.0,0.0,355.0,0.0
20/08/2025,75,Đồng Nai,26497,Xã Vĩnh Thanh,0.0,0.0,80.0,0.0,80.0,0.0
20/09/2025,75,Đồng Nai,26017,Phường Tam Hiệp,0.0,0.0,0.0,1.0,0.0,0.0
20/10/2025,75,Đồng Nai,25993,Phường Trảng Dài,0.0,0.0,0.0,5.0,0.0,0.0
20/12/2024,75,Đồng Nai,26452,Xã Suối Cát,0.0,0.0,1.0,0.0,1.0,1.0
21/01/2025,75,Đồng Nai,25993,Phường Trảng Dài,0.0,0.0,3.0,0.0,3.0,3.0
21/01/2025,75,Đồng Nai,26026,Phường Tân Mai,0.0,0.0,1.0,0.0,1.0,1.0
21/01/2025,75,Đồng Nai,26080,Phường Xuân An,0.0,0.0,3.0,0.0,3.0,3.0
21/01/2025,75,Đồng Nai,26248,Thị Trấn Trảng Bom,0.0,0.0,10.0,0.0,10.0,10.0
21/01/2025,75,Đồng Nai,26341,Thị Trấn Long Giao,0.0,0.0,626.0,0.0,626.0,626.0
21/01/2025,75,Đồng Nai,26452,Xã Suối Cát,0.0,0.0,0.0,88.0,0.0,0.0
21/02/2025,75,Đồng Nai,25993,Phường Trảng Dài,0.0,0.0,2.0,0.0,2.0,2.0
21/02/2025,75,Đồng Nai,26026,Phường Tân Mai,0.0,0.0,12.0,0.0,12.0,12.0
21/02/2025,75,Đồng Nai,26080,Phường Xuân An,0.0,0.0,2.0,0.0,2.0,2.0
21/02/2025,75,Đồng Nai,26248,Thị Trấn Trảng Bom,0.0,0.0,52.0,0.0,52.0,52.0
21/02/2025,75,Đồng Nai,26341,Thị Trấn Long Giao,0.0,0.0,568.0,0.0,568.0,568.0
21/02/2025,75,Đồng Nai,26377,Phường Phước Tân,0.0,0.0,1.0,0.0,1.0,1.0
21/02/2025,75,Đồng Nai,26452,Xã Suối Cát,18.0,0.0,719.0,3.0,719.0,719.0
21/03/2025,75,Đồng Nai,25996,Phường Tân Phong,0.0,0.0,6.0,0.0,6.0,6.0
21/03/2025,75,Đồng Nai,26026,Phường Tân Mai,86.0,0.0,707.0,0.0,707.0,707.0
21/03/2025,75,Đồng Nai,26080,Phường Xuân An,0.0,0.0,2.0,0.0,2.0,2.0
21/03/2025,75,Đồng Nai,26095,Phường Suối Tre,0.0,0.0,12.0,0.0,12.0,12.0
21/03/2025,75,Đồng Nai,26116,Thị Trấn Tân Phú,0.0,0.0,1.0,0.0,1.0,1.0
21/03/2025,75,Đồng Nai,26206,Thị Trấn Định Quán,0.0,0.0,1.0,0.0,1.0,1.0
21/03/2025,75,Đồng Nai,26248,Thị Trấn Trảng Bom,0.0,0.0,23.0,0.0,23.0,23.0
21/03/2025,75,Đồng Nai,26254,Xã Cây Gáo,0.0,0.0,1.0,0.0,1.0,1.0
21/03/2025,75,Đồng Nai,26326,Thị Trấn Dầu Giây,0.0,0.0,3.0,0.0,3.0,3.0
21/03/2025,75,Đồng Nai,26452,Xã Suối Cát,16.0,0.0,773.0,2.0,773.0,773.0
21/04/2025,75,Đồng Nai,25993,Phường Trảng Dài,0.0,0.0,56.0,85.0,56.0,56.0
21/04/2025,75,Đồng Nai,25996,Phường Tân Phong,0.0,0.0,68.0,0.0,68.0,68.0
21/04/2025,75,Đồng Nai,25999,Phường Tân Biên,0.0,0.0,12.0,0.0,12.0,12.0
21/04/2025,75,Đồng Nai,26008,Phường Tân Hiệp,0.0,0.0,0.0,1.0,0.0,0.0
21/04/2025,75,Đồng Nai,26029,Phường Thống Nhất,0.0,0.0,1.0,0.0,1.0,1.0
21/04/2025,75,Đồng Nai,26068,Phường Hóa An,0.0,0.0,1.0,0.0,1.0,1.0
21/04/2025,75,Đồng Nai,26095,Phường Suối Tre,1.0,0.0,3672.0,0.0,3672.0,3672.0
21/04/2025,75,Đồng Nai,26206,Thị Trấn Định Quán,0.0,0.0,451.0,0.0,451.0,451.0
21/04/2025,75,Đồng Nai,26272,Xã Hố Nai 3,16.0,0.0,642.0,0.0,642.0,642.0
21/04/2025,75,Đồng Nai,26326,Thị Trấn Dầu Giây,0.0,0.0,615.0,0.0,615.0,615.0
21/04/2025,75,Đồng Nai,26341,Thị Trấn Long Giao,0.0,0.0,8.0,0.0,8.0,8.0
21/04/2025,75,Đồng Nai,26368,Thị Trấn Long Thành,0.0,0.0,496.0,0.0,496.0,496.0
21/04/2025,75,Đồng Nai,26377,Phường Phước Tân,0.0,0.0,47.0,0.0,47.0,47.0
21/04/2025,75,Đồng Nai,26440,Xã Xuân Trường,0.0,0.0,88.0,0.0,88.0,88.0
21/04/2025,75,Đồng Nai,26452,Xã Suối Cát,35.0,0.0,733.0,105.0,733.0,733.0
21/04/2025,75,Đồng Nai,26455,Xã Xuân Hiệp,0.0,0.0,7.0,0.0,0.0,7.0
21/04/2025,75,Đồng Nai,26485,Xã Phú Hội,0.0,0.0,83.0,0.0,83.0,83.0
21/05/2025,75,Đồng Nai,25993,Phường Trảng Dài,0.0,0.0,0.0,125.0,0.0,0.0
21/05/2025,75,Đồng Nai,25996,Phường Tân Phong,5.0,0.0,133.0,0.0,133.0,133.0
21/05/2025,75,Đồng Nai,25999,Phường Tân Biên,0.0,0.0,12.0,0.0,12.0,12.0
21/05/2025,75,Đồng Nai,26017,Phường Tam Hiệp,0.0,0.0,102.0,0.0,102.0,102.0
21/05/2025,75,Đồng Nai,26029,Phường Thống Nhất,0.0,0.0,551.0,9.0,551.0,551.0
21/05/2025,75,Đồng Nai,26068,Phường Hóa An,0.0,0.0,167.0,0.0,154.0,167.0
21/05/2025,75,Đồng Nai,26095,Phường Suối Tre,0.0,0.0,363.0,0.0,363.0,363.0
21/05/2025,75,Đồng Nai,26116,Thị Trấn Tân Phú,0.0,0.0,382.0,0.0,382.0,382.0
21/05/2025,75,Đồng Nai,26188,Xã Thạnh Phú,0.0,0.0,53.0,0.0,53.0,53.0
21/05/2025,75,Đồng Nai,26206,Thị Trấn Định Quán,0.0,0.0,340.0,0.0,340.0,340.0
21/05/2025,75,Đồng Nai,26272,Xã Hố Nai 3,7.0,0.0,609.0,0.0,609.0,609.0
21/05/2025,75,Đồng Nai,26296,Xã An Viễn,0.0,0.0,30.0,0.0,30.0,30.0
21/05/2025,75,Đồng Nai,26299,Xã Gia Tân 1,0.0,0.0,26.0,0.0,26.0,26.0
21/05/2025,75,Đồng Nai,26311,Xã Quang Trung,0.0,0.0,10.0,0.0,10.0,10.0
21/05/2025,75,Đồng Nai,26317,Xã Hưng Lộc,0.0,0.0,72.0,0.0,72.0,72.0
21/05/2025,75,Đồng Nai,26326,Thị Trấn Dầu Giây,0.0,0.0,557.0,0.0,557.0,557.0
21/05/2025,75,Đồng Nai,26362,Xã Sông Ray,1.0,0.0,87.0,0.0,87.0,87.0
21/05/2025,75,Đồng Nai,26368,Thị Trấn Long Thành,0.0,0.0,373.0,0.0,373.0,373.0
21/05/2025,75,Đồng Nai,26374,Phường Tam Phước,0.0,0.0,4.0,0.0,4.0,4.0
21/05/2025,75,Đồng Nai,26377,Phường Phước Tân,0.0,0.0,40.0,0.0,40.0,40.0
21/05/2025,75,Đồng Nai,26416,Xã Phước Bình,0.0,0.0,68.0,0.0,68.0,68.0
21/05/2025,75,Đồng Nai,26452,Xã Suối Cát,18.0,0.0,550.0,66.0,550.0,550.0
21/05/2025,75,Đồng Nai,26455,Xã Xuân Hiệp,0.0,0.0,301.0,0.0,301.0,301.0
21/05/2025,75,Đồng Nai,26497,Xã Vĩnh Thanh,0.0,0.0,54.0,0.0,54.0,54.0
21/06/2024,75,Đồng Nai,26035,Phường Tam Hòa,0.0,0.0,1.0,0.0,1.0,1.0
21/06/2024,75,Đồng Nai,26206,Thị Trấn Định Quán,0.0,0.0,1.0,0.0,1.0,1.0
21/06/2025,75,Đồng Nai,25996,Phường Tân Phong,20.0,0.0,1184.0,0.0,1184.0,0.0
21/06/2025,75,Đồng Nai,26002,Phường Hố Nai,4.0,0.0,125.0,0.0,125.0,0.0
21/06/2025,75,Đồng Nai,26017,Phường Tam Hiệp,0.0,0.0,375.0,11.0,375.0,0.0
21/06/2025,75,Đồng Nai,26020,Phường Long Bình,0.0,0.0,17.0,0.0,17.0,0.0
21/06/2025,75,Đồng Nai,26029,Phường Thống Nhất,0.0,0.0,12.0,1.0,12.0,0.0
21/06/2025,75,Đồng Nai,26050,Phường An Bình,0.0,0.0,50.0,0.0,50.0,0.0
21/06/2025,75,Đồng Nai,26056,Phường Long Bình Tân,3.0,0.0,863.0,0.0,863.0,0.0
21/06/2025,75,Đồng Nai,26068,Phường Hóa An,0.0,0.0,198.0,0.0,188.0,0.0
21/06/2025,75,Đồng Nai,26095,Phường Suối Tre,0.0,0.0,174.0,0.0,174.0,0.0
21/06/2025,75,Đồng Nai,26116,Thị Trấn Tân Phú,0.0,0.0,2.0,0.0,2.0,0.0
21/06/2025,75,Đồng Nai,26206,Thị Trấn Định Quán,0.0,0.0,299.0,0.0,299.0,0.0
21/06/2025,75,Đồng Nai,26272,Xã Hố Nai 3,0.0,0.0,170.0,0.0,170.0,0.0
21/06/2025,75,Đồng Nai,26296,Xã An Viễn,0.0,0.0,269.0,0.0,269.0,0.0
21/06/2025,75,Đồng Nai,26299,Xã Gia Tân 1,0.0,0.0,50.0,0.0,50.0,0.0
21/06/2025,75,Đồng Nai,26311,Xã Quang Trung,0.0,0.0,535.0,0.0,535.0,0.0
21/06/2025,75,Đồng Nai,26317,Xã Hưng Lộc,0.0,0.0,39.0,0.0,39.0,0.0
21/06/2025,75,Đồng Nai,26326,Thị Trấn Dầu Giây,0.0,0.0,186.0,0.0,186.0,0.0
21/06/2025,75,Đồng Nai,26362,Xã Sông Ray,1.0,0.0,111.0,0.0,111.0,0.0
21/06/2025,75,Đồng Nai,26368,Thị Trấn Long Thành,0.0,0.0,244.0,0.0,244.0,0.0
21/06/2025,75,Đồng Nai,26374,Phường Tam Phước,0.0,0.0,664.0,0.0,664.0,0.0
21/06/2025,75,Đồng Nai,26377,Phường Phước Tân,0.0,0.0,1.0,0.0,1.0,0.0
21/06/2025,75,Đồng Nai,26416,Xã Phước Bình,0.0,0.0,498.0,0.0,498.0,0.0
21/06/2025,75,Đồng Nai,26452,Xã Suối Cát,0.0,0.0,0.0,2.0,0.0,0.0
21/06/2025,75,Đồng Nai,26455,Xã Xuân Hiệp,0.0,0.0,1042.0,0.0,1042.0,0.0
21/06/2025,75,Đồng Nai,26497,Xã Vĩnh Thanh,0.0,0.0,70.0,0.0,70.0,0.0
21/07/2025,75,Đồng Nai,25993,Phường Trảng Dài,0.0,0.0,3.0,40.0,3.0,0.0
21/07/2025,75,Đồng Nai,25996,Phường Tân Phong,0.0,0.0,289.0,0.0,289.0,0.0
21/07/2025,75,Đồng Nai,26017,Phường Tam Hiệp,0.0,0.0,0.0,6.0,0.0,0.0
21/07/2025,75,Đồng Nai,26029,Phường Thống Nhất,0.0,0.0,2.0,0.0,2.0,0.0
21/07/2025,75,Đồng Nai,26056,Phường Long Bình Tân,0.0,0.0,1129.0,0.0,1128.0,0.0
21/07/2025,75,Đồng Nai,26068,Phường Hóa An,0.0,0.0,390.0,0.0,390.0,0.0
21/07/2025,75,Đồng Nai,26095,Phường Suối Tre,0.0,0.0,184.0,0.0,184.0,0.0
21/07/2025,75,Đồng Nai,26116,Thị Trấn Tân Phú,0.0,0.0,471.0,0.0,470.0,0.0
21/07/2025,75,Đồng Nai,26188,Xã Thạnh Phú,0.0,0.0,13.0,0.0,13.0,0.0
21/07/2025,75,Đồng Nai,26206,Thị Trấn Định Quán,0.0,0.0,57.0,0.0,57.0,0.0
21/07/2025,75,Đồng Nai,26272,Xã Hố Nai 3,0.0,0.0,209.0,0.0,209.0,0.0
21/07/2025,75,Đồng Nai,26296,Xã An Viễn,0.0,0.0,134.0,0.0,134.0,0.0
21/07/2025,75,Đồng Nai,26317,Xã Hưng Lộc,0.0,0.0,5.0,0.0,5.0,0.0
21/07/2025,75,Đồng Nai,26326,Thị Trấn Dầu Giây,0.0,0.0,25.0,0.0,25.0,0.0
21/07/2025,75,Đồng Nai,26341,Thị Trấn Long Giao,0.0,0.0,6.0,0.0,6.0,0.0
21/07/2025,75,Đồng Nai,26362,Xã Sông Ray,0.0,0.0,55.0,0.0,55.0,0.0
21/07/2025,75,Đồng Nai,26368,Thị Trấn Long Thành,0.0,0.0,460.0,0.0,460.0,0.0
21/07/2025,75,Đồng Nai,26374,Phường Tam Phước,0.0,0.0,143.0,0.0,143.0,0.0
21/07/2025,75,Đồng Nai,26377,Phường Phước Tân,0.0,0.0,42.0,0.0,42.0,0.0
21/07/2025,75,Đồng Nai,26416,Xã Phước Bình,0.0,0.0,13.0,0.0,13.0,0.0
21/07/2025,75,Đồng Nai,26452,Xã Suối Cát,0.0,0.0,17.0,3.0,17.0,0.0
21/07/2025,75,Đồng Nai,26455,Xã Xuân Hiệp,0.0,0.0,2.0,0.0,2.0,0.0
21/07/2025,75,Đồng Nai,26497,Xã Vĩnh Thanh,0.0,0.0,134.0,0.0,134.0,0.0
21/08/2025,75,Đồng Nai,25993,Phường Trảng Dài,0.0,0.0,176.0,108.0,176.0,0.0
21/08/2025,75,Đồng Nai,25996,Phường Tân Phong,0.0,0.0,319.0,0.0,317.0,0.0
21/08/2025,75,Đồng Nai,26017,Phường Tam Hiệp,0.0,0.0,5.0,0.0,5.0,0.0
21/08/2025,75,Đồng Nai,26029,Phường Thống Nhất,0.0,0.0,414.0,0.0,414.0,0.0
21/08/2025,75,Đồng Nai,26050,Phường An Bình,0.0,0.0,57.0,0.0,57.0,0.0
21/08/2025,75,Đồng Nai,26056,Phường Long Bình Tân,0.0,0.0,831.0,0.0,831.0,0.0
21/08/2025,75,Đồng Nai,26068,Phường Hóa An,0.0,0.0,137.0,0.0,137.0,0.0
21/08/2025,75,Đồng Nai,26095,Phường Suối Tre,0.0,0.0,402.0,0.0,402.0,0.0
21/08/2025,75,Đồng Nai,26188,Xã Thạnh Phú,0.0,0.0,157.0,0.0,157.0,0.0
21/08/2025,75,Đồng Nai,26206,Thị Trấn Định Quán,0.0,0.0,558.0,0.0,557.0,0.0
21/08/2025,75,Đồng Nai,26272,Xã Hố Nai 3,0.0,0.0,659.0,0.0,659.0,0.0
21/08/2025,75,Đồng Nai,26296,Xã An Viễn,0.0,0.0,94.0,0.0,94.0,0.0
21/08/2025,75,Đồng Nai,26311,Xã Quang Trung,0.0,0.0,191.0,0.0,191.0,0.0
21/08/2025,75,Đồng Nai,26317,Xã Hưng Lộc,0.0,0.0,1.0,0.0,1.0,0.0
21/08/2025,75,Đồng Nai,26362,Xã Sông Ray,0.0,0.0,120.0,0.0,120.0,0.0
21/08/2025,75,Đồng Nai,26368,Thị Trấn Long Thành,0.0,0.0,475.0,0.0,475.0,0.0
21/08/2025,75,Đồng Nai,26389,Xã Long Đức,0.0,0.0,70.0,0.0,70.0,0.0
21/08/2025,75,Đồng Nai,26416,Xã Phước Bình,0.0,0.0,98.0,0.0,98.0,0.0
21/08/2025,75,Đồng Nai,26452,Xã Suối Cát,0.0,0.0,0.0,4.0,0.0,0.0
21/08/2025,75,Đồng Nai,26455,Xã Xuân Hiệp,0.0,0.0,11.0,0.0,11.0,0.0
21/08/2025,75,Đồng Nai,26497,Xã Vĩnh Thanh,0.0,0.0,93.0,0.0,93.0,0.0
21/09/2025,75,Đồng Nai,25993,Phường Trảng Dài,0.0,0.0,0.0,42.0,0.0,0.0
21/10/2024,75,Đồng Nai,26248,Thị Trấn Trảng Bom,0.0,0.0,1.0,0.0,1.0,1.0
21/10/2024,75,Đồng Nai,26341,Thị Trấn Long Giao,0.0,0.0,1.0,0.0,1.0,1.0
21/11/2024,75,Đồng Nai,26248,Thị Trấn Trảng Bom,0.0,0.0,1.0,0.0,1.0,1.0
22/01/2025,75,Đồng Nai,25993,Phường Trảng Dài,0.0,0.0,3.0,0.0,3.0,3.0
22/01/2025,75,Đồng Nai,26029,Phường Thống Nhất,0.0,0.0,8.0,0.0,8.0,8.0
22/01/2025,75,Đồng Nai,26080,Phường Xuân An,0.0,0.0,3.0,0.0,3.0,3.0
22/01/2025,75,Đồng Nai,26248,Thị Trấn Trảng Bom,0.0,0.0,3.0,0.0,3.0,3.0
22/01/2025,75,Đồng Nai,26341,Thị Trấn Long Giao,0.0,0.0,558.0,0.0,558.0,558.0
22/01/2025,75,Đồng Nai,26452,Xã Suối Cát,0.0,0.0,0.0,101.0,0.0,0.0
22/02/2025,75,Đồng Nai,26026,Phường Tân Mai,0.0,0.0,4.0,0.0,4.0,4.0
22/02/2025,75,Đồng Nai,26248,Thị Trấn Trảng Bom,0.0,0.0,20.0,0.0,20.0,20.0
22/02/2025,75,Đồng Nai,26341,Thị Trấn Long Giao,0.0,0.0,10.0,0.0,10.0,10.0
22/02/2025,75,Đồng Nai,26452,Xã Suối Cát,0.0,0.0,70.0,1.0,70.0,70.0
22/03/2025,75,Đồng Nai,26026,Phường Tân Mai,0.0,0.0,10.0,0.0,10.0,10.0
22/03/2025,75,Đồng Nai,26095,Phường Suối Tre,0.0,0.0,2.0,0.0,2.0,2.0
22/03/2025,75,Đồng Nai,26116,Thị Trấn Tân Phú,0.0,0.0,3.0,0.0,3.0,3.0
22/03/2025,75,Đồng Nai,26206,Thị Trấn Định Quán,0.0,0.0,1.0,0.0,1.0,1.0
22/03/2025,75,Đồng Nai,26248,Thị Trấn Trảng Bom,0.0,0.0,20.0,0.0,20.0,20.0
22/03/2025,75,Đồng Nai,26272,Xã Hố Nai 3,0.0,0.0,5.0,0.0,5.0,5.0
22/03/2025,75,Đồng Nai,26326,Thị Trấn Dầu Giây,0.0,0.0,1.0,0.0,1.0,1.0
22/03/2025,75,Đồng Nai,26452,Xã Suối Cát,0.0,0.0,59.0,6.0,59.0,59.0
22/04/2025,75,Đồng Nai,25993,Phường Trảng Dài,0.0,0.0,70.0,62.0,70.0,70.0
22/04/2025,75,Đồng Nai,25996,Phường Tân Phong,0.0,0.0,53.0,0.0,53.0,53.0
22/04/2025,75,Đồng Nai,25999,Phường Tân Biên,0.0,0.0,11.0,0.0,11.0,11.0
22/04/2025,75,Đồng Nai,26068,Phường Hóa An,0.0,0.0,4.0,0.0,4.0,4.0
22/04/2025,75,Đồng Nai,26095,Phường Suối Tre,2.0,0.0,2478.0,0.0,2476.0,2476.0
22/04/2025,75,Đồng Nai,26116,Thị Trấn Tân Phú,0.0,0.0,1.0,0.0,1.0,1.0
22/04/2025,75,Đồng Nai,26206,Thị Trấn Định Quán,0.0,0.0,573.0,0.0,573.0,573.0
22/04/2025,75,Đồng Nai,26272,Xã Hố Nai 3,4.0,0.0,470.0,0.0,470.0,470.0
22/04/2025,75,Đồng Nai,26326,Thị Trấn Dầu Giây,0.0,0.0,548.0,0.0,548.0,548.0
22/04/2025,75,Đồng Nai,26341,Thị Trấn Long Giao,0.0,0.0,3.0,0.0,3.0,3.0
22/04/2025,75,Đồng Nai,26362,Xã Sông Ray,0.0,0.0,12.0,0.0,12.0,12.0
22/04/2025,75,Đồng Nai,26368,Thị Trấn Long Thành,0.0,0.0,448.0,0.0,448.0,448.0
22/04/2025,75,Đồng Nai,26377,Phường Phước Tân,0.0,0.0,32.0,0.0,32.0,32.0
22/04/2025,75,Đồng Nai,26440,Xã Xuân Trường,0.0,0.0,7.0,0.0,7.0,7.0
22/04/2025,75,Đồng Nai,26452,Xã Suối Cát,15.0,0.0,634.0,95.0,634.0,634.0
22/04/2025,75,Đồng Nai,26455,Xã Xuân Hiệp,0.0,0.0,9.0,0.0,0.0,9.0
22/05/2025,75,Đồng Nai,25993,Phường Trảng Dài,0.0,0.0,0.0,83.0,0.0,0.0
22/05/2025,75,Đồng Nai,25996,Phường Tân Phong,8.0,0.0,284.0,0.0,284.0,284.0
22/05/2025,75,Đồng Nai,25999,Phường Tân Biên,0.0,0.0,11.0,0.0,11.0,11.0
22/05/2025,75,Đồng Nai,26017,Phường Tam Hiệp,0.0,0.0,128.0,0.0,128.0,128.0
22/05/2025,75,Đồng Nai,26029,Phường Thống Nhất,0.0,0.0,449.0,10.0,449.0,449.0
22/05/2025,75,Đồng Nai,26068,Phường Hóa An,0.0,0.0,152.0,0.0,128.0,152.0
22/05/2025,75,Đồng Nai,26095,Phường Suối Tre,0.0,0.0,806.0,0.0,806.0,806.0
22/05/2025,75,Đồng Nai,26116,Thị Trấn Tân Phú,0.0,0.0,440.0,0.0,440.0,440.0
22/05/2025,75,Đồng Nai,26188,Xã Thạnh Phú,0.0,0.0,48.0,0.0,48.0,48.0
22/05/2025,75,Đồng Nai,26206,Thị Trấn Định Quán,0.0,0.0,390.0,0.0,390.0,390.0
22/05/2025,75,Đồng Nai,26272,Xã Hố Nai 3,14.0,0.0,458.0,0.0,458.0,458.0
22/05/2025,75,Đồng Nai,26296,Xã An Viễn,0.0,0.0,15.0,0.0,15.0,15.0
22/05/2025,75,Đồng Nai,26299,Xã Gia Tân 1,0.0,0.0,25.0,0.0,25.0,25.0
22/05/2025,75,Đồng Nai,26311,Xã Quang Trung,4.0,0.0,135.0,0.0,135.0,135.0
22/05/2025,75,Đồng Nai,26317,Xã Hưng Lộc,0.0,0.0,88.0,0.0,88.0,88.0
22/05/2025,75,Đồng Nai,26326,Thị Trấn Dầu Giây,0.0,0.0,508.0,0.0,508.0,508.0
22/05/2025,75,Đồng Nai,26362,Xã Sông Ray,0.0,0.0,80.0,0.0,80.0,80.0
22/05/2025,75,Đồng Nai,26368,Thị Trấn Long Thành,0.0,0.0,454.0,0.0,454.0,454.0
22/05/2025,75,Đồng Nai,26374,Phường Tam Phước,0.0,0.0,68.0,0.0,68.0,68.0
22/05/2025,75,Đồng Nai,26377,Phường Phước Tân,0.0,0.0,36.0,0.0,36.0,36.0
22/05/2025,75,Đồng Nai,26416,Xã Phước Bình,0.0,0.0,75.0,0.0,75.0,75.0
22/05/2025,75,Đồng Nai,26452,Xã Suối Cát,11.0,0.0,547.0,53.0,547.0,547.0
22/05/2025,75,Đồng Nai,26455,Xã Xuân Hiệp,0.0,0.0,297.0,0.0,297.0,297.0
22/05/2025,75,Đồng Nai,26497,Xã Vĩnh Thanh,0.0,0.0,53.0,0.0,53.0,53.0
22/06/2025,75,Đồng Nai,25996,Phường Tân Phong,0.0,0.0,28.0,0.0,28.0,0.0
22/06/2025,75,Đồng Nai,26017,Phường Tam Hiệp,0.0,0.0,111.0,3.0,111.0,0.0
22/06/2025,75,Đồng Nai,26029,Phường Thống Nhất,0.0,0.0,13.0,2.0,13.0,0.0
22/06/2025,75,Đồng Nai,26050,Phường An Bình,0.0,0.0,32.0,0.0,32.0,0.0
22/06/2025,75,Đồng Nai,26056,Phường Long Bình Tân,1.0,0.0,398.0,0.0,398.0,0.0
22/06/2025,75,Đồng Nai,26068,Phường Hóa An,0.0,0.0,94.0,0.0,91.0,0.0
22/06/2025,75,Đồng Nai,26095,Phường Suối Tre,1.0,0.0,505.0,0.0,505.0,0.0
22/06/2025,75,Đồng Nai,26116,Thị Trấn Tân Phú,0.0,0.0,1.0,0.0,1.0,0.0
22/06/2025,75,Đồng Nai,26206,Thị Trấn Định Quán,0.0,0.0,221.0,0.0,221.0,0.0
22/06/2025,75,Đồng Nai,26272,Xã Hố Nai 3,0.0,0.0,136.0,0.0,136.0,0.0
22/06/2025,75,Đồng Nai,26296,Xã An Viễn,0.0,0.0,117.0,0.0,117.0,0.0
22/06/2025,75,Đồng Nai,26299,Xã Gia Tân 1,1.0,0.0,49.0,0.0,49.0,0.0
22/06/2025,75,Đồng Nai,26311,Xã Quang Trung,8.0,0.0,330.0,0.0,330.0,0.0
22/06/2025,75,Đồng Nai,26317,Xã Hưng Lộc,0.0,0.0,28.0,0.0,28.0,0.0
22/06/2025,75,Đồng Nai,26326,Thị Trấn Dầu Giây,0.0,0.0,67.0,0.0,67.0,0.0
22/06/2025,75,Đồng Nai,26362,Xã Sông Ray,0.0,0.0,23.0,0.0,23.0,0.0
22/06/2025,75,Đồng Nai,26368,Thị Trấn Long Thành,0.0,0.0,251.0,0.0,251.0,0.0
22/06/2025,75,Đồng Nai,26374,Phường Tam Phước,0.0,0.0,10.0,0.0,10.0,0.0
22/06/2025,75,Đồng Nai,26377,Phường Phước Tân,0.0,0.0,5.0,0.0,5.0,0.0
22/06/2025,75,Đồng Nai,26416,Xã Phước Bình,0.0,0.0,274.0,0.0,274.0,0.0
22/06/2025,75,Đồng Nai,26452,Xã Suối Cát,0.0,0.0,0.0,33.0,0.0,0.0
22/06/2025,75,Đồng Nai,26455,Xã Xuân Hiệp,0.0,0.0,846.0,0.0,846.0,0.0
22/06/2025,75,Đồng Nai,26497,Xã Vĩnh Thanh,0.0,0.0,90.0,0.0,90.0,0.0
22/07/2025,75,Đồng Nai,25993,Phường Trảng Dài,0.0,0.0,5.0,47.0,5.0,0.0
22/07/2025,75,Đồng Nai,25996,Phường Tân Phong,0.0,0.0,59.0,0.0,59.0,0.0
22/07/2025,75,Đồng Nai,26029,Phường Thống Nhất,0.0,0.0,106.0,0.0,106.0,0.0
22/07/2025,75,Đồng Nai,26056,Phường Long Bình Tân,0.0,0.0,1036.0,0.0,1036.0,0.0
22/07/2025,75,Đồng Nai,26068,Phường Hóa An,0.0,0.0,236.0,0.0,236.0,0.0
22/07/2025,75,Đồng Nai,26095,Phường Suối Tre,0.0,0.0,392.0,0.0,392.0,0.0
22/07/2025,75,Đồng Nai,26116,Thị Trấn Tân Phú,0.0,0.0,389.0,0.0,389.0,0.0
22/07/2025,75,Đồng Nai,26188,Xã Thạnh Phú,0.0,0.0,5.0,0.0,5.0,0.0
22/07/2025,75,Đồng Nai,26206,Thị Trấn Định Quán,0.0,0.0,52.0,0.0,52.0,0.0
22/07/2025,75,Đồng Nai,26272,Xã Hố Nai 3,0.0,0.0,232.0,0.0,232.0,0.0
22/07/2025,75,Đồng Nai,26296,Xã An Viễn,0.0,0.0,79.0,0.0,79.0,0.0
22/07/2025,75,Đồng Nai,26317,Xã Hưng Lộc,0.0,0.0,5.0,0.0,5.0,0.0
22/07/2025,75,Đồng Nai,26326,Thị Trấn Dầu Giây,0.0,0.0,33.0,0.0,33.0,0.0
22/07/2025,75,Đồng Nai,26341,Thị Trấn Long Giao,0.0,0.0,1.0,0.0,1.0,0.0
22/07/2025,75,Đồng Nai,26362,Xã Sông Ray,0.0,0.0,161.0,0.0,161.0,0.0
22/07/2025,75,Đồng Nai,26368,Thị Trấn Long Thành,0.0,0.0,70.0,0.0,70.0,0.0
22/07/2025,75,Đồng Nai,26374,Phường Tam Phước,0.0,0.0,2.0,0.0,2.0,0.0
22/07/2025,75,Đồng Nai,26377,Phường Phước Tân,0.0,0.0,24.0,0.0,24.0,0.0
22/07/2025,75,Đồng Nai,26416,Xã Phước Bình,0.0,0.0,11.0,0.0,11.0,0.0
22/07/2025,75,Đồng Nai,26452,Xã Suối Cát,0.0,0.0,23.0,0.0,23.0,0.0
22/07/2025,75,Đồng Nai,26455,Xã Xuân Hiệp,0.0,0.0,3.0,0.0,3.0,0.0
22/07/2025,75,Đồng Nai,26497,Xã Vĩnh Thanh,0.0,0.0,118.0,0.0,118.0,0.0
22/08/2024,75,Đồng Nai,25999,Phường Tân Biên,0.0,0.0,1.0,0.0,1.0,1.0
22/08/2025,75,Đồng Nai,25993,Phường Trảng Dài,0.0,0.0,154.0,2.0,154.0,0.0
22/08/2025,75,Đồng Nai,25996,Phường Tân Phong,0.0,0.0,293.0,0.0,293.0,0.0
22/08/2025,75,Đồng Nai,26029,Phường Thống Nhất,0.0,0.0,13.0,0.0,13.0,0.0
22/08/2025,75,Đồng Nai,26050,Phường An Bình,0.0,0.0,45.0,0.0,45.0,0.0
22/08/2025,75,Đồng Nai,26056,Phường Long Bình Tân,0.0,0.0,852.0,0.0,852.0,0.0
22/08/2025,75,Đồng Nai,26068,Phường Hóa An,0.0,0.0,133.0,0.0,133.0,0.0
22/08/2025,75,Đồng Nai,26095,Phường Suối Tre,0.0,0.0,1000.0,0.0,1000.0,0.0
22/08/2025,75,Đồng Nai,26188,Xã Thạnh Phú,0.0,0.0,153.0,0.0,153.0,0.0
22/08/2025,75,Đồng Nai,26206,Thị Trấn Định Quán,0.0,0.0,564.0,0.0,563.0,0.0
22/08/2025,75,Đồng Nai,26272,Xã Hố Nai 3,0.0,0.0,611.0,0.0,611.0,0.0
22/08/2025,75,Đồng Nai,26296,Xã An Viễn,0.0,0.0,10.0,0.0,10.0,0.0
22/08/2025,75,Đồng Nai,26311,Xã Quang Trung,0.0,0.0,168.0,0.0,168.0,0.0
22/08/2025,75,Đồng Nai,26317,Xã Hưng Lộc,0.0,0.0,2.0,0.0,2.0,0.0
22/08/2025,75,Đồng Nai,26362,Xã Sông Ray,0.0,0.0,101.0,0.0,101.0,0.0
22/08/2025,75,Đồng Nai,26368,Thị Trấn Long Thành,0.0,0.0,493.0,0.0,493.0,0.0
22/08/2025,75,Đồng Nai,26389,Xã Long Đức,0.0,0.0,43.0,0.0,43.0,0.0
22/08/2025,75,Đồng Nai,26416,Xã Phước Bình,0.0,0.0,101.0,0.0,101.0,0.0
22/08/2025,75,Đồng Nai,26452,Xã Suối Cát,0.0,0.0,0.0,1.0,0.0,0.0
22/08/2025,75,Đồng Nai,26455,Xã Xuân Hiệp,0.0,0.0,751.0,0.0,751.0,0.0
22/08/2025,75,Đồng Nai,26497,Xã Vĩnh Thanh,0.0,0.0,89.0,0.0,89.0,0.0
22/09/2025,75,Đồng Nai,25993,Phường Trảng Dài,0.0,0.0,0.0,40.0,0.0,0.0
22/11/2022,75,Đồng Nai,26248,Thị Trấn Trảng Bom,0.0,0.0,1.0,0.0,1.0,1.0
22/11/2024,75,Đồng Nai,26248,Thị Trấn Trảng Bom,0.0,0.0,2.0,0.0,2.0,2.0
22/12/2023,75,Đồng Nai,26248,Thị Trấn Trảng Bom,0.0,0.0,1.0,0.0,1.0,1.0
22/12/2024,75,Đồng Nai,26452,Xã Suối Cát,0.0,0.0,2.0,0.0,2.0,2.0
23/01/2025,75,Đồng Nai,26080,Phường Xuân An,0.0,0.0,2.0,0.0,2.0,2.0
23/01/2025,75,Đồng Nai,26248,Thị Trấn Trảng Bom,0.0,0.0,5.0,0.0,5.0,5.0
23/01/2025,75,Đồng Nai,26341,Thị Trấn Long Giao,0.0,0.0,620.0,0.0,620.0,620.0
23/01/2025,75,Đồng Nai,26452,Xã Suối Cát,0.0,0.0,2.0,83.0,2.0,2.0
23/01/2025,75,Đồng Nai,26455,Xã Xuân Hiệp,0.0,0.0,2.0,0.0,0.0,2.0
23/02/2025,75,Đồng Nai,26026,Phường Tân Mai,0.0,0.0,2.0,0.0,2.0,2.0
23/02/2025,75,Đồng Nai,26248,Thị Trấn Trảng Bom,0.0,0.0,25.0,0.0,25.0,25.0
23/02/2025,75,Đồng Nai,26341,Thị Trấn Long Giao,0.0,0.0,52.0,0.0,52.0,52.0
23/02/2025,75,Đồng Nai,26452,Xã Suối Cát,0.0,0.0,67.0,94.0,67.0,67.0
23/03/2025,75,Đồng Nai,26026,Phường Tân Mai,6.0,0.0,104.0,0.0,104.0,104.0
23/03/2025,75,Đồng Nai,26095,Phường Suối Tre,1.0,0.0,4.0,0.0,4.0,4.0
23/03/2025,75,Đồng Nai,26116,Thị Trấn Tân Phú,0.0,0.0,3.0,0.0,3.0,3.0
23/03/2025,75,Đồng Nai,26206,Thị Trấn Định Quán,0.0,0.0,1.0,0.0,1.0,1.0
23/03/2025,75,Đồng Nai,26248,Thị Trấn Trảng Bom,0.0,0.0,14.0,0.0,14.0,14.0
23/03/2025,75,Đồng Nai,26272,Xã Hố Nai 3,0.0,0.0,5.0,0.0,5.0,5.0
23/03/2025,75,Đồng Nai,26368,Thị Trấn Long Thành,0.0,0.0,2.0,0.0,2.0,2.0
23/03/2025,75,Đồng Nai,26452,Xã Suối Cát,0.0,0.0,64.0,119.0,64.0,64.0
23/04/2025,75,Đồng Nai,25993,Phường Trảng Dài,0.0,0.0,201.0,87.0,201.0,201.0
23/04/2025,75,Đồng Nai,25996,Phường Tân Phong,0.0,0.0,61.0,0.0,61.0,61.0
23/04/2025,75,Đồng Nai,25999,Phường Tân Biên,0.0,0.0,11.0,0.0,11.0,11.0
23/04/2025,75,Đồng Nai,26017,Phường Tam Hiệp,0.0,0.0,50.0,0.0,50.0,50.0
23/04/2025,75,Đồng Nai,26029,Phường Thống Nhất,0.0,0.0,5.0,0.0,5.0,5.0
23/04/2025,75,Đồng Nai,26068,Phường Hóa An,0.0,0.0,1.0,0.0,1.0,1.0
23/04/2025,75,Đồng Nai,26095,Phường Suối Tre,10.0,0.0,1978.0,0.0,1978.0,1978.0
23/04/2025,75,Đồng Nai,26188,Xã Thạnh Phú,0.0,0.0,3.0,0.0,3.0,3.0
23/04/2025,75,Đồng Nai,26206,Thị Trấn Định Quán,0.0,0.0,529.0,0.0,529.0,529.0
23/04/2025,75,Đồng Nai,26272,Xã Hố Nai 3,7.0,0.0,435.0,0.0,435.0,435.0
23/04/2025,75,Đồng Nai,26326,Thị Trấn Dầu Giây,0.0,0.0,448.0,0.0,448.0,448.0
23/04/2025,75,Đồng Nai,26341,Thị Trấn Long Giao,0.0,0.0,3.0,0.0,3.0,3.0
23/04/2025,75,Đồng Nai,26362,Xã Sông Ray,0.0,0.0,13.0,0.0,13.0,13.0
23/04/2025,75,Đồng Nai,26368,Thị Trấn Long Thành,0.0,0.0,465.0,0.0,465.0,465.0
23/04/2025,75,Đồng Nai,26377,Phường Phước Tân,0.0,0.0,40.0,0.0,40.0,40.0
23/04/2025,75,Đồng Nai,26440,Xã Xuân Trường,0.0,0.0,65.0,0.0,65.0,65.0
23/04/2025,75,Đồng Nai,26452,Xã Suối Cát,17.0,0.0,632.0,126.0,632.0,632.0
23/04/2025,75,Đồng Nai,26455,Xã Xuân Hiệp,0.0,0.0,9.0,0.0,0.0,9.0
23/05/2025,75,Đồng Nai,25993,Phường Trảng Dài,0.0,0.0,0.0,7.0,0.0,0.0
23/05/2025,75,Đồng Nai,25996,Phường Tân Phong,7.0,0.0,216.0,0.0,216.0,216.0
23/05/2025,75,Đồng Nai,25999,Phường Tân Biên,0.0,0.0,14.0,0.0,14.0,14.0
23/05/2025,75,Đồng Nai,26017,Phường Tam Hiệp,0.0,0.0,87.0,0.0,87.0,87.0
23/05/2025,75,Đồng Nai,26029,Phường Thống Nhất,0.0,0.0,251.0,2.0,251.0,251.0
23/05/2025,75,Đồng Nai,26050,Phường An Bình,0.0,0.0,1.0,0.0,1.0,1.0
23/05/2025,75,Đồng Nai,26068,Phường Hóa An,0.0,0.0,127.0,0.0,120.0,127.0
23/05/2025,75,Đồng Nai,26095,Phường Suối Tre,0.0,0.0,50.0,0.0,50.0,50.0
23/05/2025,75,Đồng Nai,26116,Thị Trấn Tân Phú,0.0,0.0,336.0,0.0,336.0,336.0
23/05/2025,75,Đồng Nai,26188,Xã Thạnh Phú,0.0,0.0,42.0,0.0,42.0,42.0
23/05/2025,75,Đồng Nai,26206,Thị Trấn Định Quán,0.0,0.0,453.0,0.0,453.0,453.0
23/05/2025,75,Đồng Nai,26272,Xã Hố Nai 3,15.0,0.0,578.0,0.0,578.0,578.0
23/05/2025,75,Đồng Nai,26296,Xã An Viễn,0.0,0.0,22.0,0.0,22.0,22.0
23/05/2025,75,Đồng Nai,26299,Xã Gia Tân 1,1.0,0.0,21.0,0.0,21.0,21.0
23/05/2025,75,Đồng Nai,26317,Xã Hưng Lộc,1.0,0.0,82.0,0.0,82.0,82.0
23/05/2025,75,Đồng Nai,26326,Thị Trấn Dầu Giây,0.0,0.0,19.0,0.0,19.0,19.0
23/05/2025,75,Đồng Nai,26368,Thị Trấn Long Thành,0.0,0.0,466.0,0.0,466.0,466.0
23/05/2025,75,Đồng Nai,26377,Phường Phước Tân,0.0,0.0,45.0,0.0,45.0,45.0
23/05/2025,75,Đồng Nai,26416,Xã Phước Bình,0.0,0.0,1.0,0.0,1.0,1.0
23/05/2025,75,Đồng Nai,26452,Xã Suối Cát,16.0,0.0,585.0,7.0,585.0,585.0
23/05/2025,75,Đồng Nai,26455,Xã Xuân Hiệp,0.0,0.0,298.0,0.0,298.0,298.0
23/05/2025,75,Đồng Nai,26497,Xã Vĩnh Thanh,0.0,0.0,10.0,0.0,10.0,10.0
23/06/2025,75,Đồng Nai,25996,Phường Tân Phong,11.0,0.0,490.0,0.0,490.0,0.0
23/06/2025,75,Đồng Nai,26002,Phường Hố Nai,9.0,0.0,189.0,0.0,189.0,0.0
23/06/2025,75,Đồng Nai,26017,Phường Tam Hiệp,0.0,0.0,437.0,2.0,437.0,0.0
23/06/2025,75,Đồng Nai,26020,Phường Long Bình,0.0,0.0,40.0,0.0,40.0,0.0
23/06/2025,75,Đồng Nai,26029,Phường Thống Nhất,0.0,0.0,129.0,1.0,129.0,0.0
23/06/2025,75,Đồng Nai,26050,Phường An Bình,0.0,0.0,280.0,0.0,280.0,0.0
23/06/2025,75,Đồng Nai,26056,Phường Long Bình Tân,3.0,0.0,1042.0,0.0,1042.0,0.0
23/06/2025,75,Đồng Nai,26068,Phường Hóa An,1.0,0.0,445.0,0.0,389.0,0.0
23/06/2025,75,Đồng Nai,26095,Phường Suối Tre,0.0,0.0,1196.0,0.0,1196.0,0.0
23/06/2025,75,Đồng Nai,26116,Thị Trấn Tân Phú,0.0,0.0,3.0,0.0,3.0,0.0
23/06/2025,75,Đồng Nai,26206,Thị Trấn Định Quán,0.0,0.0,1501.0,0.0,1501.0,0.0
23/06/2025,75,Đồng Nai,26272,Xã Hố Nai 3,1.0,0.0,283.0,0.0,283.0,0.0
23/06/2025,75,Đồng Nai,26296,Xã An Viễn,0.0,0.0,185.0,0.0,185.0,0.0
23/06/2025,75,Đồng Nai,26299,Xã Gia Tân 1,3.0,0.0,60.0,0.0,60.0,0.0
23/06/2025,75,Đồng Nai,26311,Xã Quang Trung,9.0,0.0,651.0,0.0,651.0,0.0
23/06/2025,75,Đồng Nai,26317,Xã Hưng Lộc,0.0,0.0,20.0,0.0,20.0,0.0
23/06/2025,75,Đồng Nai,26326,Thị Trấn Dầu Giây,0.0,0.0,708.0,0.0,708.0,0.0
23/06/2025,75,Đồng Nai,26362,Xã Sông Ray,1.0,0.0,151.0,0.0,151.0,0.0
23/06/2025,75,Đồng Nai,26368,Thị Trấn Long Thành,0.0,0.0,695.0,0.0,695.0,0.0
23/06/2025,75,Đồng Nai,26374,Phường Tam Phước,0.0,0.0,285.0,0.0,285.0,0.0
23/06/2025,75,Đồng Nai,26377,Phường Phước Tân,0.0,0.0,38.0,0.0,38.0,0.0
23/06/2025,75,Đồng Nai,26416,Xã Phước Bình,0.0,0.0,301.0,0.0,301.0,0.0
23/06/2025,75,Đồng Nai,26452,Xã Suối Cát,0.0,0.0,0.0,35.0,0.0,0.0
23/06/2025,75,Đồng Nai,26455,Xã Xuân Hiệp,0.0,0.0,489.0,0.0,489.0,0.0
23/06/2025,75,Đồng Nai,26497,Xã Vĩnh Thanh,0.0,0.0,89.0,0.0,89.0,0.0
23/07/2025,75,Đồng Nai,25993,Phường Trảng Dài,0.0,0.0,34.0,15.0,34.0,0.0
23/07/2025,75,Đồng Nai,25996,Phường Tân Phong,0.0,0.0,124.0,0.0,124.0,0.0
23/07/2025,75,Đồng Nai,26017,Phường Tam Hiệp,0.0,0.0,0.0,10.0,0.0,0.0
23/07/2025,75,Đồng Nai,26029,Phường Thống Nhất,0.0,0.0,425.0,0.0,425.0,0.0
23/07/2025,75,Đồng Nai,26056,Phường Long Bình Tân,0.0,0.0,945.0,0.0,945.0,0.0
23/07/2025,75,Đồng Nai,26068,Phường Hóa An,0.0,0.0,281.0,0.0,281.0,0.0
23/07/2025,75,Đồng Nai,26095,Phường Suối Tre,0.0,0.0,1140.0,0.0,1140.0,0.0
23/07/2025,75,Đồng Nai,26116,Thị Trấn Tân Phú,0.0,0.0,302.0,0.0,302.0,0.0
23/07/2025,75,Đồng Nai,26188,Xã Thạnh Phú,0.0,0.0,4.0,0.0,4.0,0.0
23/07/2025,75,Đồng Nai,26206,Thị Trấn Định Quán,0.0,0.0,262.0,0.0,262.0,0.0
23/07/2025,75,Đồng Nai,26272,Xã Hố Nai 3,0.0,0.0,228.0,0.0,228.0,0.0
23/07/2025,75,Đồng Nai,26296,Xã An Viễn,0.0,0.0,9.0,0.0,9.0,0.0
23/07/2025,75,Đồng Nai,26317,Xã Hưng Lộc,0.0,0.0,107.0,0.0,107.0,0.0
23/07/2025,75,Đồng Nai,26326,Thị Trấn Dầu Giây,0.0,0.0,29.0,0.0,29.0,0.0
23/07/2025,75,Đồng Nai,26341,Thị Trấn Long Giao,0.0,0.0,2.0,0.0,2.0,0.0
23/07/2025,75,Đồng Nai,26362,Xã Sông Ray,0.0,0.0,131.0,0.0,131.0,0.0
23/07/2025,75,Đồng Nai,26368,Thị Trấn Long Thành,0.0,0.0,548.0,0.0,548.0,0.0
23/07/2025,75,Đồng Nai,26374,Phường Tam Phước,0.0,0.0,2.0,0.0,2.0,0.0
23/07/2025,75,Đồng Nai,26377,Phường Phước Tân,0.0,0.0,46.0,0.0,46.0,0.0
23/07/2025,75,Đồng Nai,26416,Xã Phước Bình,0.0,0.0,83.0,0.0,83.0,0.0
23/07/2025,75,Đồng Nai,26452,Xã Suối Cát,0.0,0.0,28.0,1.0,28.0,0.0
23/07/2025,75,Đồng Nai,26455,Xã Xuân Hiệp,0.0,0.0,1.0,0.0,1.0,0.0
23/07/2025,75,Đồng Nai,26497,Xã Vĩnh Thanh,0.0,0.0,70.0,0.0,70.0,0.0
23/08/2025,75,Đồng Nai,25996,Phường Tân Phong,0.0,0.0,20.0,0.0,19.0,0.0
23/08/2025,75,Đồng Nai,26017,Phường Tam Hiệp,0.0,0.0,3.0,0.0,3.0,0.0
23/08/2025,75,Đồng Nai,26029,Phường Thống Nhất,0.0,0.0,10.0,0.0,10.0,0.0
23/08/2025,75,Đồng Nai,26050,Phường An Bình,0.0,0.0,32.0,0.0,32.0,0.0
23/08/2025,75,Đồng Nai,26056,Phường Long Bình Tân,0.0,0.0,880.0,0.0,880.0,0.0
23/08/2025,75,Đồng Nai,26068,Phường Hóa An,0.0,0.0,161.0,0.0,161.0,0.0
23/08/2025,75,Đồng Nai,26095,Phường Suối Tre,0.0,0.0,172.0,0.0,172.0,0.0
23/08/2025,75,Đồng Nai,26188,Xã Thạnh Phú,0.0,0.0,90.0,0.0,90.0,0.0
23/08/2025,75,Đồng Nai,26206,Thị Trấn Định Quán,0.0,0.0,229.0,0.0,229.0,0.0
23/08/2025,75,Đồng Nai,26272,Xã Hố Nai 3,0.0,0.0,812.0,0.0,812.0,0.0
23/08/2025,75,Đồng Nai,26296,Xã An Viễn,0.0,0.0,1.0,0.0,1.0,0.0
23/08/2025,75,Đồng Nai,26311,Xã Quang Trung,0.0,0.0,121.0,0.0,121.0,0.0
23/08/2025,75,Đồng Nai,26317,Xã Hưng Lộc,0.0,0.0,63.0,0.0,63.0,0.0
23/08/2025,75,Đồng Nai,26362,Xã Sông Ray,0.0,0.0,91.0,0.0,91.0,0.0
23/08/2025,75,Đồng Nai,26368,Thị Trấn Long Thành,0.0,0.0,108.0,0.0,108.0,0.0
23/08/2025,75,Đồng Nai,26389,Xã Long Đức,0.0,0.0,38.0,0.0,38.0,0.0
23/08/2025,75,Đồng Nai,26416,Xã Phước Bình,0.0,0.0,99.0,0.0,99.0,0.0
23/08/2025,75,Đồng Nai,26452,Xã Suối Cát,0.0,0.0,0.0,2.0,0.0,0.0
23/08/2025,75,Đồng Nai,26455,Xã Xuân Hiệp,0.0,0.0,331.0,0.0,331.0,0.0
23/08/2025,75,Đồng Nai,26497,Xã Vĩnh Thanh,0.0,0.0,76.0,0.0,76.0,0.0
23/09/2025,75,Đồng Nai,25993,Phường Trảng Dài,0.0,0.0,0.0,66.0,0.0,0.0
23/12/2024,75,Đồng Nai,26341,Thị Trấn Long Giao,0.0,0.0,1.0,0.0,1.0,1.0
23/12/2024,75,Đồng Nai,26377,Phường Phước Tân,0.0,0.0,1.0,0.0,1.0,1.0
23/12/2024,75,Đồng Nai,26452,Xã Suối Cát,0.0,0.0,6.0,0.0,6.0,6.0
24/01/2025,75,Đồng Nai,26026,Phường Tân Mai,0.0,0.0,2.0,0.0,2.0,2.0
24/01/2025,75,Đồng Nai,26080,Phường Xuân An,0.0,0.0,2.0,0.0,2.0,2.0
24/01/2025,75,Đồng Nai,26248,Thị Trấn Trảng Bom,0.0,0.0,7.0,0.0,7.0,7.0
24/01/2025,75,Đồng Nai,26341,Thị Trấn Long Giao,0.0,0.0,567.0,0.0,567.0,567.0
24/01/2025,75,Đồng Nai,26452,Xã Suối Cát,0.0,0.0,1.0,6.0,1.0,1.0
24/02/2025,75,Đồng Nai,25993,Phường Trảng Dài,0.0,0.0,33.0,0.0,33.0,33.0
24/02/2025,75,Đồng Nai,26026,Phường Tân Mai,0.0,0.0,22.0,0.0,22.0,22.0
24/02/2025,75,Đồng Nai,26080,Phường Xuân An,0.0,0.0,1.0,0.0,1.0,1.0
24/02/2025,75,Đồng Nai,26248,Thị Trấn Trảng Bom,0.0,0.0,150.0,0.0,150.0,150.0
24/02/2025,75,Đồng Nai,26341,Thị Trấn Long Giao,0.0,0.0,529.0,0.0,529.0,529.0
24/02/2025,75,Đồng Nai,26452,Xã Suối Cát,39.0,0.0,773.0,29.0,773.0,773.0
24/03/2025,75,Đồng Nai,25996,Phường Tân Phong,0.0,0.0,11.0,0.0,11.0,11.0
24/03/2025,75,Đồng Nai,26008,Phường Tân Hiệp,0.0,0.0,1.0,0.0,1.0,1.0
24/03/2025,75,Đồng Nai,26026,Phường Tân Mai,144.0,0.0,931.0,0.0,931.0,931.0
24/03/2025,75,Đồng Nai,26080,Phường Xuân An,0.0,0.0,1.0,0.0,1.0,1.0
24/03/2025,75,Đồng Nai,26095,Phường Suối Tre,2.0,0.0,24.0,0.0,24.0,24.0
24/03/2025,75,Đồng Nai,26116,Thị Trấn Tân Phú,0.0,0.0,8.0,0.0,8.0,8.0
24/03/2025,75,Đồng Nai,26206,Thị Trấn Định Quán,0.0,0.0,11.0,0.0,11.0,11.0
24/03/2025,75,Đồng Nai,26248,Thị Trấn Trảng Bom,0.0,0.0,383.0,0.0,383.0,383.0
24/03/2025,75,Đồng Nai,26272,Xã Hố Nai 3,0.0,0.0,6.0,0.0,6.0,6.0
24/03/2025,75,Đồng Nai,26326,Thị Trấn Dầu Giây,0.0,0.0,5.0,0.0,5.0,5.0
24/03/2025,75,Đồng Nai,26377,Phường Phước Tân,0.0,0.0,2.0,0.0,2.0,2.0
24/03/2025,75,Đồng Nai,26452,Xã Suối Cát,38.0,0.0,775.0,58.0,775.0,775.0
24/03/2025,75,Đồng Nai,26455,Xã Xuân Hiệp,0.0,0.0,2.0,0.0,0.0,2.0
24/04/2025,75,Đồng Nai,25993,Phường Trảng Dài,0.0,0.0,265.0,47.0,265.0,265.0
24/04/2025,75,Đồng Nai,25996,Phường Tân Phong,0.0,0.0,52.0,0.0,52.0,52.0
24/04/2025,75,Đồng Nai,25999,Phường Tân Biên,0.0,0.0,11.0,0.0,11.0,11.0
24/04/2025,75,Đồng Nai,26017,Phường Tam Hiệp,0.0,0.0,1.0,0.0,1.0,1.0
24/04/2025,75,Đồng Nai,26029,Phường Thống Nhất,0.0,0.0,15.0,0.0,15.0,15.0
24/04/2025,75,Đồng Nai,26068,Phường Hóa An,0.0,0.0,6.0,0.0,5.0,6.0
24/04/2025,75,Đồng Nai,26095,Phường Suối Tre,5.0,0.0,2031.0,0.0,2031.0,2031.0
24/04/2025,75,Đồng Nai,26116,Thị Trấn Tân Phú,0.0,0.0,3.0,0.0,3.0,3.0
24/04/2025,75,Đồng Nai,26188,Xã Thạnh Phú,0.0,0.0,2.0,0.0,2.0,2.0
24/04/2025,75,Đồng Nai,26206,Thị Trấn Định Quán,0.0,0.0,486.0,0.0,486.0,486.0
24/04/2025,75,Đồng Nai,26272,Xã Hố Nai 3,6.0,0.0,429.0,0.0,429.0,429.0
24/04/2025,75,Đồng Nai,26326,Thị Trấn Dầu Giây,0.0,0.0,533.0,0.0,533.0,533.0
24/04/2025,75,Đồng Nai,26341,Thị Trấn Long Giao,0.0,0.0,4.0,0.0,4.0,4.0
24/04/2025,75,Đồng Nai,26362,Xã Sông Ray,0.0,0.0,12.0,0.0,12.0,12.0
24/04/2025,75,Đồng Nai,26368,Thị Trấn Long Thành,0.0,0.0,423.0,0.0,423.0,423.0
24/04/2025,75,Đồng Nai,26377,Phường Phước Tân,0.0,0.0,27.0,0.0,27.0,27.0
24/04/2025,75,Đồng Nai,26452,Xã Suối Cát,9.0,0.0,649.0,100.0,649.0,649.0
24/04/2025,75,Đồng Nai,26455,Xã Xuân Hiệp,0.0,0.0,1.0,0.0,0.0,1.0
24/05/2025,75,Đồng Nai,25996,Phường Tân Phong,0.0,0.0,10.0,0.0,10.0,10.0
24/05/2025,75,Đồng Nai,25999,Phường Tân Biên,0.0,0.0,6.0,0.0,6.0,6.0
24/05/2025,75,Đồng Nai,26017,Phường Tam Hiệp,0.0,0.0,86.0,0.0,86.0,86.0
24/05/2025,75,Đồng Nai,26029,Phường Thống Nhất,0.0,0.0,25.0,11.0,25.0,25.0
24/05/2025,75,Đồng Nai,26050,Phường An Bình,0.0,0.0,34.0,0.0,34.0,34.0
24/05/2025,75,Đồng Nai,26068,Phường Hóa An,0.0,0.0,187.0,0.0,168.0,187.0
24/05/2025,75,Đồng Nai,26095,Phường Suối Tre,0.0,0.0,46.0,0.0,46.0,46.0
24/05/2025,75,Đồng Nai,26116,Thị Trấn Tân Phú,0.0,0.0,96.0,0.0,96.0,96.0
24/05/2025,75,Đồng Nai,26188,Xã Thạnh Phú,0.0,0.0,55.0,0.0,55.0,55.0
24/05/2025,75,Đồng Nai,26206,Thị Trấn Định Quán,0.0,0.0,41.0,0.0,41.0,41.0
24/05/2025,75,Đồng Nai,26272,Xã Hố Nai 3,2.0,0.0,591.0,0.0,591.0,591.0
24/05/2025,75,Đồng Nai,26296,Xã An Viễn,0.0,0.0,6.0,0.0,6.0,6.0
24/05/2025,75,Đồng Nai,26311,Xã Quang Trung,0.0,0.0,7.0,0.0,7.0,7.0
24/05/2025,75,Đồng Nai,26317,Xã Hưng Lộc,0.0,0.0,7.0,0.0,7.0,7.0
24/05/2025,75,Đồng Nai,26326,Thị Trấn Dầu Giây,0.0,0.0,156.0,0.0,156.0,156.0
24/05/2025,75,Đồng Nai,26368,Thị Trấn Long Thành,0.0,0.0,102.0,0.0,102.0,102.0
24/05/2025,75,Đồng Nai,26374,Phường Tam Phước,0.0,0.0,109.0,0.0,109.0,109.0
24/05/2025,75,Đồng Nai,26416,Xã Phước Bình,0.0,0.0,1.0,0.0,1.0,1.0
24/05/2025,75,Đồng Nai,26452,Xã Suối Cát,0.0,0.0,44.0,1.0,44.0,44.0
24/05/2025,75,Đồng Nai,26455,Xã Xuân Hiệp,0.0,0.0,342.0,0.0,342.0,342.0
24/05/2025,75,Đồng Nai,26497,Xã Vĩnh Thanh,2.0,0.0,92.0,0.0,92.0,92.0
24/06/2024,75,Đồng Nai,26035,Phường Tam Hòa,0.0,0.0,1.0,0.0,1.0,1.0
24/06/2024,75,Đồng Nai,26206,Thị Trấn Định Quán,0.0,0.0,1.0,0.0,1.0,1.0
24/06/2025,75,Đồng Nai,25993,Phường Trảng Dài,0.0,0.0,1.0,0.0,1.0,0.0
24/06/2025,75,Đồng Nai,25996,Phường Tân Phong,12.0,0.0,317.0,0.0,317.0,0.0
24/06/2025,75,Đồng Nai,26002,Phường Hố Nai,7.0,0.0,28.0,0.0,27.0,0.0
24/06/2025,75,Đồng Nai,26017,Phường Tam Hiệp,0.0,0.0,74.0,0.0,73.0,0.0
24/06/2025,75,Đồng Nai,26020,Phường Long Bình,0.0,0.0,28.0,0.0,28.0,0.0
24/06/2025,75,Đồng Nai,26029,Phường Thống Nhất,0.0,0.0,505.0,3.0,505.0,0.0
24/06/2025,75,Đồng Nai,26050,Phường An Bình,0.0,0.0,105.0,0.0,105.0,0.0
24/06/2025,75,Đồng Nai,26056,Phường Long Bình Tân,2.0,0.0,805.0,0.0,805.0,0.0
24/06/2025,75,Đồng Nai,26068,Phường Hóa An,0.0,0.0,313.0,0.0,295.0,0.0
24/06/2025,75,Đồng Nai,26095,Phường Suối Tre,1.0,0.0,428.0,0.0,428.0,0.0
24/06/2025,75,Đồng Nai,26116,Thị Trấn Tân Phú,0.0,0.0,10.0,0.0,10.0,0.0
24/06/2025,75,Đồng Nai,26206,Thị Trấn Định Quán,0.0,0.0,1391.0,0.0,1391.0,0.0
24/06/2025,75,Đồng Nai,26272,Xã Hố Nai 3,16.0,0.0,594.0,0.0,594.0,0.0
24/06/2025,75,Đồng Nai,26296,Xã An Viễn,2.0,0.0,171.0,0.0,171.0,0.0
24/06/2025,75,Đồng Nai,26299,Xã Gia Tân 1,1.0,0.0,63.0,0.0,63.0,0.0
24/06/2025,75,Đồng Nai,26311,Xã Quang Trung,6.0,0.0,267.0,0.0,267.0,0.0
24/06/2025,75,Đồng Nai,26317,Xã Hưng Lộc,2.0,0.0,132.0,0.0,132.0,0.0
24/06/2025,75,Đồng Nai,26326,Thị Trấn Dầu Giây,0.0,0.0,604.0,0.0,604.0,0.0
24/06/2025,75,Đồng Nai,26362,Xã Sông Ray,2.0,0.0,120.0,0.0,120.0,0.0
24/06/2025,75,Đồng Nai,26368,Thị Trấn Long Thành,4.0,0.0,584.0,0.0,584.0,0.0
24/06/2025,75,Đồng Nai,26374,Phường Tam Phước,0.0,0.0,29.0,0.0,29.0,0.0
24/06/2025,75,Đồng Nai,26377,Phường Phước Tân,0.0,0.0,31.0,0.0,31.0,0.0
24/06/2025,75,Đồng Nai,26416,Xã Phước Bình,0.0,0.0,169.0,0.0,169.0,0.0
24/06/2025,75,Đồng Nai,26452,Xã Suối Cát,0.0,0.0,0.0,3.0,0.0,0.0
24/06/2025,75,Đồng Nai,26455,Xã Xuân Hiệp,0.0,0.0,370.0,0.0,370.0,0.0
24/06/2025,75,Đồng Nai,26497,Xã Vĩnh Thanh,0.0,0.0,70.0,0.0,70.0,0.0
24/07/2025,75,Đồng Nai,25993,Phường Trảng Dài,0.0,0.0,131.0,2.0,131.0,0.0
24/07/2025,75,Đồng Nai,25996,Phường Tân Phong,0.0,0.0,161.0,0.0,161.0,0.0
24/07/2025,75,Đồng Nai,26029,Phường Thống Nhất,0.0,0.0,23.0,0.0,23.0,0.0
24/07/2025,75,Đồng Nai,26050,Phường An Bình,0.0,0.0,48.0,0.0,48.0,0.0
24/07/2025,75,Đồng Nai,26056,Phường Long Bình Tân,0.0,0.0,892.0,0.0,892.0,0.0
24/07/2025,75,Đồng Nai,26068,Phường Hóa An,0.0,0.0,143.0,0.0,143.0,0.0
24/07/2025,75,Đồng Nai,26095,Phường Suối Tre,0.0,0.0,1157.0,0.0,1157.0,0.0
24/07/2025,75,Đồng Nai,26116,Thị Trấn Tân Phú,0.0,0.0,400.0,0.0,400.0,0.0
24/07/2025,75,Đồng Nai,26188,Xã Thạnh Phú,0.0,0.0,7.0,0.0,7.0,0.0
24/07/2025,75,Đồng Nai,26206,Thị Trấn Định Quán,0.0,0.0,181.0,0.0,181.0,0.0
24/07/2025,75,Đồng Nai,26272,Xã Hố Nai 3,0.0,0.0,405.0,0.0,405.0,0.0
24/07/2025,75,Đồng Nai,26296,Xã An Viễn,0.0,0.0,151.0,0.0,151.0,0.0
24/07/2025,75,Đồng Nai,26317,Xã Hưng Lộc,0.0,0.0,84.0,0.0,84.0,0.0
24/07/2025,75,Đồng Nai,26326,Thị Trấn Dầu Giây,0.0,0.0,30.0,0.0,30.0,0.0
24/07/2025,75,Đồng Nai,26341,Thị Trấn Long Giao,0.0,0.0,4.0,0.0,4.0,0.0
24/07/2025,75,Đồng Nai,26362,Xã Sông Ray,0.0,0.0,135.0,0.0,135.0,0.0
24/07/2025,75,Đồng Nai,26368,Thị Trấn Long Thành,0.0,0.0,476.0,0.0,476.0,0.0
24/07/2025,75,Đồng Nai,26374,Phường Tam Phước,0.0,0.0,75.0,0.0,75.0,0.0
24/07/2025,75,Đồng Nai,26377,Phường Phước Tân,0.0,0.0,24.0,0.0,24.0,0.0
24/07/2025,75,Đồng Nai,26416,Xã Phước Bình,0.0,0.0,171.0,0.0,171.0,0.0
24/07/2025,75,Đồng Nai,26452,Xã Suối Cát,0.0,0.0,27.0,0.0,27.0,0.0
24/07/2025,75,Đồng Nai,26455,Xã Xuân Hiệp,0.0,0.0,2.0,0.0,2.0,0.0
24/07/2025,75,Đồng Nai,26497,Xã Vĩnh Thanh,0.0,0.0,14.0,0.0,14.0,0.0
24/08/2025,75,Đồng Nai,25993,Phường Trảng Dài,0.0,0.0,0.0,171.0,0.0,0.0
24/08/2025,75,Đồng Nai,25996,Phường Tân Phong,0.0,0.0,33.0,0.0,33.0,0.0
24/08/2025,75,Đồng Nai,26029,Phường Thống Nhất,0.0,0.0,13.0,0.0,13.0,0.0
24/08/2025,75,Đồng Nai,26050,Phường An Bình,0.0,0.0,13.0,0.0,13.0,0.0
24/08/2025,75,Đồng Nai,26056,Phường Long Bình Tân,0.0,0.0,322.0,0.0,321.0,0.0
24/08/2025,75,Đồng Nai,26095,Phường Suối Tre,0.0,0.0,512.0,0.0,511.0,0.0
24/08/2025,75,Đồng Nai,26188,Xã Thạnh Phú,0.0,0.0,87.0,0.0,87.0,0.0
24/08/2025,75,Đồng Nai,26206,Thị Trấn Định Quán,0.0,0.0,112.0,0.0,112.0,0.0
24/08/2025,75,Đồng Nai,26272,Xã Hố Nai 3,0.0,0.0,527.0,0.0,527.0,0.0
24/08/2025,75,Đồng Nai,26296,Xã An Viễn,0.0,0.0,58.0,0.0,58.0,0.0
24/08/2025,75,Đồng Nai,26362,Xã Sông Ray,0.0,0.0,29.0,0.0,29.0,0.0
24/08/2025,75,Đồng Nai,26368,Thị Trấn Long Thành,0.0,0.0,230.0,0.0,230.0,0.0
24/08/2025,75,Đồng Nai,26389,Xã Long Đức,0.0,0.0,23.0,0.0,23.0,0.0
24/08/2025,75,Đồng Nai,26416,Xã Phước Bình,0.0,0.0,6.0,0.0,6.0,0.0
24/08/2025,75,Đồng Nai,26452,Xã Suối Cát,0.0,0.0,0.0,57.0,0.0,0.0
24/08/2025,75,Đồng Nai,26455,Xã Xuân Hiệp,0.0,0.0,337.0,0.0,337.0,0.0
24/08/2025,75,Đồng Nai,26497,Xã Vĩnh Thanh,0.0,0.0,69.0,0.0,69.0,0.0
24/09/2025,75,Đồng Nai,25993,Phường Trảng Dài,0.0,0.0,0.0,90.0,0.0,0.0
24/09/2025,75,Đồng Nai,26017,Phường Tam Hiệp,0.0,0.0,0.0,5.0,0.0,0.0
24/12/2024,75,Đồng Nai,26341,Thị Trấn Long Giao,0.0,0.0,2.0,0.0,2.0,2.0
24/12/2024,75,Đồng Nai,26452,Xã Suối Cát,0.0,0.0,6.0,0.0,6.0,6.0
25/01/2025,75,Đồng Nai,26248,Thị Trấn Trảng Bom,0.0,0.0,5.0,0.0,5.0,5.0
25/01/2025,75,Đồng Nai,26341,Thị Trấn Long Giao,0.0,0.0,4.0,0.0,4.0,4.0
25/01/2025,75,Đồng Nai,26452,Xã Suối Cát,0.0,0.0,0.0,1.0,0.0,0.0
25/02/2025,75,Đồng Nai,25993,Phường Trảng Dài,0.0,0.0,42.0,0.0,42.0,42.0
25/02/2025,75,Đồng Nai,26026,Phường Tân Mai,1.0,0.0,43.0,0.0,43.0,43.0
25/02/2025,75,Đồng Nai,26080,Phường Xuân An,0.0,0.0,2.0,0.0,2.0,2.0
25/02/2025,75,Đồng Nai,26248,Thị Trấn Trảng Bom,0.0,0.0,75.0,0.0,75.0,75.0
25/02/2025,75,Đồng Nai,26341,Thị Trấn Long Giao,0.0,0.0,491.0,0.0,491.0,491.0
25/02/2025,75,Đồng Nai,26452,Xã Suối Cát,32.0,0.0,552.0,31.0,552.0,552.0
25/03/2019,75,Đồng Nai,26248,Thị Trấn Trảng Bom,0.0,0.0,1.0,0.0,1.0,1.0
25/03/2025,75,Đồng Nai,25996,Phường Tân Phong,0.0,0.0,17.0,0.0,17.0,17.0
25/03/2025,75,Đồng Nai,26026,Phường Tân Mai,120.0,0.0,568.0,0.0,568.0,568.0
25/03/2025,75,Đồng Nai,26095,Phường Suối Tre,0.0,0.0,9.0,0.0,9.0,9.0
25/03/2025,75,Đồng Nai,26116,Thị Trấn Tân Phú,0.0,0.0,9.0,0.0,9.0,9.0
25/03/2025,75,Đồng Nai,26206,Thị Trấn Định Quán,0.0,0.0,3.0,0.0,3.0,3.0
25/03/2025,75,Đồng Nai,26248,Thị Trấn Trảng Bom,0.0,0.0,560.0,0.0,560.0,560.0
25/03/2025,75,Đồng Nai,26254,Xã Cây Gáo,0.0,0.0,1.0,0.0,1.0,1.0
25/03/2025,75,Đồng Nai,26272,Xã Hố Nai 3,0.0,0.0,8.0,0.0,8.0,8.0
25/03/2025,75,Đồng Nai,26326,Thị Trấn Dầu Giây,0.0,0.0,5.0,0.0,5.0,5.0
25/03/2025,75,Đồng Nai,26452,Xã Suối Cát,27.0,0.0,577.0,105.0,577.0,577.0
25/04/2025,75,Đồng Nai,25993,Phường Trảng Dài,0.0,0.0,90.0,0.0,90.0,90.0
25/04/2025,75,Đồng Nai,25996,Phường Tân Phong,0.0,0.0,63.0,0.0,63.0,63.0
25/04/2025,75,Đồng Nai,25999,Phường Tân Biên,0.0,0.0,11.0,0.0,11.0,11.0
25/04/2025,75,Đồng Nai,26017,Phường Tam Hiệp,0.0,0.0,2.0,0.0,2.0,2.0
25/04/2025,75,Đồng Nai,26029,Phường Thống Nhất,0.0,0.0,12.0,0.0,12.0,12.0
25/04/2025,75,Đồng Nai,26068,Phường Hóa An,0.0,0.0,3.0,0.0,3.0,3.0
25/04/2025,75,Đồng Nai,26095,Phường Suối Tre,2.0,0.0,1162.0,0.0,1162.0,1162.0
25/04/2025,75,Đồng Nai,26116,Thị Trấn Tân Phú,0.0,0.0,4.0,0.0,4.0,4.0
25/04/2025,75,Đồng Nai,26188,Xã Thạnh Phú,0.0,0.0,1.0,0.0,1.0,1.0
25/04/2025,75,Đồng Nai,26206,Thị Trấn Định Quán,0.0,0.0,683.0,0.0,683.0,683.0
25/04/2025,75,Đồng Nai,26272,Xã Hố Nai 3,7.0,0.0,436.0,0.0,436.0,436.0
25/04/2025,75,Đồng Nai,26326,Thị Trấn Dầu Giây,0.0,0.0,539.0,0.0,539.0,539.0
25/04/2025,75,Đồng Nai,26341,Thị Trấn Long Giao,0.0,0.0,6.0,0.0,6.0,6.0
25/04/2025,75,Đồng Nai,26362,Xã Sông Ray,0.0,0.0,7.0,0.0,7.0,7.0
25/04/2025,75,Đồng Nai,26368,Thị Trấn Long Thành,0.0,0.0,491.0,0.0,491.0,491.0
25/04/2025,75,Đồng Nai,26377,Phường Phước Tân,0.0,0.0,35.0,0.0,35.0,35.0
25/04/2025,75,Đồng Nai,26452,Xã Suối Cát,15.0,0.0,649.0,8.0,649.0,649.0
25/04/2025,75,Đồng Nai,26455,Xã Xuân Hiệp,0.0,0.0,11.0,0.0,4.0,11.0
25/05/2025,75,Đồng Nai,25993,Phường Trảng Dài,0.0,0.0,0.0,73.0,0.0,0.0
25/05/2025,75,Đồng Nai,25996,Phường Tân Phong,0.0,0.0,30.0,0.0,30.0,30.0
25/05/2025,75,Đồng Nai,25999,Phường Tân Biên,0.0,0.0,7.0,0.0,7.0,7.0
25/05/2025,75,Đồng Nai,26017,Phường Tam Hiệp,0.0,0.0,9.0,0.0,9.0,9.0
25/05/2025,75,Đồng Nai,26029,Phường Thống Nhất,0.0,0.0,157.0,0.0,157.0,157.0
25/05/2025,75,Đồng Nai,26056,Phường Long Bình Tân,0.0,0.0,3.0,0.0,3.0,3.0
25/05/2025,75,Đồng Nai,26068,Phường Hóa An,0.0,0.0,111.0,0.0,108.0,111.0
25/05/2025,75,Đồng Nai,26095,Phường Suối Tre,0.0,0.0,349.0,0.0,349.0,349.0
25/05/2025,75,Đồng Nai,26116,Thị Trấn Tân Phú,0.0,0.0,90.0,0.0,90.0,90.0
25/05/2025,75,Đồng Nai,26188,Xã Thạnh Phú,0.0,0.0,22.0,0.0,22.0,22.0
25/05/2025,75,Đồng Nai,26206,Thị Trấn Định Quán,0.0,0.0,48.0,0.0,48.0,48.0
25/05/2025,75,Đồng Nai,26272,Xã Hố Nai 3,7.0,0.0,623.0,0.0,623.0,623.0
25/05/2025,75,Đồng Nai,26296,Xã An Viễn,0.0,0.0,50.0,0.0,50.0,50.0
25/05/2025,75,Đồng Nai,26299,Xã Gia Tân 1,0.0,0.0,22.0,0.0,22.0,22.0
25/05/2025,75,Đồng Nai,26311,Xã Quang Trung,1.0,0.0,85.0,0.0,85.0,85.0
25/05/2025,75,Đồng Nai,26317,Xã Hưng Lộc,0.0,0.0,2.0,0.0,2.0,2.0
25/05/2025,75,Đồng Nai,26326,Thị Trấn Dầu Giây,0.0,0.0,58.0,0.0,58.0,58.0
25/05/2025,75,Đồng Nai,26368,Thị Trấn Long Thành,0.0,0.0,100.0,0.0,100.0,100.0
25/05/2025,75,Đồng Nai,26374,Phường Tam Phước,0.0,0.0,77.0,0.0,77.0,77.0
25/05/2025,75,Đồng Nai,26377,Phường Phước Tân,0.0,0.0,2.0,0.0,2.0,2.0
25/05/2025,75,Đồng Nai,26416,Xã Phước Bình,0.0,0.0,3.0,0.0,3.0,3.0
25/05/2025,75,Đồng Nai,26452,Xã Suối Cát,0.0,0.0,37.0,94.0,37.0,37.0
25/05/2025,75,Đồng Nai,26455,Xã Xuân Hiệp,0.0,0.0,271.0,0.0,271.0,271.0
25/05/2025,75,Đồng Nai,26485,Xã Phú Hội,0.0,0.0,1.0,0.0,1.0,1.0
25/05/2025,75,Đồng Nai,26497,Xã Vĩnh Thanh,0.0,0.0,73.0,0.0,73.0,73.0
25/06/2024,75,Đồng Nai,26035,Phường Tam Hòa,0.0,0.0,3.0,0.0,3.0,3.0
25/06/2025,75,Đồng Nai,25996,Phường Tân Phong,0.0,0.0,41.0,0.0,41.0,0.0
25/06/2025,75,Đồng Nai,26002,Phường Hố Nai,4.0,0.0,63.0,0.0,63.0,0.0
25/06/2025,75,Đồng Nai,26017,Phường Tam Hiệp,0.0,0.0,75.0,0.0,75.0,0.0
25/06/2025,75,Đồng Nai,26020,Phường Long Bình,0.0,0.0,22.0,0.0,22.0,0.0
25/06/2025,75,Đồng Nai,26029,Phường Thống Nhất,0.0,0.0,503.0,2.0,503.0,0.0
25/06/2025,75,Đồng Nai,26050,Phường An Bình,0.0,0.0,79.0,0.0,79.0,0.0
25/06/2025,75,Đồng Nai,26056,Phường Long Bình Tân,2.0,0.0,692.0,0.0,692.0,0.0
25/06/2025,75,Đồng Nai,26068,Phường Hóa An,0.0,0.0,275.0,0.0,258.0,0.0
25/06/2025,75,Đồng Nai,26095,Phường Suối Tre,1.0,0.0,983.0,0.0,983.0,0.0
25/06/2025,75,Đồng Nai,26116,Thị Trấn Tân Phú,0.0,0.0,21.0,0.0,21.0,0.0
25/06/2025,75,Đồng Nai,26206,Thị Trấn Định Quán,0.0,0.0,970.0,0.0,970.0,0.0
25/06/2025,75,Đồng Nai,26272,Xã Hố Nai 3,8.0,0.0,487.0,0.0,487.0,0.0
25/06/2025,75,Đồng Nai,26296,Xã An Viễn,2.0,0.0,162.0,0.0,162.0,0.0
25/06/2025,75,Đồng Nai,26299,Xã Gia Tân 1,3.0,0.0,53.0,0.0,53.0,0.0
25/06/2025,75,Đồng Nai,26311,Xã Quang Trung,4.0,0.0,130.0,0.0,130.0,0.0
25/06/2025,75,Đồng Nai,26317,Xã Hưng Lộc,0.0,0.0,79.0,0.0,79.0,0.0
25/06/2025,75,Đồng Nai,26326,Thị Trấn Dầu Giây,0.0,0.0,428.0,0.0,428.0,0.0
25/06/2025,75,Đồng Nai,26362,Xã Sông Ray,2.0,0.0,99.0,0.0,99.0,0.0
25/06/2025,75,Đồng Nai,26368,Thị Trấn Long Thành,1.0,0.0,394.0,0.0,394.0,0.0
25/06/2025,75,Đồng Nai,26374,Phường Tam Phước,0.0,0.0,90.0,0.0,90.0,0.0
25/06/2025,75,Đồng Nai,26377,Phường Phước Tân,0.0,0.0,40.0,0.0,40.0,0.0
25/06/2025,75,Đồng Nai,26416,Xã Phước Bình,0.0,0.0,67.0,0.0,67.0,0.0
25/06/2025,75,Đồng Nai,26452,Xã Suối Cát,0.0,0.0,0.0,13.0,0.0,0.0
25/06/2025,75,Đồng Nai,26455,Xã Xuân Hiệp,0.0,0.0,300.0,0.0,300.0,0.0
25/06/2025,75,Đồng Nai,26497,Xã Vĩnh Thanh,0.0,0.0,72.0,0.0,72.0,0.0
25/07/2025,75,Đồng Nai,25993,Phường Trảng Dài,0.0,0.0,42.0,0.0,42.0,0.0
25/07/2025,75,Đồng Nai,25996,Phường Tân Phong,0.0,0.0,101.0,0.0,101.0,0.0
25/07/2025,75,Đồng Nai,26017,Phường Tam Hiệp,0.0,0.0,0.0,6.0,0.0,0.0
25/07/2025,75,Đồng Nai,26029,Phường Thống Nhất,0.0,0.0,16.0,0.0,16.0,0.0
25/07/2025,75,Đồng Nai,26056,Phường Long Bình Tân,0.0,0.0,900.0,0.0,900.0,0.0
25/07/2025,75,Đồng Nai,26068,Phường Hóa An,0.0,0.0,116.0,0.0,116.0,0.0
25/07/2025,75,Đồng Nai,26095,Phường Suối Tre,0.0,0.0,1046.0,0.0,1046.0,0.0
25/07/2025,75,Đồng Nai,26116,Thị Trấn Tân Phú,0.0,0.0,348.0,0.0,348.0,0.0
25/07/2025,75,Đồng Nai,26188,Xã Thạnh Phú,0.0,0.0,54.0,0.0,54.0,0.0
25/07/2025,75,Đồng Nai,26206,Thị Trấn Định Quán,0.0,0.0,316.0,0.0,316.0,0.0
25/07/2025,75,Đồng Nai,26272,Xã Hố Nai 3,0.0,0.0,30.0,0.0,30.0,0.0
25/07/2025,75,Đồng Nai,26296,Xã An Viễn,0.0,0.0,162.0,0.0,162.0,0.0
25/07/2025,75,Đồng Nai,26317,Xã Hưng Lộc,0.0,0.0,39.0,0.0,39.0,0.0
25/07/2025,75,Đồng Nai,26326,Thị Trấn Dầu Giây,0.0,0.0,20.0,0.0,20.0,0.0
25/07/2025,75,Đồng Nai,26362,Xã Sông Ray,0.0,0.0,70.0,0.0,70.0,0.0
25/07/2025,75,Đồng Nai,26368,Thị Trấn Long Thành,0.0,0.0,481.0,0.0,480.0,0.0
25/07/2025,75,Đồng Nai,26377,Phường Phước Tân,0.0,0.0,31.0,0.0,31.0,0.0
25/07/2025,75,Đồng Nai,26416,Xã Phước Bình,0.0,0.0,10.0,0.0,10.0,0.0
25/07/2025,75,Đồng Nai,26452,Xã Suối Cát,0.0,0.0,27.0,0.0,27.0,0.0
25/07/2025,75,Đồng Nai,26455,Xã Xuân Hiệp,0.0,0.0,1.0,0.0,1.0,0.0
25/07/2025,75,Đồng Nai,26497,Xã Vĩnh Thanh,0.0,0.0,76.0,0.0,76.0,0.0
25/08/2025,75,Đồng Nai,25993,Phường Trảng Dài,0.0,0.0,93.0,140.0,93.0,0.0
25/08/2025,75,Đồng Nai,25996,Phường Tân Phong,0.0,0.0,361.0,0.0,360.0,0.0
25/08/2025,75,Đồng Nai,26017,Phường Tam Hiệp,0.0,0.0,123.0,0.0,123.0,0.0
25/08/2025,75,Đồng Nai,26029,Phường Thống Nhất,0.0,0.0,86.0,0.0,86.0,0.0
25/08/2025,75,Đồng Nai,26056,Phường Long Bình Tân,0.0,0.0,88.0,0.0,88.0,0.0
25/08/2025,75,Đồng Nai,26068,Phường Hóa An,0.0,0.0,213.0,0.0,213.0,0.0
25/08/2025,75,Đồng Nai,26095,Phường Suối Tre,0.0,0.0,1518.0,0.0,1517.0,0.0
25/08/2025,75,Đồng Nai,26188,Xã Thạnh Phú,0.0,0.0,153.0,0.0,153.0,0.0
25/08/2025,75,Đồng Nai,26206,Thị Trấn Định Quán,0.0,0.0,666.0,0.0,666.0,0.0
25/08/2025,75,Đồng Nai,26272,Xã Hố Nai 3,0.0,0.0,870.0,0.0,870.0,0.0
25/08/2025,75,Đồng Nai,26296,Xã An Viễn,0.0,0.0,18.0,0.0,18.0,0.0
25/08/2025,75,Đồng Nai,26311,Xã Quang Trung,0.0,0.0,232.0,0.0,232.0,0.0
25/08/2025,75,Đồng Nai,26317,Xã Hưng Lộc,0.0,0.0,160.0,0.0,160.0,0.0
25/08/2025,75,Đồng Nai,26341,Thị Trấn Long Giao,0.0,0.0,2.0,0.0,2.0,0.0
25/08/2025,75,Đồng Nai,26362,Xã Sông Ray,0.0,0.0,34.0,0.0,34.0,0.0
25/08/2025,75,Đồng Nai,26368,Thị Trấn Long Thành,0.0,0.0,530.0,0.0,530.0,0.0
25/08/2025,75,Đồng Nai,26389,Xã Long Đức,0.0,0.0,83.0,0.0,83.0,0.0
25/08/2025,75,Đồng Nai,26416,Xã Phước Bình,0.0,0.0,111.0,0.0,111.0,0.0
25/08/2025,75,Đồng Nai,26452,Xã Suối Cát,0.0,0.0,0.0,61.0,0.0,0.0
25/08/2025,75,Đồng Nai,26455,Xã Xuân Hiệp,0.0,0.0,433.0,0.0,433.0,0.0
25/08/2025,75,Đồng Nai,26497,Xã Vĩnh Thanh,0.0,0.0,93.0,0.0,93.0,0.0
25/09/2025,75,Đồng Nai,25993,Phường Trảng Dài,0.0,0.0,0.0,39.0,0.0,0.0
25/09/2025,75,Đồng Nai,26017,Phường Tam Hiệp,0.0,0.0,0.0,2.0,0.0,0.0
25/11/2024,75,Đồng Nai,26248,Thị Trấn Trảng Bom,0.0,0.0,2.0,0.0,2.0,2.0
25/12/2024,75,Đồng Nai,26341,Thị Trấn Long Giao,0.0,0.0,1.0,0.0,1.0,1.0
25/12/2024,75,Đồng Nai,26452,Xã Suối Cát,0.0,0.0,6.0,0.0,6.0,6.0
26/01/2025,75,Đồng Nai,26248,Thị Trấn Trảng Bom,0.0,0.0,13.0,0.0,13.0,13.0
26/01/2025,75,Đồng Nai,26341,Thị Trấn Long Giao,0.0,0.0,9.0,0.0,9.0,9.0
26/01/2025,75,Đồng Nai,26452,Xã Suối Cát,0.0,0.0,3.0,1.0,3.0,3.0
26/02/2025,75,Đồng Nai,25993,Phường Trảng Dài,0.0,0.0,28.0,0.0,28.0,28.0
26/02/2025,75,Đồng Nai,26026,Phường Tân Mai,37.0,0.0,246.0,0.0,246.0,246.0
26/02/2025,75,Đồng Nai,26248,Thị Trấn Trảng Bom,0.0,0.0,103.0,0.0,103.0,103.0
26/02/2025,75,Đồng Nai,26341,Thị Trấn Long Giao,0.0,0.0,361.0,0.0,361.0,361.0
26/02/2025,75,Đồng Nai,26452,Xã Suối Cát,24.0,0.0,500.0,50.0,500.0,500.0
26/03/2019,75,Đồng Nai,26248,Thị Trấn Trảng Bom,0.0,0.0,1.0,0.0,1.0,1.0
26/03/2025,75,Đồng Nai,25996,Phường Tân Phong,0.0,0.0,9.0,0.0,9.0,9.0
26/03/2025,75,Đồng Nai,26026,Phường Tân Mai,8.0,0.0,102.0,0.0,102.0,102.0
26/03/2025,75,Đồng Nai,26080,Phường Xuân An,0.0,0.0,1.0,0.0,1.0,1.0
26/03/2025,75,Đồng Nai,26095,Phường Suối Tre,0.0,0.0,13.0,0.0,13.0,13.0
26/03/2025,75,Đồng Nai,26116,Thị Trấn Tân Phú,0.0,0.0,19.0,0.0,19.0,19.0
26/03/2025,75,Đồng Nai,26206,Thị Trấn Định Quán,0.0,0.0,5.0,0.0,5.0,5.0
26/03/2025,75,Đồng Nai,26248,Thị Trấn Trảng Bom,0.0,0.0,591.0,0.0,591.0,591.0
26/03/2025,75,Đồng Nai,26272,Xã Hố Nai 3,0.0,0.0,6.0,0.0,6.0,6.0
26/03/2025,75,Đồng Nai,26326,Thị Trấn Dầu Giây,0.0,0.0,8.0,0.0,8.0,8.0
26/03/2025,75,Đồng Nai,26368,Thị Trấn Long Thành,0.0,0.0,3.0,0.0,3.0,3.0
26/03/2025,75,Đồng Nai,26452,Xã Suối Cát,17.0,0.0,657.0,69.0,657.0,657.0
26/04/2025,75,Đồng Nai,25996,Phường Tân Phong,0.0,0.0,8.0,0.0,8.0,8.0
26/04/2025,75,Đồng Nai,25999,Phường Tân Biên,0.0,0.0,5.0,0.0,5.0,5.0
26/04/2025,75,Đồng Nai,26017,Phường Tam Hiệp,0.0,0.0,31.0,0.0,31.0,31.0
26/04/2025,75,Đồng Nai,26029,Phường Thống Nhất,0.0,0.0,7.0,0.0,7.0,7.0
26/04/2025,75,Đồng Nai,26056,Phường Long Bình Tân,0.0,0.0,1.0,0.0,1.0,1.0
26/04/2025,75,Đồng Nai,26068,Phường Hóa An,0.0,0.0,8.0,0.0,6.0,8.0
26/04/2025,75,Đồng Nai,26095,Phường Suối Tre,2.0,0.0,371.0,0.0,371.0,371.0
26/04/2025,75,Đồng Nai,26116,Thị Trấn Tân Phú,0.0,0.0,2.0,0.0,2.0,2.0
26/04/2025,75,Đồng Nai,26188,Xã Thạnh Phú,0.0,0.0,4.0,0.0,4.0,4.0
26/04/2025,75,Đồng Nai,26206,Thị Trấn Định Quán,0.0,0.0,314.0,0.0,314.0,314.0
26/04/2025,75,Đồng Nai,26272,Xã Hố Nai 3,5.0,0.0,535.0,0.0,535.0,535.0
26/04/2025,75,Đồng Nai,26326,Thị Trấn Dầu Giây,0.0,0.0,201.0,0.0,201.0,201.0
26/04/2025,75,Đồng Nai,26341,Thị Trấn Long Giao,0.0,0.0,3.0,0.0,3.0,3.0
26/04/2025,75,Đồng Nai,26362,Xã Sông Ray,0.0,0.0,85.0,0.0,85.0,85.0
26/04/2025,75,Đồng Nai,26368,Thị Trấn Long Thành,0.0,0.0,215.0,0.0,215.0,215.0
26/04/2025,75,Đồng Nai,26377,Phường Phước Tân,0.0,0.0,12.0,0.0,12.0,12.0
26/04/2025,75,Đồng Nai,26452,Xã Suối Cát,3.0,0.0,230.0,8.0,230.0,230.0
26/04/2025,75,Đồng Nai,26455,Xã Xuân Hiệp,0.0,0.0,1.0,0.0,0.0,1.0
26/04/2025,75,Đồng Nai,26470,Xã Phước Thiền,0.0,0.0,1.0,0.0,1.0,1.0
26/04/2025,75,Đồng Nai,26497,Xã Vĩnh Thanh,0.0,0.0,6.0,0.0,6.0,6.0
26/05/2025,75,Đồng Nai,25993,Phường Trảng Dài,0.0,0.0,0.0,31.0,0.0,0.0
26/05/2025,75,Đồng Nai,25996,Phường Tân Phong,8.0,0.0,232.0,0.0,232.0,232.0
26/05/2025,75,Đồng Nai,25999,Phường Tân Biên,0.0,0.0,11.0,0.0,11.0,11.0
26/05/2025,75,Đồng Nai,26017,Phường Tam Hiệp,0.0,0.0,152.0,0.0,152.0,152.0
26/05/2025,75,Đồng Nai,26029,Phường Thống Nhất,0.0,0.0,632.0,10.0,632.0,632.0
26/05/2025,75,Đồng Nai,26050,Phường An Bình,0.0,0.0,120.0,0.0,120.0,120.0
26/05/2025,75,Đồng Nai,26056,Phường Long Bình Tân,0.0,0.0,3.0,0.0,3.0,3.0
26/05/2025,75,Đồng Nai,26068,Phường Hóa An,0.0,0.0,217.0,0.0,202.0,217.0
26/05/2025,75,Đồng Nai,26095,Phường Suối Tre,0.0,0.0,1439.0,0.0,1439.0,1439.0
26/05/2025,75,Đồng Nai,26116,Thị Trấn Tân Phú,0.0,0.0,465.0,0.0,465.0,465.0
26/05/2025,75,Đồng Nai,26188,Xã Thạnh Phú,0.0,0.0,58.0,0.0,58.0,58.0
26/05/2025,75,Đồng Nai,26206,Thị Trấn Định Quán,0.0,0.0,236.0,0.0,236.0,236.0
26/05/2025,75,Đồng Nai,26272,Xã Hố Nai 3,11.0,0.0,698.0,0.0,698.0,698.0
26/05/2025,75,Đồng Nai,26296,Xã An Viễn,0.0,0.0,190.0,0.0,190.0,190.0
26/05/2025,75,Đồng Nai,26299,Xã Gia Tân 1,1.0,0.0,17.0,0.0,17.0,17.0
26/05/2025,75,Đồng Nai,26317,Xã Hưng Lộc,1.0,0.0,140.0,0.0,140.0,140.0
26/05/2025,75,Đồng Nai,26326,Thị Trấn Dầu Giây,0.0,0.0,684.0,0.0,684.0,684.0
26/05/2025,75,Đồng Nai,26362,Xã Sông Ray,4.0,0.0,102.0,0.0,102.0,102.0
26/05/2025,75,Đồng Nai,26368,Thị Trấn Long Thành,0.0,0.0,594.0,0.0,594.0,594.0
26/05/2025,75,Đồng Nai,26374,Phường Tam Phước,0.0,0.0,37.0,0.0,37.0,37.0
26/05/2025,75,Đồng Nai,26377,Phường Phước Tân,0.0,0.0,48.0,0.0,48.0,48.0
26/05/2025,75,Đồng Nai,26416,Xã Phước Bình,0.0,0.0,13.0,0.0,13.0,13.0
26/05/2025,75,Đồng Nai,26440,Xã Xuân Trường,0.0,0.0,4.0,0.0,4.0,4.0
26/05/2025,75,Đồng Nai,26452,Xã Suối Cát,0.0,0.0,14.0,106.0,14.0,14.0
26/05/2025,75,Đồng Nai,26455,Xã Xuân Hiệp,0.0,0.0,424.0,0.0,424.0,424.0
26/05/2025,75,Đồng Nai,26485,Xã Phú Hội,0.0,0.0,1.0,0.0,1.0,1.0
26/05/2025,75,Đồng Nai,26497,Xã Vĩnh Thanh,0.0,0.0,102.0,0.0,102.0,102.0
26/06/2024,75,Đồng Nai,26035,Phường Tam Hòa,0.0,0.0,1.0,0.0,1.0,1.0
26/06/2025,75,Đồng Nai,25996,Phường Tân Phong,1.0,0.0,85.0,0.0,85.0,0.0
26/06/2025,75,Đồng Nai,26002,Phường Hố Nai,3.0,0.0,23.0,0.0,23.0,0.0
26/06/2025,75,Đồng Nai,26017,Phường Tam Hiệp,0.0,0.0,74.0,2.0,74.0,0.0
26/06/2025,75,Đồng Nai,26020,Phường Long Bình,0.0,0.0,14.0,0.0,14.0,0.0
26/06/2025,75,Đồng Nai,26029,Phường Thống Nhất,0.0,0.0,367.0,4.0,366.0,0.0
26/06/2025,75,Đồng Nai,26035,Phường Tam Hòa,0.0,0.0,1.0,0.0,1.0,0.0
26/06/2025,75,Đồng Nai,26050,Phường An Bình,0.0,0.0,77.0,0.0,77.0,0.0
26/06/2025,75,Đồng Nai,26056,Phường Long Bình Tân,4.0,0.0,648.0,0.0,648.0,0.0
26/06/2025,75,Đồng Nai,26068,Phường Hóa An,1.0,0.0,212.0,0.0,197.0,0.0
26/06/2025,75,Đồng Nai,26095,Phường Suối Tre,0.0,0.0,1209.0,0.0,1209.0,0.0
26/06/2025,75,Đồng Nai,26116,Thị Trấn Tân Phú,0.0,0.0,18.0,0.0,18.0,0.0
26/06/2025,75,Đồng Nai,26206,Thị Trấn Định Quán,0.0,0.0,385.0,0.0,385.0,0.0
26/06/2025,75,Đồng Nai,26272,Xã Hố Nai 3,1.0,0.0,138.0,0.0,138.0,0.0
26/06/2025,75,Đồng Nai,26275,Xã Tây Hoà,0.0,0.0,2.0,0.0,2.0,0.0
26/06/2025,75,Đồng Nai,26296,Xã An Viễn,1.0,0.0,84.0,0.0,84.0,0.0
26/06/2025,75,Đồng Nai,26299,Xã Gia Tân 1,2.0,0.0,45.0,0.0,45.0,0.0
26/06/2025,75,Đồng Nai,26311,Xã Quang Trung,3.0,0.0,141.0,0.0,141.0,0.0
26/06/2025,75,Đồng Nai,26317,Xã Hưng Lộc,0.0,0.0,77.0,0.0,77.0,0.0
26/06/2025,75,Đồng Nai,26326,Thị Trấn Dầu Giây,0.0,0.0,506.0,0.0,506.0,0.0
26/06/2025,75,Đồng Nai,26362,Xã Sông Ray,1.0,0.0,109.0,0.0,109.0,0.0
26/06/2025,75,Đồng Nai,26368,Thị Trấn Long Thành,0.0,0.0,128.0,0.0,128.0,0.0
26/06/2025,75,Đồng Nai,26374,Phường Tam Phước,0.0,0.0,66.0,0.0,66.0,0.0
26/06/2025,75,Đồng Nai,26377,Phường Phước Tân,0.0,0.0,47.0,0.0,47.0,0.0
26/06/2025,75,Đồng Nai,26416,Xã Phước Bình,0.0,0.0,79.0,0.0,79.0,0.0
26/06/2025,75,Đồng Nai,26452,Xã Suối Cát,0.0,0.0,0.0,4.0,0.0,0.0
26/06/2025,75,Đồng Nai,26455,Xã Xuân Hiệp,0.0,0.0,337.0,0.0,337.0,0.0
26/06/2025,75,Đồng Nai,26497,Xã Vĩnh Thanh,0.0,0.0,62.0,0.0,62.0,0.0
26/07/2025,75,Đồng Nai,25996,Phường Tân Phong,0.0,0.0,436.0,0.0,434.0,0.0
26/07/2025,75,Đồng Nai,26017,Phường Tam Hiệp,0.0,0.0,4.0,0.0,4.0,0.0
26/07/2025,75,Đồng Nai,26029,Phường Thống Nhất,0.0,0.0,9.0,0.0,9.0,0.0
26/07/2025,75,Đồng Nai,26050,Phường An Bình,0.0,0.0,25.0,0.0,25.0,0.0
26/07/2025,75,Đồng Nai,26056,Phường Long Bình Tân,0.0,0.0,943.0,0.0,943.0,0.0
26/07/2025,75,Đồng Nai,26068,Phường Hóa An,0.0,0.0,166.0,0.0,166.0,0.0
26/07/2025,75,Đồng Nai,26095,Phường Suối Tre,0.0,0.0,229.0,0.0,229.0,0.0
26/07/2025,75,Đồng Nai,26116,Thị Trấn Tân Phú,0.0,0.0,103.0,0.0,103.0,0.0
26/07/2025,75,Đồng Nai,26188,Xã Thạnh Phú,0.0,0.0,56.0,0.0,56.0,0.0
26/07/2025,75,Đồng Nai,26206,Thị Trấn Định Quán,0.0,0.0,121.0,0.0,121.0,0.0
26/07/2025,75,Đồng Nai,26272,Xã Hố Nai 3,0.0,0.0,139.0,0.0,139.0,0.0
26/07/2025,75,Đồng Nai,26296,Xã An Viễn,0.0,0.0,159.0,0.0,159.0,0.0
26/07/2025,75,Đồng Nai,26311,Xã Quang Trung,0.0,0.0,2.0,0.0,2.0,0.0
26/07/2025,75,Đồng Nai,26317,Xã Hưng Lộc,0.0,0.0,112.0,0.0,112.0,0.0
26/07/2025,75,Đồng Nai,26326,Thị Trấn Dầu Giây,0.0,0.0,20.0,0.0,20.0,0.0
26/07/2025,75,Đồng Nai,26362,Xã Sông Ray,0.0,0.0,86.0,0.0,86.0,0.0
26/07/2025,75,Đồng Nai,26368,Thị Trấn Long Thành,0.0,0.0,115.0,0.0,115.0,0.0
26/07/2025,75,Đồng Nai,26374,Phường Tam Phước,0.0,0.0,69.0,0.0,69.0,0.0
26/07/2025,75,Đồng Nai,26416,Xã Phước Bình,0.0,0.0,98.0,0.0,98.0,0.0
26/07/2025,75,Đồng Nai,26452,Xã Suối Cát,0.0,0.0,14.0,0.0,14.0,0.0
26/07/2025,75,Đồng Nai,26455,Xã Xuân Hiệp,0.0,0.0,2.0,0.0,2.0,0.0
26/07/2025,75,Đồng Nai,26497,Xã Vĩnh Thanh,0.0,0.0,93.0,0.0,93.0,0.0
26/08/2025,75,Đồng Nai,25993,Phường Trảng Dài,0.0,0.0,95.0,109.0,95.0,0.0
26/08/2025,75,Đồng Nai,25996,Phường Tân Phong,0.0,0.0,76.0,0.0,76.0,0.0
26/08/2025,75,Đồng Nai,26017,Phường Tam Hiệp,0.0,0.0,84.0,0.0,84.0,0.0
26/08/2025,75,Đồng Nai,26029,Phường Thống Nhất,0.0,0.0,479.0,0.0,479.0,0.0
26/08/2025,75,Đồng Nai,26056,Phường Long Bình Tân,0.0,0.0,64.0,0.0,64.0,0.0
26/08/2025,75,Đồng Nai,26068,Phường Hóa An,0.0,0.0,145.0,0.0,145.0,0.0
26/08/2025,75,Đồng Nai,26095,Phường Suối Tre,0.0,0.0,1339.0,0.0,1338.0,0.0
26/08/2025,75,Đồng Nai,26188,Xã Thạnh Phú,0.0,0.0,137.0,0.0,137.0,0.0
26/08/2025,75,Đồng Nai,26206,Thị Trấn Định Quán,0.0,0.0,476.0,0.0,475.0,0.0
26/08/2025,75,Đồng Nai,26272,Xã Hố Nai 3,0.0,0.0,608.0,0.0,608.0,0.0
26/08/2025,75,Đồng Nai,26296,Xã An Viễn,0.0,0.0,12.0,0.0,12.0,0.0
26/08/2025,75,Đồng Nai,26311,Xã Quang Trung,0.0,0.0,200.0,0.0,200.0,0.0
26/08/2025,75,Đồng Nai,26362,Xã Sông Ray,0.0,0.0,120.0,0.0,120.0,0.0
26/08/2025,75,Đồng Nai,26368,Thị Trấn Long Thành,0.0,0.0,155.0,0.0,149.0,0.0
26/08/2025,75,Đồng Nai,26389,Xã Long Đức,0.0,0.0,37.0,0.0,37.0,0.0
26/08/2025,75,Đồng Nai,26416,Xã Phước Bình,0.0,0.0,76.0,0.0,76.0,0.0
26/08/2025,75,Đồng Nai,26452,Xã Suối Cát,0.0,0.0,0.0,69.0,0.0,0.0
26/08/2025,75,Đồng Nai,26455,Xã Xuân Hiệp,0.0,0.0,770.0,0.0,770.0,0.0
26/08/2025,75,Đồng Nai,26497,Xã Vĩnh Thanh,0.0,0.0,90.0,0.0,90.0,0.0
26/09/2025,75,Đồng Nai,25993,Phường Trảng Dài,0.0,0.0,0.0,7.0,0.0,0.0
26/09/2025,75,Đồng Nai,26017,Phường Tam Hiệp,0.0,0.0,0.0,4.0,0.0,0.0
26/12/2023,75,Đồng Nai,26248,Thị Trấn Trảng Bom,0.0,0.0,1.0,0.0,1.0,1.0
26/12/2024,75,Đồng Nai,26341,Thị Trấn Long Giao,0.0,0.0,6.0,0.0,6.0,6.0
26/12/2024,75,Đồng Nai,26452,Xã Suối Cát,0.0,0.0,9.0,0.0,9.0,9.0
27/01/2025,75,Đồng Nai,26248,Thị Trấn Trảng Bom,0.0,0.0,8.0,0.0,8.0,8.0
27/01/2025,75,Đồng Nai,26341,Thị Trấn Long Giao,0.0,0.0,6.0,0.0,6.0,6.0
27/01/2025,75,Đồng Nai,26452,Xã Suối Cát,0.0,0.0,3.0,2.0,3.0,3.0
27/02/2025,75,Đồng Nai,25993,Phường Trảng Dài,0.0,0.0,37.0,0.0,37.0,37.0
27/02/2025,75,Đồng Nai,26026,Phường Tân Mai,34.0,0.0,275.0,0.0,275.0,275.0
27/02/2025,75,Đồng Nai,26029,Phường Thống Nhất,0.0,0.0,1.0,0.0,1.0,1.0
27/02/2025,75,Đồng Nai,26116,Thị Trấn Tân Phú,0.0,0.0,1.0,0.0,1.0,1.0
27/02/2025,75,Đồng Nai,26248,Thị Trấn Trảng Bom,0.0,0.0,355.0,0.0,355.0,355.0
27/02/2025,75,Đồng Nai,26341,Thị Trấn Long Giao,0.0,0.0,390.0,0.0,390.0,390.0
27/02/2025,75,Đồng Nai,26452,Xã Suối Cát,12.0,0.0,506.0,68.0,506.0,506.0
27/03/2022,75,Đồng Nai,26248,Thị Trấn Trảng Bom,0.0,0.0,2.0,0.0,2.0,2.0
27/03/2025,75,Đồng Nai,25996,Phường Tân Phong,0.0,0.0,12.0,0.0,12.0,12.0
27/03/2025,75,Đồng Nai,25999,Phường Tân Biên,0.0,0.0,2.0,0.0,2.0,2.0
27/03/2025,75,Đồng Nai,26026,Phường Tân Mai,88.0,0.0,619.0,0.0,619.0,619.0
27/03/2025,75,Đồng Nai,26080,Phường Xuân An,0.0,0.0,1.0,0.0,1.0,1.0
27/03/2025,75,Đồng Nai,26095,Phường Suối Tre,0.0,0.0,26.0,0.0,26.0,26.0
27/03/2025,75,Đồng Nai,26116,Thị Trấn Tân Phú,0.0,0.0,17.0,0.0,17.0,17.0
27/03/2025,75,Đồng Nai,26206,Thị Trấn Định Quán,0.0,0.0,3.0,0.0,3.0,3.0
27/03/2025,75,Đồng Nai,26248,Thị Trấn Trảng Bom,0.0,0.0,578.0,0.0,578.0,578.0
27/03/2025,75,Đồng Nai,26272,Xã Hố Nai 3,0.0,0.0,24.0,0.0,24.0,24.0
27/03/2025,75,Đồng Nai,26326,Thị Trấn Dầu Giây,0.0,0.0,12.0,0.0,12.0,12.0
27/03/2025,75,Đồng Nai,26368,Thị Trấn Long Thành,0.0,0.0,2.0,0.0,2.0,2.0
27/03/2025,75,Đồng Nai,26377,Phường Phước Tân,0.0,0.0,1.0,0.0,1.0,1.0
27/03/2025,75,Đồng Nai,26452,Xã Suối Cát,15.0,0.0,550.0,77.0,550.0,550.0
27/04/2025,75,Đồng Nai,25993,Phường Trảng Dài,0.0,0.0,0.0,56.0,0.0,0.0
27/04/2025,75,Đồng Nai,25996,Phường Tân Phong,1.0,0.0,22.0,0.0,22.0,22.0
27/04/2025,75,Đồng Nai,25999,Phường Tân Biên,0.0,0.0,8.0,0.0,8.0,8.0
27/04/2025,75,Đồng Nai,26017,Phường Tam Hiệp,0.0,0.0,2.0,0.0,2.0,2.0
27/04/2025,75,Đồng Nai,26029,Phường Thống Nhất,0.0,0.0,7.0,0.0,7.0,7.0
27/04/2025,75,Đồng Nai,26068,Phường Hóa An,0.0,0.0,4.0,0.0,2.0,4.0
27/04/2025,75,Đồng Nai,26095,Phường Suối Tre,6.0,0.0,866.0,0.0,866.0,866.0
27/04/2025,75,Đồng Nai,26116,Thị Trấn Tân Phú,0.0,0.0,5.0,0.0,5.0,5.0
27/04/2025,75,Đồng Nai,26188,Xã Thạnh Phú,0.0,0.0,19.0,0.0,19.0,19.0
27/04/2025,75,Đồng Nai,26206,Thị Trấn Định Quán,0.0,0.0,92.0,0.0,92.0,92.0
27/04/2025,75,Đồng Nai,26272,Xã Hố Nai 3,3.0,0.0,316.0,0.0,316.0,316.0
27/04/2025,75,Đồng Nai,26326,Thị Trấn Dầu Giây,0.0,0.0,70.0,0.0,70.0,70.0
27/04/2025,75,Đồng Nai,26341,Thị Trấn Long Giao,0.0,0.0,2.0,0.0,2.0,2.0
27/04/2025,75,Đồng Nai,26362,Xã Sông Ray,0.0,0.0,44.0,0.0,44.0,44.0
27/04/2025,75,Đồng Nai,26368,Thị Trấn Long Thành,0.0,0.0,55.0,0.0,55.0,55.0
27/04/2025,75,Đồng Nai,26377,Phường Phước Tân,0.0,0.0,1.0,0.0,1.0,1.0
27/04/2025,75,Đồng Nai,26452,Xã Suối Cát,0.0,0.0,67.0,97.0,67.0,67.0
27/04/2025,75,Đồng Nai,26455,Xã Xuân Hiệp,0.0,0.0,3.0,0.0,0.0,3.0
27/04/2025,75,Đồng Nai,26497,Xã Vĩnh Thanh,0.0,0.0,3.0,0.0,3.0,3.0
27/05/2025,75,Đồng Nai,25993,Phường Trảng Dài,0.0,0.0,0.0,53.0,0.0,0.0
27/05/2025,75,Đồng Nai,25996,Phường Tân Phong,0.0,0.0,112.0,0.0,112.0,112.0
27/05/2025,75,Đồng Nai,25999,Phường Tân Biên,0.0,0.0,7.0,0.0,7.0,7.0
27/05/2025,75,Đồng Nai,26017,Phường Tam Hiệp,0.0,0.0,104.0,0.0,104.0,104.0
27/05/2025,75,Đồng Nai,26029,Phường Thống Nhất,0.0,0.0,451.0,7.0,451.0,451.0
27/05/2025,75,Đồng Nai,26050,Phường An Bình,0.0,0.0,27.0,0.0,27.0,27.0
27/05/2025,75,Đồng Nai,26068,Phường Hóa An,0.0,0.0,142.0,0.0,139.0,142.0
27/05/2025,75,Đồng Nai,26095,Phường Suối Tre,0.0,0.0,848.0,0.0,848.0,848.0
27/05/2025,75,Đồng Nai,26116,Thị Trấn Tân Phú,0.0,0.0,357.0,0.0,357.0,357.0
27/05/2025,75,Đồng Nai,26188,Xã Thạnh Phú,0.0,0.0,40.0,0.0,40.0,40.0
27/05/2025,75,Đồng Nai,26206,Thị Trấn Định Quán,0.0,0.0,210.0,0.0,210.0,210.0
27/05/2025,75,Đồng Nai,26272,Xã Hố Nai 3,5.0,0.0,530.0,0.0,530.0,530.0
27/05/2025,75,Đồng Nai,26296,Xã An Viễn,0.0,0.0,195.0,0.0,195.0,195.0
27/05/2025,75,Đồng Nai,26299,Xã Gia Tân 1,1.0,0.0,31.0,0.0,31.0,31.0
27/05/2025,75,Đồng Nai,26317,Xã Hưng Lộc,0.0,0.0,96.0,0.0,96.0,96.0
27/05/2025,75,Đồng Nai,26326,Thị Trấn Dầu Giây,0.0,0.0,583.0,0.0,583.0,583.0
27/05/2025,75,Đồng Nai,26362,Xã Sông Ray,1.0,0.0,80.0,0.0,80.0,80.0
27/05/2025,75,Đồng Nai,26368,Thị Trấn Long Thành,0.0,0.0,513.0,0.0,513.0,513.0
27/05/2025,75,Đồng Nai,26374,Phường Tam Phước,0.0,0.0,33.0,0.0,33.0,33.0
27/05/2025,75,Đồng Nai,26377,Phường Phước Tân,0.0,0.0,41.0,0.0,41.0,41.0
27/05/2025,75,Đồng Nai,26416,Xã Phước Bình,0.0,0.0,92.0,0.0,92.0,92.0
27/05/2025,75,Đồng Nai,26440,Xã Xuân Trường,0.0,0.0,1.0,0.0,1.0,1.0
27/05/2025,75,Đồng Nai,26452,Xã Suối Cát,0.0,0.0,17.0,51.0,17.0,17.0
27/05/2025,75,Đồng Nai,26455,Xã Xuân Hiệp,0.0,0.0,344.0,0.0,344.0,344.0
27/05/2025,75,Đồng Nai,26497,Xã Vĩnh Thanh,0.0,0.0,69.0,0.0,69.0,69.0
27/06/2025,75,Đồng Nai,25996,Phường Tân Phong,3.0,0.0,340.0,0.0,340.0,0.0
27/06/2025,75,Đồng Nai,26002,Phường Hố Nai,0.0,0.0,1.0,0.0,1.0,0.0
27/06/2025,75,Đồng Nai,26017,Phường Tam Hiệp,0.0,0.0,71.0,0.0,71.0,0.0
27/06/2025,75,Đồng Nai,26020,Phường Long Bình,0.0,0.0,25.0,0.0,25.0,0.0
27/06/2025,75,Đồng Nai,26029,Phường Thống Nhất,0.0,0.0,4.0,2.0,4.0,0.0
27/06/2025,75,Đồng Nai,26035,Phường Tam Hòa,0.0,0.0,2.0,0.0,2.0,0.0
27/06/2025,75,Đồng Nai,26050,Phường An Bình,0.0,0.0,71.0,0.0,71.0,0.0
27/06/2025,75,Đồng Nai,26056,Phường Long Bình Tân,0.0,0.0,2.0,0.0,2.0,0.0
27/06/2025,75,Đồng Nai,26068,Phường Hóa An,0.0,0.0,225.0,0.0,219.0,0.0
27/06/2025,75,Đồng Nai,26095,Phường Suối Tre,4.0,0.0,925.0,0.0,925.0,0.0
27/06/2025,75,Đồng Nai,26116,Thị Trấn Tân Phú,0.0,0.0,13.0,0.0,13.0,0.0
27/06/2025,75,Đồng Nai,26206,Thị Trấn Định Quán,0.0,0.0,365.0,0.0,365.0,0.0
27/06/2025,75,Đồng Nai,26272,Xã Hố Nai 3,2.0,0.0,210.0,0.0,210.0,0.0
27/06/2025,75,Đồng Nai,26296,Xã An Viễn,1.0,0.0,81.0,0.0,81.0,0.0
27/06/2025,75,Đồng Nai,26299,Xã Gia Tân 1,0.0,0.0,51.0,0.0,51.0,0.0
27/06/2025,75,Đồng Nai,26311,Xã Quang Trung,1.0,0.0,111.0,0.0,111.0,0.0
27/06/2025,75,Đồng Nai,26317,Xã Hưng Lộc,3.0,0.0,73.0,0.0,73.0,0.0
27/06/2025,75,Đồng Nai,26326,Thị Trấn Dầu Giây,0.0,0.0,446.0,0.0,446.0,0.0
27/06/2025,75,Đồng Nai,26362,Xã Sông Ray,2.0,0.0,99.0,0.0,99.0,0.0
27/06/2025,75,Đồng Nai,26368,Thị Trấn Long Thành,4.0,0.0,482.0,0.0,482.0,0.0
27/06/2025,75,Đồng Nai,26374,Phường Tam Phước,0.0,0.0,5.0,0.0,5.0,0.0
27/06/2025,75,Đồng Nai,26377,Phường Phước Tân,0.0,0.0,31.0,0.0,31.0,0.0
27/06/2025,75,Đồng Nai,26416,Xã Phước Bình,0.0,0.0,83.0,0.0,83.0,0.0
27/06/2025,75,Đồng Nai,26455,Xã Xuân Hiệp,0.0,0.0,371.0,0.0,371.0,0.0
27/06/2025,75,Đồng Nai,26497,Xã Vĩnh Thanh,0.0,0.0,65.0,0.0,65.0,0.0
27/07/2025,75,Đồng Nai,25993,Phường Trảng Dài,0.0,0.0,0.0,5.0,0.0,0.0
27/07/2025,75,Đồng Nai,25996,Phường Tân Phong,0.0,0.0,256.0,0.0,243.0,0.0
27/07/2025,75,Đồng Nai,26017,Phường Tam Hiệp,0.0,0.0,0.0,2.0,0.0,0.0
27/07/2025,75,Đồng Nai,26029,Phường Thống Nhất,0.0,0.0,122.0,0.0,122.0,0.0
27/07/2025,75,Đồng Nai,26056,Phường Long Bình Tân,0.0,0.0,542.0,0.0,541.0,0.0
27/07/2025,75,Đồng Nai,26095,Phường Suối Tre,0.0,0.0,233.0,0.0,233.0,0.0
27/07/2025,75,Đồng Nai,26116,Thị Trấn Tân Phú,0.0,0.0,66.0,0.0,66.0,0.0
27/07/2025,75,Đồng Nai,26188,Xã Thạnh Phú,0.0,0.0,74.0,0.0,74.0,0.0
27/07/2025,75,Đồng Nai,26206,Thị Trấn Định Quán,0.0,0.0,135.0,0.0,135.0,0.0
27/07/2025,75,Đồng Nai,26272,Xã Hố Nai 3,0.0,0.0,141.0,0.0,141.0,0.0
27/07/2025,75,Đồng Nai,26296,Xã An Viễn,0.0,0.0,97.0,0.0,97.0,0.0
27/07/2025,75,Đồng Nai,26311,Xã Quang Trung,0.0,0.0,2.0,0.0,2.0,0.0
27/07/2025,75,Đồng Nai,26317,Xã Hưng Lộc,0.0,0.0,26.0,0.0,26.0,0.0
27/07/2025,75,Đồng Nai,26326,Thị Trấn Dầu Giây,0.0,0.0,7.0,0.0,7.0,0.0
27/07/2025,75,Đồng Nai,26368,Thị Trấn Long Thành,0.0,0.0,107.0,0.0,107.0,0.0
27/07/2025,75,Đồng Nai,26416,Xã Phước Bình,0.0,0.0,51.0,0.0,51.0,0.0
27/07/2025,75,Đồng Nai,26452,Xã Suối Cát,0.0,0.0,19.0,0.0,19.0,0.0
27/07/2025,75,Đồng Nai,26497,Xã Vĩnh Thanh,0.0,0.0,84.0,0.0,84.0,0.0
27/08/2025,75,Đồng Nai,25993,Phường Trảng Dài,0.0,0.0,190.0,52.0,190.0,0.0
27/08/2025,75,Đồng Nai,25996,Phường Tân Phong,0.0,0.0,302.0,0.0,301.0,0.0
27/08/2025,75,Đồng Nai,26017,Phường Tam Hiệp,0.0,0.0,84.0,0.0,84.0,0.0
27/08/2025,75,Đồng Nai,26029,Phường Thống Nhất,0.0,0.0,467.0,0.0,467.0,0.0
27/08/2025,75,Đồng Nai,26056,Phường Long Bình Tân,0.0,0.0,81.0,0.0,81.0,0.0
27/08/2025,75,Đồng Nai,26068,Phường Hóa An,0.0,0.0,147.0,0.0,147.0,0.0
27/08/2025,75,Đồng Nai,26095,Phường Suối Tre,0.0,0.0,1159.0,0.0,1158.0,0.0
27/08/2025,75,Đồng Nai,26188,Xã Thạnh Phú,0.0,0.0,66.0,0.0,66.0,0.0
27/08/2025,75,Đồng Nai,26206,Thị Trấn Định Quán,0.0,0.0,483.0,0.0,483.0,0.0
27/08/2025,75,Đồng Nai,26272,Xã Hố Nai 3,0.0,0.0,560.0,0.0,560.0,0.0
27/08/2025,75,Đồng Nai,26296,Xã An Viễn,0.0,0.0,88.0,0.0,88.0,0.0
27/08/2025,75,Đồng Nai,26311,Xã Quang Trung,0.0,0.0,154.0,0.0,154.0,0.0
27/08/2025,75,Đồng Nai,26362,Xã Sông Ray,0.0,0.0,110.0,0.0,110.0,0.0
27/08/2025,75,Đồng Nai,26368,Thị Trấn Long Thành,0.0,0.0,487.0,0.0,483.0,0.0
27/08/2025,75,Đồng Nai,26389,Xã Long Đức,0.0,0.0,34.0,0.0,34.0,0.0
27/08/2025,75,Đồng Nai,26416,Xã Phước Bình,0.0,0.0,86.0,0.0,86.0,0.0
27/08/2025,75,Đồng Nai,26452,Xã Suối Cát,0.0,0.0,0.0,52.0,0.0,0.0
27/08/2025,75,Đồng Nai,26455,Xã Xuân Hiệp,0.0,0.0,707.0,0.0,707.0,0.0
27/08/2025,75,Đồng Nai,26497,Xã Vĩnh Thanh,0.0,0.0,74.0,0.0,74.0,0.0
27/10/2024,75,Đồng Nai,26341,Thị Trấn Long Giao,0.0,0.0,1.0,0.0,1.0,1.0
27/12/2023,75,Đồng Nai,26248,Thị Trấn Trảng Bom,0.0,0.0,2.0,0.0,2.0,2.0
27/12/2024,75,Đồng Nai,26341,Thị Trấn Long Giao,0.0,0.0,4.0,0.0,4.0,4.0
27/12/2024,75,Đồng Nai,26452,Xã Suối Cát,0.0,0.0,5.0,0.0,5.0,5.0
28/01/2025,75,Đồng Nai,26248,Thị Trấn Trảng Bom,0.0,0.0,4.0,0.0,4.0,4.0
28/01/2025,75,Đồng Nai,26341,Thị Trấn Long Giao,0.0,0.0,2.0,0.0,2.0,2.0
28/01/2025,75,Đồng Nai,26452,Xã Suối Cát,0.0,0.0,6.0,2.0,6.0,6.0
28/02/2025,75,Đồng Nai,26026,Phường Tân Mai,86.0,0.0,536.0,0.0,536.0,536.0
28/02/2025,75,Đồng Nai,26206,Thị Trấn Định Quán,0.0,0.0,1.0,0.0,1.0,1.0
28/02/2025,75,Đồng Nai,26248,Thị Trấn Trảng Bom,0.0,0.0,376.0,0.0,376.0,376.0
28/02/2025,75,Đồng Nai,26341,Thị Trấn Long Giao,0.0,0.0,400.0,0.0,400.0,400.0
28/02/2025,75,Đồng Nai,26368,Thị Trấn Long Thành,0.0,0.0,1.0,0.0,1.0,1.0
28/02/2025,75,Đồng Nai,26452,Xã Suối Cát,16.0,0.0,536.0,2.0,536.0,536.0
28/03/2025,75,Đồng Nai,25996,Phường Tân Phong,0.0,0.0,18.0,0.0,18.0,18.0
28/03/2025,75,Đồng Nai,25999,Phường Tân Biên,0.0,0.0,1.0,0.0,1.0,1.0
28/03/2025,75,Đồng Nai,26008,Phường Tân Hiệp,0.0,0.0,2.0,0.0,2.0,2.0
28/03/2025,75,Đồng Nai,26026,Phường Tân Mai,123.0,0.0,725.0,0.0,725.0,725.0
28/03/2025,75,Đồng Nai,26080,Phường Xuân An,0.0,0.0,2.0,0.0,2.0,2.0
28/03/2025,75,Đồng Nai,26095,Phường Suối Tre,2.0,0.0,10.0,0.0,10.0,10.0
28/03/2025,75,Đồng Nai,26116,Thị Trấn Tân Phú,0.0,0.0,15.0,0.0,15.0,15.0
28/03/2025,75,Đồng Nai,26206,Thị Trấn Định Quán,0.0,0.0,2.0,0.0,2.0,2.0
28/03/2025,75,Đồng Nai,26248,Thị Trấn Trảng Bom,0.0,0.0,747.0,0.0,747.0,747.0
28/03/2025,75,Đồng Nai,26272,Xã Hố Nai 3,0.0,0.0,27.0,0.0,27.0,27.0
28/03/2025,75,Đồng Nai,26326,Thị Trấn Dầu Giây,0.0,0.0,15.0,0.0,15.0,15.0
28/03/2025,75,Đồng Nai,26368,Thị Trấn Long Thành,0.0,0.0,1.0,0.0,1.0,1.0
28/03/2025,75,Đồng Nai,26377,Phường Phước Tân,0.0,0.0,2.0,0.0,2.0,2.0
28/03/2025,75,Đồng Nai,26452,Xã Suối Cát,13.0,0.0,591.0,3.0,591.0,591.0
28/04/2024,75,Đồng Nai,26248,Thị Trấn Trảng Bom,0.0,0.0,1.0,0.0,1.0,1.0
28/04/2025,75,Đồng Nai,25993,Phường Trảng Dài,2.0,0.0,76.0,88.0,76.0,76.0
28/04/2025,75,Đồng Nai,25996,Phường Tân Phong,7.0,0.0,372.0,0.0,372.0,372.0
28/04/2025,75,Đồng Nai,25999,Phường Tân Biên,0.0,0.0,12.0,0.0,12.0,12.0
28/04/2025,75,Đồng Nai,26008,Phường Tân Hiệp,0.0,0.0,1.0,0.0,1.0,1.0
28/04/2025,75,Đồng Nai,26017,Phường Tam Hiệp,0.0,0.0,5.0,0.0,5.0,5.0
28/04/2025,75,Đồng Nai,26029,Phường Thống Nhất,0.0,0.0,22.0,0.0,22.0,22.0
28/04/2025,75,Đồng Nai,26068,Phường Hóa An,0.0,0.0,57.0,0.0,23.0,57.0
28/04/2025,75,Đồng Nai,26095,Phường Suối Tre,7.0,0.0,2285.0,0.0,2285.0,2285.0
28/04/2025,75,Đồng Nai,26107,Xã Bàu Trâm,0.0,0.0,1.0,0.0,1.0,1.0
28/04/2025,75,Đồng Nai,26116,Thị Trấn Tân Phú,0.0,0.0,13.0,0.0,13.0,13.0
28/04/2025,75,Đồng Nai,26188,Xã Thạnh Phú,0.0,0.0,71.0,0.0,71.0,71.0
28/04/2025,75,Đồng Nai,26206,Thị Trấn Định Quán,0.0,0.0,672.0,0.0,672.0,672.0
28/04/2025,75,Đồng Nai,26272,Xã Hố Nai 3,4.0,0.0,568.0,0.0,568.0,568.0
28/04/2025,75,Đồng Nai,26326,Thị Trấn Dầu Giây,0.0,0.0,624.0,0.0,624.0,624.0
28/04/2025,75,Đồng Nai,26341,Thị Trấn Long Giao,0.0,0.0,10.0,0.0,10.0,10.0
28/04/2025,75,Đồng Nai,26362,Xã Sông Ray,1.0,0.0,159.0,0.0,159.0,159.0
28/04/2025,75,Đồng Nai,26368,Thị Trấn Long Thành,0.0,0.0,556.0,0.0,556.0,556.0
28/04/2025,75,Đồng Nai,26377,Phường Phước Tân,0.0,0.0,47.0,0.0,47.0,47.0
28/04/2025,75,Đồng Nai,26425,Thị Trấn Gia Ray,0.0,0.0,1.0,0.0,1.0,1.0
28/04/2025,75,Đồng Nai,26452,Xã Suối Cát,14.0,0.0,728.0,119.0,728.0,728.0
28/04/2025,75,Đồng Nai,26455,Xã Xuân Hiệp,0.0,0.0,541.0,0.0,3.0,541.0
28/04/2025,75,Đồng Nai,26497,Xã Vĩnh Thanh,0.0,0.0,14.0,0.0,14.0,14.0
28/05/2025,75,Đồng Nai,25993,Phường Trảng Dài,0.0,0.0,0.0,9.0,0.0,0.0
28/05/2025,75,Đồng Nai,25996,Phường Tân Phong,4.0,0.0,159.0,0.0,159.0,159.0
28/05/2025,75,Đồng Nai,25999,Phường Tân Biên,0.0,0.0,7.0,0.0,7.0,7.0
28/05/2025,75,Đồng Nai,26017,Phường Tam Hiệp,0.0,0.0,120.0,0.0,120.0,120.0
28/05/2025,75,Đồng Nai,26029,Phường Thống Nhất,0.0,0.0,318.0,2.0,318.0,318.0
28/05/2025,75,Đồng Nai,26050,Phường An Bình,0.0,0.0,35.0,0.0,35.0,35.0
28/05/2025,75,Đồng Nai,26056,Phường Long Bình Tân,0.0,0.0,7.0,0.0,7.0,7.0
28/05/2025,75,Đồng Nai,26068,Phường Hóa An,0.0,0.0,112.0,0.0,103.0,112.0
28/05/2025,75,Đồng Nai,26095,Phường Suối Tre,0.0,0.0,53.0,0.0,53.0,53.0
28/05/2025,75,Đồng Nai,26116,Thị Trấn Tân Phú,0.0,0.0,345.0,0.0,345.0,345.0
28/05/2025,75,Đồng Nai,26188,Xã Thạnh Phú,0.0,0.0,40.0,0.0,40.0,40.0
28/05/2025,75,Đồng Nai,26206,Thị Trấn Định Quán,0.0,0.0,170.0,0.0,170.0,170.0
28/05/2025,75,Đồng Nai,26272,Xã Hố Nai 3,3.0,0.0,472.0,0.0,472.0,472.0
28/05/2025,75,Đồng Nai,26296,Xã An Viễn,2.0,0.0,169.0,0.0,169.0,169.0
28/05/2025,75,Đồng Nai,26299,Xã Gia Tân 1,0.0,0.0,22.0,0.0,22.0,22.0
28/05/2025,75,Đồng Nai,26311,Xã Quang Trung,0.0,0.0,4.0,0.0,4.0,4.0
28/05/2025,75,Đồng Nai,26317,Xã Hưng Lộc,2.0,0.0,75.0,0.0,75.0,75.0
28/05/2025,75,Đồng Nai,26326,Thị Trấn Dầu Giây,0.0,0.0,507.0,0.0,507.0,507.0
28/05/2025,75,Đồng Nai,26362,Xã Sông Ray,2.0,0.0,84.0,0.0,84.0,84.0
28/05/2025,75,Đồng Nai,26368,Thị Trấn Long Thành,0.0,0.0,424.0,0.0,424.0,424.0
28/05/2025,75,Đồng Nai,26374,Phường Tam Phước,0.0,0.0,9.0,0.0,9.0,9.0
28/05/2025,75,Đồng Nai,26377,Phường Phước Tân,0.0,0.0,49.0,0.0,49.0,49.0
28/05/2025,75,Đồng Nai,26452,Xã Suối Cát,0.0,0.0,32.0,43.0,32.0,32.0
28/05/2025,75,Đồng Nai,26455,Xã Xuân Hiệp,0.0,0.0,279.0,0.0,279.0,279.0
28/05/2025,75,Đồng Nai,26485,Xã Phú Hội,0.0,0.0,2.0,0.0,2.0,2.0
28/05/2025,75,Đồng Nai,26497,Xã Vĩnh Thanh,0.0,0.0,66.0,0.0,66.0,66.0
28/06/2024,75,Đồng Nai,26035,Phường Tam Hòa,0.0,0.0,2.0,0.0,2.0,2.0
28/06/2025,75,Đồng Nai,25996,Phường Tân Phong,5.0,0.0,308.0,0.0,308.0,0.0
28/06/2025,75,Đồng Nai,26002,Phường Hố Nai,1.0,0.0,20.0,0.0,19.0,0.0
28/06/2025,75,Đồng Nai,26017,Phường Tam Hiệp,1.0,0.0,73.0,5.0,73.0,0.0
28/06/2025,75,Đồng Nai,26029,Phường Thống Nhất,0.0,0.0,10.0,4.0,10.0,0.0
28/06/2025,75,Đồng Nai,26035,Phường Tam Hòa,0.0,0.0,224.0,0.0,224.0,0.0
28/06/2025,75,Đồng Nai,26050,Phường An Bình,0.0,0.0,90.0,0.0,90.0,0.0
28/06/2025,75,Đồng Nai,26056,Phường Long Bình Tân,0.0,0.0,1.0,0.0,1.0,0.0
28/06/2025,75,Đồng Nai,26068,Phường Hóa An,1.0,0.0,280.0,0.0,264.0,0.0
28/06/2025,75,Đồng Nai,26095,Phường Suối Tre,0.0,0.0,159.0,0.0,158.0,0.0
28/06/2025,75,Đồng Nai,26116,Thị Trấn Tân Phú,0.0,0.0,13.0,0.0,13.0,0.0
28/06/2025,75,Đồng Nai,26206,Thị Trấn Định Quán,0.0,0.0,50.0,0.0,50.0,0.0
28/06/2025,75,Đồng Nai,26272,Xã Hố Nai 3,0.0,0.0,186.0,0.0,186.0,0.0
28/06/2025,75,Đồng Nai,26275,Xã Tây Hoà,0.0,0.0,3.0,0.0,3.0,0.0
28/06/2025,75,Đồng Nai,26296,Xã An Viễn,1.0,0.0,88.0,0.0,88.0,0.0
28/06/2025,75,Đồng Nai,26299,Xã Gia Tân 1,0.0,0.0,52.0,0.0,52.0,0.0
28/06/2025,75,Đồng Nai,26311,Xã Quang Trung,1.0,0.0,147.0,0.0,147.0,0.0
28/06/2025,75,Đồng Nai,26317,Xã Hưng Lộc,1.0,0.0,75.0,0.0,75.0,0.0
28/06/2025,75,Đồng Nai,26326,Thị Trấn Dầu Giây,0.0,0.0,171.0,0.0,171.0,0.0
28/06/2025,75,Đồng Nai,26362,Xã Sông Ray,0.0,0.0,77.0,0.0,77.0,0.0
28/06/2025,75,Đồng Nai,26368,Thị Trấn Long Thành,0.0,0.0,191.0,0.0,191.0,0.0
28/06/2025,75,Đồng Nai,26374,Phường Tam Phước,0.0,0.0,154.0,0.0,154.0,0.0
28/06/2025,75,Đồng Nai,26377,Phường Phước Tân,0.0,0.0,4.0,0.0,4.0,0.0
28/06/2025,75,Đồng Nai,26416,Xã Phước Bình,0.0,0.0,73.0,0.0,73.0,0.0
28/06/2025,75,Đồng Nai,26452,Xã Suối Cát,0.0,0.0,0.0,1.0,0.0,0.0
28/06/2025,75,Đồng Nai,26455,Xã Xuân Hiệp,0.0,0.0,395.0,0.0,395.0,0.0
28/06/2025,75,Đồng Nai,26497,Xã Vĩnh Thanh,0.0,0.0,65.0,0.0,65.0,0.0
28/07/2025,75,Đồng Nai,25993,Phường Trảng Dài,0.0,0.0,75.0,11.0,75.0,0.0
28/07/2025,75,Đồng Nai,25996,Phường Tân Phong,0.0,0.0,371.0,0.0,347.0,0.0
28/07/2025,75,Đồng Nai,26017,Phường Tam Hiệp,0.0,0.0,10.0,4.0,10.0,0.0
28/07/2025,75,Đồng Nai,26029,Phường Thống Nhất,0.0,0.0,461.0,0.0,461.0,0.0
28/07/2025,75,Đồng Nai,26056,Phường Long Bình Tân,0.0,0.0,1175.0,0.0,1175.0,0.0
28/07/2025,75,Đồng Nai,26068,Phường Hóa An,0.0,0.0,166.0,0.0,166.0,0.0
28/07/2025,75,Đồng Nai,26095,Phường Suối Tre,0.0,0.0,460.0,0.0,460.0,0.0
28/07/2025,75,Đồng Nai,26116,Thị Trấn Tân Phú,0.0,0.0,432.0,0.0,432.0,0.0
28/07/2025,75,Đồng Nai,26188,Xã Thạnh Phú,0.0,0.0,90.0,0.0,90.0,0.0
28/07/2025,75,Đồng Nai,26206,Thị Trấn Định Quán,0.0,0.0,532.0,0.0,532.0,0.0
28/07/2025,75,Đồng Nai,26272,Xã Hố Nai 3,0.0,0.0,227.0,0.0,227.0,0.0
28/07/2025,75,Đồng Nai,26296,Xã An Viễn,0.0,0.0,104.0,0.0,104.0,0.0
28/07/2025,75,Đồng Nai,26311,Xã Quang Trung,0.0,0.0,8.0,0.0,8.0,0.0
28/07/2025,75,Đồng Nai,26317,Xã Hưng Lộc,0.0,0.0,139.0,0.0,139.0,0.0
28/07/2025,75,Đồng Nai,26326,Thị Trấn Dầu Giây,0.0,0.0,17.0,0.0,17.0,0.0
28/07/2025,75,Đồng Nai,26362,Xã Sông Ray,0.0,0.0,41.0,0.0,41.0,0.0
28/07/2025,75,Đồng Nai,26368,Thị Trấn Long Thành,0.0,0.0,476.0,0.0,476.0,0.0
28/07/2025,75,Đồng Nai,26377,Phường Phước Tân,0.0,0.0,40.0,0.0,40.0,0.0
28/07/2025,75,Đồng Nai,26416,Xã Phước Bình,0.0,0.0,122.0,0.0,122.0,0.0
28/07/2025,75,Đồng Nai,26452,Xã Suối Cát,0.0,0.0,772.0,45.0,772.0,0.0
28/07/2025,75,Đồng Nai,26455,Xã Xuân Hiệp,0.0,0.0,1.0,0.0,1.0,0.0
28/07/2025,75,Đồng Nai,26497,Xã Vĩnh Thanh,0.0,0.0,73.0,0.0,73.0,0.0
28/08/2023,75,Đồng Nai,26248,Thị Trấn Trảng Bom,0.0,0.0,2.0,0.0,2.0,2.0
28/08/2025,75,Đồng Nai,25993,Phường Trảng Dài,0.0,0.0,307.0,185.0,307.0,0.0
28/08/2025,75,Đồng Nai,25996,Phường Tân Phong,0.0,0.0,319.0,0.0,319.0,0.0
28/08/2025,75,Đồng Nai,26017,Phường Tam Hiệp,0.0,0.0,82.0,0.0,82.0,0.0
28/08/2025,75,Đồng Nai,26029,Phường Thống Nhất,0.0,0.0,381.0,0.0,381.0,0.0
28/08/2025,75,Đồng Nai,26056,Phường Long Bình Tân,0.0,0.0,35.0,0.0,35.0,0.0
28/08/2025,75,Đồng Nai,26068,Phường Hóa An,0.0,0.0,478.0,0.0,478.0,0.0
28/08/2025,75,Đồng Nai,26095,Phường Suối Tre,0.0,0.0,1363.0,0.0,1362.0,0.0
28/08/2025,75,Đồng Nai,26188,Xã Thạnh Phú,0.0,0.0,136.0,0.0,136.0,0.0
28/08/2025,75,Đồng Nai,26206,Thị Trấn Định Quán,0.0,0.0,585.0,0.0,585.0,0.0
28/08/2025,75,Đồng Nai,26272,Xã Hố Nai 3,0.0,0.0,772.0,0.0,769.0,0.0
28/08/2025,75,Đồng Nai,26296,Xã An Viễn,0.0,0.0,76.0,0.0,76.0,0.0
28/08/2025,75,Đồng Nai,26311,Xã Quang Trung,0.0,0.0,164.0,0.0,164.0,0.0
28/08/2025,75,Đồng Nai,26317,Xã Hưng Lộc,0.0,0.0,70.0,0.0,70.0,0.0
28/08/2025,75,Đồng Nai,26362,Xã Sông Ray,0.0,0.0,215.0,0.0,215.0,0.0
28/08/2025,75,Đồng Nai,26368,Thị Trấn Long Thành,0.0,0.0,848.0,0.0,847.0,0.0
28/08/2025,75,Đồng Nai,26389,Xã Long Đức,0.0,0.0,43.0,0.0,43.0,0.0
28/08/2025,75,Đồng Nai,26416,Xã Phước Bình,0.0,0.0,91.0,0.0,91.0,0.0
28/08/2025,75,Đồng Nai,26452,Xã Suối Cát,0.0,0.0,0.0,2.0,0.0,0.0
28/08/2025,75,Đồng Nai,26455,Xã Xuân Hiệp,0.0,0.0,368.0,0.0,368.0,0.0
28/08/2025,75,Đồng Nai,26497,Xã Vĩnh Thanh,0.0,0.0,75.0,0.0,75.0,0.0
28/09/2025,75,Đồng Nai,25993,Phường Trảng Dài,0.0,0.0,0.0,9.0,0.0,0.0
28/09/2025,75,Đồng Nai,26017,Phường Tam Hiệp,0.0,0.0,0.0,2.0,0.0,0.0
28/12/2024,75,Đồng Nai,26341,Thị Trấn Long Giao,0.0,0.0,3.0,0.0,3.0,3.0
28/12/2024,75,Đồng Nai,26452,Xã Suối Cát,0.0,0.0,16.0,0.0,16.0,16.0
29/01/2025,75,Đồng Nai,26248,Thị Trấn Trảng Bom,0.0,0.0,1.0,0.0,1.0,1.0
29/01/2025,75,Đồng Nai,26341,Thị Trấn Long Giao,0.0,0.0,7.0,0.0,7.0,7.0
29/01/2025,75,Đồng Nai,26452,Xã Suối Cát,0.0,0.0,5.0,7.0,5.0,5.0
29/03/2025,75,Đồng Nai,25999,Phường Tân Biên,0.0,0.0,2.0,0.0,2.0,2.0
29/03/2025,75,Đồng Nai,26095,Phường Suối Tre,0.0,0.0,12.0,0.0,12.0,12.0
29/03/2025,75,Đồng Nai,26116,Thị Trấn Tân Phú,0.0,0.0,17.0,0.0,17.0,17.0
29/03/2025,75,Đồng Nai,26248,Thị Trấn Trảng Bom,0.0,0.0,34.0,0.0,34.0,34.0
29/03/2025,75,Đồng Nai,26272,Xã Hố Nai 3,0.0,0.0,41.0,0.0,41.0,41.0
29/03/2025,75,Đồng Nai,26326,Thị Trấn Dầu Giây,0.0,0.0,7.0,0.0,7.0,7.0
29/03/2025,75,Đồng Nai,26368,Thị Trấn Long Thành,0.0,0.0,2.0,0.0,2.0,2.0
29/03/2025,75,Đồng Nai,26377,Phường Phước Tân,0.0,0.0,2.0,0.0,2.0,2.0
29/03/2025,75,Đồng Nai,26452,Xã Suối Cát,0.0,0.0,57.0,3.0,57.0,57.0
29/04/2025,75,Đồng Nai,25993,Phường Trảng Dài,0.0,0.0,47.0,5.0,47.0,47.0
29/04/2025,75,Đồng Nai,25996,Phường Tân Phong,1.0,0.0,157.0,0.0,157.0,157.0
29/04/2025,75,Đồng Nai,25999,Phường Tân Biên,0.0,0.0,8.0,0.0,8.0,8.0
29/04/2025,75,Đồng Nai,26008,Phường Tân Hiệp,0.0,0.0,2.0,0.0,2.0,2.0
29/04/2025,75,Đồng Nai,26017,Phường Tam Hiệp,0.0,0.0,66.0,0.0,66.0,66.0
29/04/2025,75,Đồng Nai,26029,Phường Thống Nhất,0.0,0.0,17.0,0.0,17.0,17.0
29/04/2025,75,Đồng Nai,26056,Phường Long Bình Tân,0.0,0.0,2.0,0.0,2.0,2.0
29/04/2025,75,Đồng Nai,26068,Phường Hóa An,0.0,0.0,13.0,0.0,7.0,13.0
29/04/2025,75,Đồng Nai,26095,Phường Suối Tre,0.0,0.0,961.0,0.0,959.0,959.0
29/04/2025,75,Đồng Nai,26116,Thị Trấn Tân Phú,0.0,0.0,11.0,0.0,11.0,11.0
29/04/2025,75,Đồng Nai,26188,Xã Thạnh Phú,0.0,0.0,35.0,0.0,35.0,35.0
29/04/2025,75,Đồng Nai,26206,Thị Trấn Định Quán,0.0,0.0,121.0,0.0,121.0,121.0
29/04/2025,75,Đồng Nai,26272,Xã Hố Nai 3,5.0,0.0,385.0,0.0,385.0,385.0
29/04/2025,75,Đồng Nai,26326,Thị Trấn Dầu Giây,0.0,0.0,501.0,0.0,501.0,501.0
29/04/2025,75,Đồng Nai,26362,Xã Sông Ray,0.0,0.0,107.0,0.0,107.0,107.0
29/04/2025,75,Đồng Nai,26368,Thị Trấn Long Thành,0.0,0.0,439.0,0.0,439.0,439.0
29/04/2025,75,Đồng Nai,26377,Phường Phước Tân,0.0,0.0,44.0,0.0,44.0,44.0
29/04/2025,75,Đồng Nai,26383,Xã An Phước,0.0,0.0,2.0,0.0,2.0,2.0
29/04/2025,75,Đồng Nai,26452,Xã Suối Cát,4.0,0.0,626.0,64.0,626.0,626.0
29/04/2025,75,Đồng Nai,26455,Xã Xuân Hiệp,0.0,0.0,331.0,0.0,0.0,331.0
29/04/2025,75,Đồng Nai,26497,Xã Vĩnh Thanh,0.0,0.0,8.0,0.0,8.0,8.0
29/05/2025,75,Đồng Nai,25993,Phường Trảng Dài,0.0,0.0,0.0,4.0,0.0,0.0
29/05/2025,75,Đồng Nai,25996,Phường Tân Phong,5.0,0.0,270.0,0.0,270.0,270.0
29/05/2025,75,Đồng Nai,25999,Phường Tân Biên,0.0,0.0,7.0,0.0,7.0,7.0
29/05/2025,75,Đồng Nai,26017,Phường Tam Hiệp,0.0,0.0,192.0,0.0,192.0,192.0
29/05/2025,75,Đồng Nai,26029,Phường Thống Nhất,0.0,0.0,28.0,2.0,28.0,28.0
29/05/2025,75,Đồng Nai,26050,Phường An Bình,0.0,0.0,44.0,0.0,44.0,44.0
29/05/2025,75,Đồng Nai,26068,Phường Hóa An,0.0,0.0,71.0,0.0,59.0,71.0
29/05/2025,75,Đồng Nai,26095,Phường Suối Tre,0.0,0.0,100.0,0.0,99.0,99.0
29/05/2025,75,Đồng Nai,26116,Thị Trấn Tân Phú,0.0,0.0,287.0,0.0,287.0,287.0
29/05/2025,75,Đồng Nai,26188,Xã Thạnh Phú,0.0,0.0,38.0,0.0,38.0,38.0
29/05/2025,75,Đồng Nai,26206,Thị Trấn Định Quán,0.0,0.0,139.0,0.0,139.0,139.0
29/05/2025,75,Đồng Nai,26272,Xã Hố Nai 3,5.0,0.0,631.0,0.0,631.0,631.0
29/05/2025,75,Đồng Nai,26296,Xã An Viễn,0.0,0.0,150.0,0.0,150.0,150.0
29/05/2025,75,Đồng Nai,26299,Xã Gia Tân 1,0.0,0.0,25.0,0.0,25.0,25.0
29/05/2025,75,Đồng Nai,26317,Xã Hưng Lộc,0.0,0.0,83.0,0.0,83.0,83.0
29/05/2025,75,Đồng Nai,26326,Thị Trấn Dầu Giây,0.0,0.0,462.0,0.0,462.0,462.0
29/05/2025,75,Đồng Nai,26362,Xã Sông Ray,2.0,0.0,107.0,0.0,107.0,107.0
29/05/2025,75,Đồng Nai,26368,Thị Trấn Long Thành,0.0,0.0,627.0,0.0,627.0,627.0
29/05/2025,75,Đồng Nai,26374,Phường Tam Phước,0.0,0.0,26.0,0.0,26.0,26.0
29/05/2025,75,Đồng Nai,26377,Phường Phước Tân,0.0,0.0,32.0,0.0,32.0,32.0
29/05/2025,75,Đồng Nai,26416,Xã Phước Bình,0.0,0.0,8.0,0.0,8.0,8.0
29/05/2025,75,Đồng Nai,26452,Xã Suối Cát,0.0,0.0,25.0,20.0,25.0,25.0
29/05/2025,75,Đồng Nai,26455,Xã Xuân Hiệp,0.0,0.0,289.0,0.0,289.0,289.0
29/05/2025,75,Đồng Nai,26497,Xã Vĩnh Thanh,0.0,0.0,69.0,0.0,69.0,69.0
29/06/2024,75,Đồng Nai,26035,Phường Tam Hòa,0.0,0.0,3.0,0.0,3.0,3.0
29/06/2025,75,Đồng Nai,25996,Phường Tân Phong,0.0,0.0,1.0,0.0,1.0,0.0
29/06/2025,75,Đồng Nai,26029,Phường Thống Nhất,0.0,0.0,9.0,1.0,9.0,0.0
29/06/2025,75,Đồng Nai,26035,Phường Tam Hòa,0.0,0.0,166.0,0.0,166.0,0.0
29/06/2025,75,Đồng Nai,26056,Phường Long Bình Tân,0.0,0.0,1.0,0.0,1.0,0.0
29/06/2025,75,Đồng Nai,26095,Phường Suối Tre,5.0,0.0,499.0,0.0,499.0,0.0
29/06/2025,75,Đồng Nai,26116,Thị Trấn Tân Phú,0.0,0.0,12.0,0.0,12.0,0.0
29/06/2025,75,Đồng Nai,26206,Thị Trấn Định Quán,0.0,0.0,66.0,0.0,66.0,0.0
29/06/2025,75,Đồng Nai,26272,Xã Hố Nai 3,1.0,0.0,179.0,0.0,179.0,0.0
29/06/2025,75,Đồng Nai,26296,Xã An Viễn,1.0,0.0,53.0,0.0,53.0,0.0
29/06/2025,75,Đồng Nai,26299,Xã Gia Tân 1,7.0,0.0,378.0,0.0,378.0,0.0
29/06/2025,75,Đồng Nai,26311,Xã Quang Trung,3.0,0.0,81.0,0.0,81.0,0.0
29/06/2025,75,Đồng Nai,26317,Xã Hưng Lộc,0.0,0.0,20.0,0.0,20.0,0.0
29/06/2025,75,Đồng Nai,26326,Thị Trấn Dầu Giây,0.0,0.0,72.0,0.0,72.0,0.0
29/06/2025,75,Đồng Nai,26362,Xã Sông Ray,0.0,0.0,14.0,0.0,14.0,0.0
29/06/2025,75,Đồng Nai,26368,Thị Trấn Long Thành,0.0,0.0,190.0,0.0,190.0,0.0
29/06/2025,75,Đồng Nai,26374,Phường Tam Phước,0.0,0.0,185.0,0.0,185.0,0.0
29/06/2025,75,Đồng Nai,26377,Phường Phước Tân,0.0,0.0,1.0,0.0,1.0,0.0
29/06/2025,75,Đồng Nai,26416,Xã Phước Bình,0.0,0.0,61.0,0.0,61.0,0.0
29/06/2025,75,Đồng Nai,26452,Xã Suối Cát,0.0,0.0,0.0,33.0,0.0,0.0
29/06/2025,75,Đồng Nai,26455,Xã Xuân Hiệp,0.0,0.0,322.0,0.0,322.0,0.0
29/06/2025,75,Đồng Nai,26497,Xã Vĩnh Thanh,0.0,0.0,89.0,0.0,89.0,0.0
29/07/2025,75,Đồng Nai,25993,Phường Trảng Dài,0.0,0.0,104.0,54.0,104.0,0.0
29/07/2025,75,Đồng Nai,25996,Phường Tân Phong,0.0,0.0,23.0,0.0,9.0,0.0
29/07/2025,75,Đồng Nai,26017,Phường Tam Hiệp,0.0,0.0,5.0,0.0,5.0,0.0
29/07/2025,75,Đồng Nai,26029,Phường Thống Nhất,0.0,0.0,83.0,0.0,83.0,0.0
29/07/2025,75,Đồng Nai,26056,Phường Long Bình Tân,0.0,0.0,923.0,0.0,923.0,0.0
29/07/2025,75,Đồng Nai,26068,Phường Hóa An,0.0,0.0,133.0,0.0,133.0,0.0
29/07/2025,75,Đồng Nai,26095,Phường Suối Tre,0.0,0.0,1381.0,0.0,1381.0,0.0
29/07/2025,75,Đồng Nai,26116,Thị Trấn Tân Phú,0.0,0.0,377.0,0.0,377.0,0.0
29/07/2025,75,Đồng Nai,26188,Xã Thạnh Phú,0.0,0.0,57.0,0.0,57.0,0.0
29/07/2025,75,Đồng Nai,26206,Thị Trấn Định Quán,0.0,0.0,174.0,0.0,174.0,0.0
29/07/2025,75,Đồng Nai,26272,Xã Hố Nai 3,0.0,0.0,160.0,0.0,160.0,0.0
29/07/2025,75,Đồng Nai,26296,Xã An Viễn,0.0,0.0,67.0,0.0,67.0,0.0
29/07/2025,75,Đồng Nai,26311,Xã Quang Trung,0.0,0.0,9.0,0.0,9.0,0.0
29/07/2025,75,Đồng Nai,26317,Xã Hưng Lộc,0.0,0.0,80.0,0.0,80.0,0.0
29/07/2025,75,Đồng Nai,26326,Thị Trấn Dầu Giây,0.0,0.0,9.0,0.0,9.0,0.0
29/07/2025,75,Đồng Nai,26341,Thị Trấn Long Giao,0.0,0.0,4.0,0.0,4.0,0.0
29/07/2025,75,Đồng Nai,26362,Xã Sông Ray,0.0,0.0,182.0,0.0,182.0,0.0
29/07/2025,75,Đồng Nai,26368,Thị Trấn Long Thành,0.0,0.0,478.0,0.0,478.0,0.0
29/07/2025,75,Đồng Nai,26374,Phường Tam Phước,0.0,0.0,10.0,0.0,10.0,0.0
29/07/2025,75,Đồng Nai,26377,Phường Phước Tân,0.0,0.0,23.0,0.0,23.0,0.0
29/07/2025,75,Đồng Nai,26416,Xã Phước Bình,0.0,0.0,12.0,0.0,12.0,0.0
29/07/2025,75,Đồng Nai,26452,Xã Suối Cát,0.0,0.0,615.0,50.0,615.0,0.0
29/07/2025,75,Đồng Nai,26455,Xã Xuân Hiệp,0.0,0.0,2.0,0.0,2.0,0.0
29/07/2025,75,Đồng Nai,26497,Xã Vĩnh Thanh,0.0,0.0,73.0,0.0,73.0,0.0
29/08/2025,75,Đồng Nai,25993,Phường Trảng Dài,0.0,0.0,84.0,0.0,84.0,0.0
29/08/2025,75,Đồng Nai,25996,Phường Tân Phong,0.0,0.0,418.0,0.0,418.0,0.0
29/08/2025,75,Đồng Nai,26017,Phường Tam Hiệp,0.0,0.0,88.0,0.0,88.0,0.0
29/08/2025,75,Đồng Nai,26056,Phường Long Bình Tân,0.0,0.0,72.0,0.0,71.0,0.0
29/08/2025,75,Đồng Nai,26095,Phường Suối Tre,0.0,0.0,1258.0,0.0,1256.0,0.0
29/08/2025,75,Đồng Nai,26188,Xã Thạnh Phú,0.0,0.0,81.0,0.0,81.0,0.0
29/08/2025,75,Đồng Nai,26206,Thị Trấn Định Quán,0.0,0.0,705.0,0.0,705.0,0.0
29/08/2025,75,Đồng Nai,26272,Xã Hố Nai 3,0.0,0.0,1131.0,0.0,1125.0,0.0
29/08/2025,75,Đồng Nai,26311,Xã Quang Trung,0.0,0.0,167.0,0.0,167.0,0.0
29/08/2025,75,Đồng Nai,26317,Xã Hưng Lộc,0.0,0.0,84.0,0.0,84.0,0.0
29/08/2025,75,Đồng Nai,26362,Xã Sông Ray,0.0,0.0,129.0,0.0,129.0,0.0
29/08/2025,75,Đồng Nai,26368,Thị Trấn Long Thành,0.0,0.0,582.0,0.0,578.0,0.0
29/08/2025,75,Đồng Nai,26389,Xã Long Đức,0.0,0.0,38.0,0.0,38.0,0.0
29/08/2025,75,Đồng Nai,26416,Xã Phước Bình,0.0,0.0,95.0,0.0,95.0,0.0
29/08/2025,75,Đồng Nai,26452,Xã Suối Cát,0.0,0.0,0.0,1.0,0.0,0.0
29/08/2025,75,Đồng Nai,26455,Xã Xuân Hiệp,0.0,0.0,340.0,0.0,340.0,0.0
29/08/2025,75,Đồng Nai,26497,Xã Vĩnh Thanh,0.0,0.0,6.0,0.0,6.0,0.0
29/09/2025,75,Đồng Nai,26017,Phường Tam Hiệp,0.0,0.0,0.0,7.0,0.0,0.0
29/10/2025,75,Đồng Nai,25993,Phường Trảng Dài,0.0,0.0,0.0,13.0,0.0,0.0
29/11/2024,75,Đồng Nai,26248,Thị Trấn Trảng Bom,0.0,0.0,1.0,0.0,1.0,1.0
29/12/2024,75,Đồng Nai,26341,Thị Trấn Long Giao,0.0,0.0,2.0,0.0,2.0,2.0
29/12/2024,75,Đồng Nai,26452,Xã Suối Cát,0.0,0.0,10.0,0.0,10.0,10.0
30/01/2025,75,Đồng Nai,26026,Phường Tân Mai,0.0,0.0,3.0,0.0,3.0,3.0
30/01/2025,75,Đồng Nai,26248,Thị Trấn Trảng Bom,0.0,0.0,17.0,0.0,17.0,17.0
30/01/2025,75,Đồng Nai,26341,Thị Trấn Long Giao,0.0,0.0,4.0,0.0,4.0,4.0
30/01/2025,75,Đồng Nai,26452,Xã Suối Cát,0.0,0.0,9.0,4.0,9.0,9.0
30/03/2025,75,Đồng Nai,25996,Phường Tân Phong,0.0,0.0,1.0,0.0,1.0,1.0
30/03/2025,75,Đồng Nai,25999,Phường Tân Biên,0.0,0.0,7.0,0.0,7.0,7.0
30/03/2025,75,Đồng Nai,26095,Phường Suối Tre,1.0,0.0,8.0,0.0,8.0,8.0
30/03/2025,75,Đồng Nai,26116,Thị Trấn Tân Phú,0.0,0.0,10.0,0.0,10.0,10.0
30/03/2025,75,Đồng Nai,26206,Thị Trấn Định Quán,0.0,0.0,4.0,0.0,4.0,4.0
30/03/2025,75,Đồng Nai,26248,Thị Trấn Trảng Bom,0.0,0.0,90.0,0.0,90.0,90.0
30/03/2025,75,Đồng Nai,26272,Xã Hố Nai 3,0.0,0.0,21.0,0.0,21.0,21.0
30/03/2025,75,Đồng Nai,26326,Thị Trấn Dầu Giây,0.0,0.0,11.0,0.0,11.0,11.0
30/03/2025,75,Đồng Nai,26341,Thị Trấn Long Giao,0.0,0.0,1.0,0.0,1.0,1.0
30/03/2025,75,Đồng Nai,26368,Thị Trấn Long Thành,0.0,0.0,3.0,0.0,3.0,3.0
30/03/2025,75,Đồng Nai,26452,Xã Suối Cát,0.0,0.0,75.0,114.0,75.0,75.0
30/04/2025,75,Đồng Nai,25993,Phường Trảng Dài,0.0,0.0,0.0,5.0,0.0,0.0
30/04/2025,75,Đồng Nai,25999,Phường Tân Biên,0.0,0.0,5.0,0.0,5.0,5.0
30/04/2025,75,Đồng Nai,26029,Phường Thống Nhất,0.0,0.0,4.0,0.0,4.0,4.0
30/04/2025,75,Đồng Nai,26095,Phường Suối Tre,0.0,0.0,228.0,0.0,228.0,228.0
30/04/2025,75,Đồng Nai,26116,Thị Trấn Tân Phú,0.0,0.0,19.0,0.0,19.0,19.0
30/04/2025,75,Đồng Nai,26206,Thị Trấn Định Quán,0.0,0.0,44.0,0.0,44.0,44.0
30/04/2025,75,Đồng Nai,26326,Thị Trấn Dầu Giây,0.0,0.0,21.0,0.0,21.0,21.0
30/04/2025,75,Đồng Nai,26368,Thị Trấn Long Thành,0.0,0.0,66.0,0.0,66.0,66.0
30/04/2025,75,Đồng Nai,26452,Xã Suối Cát,0.0,0.0,47.0,49.0,47.0,47.0
30/05/2025,75,Đồng Nai,25996,Phường Tân Phong,4.0,0.0,158.0,0.0,158.0,158.0
30/05/2025,75,Đồng Nai,25999,Phường Tân Biên,0.0,0.0,10.0,0.0,10.0,10.0
30/05/2025,75,Đồng Nai,26017,Phường Tam Hiệp,0.0,0.0,120.0,0.0,120.0,120.0
30/05/2025,75,Đồng Nai,26029,Phường Thống Nhất,0.0,0.0,291.0,0.0,291.0,291.0
30/05/2025,75,Đồng Nai,26050,Phường An Bình,0.0,0.0,75.0,0.0,75.0,75.0
30/05/2025,75,Đồng Nai,26056,Phường Long Bình Tân,0.0,0.0,1.0,0.0,1.0,1.0
30/05/2025,75,Đồng Nai,26068,Phường Hóa An,0.0,0.0,163.0,0.0,148.0,163.0
30/05/2025,75,Đồng Nai,26095,Phường Suối Tre,0.0,0.0,116.0,0.0,116.0,116.0
30/05/2025,75,Đồng Nai,26188,Xã Thạnh Phú,0.0,0.0,49.0,0.0,49.0,49.0
30/05/2025,75,Đồng Nai,26206,Thị Trấn Định Quán,0.0,0.0,436.0,0.0,436.0,436.0
30/05/2025,75,Đồng Nai,26272,Xã Hố Nai 3,9.0,0.0,592.0,0.0,592.0,592.0
30/05/2025,75,Đồng Nai,26296,Xã An Viễn,1.0,0.0,76.0,0.0,76.0,76.0
30/05/2025,75,Đồng Nai,26299,Xã Gia Tân 1,1.0,0.0,21.0,0.0,21.0,21.0
30/05/2025,75,Đồng Nai,26311,Xã Quang Trung,0.0,0.0,6.0,0.0,6.0,6.0
30/05/2025,75,Đồng Nai,26317,Xã Hưng Lộc,0.0,0.0,75.0,0.0,75.0,75.0
30/05/2025,75,Đồng Nai,26326,Thị Trấn Dầu Giây,0.0,0.0,391.0,0.0,391.0,391.0
30/05/2025,75,Đồng Nai,26362,Xã Sông Ray,2.0,0.0,132.0,0.0,132.0,132.0
30/05/2025,75,Đồng Nai,26368,Thị Trấn Long Thành,0.0,0.0,294.0,0.0,294.0,294.0
30/05/2025,75,Đồng Nai,26374,Phường Tam Phước,0.0,0.0,125.0,0.0,125.0,125.0
30/05/2025,75,Đồng Nai,26377,Phường Phước Tân,0.0,0.0,18.0,0.0,18.0,18.0
30/05/2025,75,Đồng Nai,26416,Xã Phước Bình,0.0,0.0,89.0,0.0,89.0,89.0
30/05/2025,75,Đồng Nai,26440,Xã Xuân Trường,0.0,0.0,135.0,0.0,135.0,135.0
30/05/2025,75,Đồng Nai,26452,Xã Suối Cát,0.0,0.0,31.0,0.0,31.0,31.0
30/05/2025,75,Đồng Nai,26455,Xã Xuân Hiệp,0.0,0.0,353.0,0.0,353.0,353.0
30/05/2025,75,Đồng Nai,26485,Xã Phú Hội,0.0,0.0,1.0,0.0,1.0,1.0
30/05/2025,75,Đồng Nai,26497,Xã Vĩnh Thanh,0.0,0.0,71.0,0.0,71.0,71.0
30/06/2024,75,Đồng Nai,26035,Phường Tam Hòa,0.0,0.0,6.0,0.0,6.0,6.0
30/06/2025,75,Đồng Nai,25996,Phường Tân Phong,0.0,0.0,79.0,0.0,79.0,0.0
30/06/2025,75,Đồng Nai,26002,Phường Hố Nai,2.0,0.0,35.0,0.0,35.0,0.0
30/06/2025,75,Đồng Nai,26017,Phường Tam Hiệp,0.0,0.0,93.0,2.0,93.0,0.0
30/06/2025,75,Đồng Nai,26029,Phường Thống Nhất,0.0,0.0,115.0,2.0,115.0,0.0
30/06/2025,75,Đồng Nai,26050,Phường An Bình,0.0,0.0,50.0,0.0,50.0,0.0
30/06/2025,75,Đồng Nai,26056,Phường Long Bình Tân,0.0,0.0,6.0,0.0,6.0,0.0
30/06/2025,75,Đồng Nai,26068,Phường Hóa An,4.0,0.0,397.0,0.0,372.0,0.0
30/06/2025,75,Đồng Nai,26095,Phường Suối Tre,15.0,0.0,1571.0,0.0,1571.0,0.0
30/06/2025,75,Đồng Nai,26116,Thị Trấn Tân Phú,0.0,0.0,113.0,0.0,113.0,0.0
30/06/2025,75,Đồng Nai,26206,Thị Trấn Định Quán,0.0,0.0,572.0,0.0,572.0,0.0
30/06/2025,75,Đồng Nai,26272,Xã Hố Nai 3,1.0,0.0,407.0,0.0,407.0,0.0
30/06/2025,75,Đồng Nai,26275,Xã Tây Hoà,0.0,0.0,3.0,0.0,3.0,0.0
30/06/2025,75,Đồng Nai,26296,Xã An Viễn,0.0,0.0,72.0,0.0,72.0,0.0
30/06/2025,75,Đồng Nai,26299,Xã Gia Tân 1,3.0,0.0,57.0,0.0,57.0,0.0
30/06/2025,75,Đồng Nai,26311,Xã Quang Trung,0.0,0.0,24.0,0.0,24.0,0.0
30/06/2025,75,Đồng Nai,26317,Xã Hưng Lộc,0.0,0.0,9.0,0.0,9.0,0.0
30/06/2025,75,Đồng Nai,26326,Thị Trấn Dầu Giây,0.0,0.0,659.0,0.0,659.0,0.0
30/06/2025,75,Đồng Nai,26362,Xã Sông Ray,3.0,0.0,145.0,0.0,145.0,0.0
30/06/2025,75,Đồng Nai,26368,Thị Trấn Long Thành,4.0,0.0,576.0,0.0,576.0,0.0
30/06/2025,75,Đồng Nai,26374,Phường Tam Phước,0.0,0.0,132.0,0.0,132.0,0.0
30/06/2025,75,Đồng Nai,26377,Phường Phước Tân,0.0,0.0,36.0,0.0,36.0,0.0
30/06/2025,75,Đồng Nai,26416,Xã Phước Bình,0.0,0.0,104.0,0.0,104.0,0.0
30/06/2025,75,Đồng Nai,26452,Xã Suối Cát,0.0,0.0,0.0,47.0,0.0,0.0
30/06/2025,75,Đồng Nai,26455,Xã Xuân Hiệp,0.0,0.0,408.0,0.0,408.0,0.0
30/06/2025,75,Đồng Nai,26497,Xã Vĩnh Thanh,0.0,0.0,111.0,0.0,111.0,0.0
30/07/2025,75,Đồng Nai,25993,Phường Trảng Dài,0.0,0.0,84.0,29.0,84.0,0.0
30/07/2025,75,Đồng Nai,25996,Phường Tân Phong,0.0,0.0,75.0,0.0,44.0,0.0
30/07/2025,75,Đồng Nai,26017,Phường Tam Hiệp,0.0,0.0,2.0,0.0,2.0,0.0
30/07/2025,75,Đồng Nai,26029,Phường Thống Nhất,0.0,0.0,389.0,0.0,389.0,0.0
30/07/2025,75,Đồng Nai,26056,Phường Long Bình Tân,0.0,0.0,1035.0,0.0,1034.0,0.0
30/07/2025,75,Đồng Nai,26068,Phường Hóa An,0.0,0.0,115.0,0.0,115.0,0.0
30/07/2025,75,Đồng Nai,26095,Phường Suối Tre,0.0,0.0,1391.0,0.0,1391.0,0.0
30/07/2025,75,Đồng Nai,26116,Thị Trấn Tân Phú,0.0,0.0,365.0,0.0,364.0,0.0
30/07/2025,75,Đồng Nai,26188,Xã Thạnh Phú,0.0,0.0,57.0,0.0,57.0,0.0
30/07/2025,75,Đồng Nai,26206,Thị Trấn Định Quán,0.0,0.0,587.0,0.0,587.0,0.0
30/07/2025,75,Đồng Nai,26272,Xã Hố Nai 3,0.0,0.0,134.0,0.0,134.0,0.0
30/07/2025,75,Đồng Nai,26296,Xã An Viễn,0.0,0.0,79.0,0.0,79.0,0.0
30/07/2025,75,Đồng Nai,26311,Xã Quang Trung,0.0,0.0,6.0,0.0,6.0,0.0
30/07/2025,75,Đồng Nai,26317,Xã Hưng Lộc,0.0,0.0,1.0,0.0,1.0,0.0
30/07/2025,75,Đồng Nai,26326,Thị Trấn Dầu Giây,0.0,0.0,6.0,0.0,6.0,0.0
30/07/2025,75,Đồng Nai,26362,Xã Sông Ray,0.0,0.0,103.0,0.0,103.0,0.0
30/07/2025,75,Đồng Nai,26368,Thị Trấn Long Thành,0.0,0.0,421.0,0.0,421.0,0.0
30/07/2025,75,Đồng Nai,26374,Phường Tam Phước,0.0,0.0,1.0,0.0,1.0,0.0
30/07/2025,75,Đồng Nai,26377,Phường Phước Tân,0.0,0.0,41.0,0.0,41.0,0.0
30/07/2025,75,Đồng Nai,26416,Xã Phước Bình,0.0,0.0,16.0,0.0,16.0,0.0
30/07/2025,75,Đồng Nai,26452,Xã Suối Cát,0.0,0.0,606.0,43.0,606.0,0.0
30/07/2025,75,Đồng Nai,26455,Xã Xuân Hiệp,0.0,0.0,2.0,0.0,2.0,0.0
30/07/2025,75,Đồng Nai,26497,Xã Vĩnh Thanh,0.0,0.0,72.0,0.0,72.0,0.0
30/08/2024,75,Đồng Nai,26248,Thị Trấn Trảng Bom,0.0,0.0,2.0,0.0,2.0,2.0
30/08/2025,75,Đồng Nai,25993,Phường Trảng Dài,0.0,0.0,0.0,5.0,0.0,0.0
30/08/2025,75,Đồng Nai,25996,Phường Tân Phong,0.0,0.0,451.0,0.0,451.0,0.0
30/08/2025,75,Đồng Nai,26017,Phường Tam Hiệp,0.0,0.0,74.0,0.0,74.0,0.0
30/08/2025,75,Đồng Nai,26029,Phường Thống Nhất,0.0,0.0,2.0,0.0,2.0,0.0
30/08/2025,75,Đồng Nai,26056,Phường Long Bình Tân,0.0,0.0,113.0,0.0,113.0,0.0
30/08/2025,75,Đồng Nai,26095,Phường Suối Tre,0.0,0.0,196.0,0.0,194.0,0.0
30/08/2025,75,Đồng Nai,26188,Xã Thạnh Phú,0.0,0.0,84.0,0.0,84.0,0.0
30/08/2025,75,Đồng Nai,26206,Thị Trấn Định Quán,0.0,0.0,64.0,0.0,64.0,0.0
30/08/2025,75,Đồng Nai,26272,Xã Hố Nai 3,0.0,0.0,743.0,0.0,743.0,0.0
30/08/2025,75,Đồng Nai,26296,Xã An Viễn,0.0,0.0,71.0,0.0,71.0,0.0
30/08/2025,75,Đồng Nai,26311,Xã Quang Trung,0.0,0.0,165.0,0.0,165.0,0.0
30/08/2025,75,Đồng Nai,26341,Thị Trấn Long Giao,0.0,0.0,1.0,0.0,1.0,0.0
30/08/2025,75,Đồng Nai,26362,Xã Sông Ray,0.0,0.0,96.0,0.0,96.0,0.0
30/08/2025,75,Đồng Nai,26368,Thị Trấn Long Thành,0.0,0.0,153.0,0.0,153.0,0.0
30/08/2025,75,Đồng Nai,26389,Xã Long Đức,0.0,0.0,57.0,0.0,57.0,0.0
30/08/2025,75,Đồng Nai,26416,Xã Phước Bình,0.0,0.0,80.0,0.0,80.0,0.0
30/08/2025,75,Đồng Nai,26455,Xã Xuân Hiệp,0.0,0.0,1071.0,0.0,1071.0,0.0
30/08/2025,75,Đồng Nai,26497,Xã Vĩnh Thanh,0.0,0.0,90.0,0.0,90.0,0.0
30/09/2024,75,Đồng Nai,26248,Thị Trấn Trảng Bom,0.0,0.0,2.0,0.0,2.0,2.0
30/09/2025,75,Đồng Nai,25993,Phường Trảng Dài,0.0,0.0,0.0,39.0,0.0,0.0
30/12/2024,75,Đồng Nai,26341,Thị Trấn Long Giao,0.0,0.0,17.0,0.0,17.0,17.0
30/12/2024,75,Đồng Nai,26452,Xã Suối Cát,0.0,0.0,35.0,0.0,35.0,35.0
30/12/2024,75,Đồng Nai,26455,Xã Xuân Hiệp,0.0,0.0,2.0,0.0,0.0,2.0
31/01/2025,75,Đồng Nai,26026,Phường Tân Mai,0.0,0.0,2.0,0.0,2.0,2.0
31/01/2025,75,Đồng Nai,26248,Thị Trấn Trảng Bom,0.0,0.0,40.0,0.0,40.0,40.0
31/01/2025,75,Đồng Nai,26341,Thị Trấn Long Giao,0.0,0.0,13.0,0.0,13.0,13.0
31/01/2025,75,Đồng Nai,26452,Xã Suối Cát,0.0,0.0,33.0,5.0,33.0,33.0
31/03/2025,75,Đồng Nai,25996,Phường Tân Phong,0.0,0.0,24.0,0.0,24.0,24.0
31/03/2025,75,Đồng Nai,25999,Phường Tân Biên,0.0,0.0,10.0,0.0,10.0,10.0
31/03/2025,75,Đồng Nai,26008,Phường Tân Hiệp,0.0,0.0,1.0,0.0,1.0,1.0
31/03/2025,75,Đồng Nai,26026,Phường Tân Mai,0.0,0.0,2.0,0.0,2.0,2.0
31/03/2025,75,Đồng Nai,26068,Phường Hóa An,0.0,0.0,2.0,0.0,2.0,2.0
31/03/2025,75,Đồng Nai,26080,Phường Xuân An,0.0,0.0,4.0,0.0,4.0,4.0
31/03/2025,75,Đồng Nai,26095,Phường Suối Tre,1.0,0.0,132.0,0.0,132.0,132.0
31/03/2025,75,Đồng Nai,26116,Thị Trấn Tân Phú,0.0,0.0,101.0,0.0,101.0,101.0
31/03/2025,75,Đồng Nai,26206,Thị Trấn Định Quán,0.0,0.0,24.0,0.0,24.0,24.0
31/03/2025,75,Đồng Nai,26248,Thị Trấn Trảng Bom,0.0,0.0,442.0,0.0,442.0,442.0
31/03/2025,75,Đồng Nai,26272,Xã Hố Nai 3,0.0,0.0,82.0,0.0,82.0,82.0
31/03/2025,75,Đồng Nai,26326,Thị Trấn Dầu Giây,0.0,0.0,67.0,0.0,67.0,67.0
31/03/2025,75,Đồng Nai,26368,Thị Trấn Long Thành,0.0,0.0,26.0,0.0,26.0,26.0
31/03/2025,75,Đồng Nai,26377,Phường Phước Tân,0.0,0.0,7.0,0.0,7.0,7.0
31/03/2025,75,Đồng Nai,26440,Xã Xuân Trường,0.0,0.0,1.0,0.0,1.0,1.0
31/03/2025,75,Đồng Nai,26452,Xã Suối Cát,36.0,0.0,744.0,83.0,744.0,744.0
31/03/2025,75,Đồng Nai,26455,Xã Xuân Hiệp,0.0,0.0,2.0,0.0,0.0,2.0
31/03/2025,75,Đồng Nai,26485,Xã Phú Hội,0.0,0.0,1.0,0.0,1.0,1.0
31/05/2025,75,Đồng Nai,25996,Phường Tân Phong,5.0,0.0,109.0,0.0,109.0,109.0
31/05/2025,75,Đồng Nai,25999,Phường Tân Biên,0.0,0.0,1.0,0.0,1.0,1.0
31/05/2025,75,Đồng Nai,26002,Phường Hố Nai,0.0,0.0,1.0,0.0,1.0,1.0
31/05/2025,75,Đồng Nai,26017,Phường Tam Hiệp,0.0,0.0,104.0,0.0,104.0,104.0
31/05/2025,75,Đồng Nai,26029,Phường Thống Nhất,0.0,0.0,179.0,1.0,179.0,179.0
31/05/2025,75,Đồng Nai,26050,Phường An Bình,0.0,0.0,56.0,0.0,56.0,56.0
31/05/2025,75,Đồng Nai,26056,Phường Long Bình Tân,0.0,0.0,6.0,0.0,6.0,6.0
31/05/2025,75,Đồng Nai,26068,Phường Hóa An,0.0,0.0,172.0,0.0,160.0,172.0
31/05/2025,75,Đồng Nai,26095,Phường Suối Tre,0.0,0.0,163.0,0.0,163.0,163.0
31/05/2025,75,Đồng Nai,26188,Xã Thạnh Phú,0.0,0.0,41.0,0.0,41.0,41.0
31/05/2025,75,Đồng Nai,26206,Thị Trấn Định Quán,0.0,0.0,91.0,0.0,91.0,91.0
31/05/2025,75,Đồng Nai,26272,Xã Hố Nai 3,10.0,0.0,719.0,0.0,719.0,719.0
31/05/2025,75,Đồng Nai,26296,Xã An Viễn,0.0,0.0,70.0,0.0,70.0,70.0
31/05/2025,75,Đồng Nai,26299,Xã Gia Tân 1,1.0,0.0,28.0,0.0,28.0,28.0
31/05/2025,75,Đồng Nai,26311,Xã Quang Trung,2.0,0.0,96.0,0.0,96.0,96.0
31/05/2025,75,Đồng Nai,26317,Xã Hưng Lộc,0.0,0.0,73.0,0.0,73.0,73.0
31/05/2025,75,Đồng Nai,26326,Thị Trấn Dầu Giây,0.0,0.0,141.0,0.0,141.0,141.0
31/05/2025,75,Đồng Nai,26362,Xã Sông Ray,1.0,0.0,62.0,0.0,62.0,62.0
31/05/2025,75,Đồng Nai,26368,Thị Trấn Long Thành,0.0,0.0,87.0,0.0,87.0,87.0
31/05/2025,75,Đồng Nai,26374,Phường Tam Phước,0.0,0.0,94.0,0.0,94.0,94.0
31/05/2025,75,Đồng Nai,26377,Phường Phước Tân,0.0,0.0,2.0,0.0,2.0,2.0
31/05/2025,75,Đồng Nai,26416,Xã Phước Bình,0.0,0.0,70.0,0.0,70.0,70.0
31/05/2025,75,Đồng Nai,26440,Xã Xuân Trường,0.0,0.0,1.0,0.0,1.0,1.0
31/05/2025,75,Đồng Nai,26452,Xã Suối Cát,0.0,0.0,18.0,1.0,18.0,18.0
31/05/2025,75,Đồng Nai,26455,Xã Xuân Hiệp,0.0,0.0,302.0,0.0,302.0,302.0
31/05/2025,75,Đồng Nai,26497,Xã Vĩnh Thanh,0.0,0.0,66.0,0.0,66.0,66.0
31/07/2025,75,Đồng Nai,25993,Phường Trảng Dài,0.0,0.0,0.0,3.0,0.0,0.0
31/07/2025,75,Đồng Nai,25996,Phường Tân Phong,0.0,0.0,251.0,0.0,7.0,0.0
31/07/2025,75,Đồng Nai,26017,Phường Tam Hiệp,0.0,0.0,0.0,7.0,0.0,0.0
31/07/2025,75,Đồng Nai,26029,Phường Thống Nhất,0.0,0.0,316.0,0.0,316.0,0.0
31/07/2025,75,Đồng Nai,26056,Phường Long Bình Tân,0.0,0.0,981.0,0.0,981.0,0.0
31/07/2025,75,Đồng Nai,26068,Phường Hóa An,0.0,0.0,133.0,0.0,133.0,0.0
31/07/2025,75,Đồng Nai,26095,Phường Suối Tre,0.0,0.0,1850.0,0.0,1850.0,0.0
31/07/2025,75,Đồng Nai,26116,Thị Trấn Tân Phú,0.0,0.0,349.0,0.0,349.0,0.0
31/07/2025,75,Đồng Nai,26188,Xã Thạnh Phú,0.0,0.0,10.0,0.0,10.0,0.0
31/07/2025,75,Đồng Nai,26206,Thị Trấn Định Quán,0.0,0.0,594.0,0.0,593.0,0.0
31/07/2025,75,Đồng Nai,26272,Xã Hố Nai 3,0.0,0.0,161.0,0.0,161.0,0.0
31/07/2025,75,Đồng Nai,26296,Xã An Viễn,0.0,0.0,59.0,0.0,59.0,0.0
31/07/2025,75,Đồng Nai,26311,Xã Quang Trung,0.0,0.0,2.0,0.0,2.0,0.0
31/07/2025,75,Đồng Nai,26317,Xã Hưng Lộc,0.0,0.0,63.0,0.0,63.0,0.0
31/07/2025,75,Đồng Nai,26341,Thị Trấn Long Giao,0.0,0.0,58.0,0.0,58.0,0.0
31/07/2025,75,Đồng Nai,26362,Xã Sông Ray,0.0,0.0,113.0,0.0,113.0,0.0
31/07/2025,75,Đồng Nai,26368,Thị Trấn Long Thành,0.0,0.0,457.0,0.0,457.0,0.0
31/07/2025,75,Đồng Nai,26377,Phường Phước Tân,0.0,0.0,21.0,0.0,21.0,0.0
31/07/2025,75,Đồng Nai,26416,Xã Phước Bình,0.0,0.0,75.0,0.0,75.0,0.0
31/07/2025,75,Đồng Nai,26452,Xã Suối Cát,0.0,0.0,609.0,15.0,609.0,0.0
31/07/2025,75,Đồng Nai,26455,Xã Xuân Hiệp,0.0,0.0,379.0,0.0,379.0,0.0
31/07/2025,75,Đồng Nai,26497,Xã Vĩnh Thanh,0.0,0.0,57.0,0.0,57.0,0.0
31/08/2022,75,Đồng Nai,26341,Thị Trấn Long Giao,0.0,0.0,1.0,0.0,1.0,1.0
31/08/2025,75,Đồng Nai,25993,Phường Trảng Dài,0.0,0.0,0.0,70.0,0.0,0.0
31/08/2025,75,Đồng Nai,25996,Phường Tân Phong,0.0,0.0,190.0,0.0,190.0,0.0
31/08/2025,75,Đồng Nai,26029,Phường Thống Nhất,0.0,0.0,3.0,0.0,3.0,0.0
31/08/2025,75,Đồng Nai,26056,Phường Long Bình Tân,0.0,0.0,276.0,0.0,276.0,0.0
31/08/2025,75,Đồng Nai,26095,Phường Suối Tre,0.0,0.0,198.0,0.0,196.0,0.0
31/08/2025,75,Đồng Nai,26188,Xã Thạnh Phú,0.0,0.0,28.0,0.0,28.0,0.0
31/08/2025,75,Đồng Nai,26206,Thị Trấn Định Quán,0.0,0.0,68.0,0.0,67.0,0.0
31/08/2025,75,Đồng Nai,26272,Xã Hố Nai 3,0.0,0.0,292.0,0.0,292.0,0.0
31/08/2025,75,Đồng Nai,26296,Xã An Viễn,0.0,0.0,44.0,0.0,44.0,0.0
31/08/2025,75,Đồng Nai,26311,Xã Quang Trung,0.0,0.0,103.0,0.0,103.0,0.0
31/08/2025,75,Đồng Nai,26317,Xã Hưng Lộc,0.0,0.0,19.0,0.0,19.0,0.0
31/08/2025,75,Đồng Nai,26341,Thị Trấn Long Giao,0.0,0.0,2.0,0.0,2.0,0.0
31/08/2025,75,Đồng Nai,26362,Xã Sông Ray,0.0,0.0,20.0,0.0,20.0,0.0
31/08/2025,75,Đồng Nai,26368,Thị Trấn Long Thành,0.0,0.0,145.0,0.0,144.0,0.0
31/08/2025,75,Đồng Nai,26389,Xã Long Đức,0.0,0.0,17.0,0.0,17.0,0.0
31/08/2025,75,Đồng Nai,26416,Xã Phước Bình,0.0,0.0,56.0,0.0,56.0,0.0
31/08/2025,75,Đồng Nai,26455,Xã Xuân Hiệp,0.0,0.0,252.0,0.0,252.0,0.0
31/08/2025,75,Đồng Nai,26497,Xã Vĩnh Thanh,0.0,0.0,80.0,0.0,80.0,0.0
31/12/2024,75,Đồng Nai,26248,Thị Trấn Trảng Bom,0.0,0.0,4.0,0.0,4.0,4.0
31/12/2024,75,Đồng Nai,26341,Thị Trấn Long Giao,0.0,0.0,17.0,0.0,17.0,17.0
31/12/2024,75,Đồng Nai,26452,Xã Suối Cát,0.0,0.0,39.0,0.0,39.0,39.0
