Ngày,Mã tỉnh,Tên tỉnh,Mã phường,Tên phường,Tổng chi phí bảo hiểm,Tổng chi phí thuốc,Tổng chi phí thuốc BHYT
01/01/2025,75,Đồng Nai,26008,Phường Tân Hiệp,0.0,0.0,0.0
01/01/2025,75,Đồng Nai,26248,Thị Trấn Trảng Bom,0.0,0.0,0.0
01/01/2025,75,Đồng Nai,26341,Thị Trấn Long Giao,0.0,0.0,0.0
01/01/2025,75,Đồng Nai,26452,Xã Suối Cát,0.0,0.0,0.0
01/02/2025,75,Đồng Nai,26248,Thị Trấn Trảng Bom,0.0,0.0,0.0
01/02/2025,75,Đồng Nai,26341,Thị Trấn Long Giao,0.0,0.0,0.0
01/02/2025,75,Đồng Nai,26452,Xã Suối Cát,0.0,0.0,0.0
01/03/2025,75,Đồng Nai,26248,Thị Trấn Trảng Bom,0.0,0.0,0.0
01/03/2025,75,Đồng Nai,26452,Xã Suối Cát,0.0,0.0,0.0
01/04/2025,75,Đồng Nai,25993,Phường Trảng Dài,0.0,0.0,0.0
01/04/2025,75,Đồng Nai,25996,Phường Tân Phong,0.0,0.0,0.0
01/04/2025,75,Đồng Nai,25999,Phường Tân Biên,0.0,0.0,0.0
01/04/2025,75,Đồng Nai,26008,Phường Tân Hiệp,0.0,0.0,0.0
01/04/2025,75,Đồng Nai,26068,Phường Hóa An,0.0,0.0,0.0
01/04/2025,75,Đồng Nai,26095,Phường Suối Tre,0.0,0.0,0.0
01/04/2025,75,Đồng Nai,26116,Thị Trấn Tân Phú,0.0,0.0,0.0
01/04/2025,75,Đồng Nai,26170,Thị Trấn Vĩnh An,0.0,0.0,0.0
01/04/2025,75,Đồng Nai,26206,Thị Trấn Định Quán,0.0,0.0,0.0
01/04/2025,75,Đồng Nai,26248,Thị Trấn Trảng Bom,0.0,0.0,0.0
01/04/2025,75,Đồng Nai,26272,Xã Hố Nai 3,0.0,0.0,0.0
01/04/2025,75,Đồng Nai,26320,Xã Lộ 25,0.0,0.0,0.0
01/04/2025,75,Đồng Nai,26326,Thị Trấn Dầu Giây,1938430.0,0.0,0.0
01/04/2025,75,Đồng Nai,26368,Thị Trấn Long Thành,0.0,0.0,0.0
01/04/2025,75,Đồng Nai,26377,Phường Phước Tân,0.0,0.0,0.0
01/04/2025,75,Đồng Nai,26383,Xã An Phước,0.0,0.0,0.0
01/04/2025,75,Đồng Nai,26452,Xã Suối Cát,0.0,0.0,0.0
01/05/2025,75,Đồng Nai,25996,Phường Tân Phong,0.0,0.0,0.0
01/05/2025,75,Đồng Nai,25999,Phường Tân Biên,0.0,0.0,0.0
01/05/2025,75,Đồng Nai,26029,Phường Thống Nhất,0.0,0.0,0.0
01/05/2025,75,Đồng Nai,26095,Phường Suối Tre,0.0,0.0,0.0
01/05/2025,75,Đồng Nai,26116,Thị Trấn Tân Phú,0.0,0.0,0.0
01/05/2025,75,Đồng Nai,26206,Thị Trấn Định Quán,0.0,0.0,0.0
01/05/2025,75,Đồng Nai,26272,Xã Hố Nai 3,0.0,0.0,0.0
01/05/2025,75,Đồng Nai,26326,Thị Trấn Dầu Giây,0.0,0.0,0.0
01/05/2025,75,Đồng Nai,26368,Thị Trấn Long Thành,0.0,0.0,0.0
01/05/2025,75,Đồng Nai,26377,Phường Phước Tân,0.0,0.0,0.0
01/05/2025,75,Đồng Nai,26452,Xã Suối Cát,0.0,0.0,0.0
01/06/2025,75,Đồng Nai,25996,Phường Tân Phong,0.0,0.0,0.0
01/06/2025,75,Đồng Nai,25999,Phường Tân Biên,0.0,0.0,0.0
01/06/2025,75,Đồng Nai,26017,Phường Tam Hiệp,0.0,0.0,0.0
01/06/2025,75,Đồng Nai,26029,Phường Thống Nhất,0.0,0.0,0.0
01/06/2025,75,Đồng Nai,26050,Phường An Bình,0.0,0.0,0.0
01/06/2025,75,Đồng Nai,26056,Phường Long Bình Tân,112048252.0,0.0,0.0
01/06/2025,75,Đồng Nai,26068,Phường Hóa An,0.0,0.0,0.0
01/06/2025,75,Đồng Nai,26095,Phường Suối Tre,823901386.0,0.0,0.0
01/06/2025,75,Đồng Nai,26188,Xã Thạnh Phú,0.0,0.0,0.0
01/06/2025,75,Đồng Nai,26206,Thị Trấn Định Quán,4968000.0,0.0,0.0
01/06/2025,75,Đồng Nai,26239,Xã Túc Trưng,0.0,0.0,0.0
01/06/2025,75,Đồng Nai,26272,Xã Hố Nai 3,0.0,0.0,0.0
01/06/2025,75,Đồng Nai,26296,Xã An Viễn,0.0,0.0,0.0
01/06/2025,75,Đồng Nai,26299,Xã Gia Tân 1,0.0,0.0,0.0
01/06/2025,75,Đồng Nai,26311,Xã Quang Trung,0.0,0.0,0.0
01/06/2025,75,Đồng Nai,26317,Xã Hưng Lộc,0.0,0.0,0.0
01/06/2025,75,Đồng Nai,26326,Thị Trấn Dầu Giây,15192409.0,0.0,0.0
01/06/2025,75,Đồng Nai,26362,Xã Sông Ray,0.0,0.0,0.0
01/06/2025,75,Đồng Nai,26368,Thị Trấn Long Thành,13149028.4,0.0,0.0
01/06/2025,75,Đồng Nai,26374,Phường Tam Phước,0.0,0.0,0.0
01/06/2025,75,Đồng Nai,26377,Phường Phước Tân,16404320.0,0.0,0.0
01/06/2025,75,Đồng Nai,26416,Xã Phước Bình,0.0,0.0,0.0
01/06/2025,75,Đồng Nai,26440,Xã Xuân Trường,0.0,0.0,0.0
01/06/2025,75,Đồng Nai,26452,Xã Suối Cát,0.0,0.0,0.0
01/06/2025,75,Đồng Nai,26455,Xã Xuân Hiệp,0.0,0.0,0.0
01/06/2025,75,Đồng Nai,26497,Xã Vĩnh Thanh,0.0,0.0,0.0
01/07/2024,75,Đồng Nai,26035,Phường Tam Hòa,0.0,0.0,0.0
01/07/2025,75,Đồng Nai,25993,Phường Trảng Dài,7506929.0,0.0,0.0
01/07/2025,75,Đồng Nai,25996,Phường Tân Phong,101341988.68,0.0,0.0
01/07/2025,75,Đồng Nai,26002,Phường Hố Nai,13760268.0,0.0,0.0
01/07/2025,75,Đồng Nai,26008,Phường Tân Hiệp,565100.0,0.0,0.0
01/07/2025,75,Đồng Nai,26017,Phường Tam Hiệp,24250612.0,0.0,0.0
01/07/2025,75,Đồng Nai,26029,Phường Thống Nhất,118571673.93,0.0,0.0
01/07/2025,75,Đồng Nai,26035,Phường Tam Hòa,151800.0,0.0,0.0
01/07/2025,75,Đồng Nai,26050,Phường An Bình,5378674.0,0.0,0.0
01/07/2025,75,Đồng Nai,26056,Phường Long Bình Tân,1451813005.0,0.0,0.0
01/07/2025,75,Đồng Nai,26068,Phường Hóa An,51105629.0,0.0,0.0
01/07/2025,75,Đồng Nai,26095,Phường Suối Tre,1403166047.8,0.0,0.0
01/07/2025,75,Đồng Nai,26116,Thị Trấn Tân Phú,135916640.0,0.0,0.0
01/07/2025,75,Đồng Nai,26206,Thị Trấn Định Quán,511638383.0,0.0,0.0
01/07/2025,75,Đồng Nai,26272,Xã Hố Nai 3,379210076.0,0.0,0.0
01/07/2025,75,Đồng Nai,26275,Xã Tây Hoà,956910.0,0.0,0.0
01/07/2025,75,Đồng Nai,26296,Xã An Viễn,49629963.0,0.0,0.0
01/07/2025,75,Đồng Nai,26299,Xã Gia Tân 1,36277699.0,0.0,0.0
01/07/2025,75,Đồng Nai,26311,Xã Quang Trung,45420603.0,0.0,0.0
01/07/2025,75,Đồng Nai,26317,Xã Hưng Lộc,35311136.0,0.0,0.0
01/07/2025,75,Đồng Nai,26326,Thị Trấn Dầu Giây,33575934.0,0.0,0.0
01/07/2025,75,Đồng Nai,26362,Xã Sông Ray,46412172.0,0.0,0.0
01/07/2025,75,Đồng Nai,26368,Thị Trấn Long Thành,544217662.2,0.0,0.0
01/07/2025,75,Đồng Nai,26374,Phường Tam Phước,35313540.0,0.0,0.0
01/07/2025,75,Đồng Nai,26377,Phường Phước Tân,41660449.0,0.0,0.0
01/07/2025,75,Đồng Nai,26416,Xã Phước Bình,13553950.0,0.0,0.0
01/07/2025,75,Đồng Nai,26452,Xã Suối Cát,353948609.6,0.0,0.0
01/07/2025,75,Đồng Nai,26455,Xã Xuân Hiệp,98605267.0,0.0,0.0
01/07/2025,75,Đồng Nai,26497,Xã Vĩnh Thanh,15745725.0,0.0,0.0
01/08/2024,75,Đồng Nai,26248,Thị Trấn Trảng Bom,0.0,0.0,0.0
01/08/2025,75,Đồng Nai,25993,Phường Trảng Dài,37206859.0,0.0,0.0
01/08/2025,75,Đồng Nai,25996,Phường Tân Phong,32654413.26,0.0,0.0
01/08/2025,75,Đồng Nai,26017,Phường Tam Hiệp,14918573.0,0.0,0.0
01/08/2025,75,Đồng Nai,26029,Phường Thống Nhất,32302742.54,0.0,0.0
01/08/2025,75,Đồng Nai,26050,Phường An Bình,22002336.0,0.0,0.0
01/08/2025,75,Đồng Nai,26056,Phường Long Bình Tân,665699742.0,0.0,0.0
01/08/2025,75,Đồng Nai,26068,Phường Hóa An,80258119.0,0.0,0.0
01/08/2025,75,Đồng Nai,26095,Phường Suối Tre,1085995838.1,0.0,0.0
01/08/2025,75,Đồng Nai,26188,Xã Thạnh Phú,78194452.0,0.0,0.0
01/08/2025,75,Đồng Nai,26206,Thị Trấn Định Quán,901502497.96,0.0,0.0
01/08/2025,75,Đồng Nai,26272,Xã Hố Nai 3,213694886.0,0.0,0.0
01/08/2025,75,Đồng Nai,26296,Xã An Viễn,30777720.0,0.0,0.0
01/08/2025,75,Đồng Nai,26311,Xã Quang Trung,38222339.0,0.0,0.0
01/08/2025,75,Đồng Nai,26317,Xã Hưng Lộc,9258229.0,0.0,0.0
01/08/2025,75,Đồng Nai,26341,Thị Trấn Long Giao,103467761.0,0.0,0.0
01/08/2025,75,Đồng Nai,26362,Xã Sông Ray,46979606.0,0.0,0.0
01/08/2025,75,Đồng Nai,26368,Thị Trấn Long Thành,545237814.4,0.0,0.0
01/08/2025,75,Đồng Nai,26416,Xã Phước Bình,34483153.0,0.0,0.0
01/08/2025,75,Đồng Nai,26455,Xã Xuân Hiệp,101990561.0,0.0,0.0
01/09/2025,75,Đồng Nai,25996,Phường Tân Phong,36758224.0,0.0,0.0
01/09/2025,75,Đồng Nai,26029,Phường Thống Nhất,0.0,0.0,0.0
01/09/2025,75,Đồng Nai,26050,Phường An Bình,5070369.0,0.0,0.0
01/09/2025,75,Đồng Nai,26056,Phường Long Bình Tân,136564297.0,0.0,0.0
01/09/2025,75,Đồng Nai,26095,Phường Suối Tre,347493937.1,0.0,0.0
01/09/2025,75,Đồng Nai,26206,Thị Trấn Định Quán,128129762.6,0.0,0.0
01/09/2025,75,Đồng Nai,26272,Xã Hố Nai 3,34952974.0,0.0,0.0
01/09/2025,75,Đồng Nai,26311,Xã Quang Trung,29538774.0,0.0,0.0
01/09/2025,75,Đồng Nai,26341,Thị Trấn Long Giao,11474090.0,0.0,0.0
01/09/2025,75,Đồng Nai,26362,Xã Sông Ray,20019669.0,0.0,0.0
01/09/2025,75,Đồng Nai,26368,Thị Trấn Long Thành,241706745.0,0.0,0.0
01/09/2025,75,Đồng Nai,26389,Xã Long Đức,3673917.0,0.0,0.0
01/09/2025,75,Đồng Nai,26497,Xã Vĩnh Thanh,13883018.0,0.0,0.0
01/10/2024,75,Đồng Nai,26248,Thị Trấn Trảng Bom,0.0,0.0,0.0
02/01/2025,75,Đồng Nai,26026,Phường Tân Mai,0.0,0.0,0.0
02/01/2025,75,Đồng Nai,26080,Phường Xuân An,0.0,0.0,0.0
02/01/2025,75,Đồng Nai,26341,Thị Trấn Long Giao,0.0,0.0,0.0
02/01/2025,75,Đồng Nai,26452,Xã Suối Cát,0.0,0.0,0.0
02/02/2022,75,Đồng Nai,26248,Thị Trấn Trảng Bom,0.0,0.0,0.0
02/02/2025,75,Đồng Nai,26026,Phường Tân Mai,0.0,0.0,0.0
02/02/2025,75,Đồng Nai,26248,Thị Trấn Trảng Bom,0.0,0.0,0.0
02/02/2025,75,Đồng Nai,26341,Thị Trấn Long Giao,0.0,0.0,0.0
02/02/2025,75,Đồng Nai,26452,Xã Suối Cát,0.0,0.0,0.0
02/03/2025,75,Đồng Nai,26026,Phường Tân Mai,0.0,0.0,0.0
02/03/2025,75,Đồng Nai,26248,Thị Trấn Trảng Bom,0.0,0.0,0.0
02/03/2025,75,Đồng Nai,26377,Phường Phước Tân,0.0,0.0,0.0
02/03/2025,75,Đồng Nai,26452,Xã Suối Cát,0.0,0.0,0.0
02/04/2025,75,Đồng Nai,25993,Phường Trảng Dài,0.0,0.0,0.0
02/04/2025,75,Đồng Nai,25996,Phường Tân Phong,0.0,0.0,0.0
02/04/2025,75,Đồng Nai,25999,Phường Tân Biên,0.0,0.0,0.0
02/04/2025,75,Đồng Nai,26068,Phường Hóa An,0.0,0.0,0.0
02/04/2025,75,Đồng Nai,26095,Phường Suối Tre,0.0,0.0,0.0
02/04/2025,75,Đồng Nai,26116,Thị Trấn Tân Phú,0.0,0.0,0.0
02/04/2025,75,Đồng Nai,26206,Thị Trấn Định Quán,0.0,0.0,0.0
02/04/2025,75,Đồng Nai,26248,Thị Trấn Trảng Bom,0.0,0.0,0.0
02/04/2025,75,Đồng Nai,26272,Xã Hố Nai 3,0.0,0.0,0.0
02/04/2025,75,Đồng Nai,26326,Thị Trấn Dầu Giây,0.0,0.0,0.0
02/04/2025,75,Đồng Nai,26341,Thị Trấn Long Giao,0.0,0.0,0.0
02/04/2025,75,Đồng Nai,26368,Thị Trấn Long Thành,0.0,0.0,0.0
02/04/2025,75,Đồng Nai,26377,Phường Phước Tân,0.0,0.0,0.0
02/04/2025,75,Đồng Nai,26452,Xã Suối Cát,0.0,0.0,0.0
02/05/2025,75,Đồng Nai,25996,Phường Tân Phong,0.0,0.0,0.0
02/05/2025,75,Đồng Nai,25999,Phường Tân Biên,0.0,0.0,0.0
02/05/2025,75,Đồng Nai,26017,Phường Tam Hiệp,0.0,0.0,0.0
02/05/2025,75,Đồng Nai,26029,Phường Thống Nhất,0.0,0.0,0.0
02/05/2025,75,Đồng Nai,26068,Phường Hóa An,0.0,0.0,0.0
02/05/2025,75,Đồng Nai,26095,Phường Suối Tre,0.0,0.0,0.0
02/05/2025,75,Đồng Nai,26116,Thị Trấn Tân Phú,0.0,0.0,0.0
02/05/2025,75,Đồng Nai,26188,Xã Thạnh Phú,0.0,0.0,0.0
02/05/2025,75,Đồng Nai,26206,Thị Trấn Định Quán,0.0,0.0,0.0
02/05/2025,75,Đồng Nai,26272,Xã Hố Nai 3,0.0,0.0,0.0
02/05/2025,75,Đồng Nai,26275,Xã Tây Hoà,0.0,0.0,0.0
02/05/2025,75,Đồng Nai,26326,Thị Trấn Dầu Giây,0.0,0.0,0.0
02/05/2025,75,Đồng Nai,26362,Xã Sông Ray,0.0,0.0,0.0
02/05/2025,75,Đồng Nai,26368,Thị Trấn Long Thành,0.0,0.0,0.0
02/05/2025,75,Đồng Nai,26377,Phường Phước Tân,13033637.0,0.0,0.0
02/05/2025,75,Đồng Nai,26383,Xã An Phước,0.0,0.0,0.0
02/05/2025,75,Đồng Nai,26416,Xã Phước Bình,0.0,0.0,0.0
02/05/2025,75,Đồng Nai,26440,Xã Xuân Trường,0.0,0.0,0.0
02/05/2025,75,Đồng Nai,26452,Xã Suối Cát,0.0,0.0,0.0
02/05/2025,75,Đồng Nai,26455,Xã Xuân Hiệp,0.0,0.0,0.0
02/05/2025,75,Đồng Nai,26497,Xã Vĩnh Thanh,0.0,0.0,0.0
02/06/2025,75,Đồng Nai,25996,Phường Tân Phong,206729995.77,0.0,0.0
02/06/2025,75,Đồng Nai,25999,Phường Tân Biên,0.0,0.0,0.0
02/06/2025,75,Đồng Nai,26002,Phường Hố Nai,0.0,0.0,0.0
02/06/2025,75,Đồng Nai,26017,Phường Tam Hiệp,0.0,0.0,0.0
02/06/2025,75,Đồng Nai,26020,Phường Long Bình,2251715.0,0.0,0.0
02/06/2025,75,Đồng Nai,26029,Phường Thống Nhất,0.0,0.0,0.0
02/06/2025,75,Đồng Nai,26035,Phường Tam Hòa,1712590.0,0.0,0.0
02/06/2025,75,Đồng Nai,26050,Phường An Bình,0.0,0.0,0.0
02/06/2025,75,Đồng Nai,26056,Phường Long Bình Tân,128779778.0,0.0,0.0
02/06/2025,75,Đồng Nai,26068,Phường Hóa An,14832528.0,0.0,0.0
02/06/2025,75,Đồng Nai,26095,Phường Suối Tre,705940249.0,0.0,0.0
02/06/2025,75,Đồng Nai,26188,Xã Thạnh Phú,0.0,0.0,0.0
02/06/2025,75,Đồng Nai,26206,Thị Trấn Định Quán,356540184.0,0.0,0.0
02/06/2025,75,Đồng Nai,26239,Xã Túc Trưng,0.0,0.0,0.0
02/06/2025,75,Đồng Nai,26272,Xã Hố Nai 3,0.0,0.0,0.0
02/06/2025,75,Đồng Nai,26296,Xã An Viễn,0.0,0.0,0.0
02/06/2025,75,Đồng Nai,26299,Xã Gia Tân 1,0.0,0.0,0.0
02/06/2025,75,Đồng Nai,26311,Xã Quang Trung,0.0,0.0,0.0
02/06/2025,75,Đồng Nai,26317,Xã Hưng Lộc,0.0,0.0,0.0
02/06/2025,75,Đồng Nai,26326,Thị Trấn Dầu Giây,192170595.0,0.0,0.0
02/06/2025,75,Đồng Nai,26362,Xã Sông Ray,0.0,0.0,0.0
02/06/2025,75,Đồng Nai,26368,Thị Trấn Long Thành,279096264.0,0.0,0.0
02/06/2025,75,Đồng Nai,26374,Phường Tam Phước,0.0,0.0,0.0
02/06/2025,75,Đồng Nai,26377,Phường Phước Tân,48453581.0,0.0,0.0
02/06/2025,75,Đồng Nai,26416,Xã Phước Bình,0.0,0.0,0.0
02/06/2025,75,Đồng Nai,26440,Xã Xuân Trường,0.0,0.0,0.0
02/06/2025,75,Đồng Nai,26452,Xã Suối Cát,5322920.0,0.0,0.0
02/06/2025,75,Đồng Nai,26455,Xã Xuân Hiệp,0.0,0.0,0.0
02/06/2025,75,Đồng Nai,26497,Xã Vĩnh Thanh,21123678.0,0.0,0.0
02/07/2024,75,Đồng Nai,26035,Phường Tam Hòa,0.0,0.0,0.0
02/07/2025,75,Đồng Nai,25993,Phường Trảng Dài,9127670.0,0.0,0.0
02/07/2025,75,Đồng Nai,25996,Phường Tân Phong,113965441.54,0.0,0.0
02/07/2025,75,Đồng Nai,26002,Phường Hố Nai,7805076.0,0.0,0.0
02/07/2025,75,Đồng Nai,26017,Phường Tam Hiệp,17377401.0,0.0,0.0
02/07/2025,75,Đồng Nai,26029,Phường Thống Nhất,0.0,0.0,0.0
02/07/2025,75,Đồng Nai,26050,Phường An Bình,10409850.0,0.0,0.0
02/07/2025,75,Đồng Nai,26056,Phường Long Bình Tân,919712164.0,0.0,0.0
02/07/2025,75,Đồng Nai,26068,Phường Hóa An,77536462.0,0.0,0.0
02/07/2025,75,Đồng Nai,26095,Phường Suối Tre,691111603.6,0.0,0.0
02/07/2025,75,Đồng Nai,26116,Thị Trấn Tân Phú,164371458.0,0.0,0.0
02/07/2025,75,Đồng Nai,26188,Xã Thạnh Phú,2851200.0,0.0,0.0
02/07/2025,75,Đồng Nai,26206,Thị Trấn Định Quán,737953523.6,0.0,0.0
02/07/2025,75,Đồng Nai,26272,Xã Hố Nai 3,368135478.0,0.0,0.0
02/07/2025,75,Đồng Nai,26275,Xã Tây Hoà,38709696.0,0.0,0.0
02/07/2025,75,Đồng Nai,26296,Xã An Viễn,38692740.0,0.0,0.0
02/07/2025,75,Đồng Nai,26299,Xã Gia Tân 1,15190457.0,0.0,0.0
02/07/2025,75,Đồng Nai,26311,Xã Quang Trung,46522148.0,0.0,0.0
02/07/2025,75,Đồng Nai,26317,Xã Hưng Lộc,29579974.0,0.0,0.0
02/07/2025,75,Đồng Nai,26326,Thị Trấn Dầu Giây,31761702.0,0.0,0.0
02/07/2025,75,Đồng Nai,26362,Xã Sông Ray,43188176.0,0.0,0.0
02/07/2025,75,Đồng Nai,26368,Thị Trấn Long Thành,270046197.2,0.0,0.0
02/07/2025,75,Đồng Nai,26374,Phường Tam Phước,13406595.0,0.0,0.0
02/07/2025,75,Đồng Nai,26377,Phường Phước Tân,47223904.0,0.0,0.0
02/07/2025,75,Đồng Nai,26416,Xã Phước Bình,24037000.0,0.0,0.0
02/07/2025,75,Đồng Nai,26452,Xã Suối Cát,269099568.6,0.0,0.0
02/07/2025,75,Đồng Nai,26455,Xã Xuân Hiệp,89468046.0,0.0,0.0
02/07/2025,75,Đồng Nai,26497,Xã Vĩnh Thanh,10680874.0,0.0,0.0
02/08/2024,75,Đồng Nai,26248,Thị Trấn Trảng Bom,0.0,0.0,0.0
02/08/2025,75,Đồng Nai,25993,Phường Trảng Dài,3093300.0,0.0,0.0
02/08/2025,75,Đồng Nai,25996,Phường Tân Phong,0.0,0.0,0.0
02/08/2025,75,Đồng Nai,26017,Phường Tam Hiệp,16001330.0,0.0,0.0
02/08/2025,75,Đồng Nai,26029,Phường Thống Nhất,87128772.94,0.0,0.0
02/08/2025,75,Đồng Nai,26050,Phường An Bình,17201118.0,0.0,0.0
02/08/2025,75,Đồng Nai,26056,Phường Long Bình Tân,842019827.0,0.0,0.0
02/08/2025,75,Đồng Nai,26068,Phường Hóa An,42099931.0,0.0,0.0
02/08/2025,75,Đồng Nai,26095,Phường Suối Tre,531222692.89,0.0,0.0
02/08/2025,75,Đồng Nai,26188,Xã Thạnh Phú,38654379.0,0.0,0.0
02/08/2025,75,Đồng Nai,26206,Thị Trấn Định Quán,662027506.76,0.0,0.0
02/08/2025,75,Đồng Nai,26272,Xã Hố Nai 3,214005148.0,0.0,0.0
02/08/2025,75,Đồng Nai,26296,Xã An Viễn,24597892.0,0.0,0.0
02/08/2025,75,Đồng Nai,26311,Xã Quang Trung,43063142.0,0.0,0.0
02/08/2025,75,Đồng Nai,26317,Xã Hưng Lộc,13166769.0,0.0,0.0
02/08/2025,75,Đồng Nai,26362,Xã Sông Ray,34386344.0,0.0,0.0
02/08/2025,75,Đồng Nai,26368,Thị Trấn Long Thành,293956199.6,0.0,0.0
02/08/2025,75,Đồng Nai,26416,Xã Phước Bình,17048426.0,0.0,0.0
02/08/2025,75,Đồng Nai,26455,Xã Xuân Hiệp,108598490.0,0.0,0.0
02/09/2025,75,Đồng Nai,25996,Phường Tân Phong,9721014.0,0.0,0.0
02/09/2025,75,Đồng Nai,26029,Phường Thống Nhất,0.0,0.0,0.0
02/09/2025,75,Đồng Nai,26050,Phường An Bình,1073355.0,0.0,0.0
02/09/2025,75,Đồng Nai,26056,Phường Long Bình Tân,178369735.0,0.0,0.0
02/09/2025,75,Đồng Nai,26095,Phường Suối Tre,670234913.1,0.0,0.0
02/09/2025,75,Đồng Nai,26206,Thị Trấn Định Quán,242586406.16,0.0,0.0
02/09/2025,75,Đồng Nai,26272,Xã Hố Nai 3,48683446.0,0.0,0.0
02/09/2025,75,Đồng Nai,26368,Thị Trấn Long Thành,132800372.6,0.0,0.0
02/10/2023,75,Đồng Nai,26248,Thị Trấn Trảng Bom,0.0,0.0,0.0
02/10/2024,75,Đồng Nai,26248,Thị Trấn Trảng Bom,0.0,0.0,0.0
03/01/2025,75,Đồng Nai,26080,Phường Xuân An,0.0,0.0,0.0
03/01/2025,75,Đồng Nai,26248,Thị Trấn Trảng Bom,0.0,0.0,0.0
03/01/2025,75,Đồng Nai,26341,Thị Trấn Long Giao,0.0,0.0,0.0
03/01/2025,75,Đồng Nai,26452,Xã Suối Cát,0.0,0.0,0.0
03/02/2025,75,Đồng Nai,26026,Phường Tân Mai,0.0,0.0,0.0
03/02/2025,75,Đồng Nai,26080,Phường Xuân An,0.0,0.0,0.0
03/02/2025,75,Đồng Nai,26248,Thị Trấn Trảng Bom,0.0,0.0,0.0
03/02/2025,75,Đồng Nai,26341,Thị Trấn Long Giao,0.0,0.0,0.0
03/02/2025,75,Đồng Nai,26452,Xã Suối Cát,0.0,0.0,0.0
03/03/2025,75,Đồng Nai,25996,Phường Tân Phong,0.0,0.0,0.0
03/03/2025,75,Đồng Nai,26026,Phường Tân Mai,0.0,0.0,0.0
03/03/2025,75,Đồng Nai,26080,Phường Xuân An,0.0,0.0,0.0
03/03/2025,75,Đồng Nai,26248,Thị Trấn Trảng Bom,0.0,0.0,0.0
03/03/2025,75,Đồng Nai,26254,Xã Cây Gáo,0.0,0.0,0.0
03/03/2025,75,Đồng Nai,26377,Phường Phước Tân,0.0,0.0,0.0
03/03/2025,75,Đồng Nai,26452,Xã Suối Cát,0.0,0.0,0.0
03/04/2025,75,Đồng Nai,25993,Phường Trảng Dài,0.0,0.0,0.0
03/04/2025,75,Đồng Nai,25996,Phường Tân Phong,0.0,0.0,0.0
03/04/2025,75,Đồng Nai,25999,Phường Tân Biên,0.0,0.0,0.0
03/04/2025,75,Đồng Nai,26026,Phường Tân Mai,0.0,0.0,0.0
03/04/2025,75,Đồng Nai,26095,Phường Suối Tre,0.0,0.0,0.0
03/04/2025,75,Đồng Nai,26116,Thị Trấn Tân Phú,0.0,0.0,0.0
03/04/2025,75,Đồng Nai,26206,Thị Trấn Định Quán,0.0,0.0,0.0
03/04/2025,75,Đồng Nai,26248,Thị Trấn Trảng Bom,0.0,0.0,0.0
03/04/2025,75,Đồng Nai,26272,Xã Hố Nai 3,0.0,0.0,0.0
03/04/2025,75,Đồng Nai,26326,Thị Trấn Dầu Giây,0.0,0.0,0.0
03/04/2025,75,Đồng Nai,26368,Thị Trấn Long Thành,0.0,0.0,0.0
03/04/2025,75,Đồng Nai,26377,Phường Phước Tân,0.0,0.0,0.0
03/04/2025,75,Đồng Nai,26440,Xã Xuân Trường,0.0,0.0,0.0
03/04/2025,75,Đồng Nai,26452,Xã Suối Cát,0.0,0.0,0.0
03/05/2024,75,Đồng Nai,26248,Thị Trấn Trảng Bom,0.0,0.0,0.0
03/05/2025,75,Đồng Nai,25996,Phường Tân Phong,0.0,0.0,0.0
03/05/2025,75,Đồng Nai,25999,Phường Tân Biên,0.0,0.0,0.0
03/05/2025,75,Đồng Nai,26017,Phường Tam Hiệp,0.0,0.0,0.0
03/05/2025,75,Đồng Nai,26029,Phường Thống Nhất,0.0,0.0,0.0
03/05/2025,75,Đồng Nai,26068,Phường Hóa An,0.0,0.0,0.0
03/05/2025,75,Đồng Nai,26095,Phường Suối Tre,0.0,0.0,0.0
03/05/2025,75,Đồng Nai,26116,Thị Trấn Tân Phú,0.0,0.0,0.0
03/05/2025,75,Đồng Nai,26206,Thị Trấn Định Quán,0.0,0.0,0.0
03/05/2025,75,Đồng Nai,26272,Xã Hố Nai 3,0.0,0.0,0.0
03/05/2025,75,Đồng Nai,26296,Xã An Viễn,0.0,0.0,0.0
03/05/2025,75,Đồng Nai,26326,Thị Trấn Dầu Giây,0.0,0.0,0.0
03/05/2025,75,Đồng Nai,26362,Xã Sông Ray,0.0,0.0,0.0
03/05/2025,75,Đồng Nai,26368,Thị Trấn Long Thành,0.0,0.0,0.0
03/05/2025,75,Đồng Nai,26374,Phường Tam Phước,0.0,0.0,0.0
03/05/2025,75,Đồng Nai,26377,Phường Phước Tân,0.0,0.0,0.0
03/05/2025,75,Đồng Nai,26416,Xã Phước Bình,0.0,0.0,0.0
03/05/2025,75,Đồng Nai,26440,Xã Xuân Trường,0.0,0.0,0.0
03/05/2025,75,Đồng Nai,26452,Xã Suối Cát,0.0,0.0,0.0
03/05/2025,75,Đồng Nai,26455,Xã Xuân Hiệp,0.0,0.0,0.0
03/05/2025,75,Đồng Nai,26497,Xã Vĩnh Thanh,0.0,0.0,0.0
03/06/2025,75,Đồng Nai,25996,Phường Tân Phong,65929028.62,0.0,0.0
03/06/2025,75,Đồng Nai,25999,Phường Tân Biên,0.0,0.0,0.0
03/06/2025,75,Đồng Nai,26017,Phường Tam Hiệp,0.0,0.0,0.0
03/06/2025,75,Đồng Nai,26020,Phường Long Bình,1566424.0,0.0,0.0
03/06/2025,75,Đồng Nai,26029,Phường Thống Nhất,0.0,0.0,0.0
03/06/2025,75,Đồng Nai,26050,Phường An Bình,0.0,0.0,0.0
03/06/2025,75,Đồng Nai,26056,Phường Long Bình Tân,55699252.0,0.0,0.0
03/06/2025,75,Đồng Nai,26068,Phường Hóa An,55288622.0,0.0,0.0
03/06/2025,75,Đồng Nai,26095,Phường Suối Tre,103061641.0,0.0,0.0
03/06/2025,75,Đồng Nai,26188,Xã Thạnh Phú,0.0,0.0,0.0
03/06/2025,75,Đồng Nai,26206,Thị Trấn Định Quán,91854198.0,0.0,0.0
03/06/2025,75,Đồng Nai,26239,Xã Túc Trưng,0.0,0.0,0.0
03/06/2025,75,Đồng Nai,26272,Xã Hố Nai 3,0.0,0.0,0.0
03/06/2025,75,Đồng Nai,26296,Xã An Viễn,0.0,0.0,0.0
03/06/2025,75,Đồng Nai,26299,Xã Gia Tân 1,0.0,0.0,0.0
03/06/2025,75,Đồng Nai,26311,Xã Quang Trung,0.0,0.0,0.0
03/06/2025,75,Đồng Nai,26317,Xã Hưng Lộc,0.0,0.0,0.0
03/06/2025,75,Đồng Nai,26326,Thị Trấn Dầu Giây,166722398.0,0.0,0.0
03/06/2025,75,Đồng Nai,26362,Xã Sông Ray,0.0,0.0,0.0
03/06/2025,75,Đồng Nai,26368,Thị Trấn Long Thành,472444326.0,0.0,0.0
03/06/2025,75,Đồng Nai,26374,Phường Tam Phước,0.0,0.0,0.0
03/06/2025,75,Đồng Nai,26377,Phường Phước Tân,59955056.0,0.0,0.0
03/06/2025,75,Đồng Nai,26416,Xã Phước Bình,0.0,0.0,0.0
03/06/2025,75,Đồng Nai,26440,Xã Xuân Trường,0.0,0.0,0.0
03/06/2025,75,Đồng Nai,26452,Xã Suối Cát,1934900.0,0.0,0.0
03/06/2025,75,Đồng Nai,26455,Xã Xuân Hiệp,1872600.0,0.0,0.0
03/06/2025,75,Đồng Nai,26485,Xã Phú Hội,0.0,0.0,0.0
03/06/2025,75,Đồng Nai,26497,Xã Vĩnh Thanh,10727838.0,0.0,0.0
03/07/2024,75,Đồng Nai,26035,Phường Tam Hòa,0.0,0.0,0.0
03/07/2024,75,Đồng Nai,26206,Thị Trấn Định Quán,0.0,0.0,0.0
03/07/2025,75,Đồng Nai,25993,Phường Trảng Dài,30233562.0,0.0,0.0
03/07/2025,75,Đồng Nai,25996,Phường Tân Phong,35069420.05,0.0,0.0
03/07/2025,75,Đồng Nai,26017,Phường Tam Hiệp,20218834.0,0.0,0.0
03/07/2025,75,Đồng Nai,26029,Phường Thống Nhất,0.0,0.0,0.0
03/07/2025,75,Đồng Nai,26050,Phường An Bình,9729403.0,0.0,0.0
03/07/2025,75,Đồng Nai,26056,Phường Long Bình Tân,131664944.0,0.0,0.0
03/07/2025,75,Đồng Nai,26068,Phường Hóa An,51049428.0,0.0,0.0
03/07/2025,75,Đồng Nai,26095,Phường Suối Tre,487221000.4,0.0,0.0
03/07/2025,75,Đồng Nai,26116,Thị Trấn Tân Phú,178348116.0,0.0,0.0
03/07/2025,75,Đồng Nai,26188,Xã Thạnh Phú,3279500.0,0.0,0.0
03/07/2025,75,Đồng Nai,26206,Thị Trấn Định Quán,268168829.0,0.0,0.0
03/07/2025,75,Đồng Nai,26272,Xã Hố Nai 3,318015575.0,0.0,0.0
03/07/2025,75,Đồng Nai,26275,Xã Tây Hoà,1077184.0,0.0,0.0
03/07/2025,75,Đồng Nai,26296,Xã An Viễn,21023292.0,0.0,0.0
03/07/2025,75,Đồng Nai,26299,Xã Gia Tân 1,43183050.0,0.0,0.0
03/07/2025,75,Đồng Nai,26311,Xã Quang Trung,51522964.0,0.0,0.0
03/07/2025,75,Đồng Nai,26317,Xã Hưng Lộc,28162990.0,0.0,0.0
03/07/2025,75,Đồng Nai,26326,Thị Trấn Dầu Giây,38231742.0,0.0,0.0
03/07/2025,75,Đồng Nai,26362,Xã Sông Ray,57623947.0,0.0,0.0
03/07/2025,75,Đồng Nai,26368,Thị Trấn Long Thành,253288116.2,0.0,0.0
03/07/2025,75,Đồng Nai,26374,Phường Tam Phước,18183597.0,0.0,0.0
03/07/2025,75,Đồng Nai,26377,Phường Phước Tân,43792573.0,0.0,0.0
03/07/2025,75,Đồng Nai,26416,Xã Phước Bình,19638874.0,0.0,0.0
03/07/2025,75,Đồng Nai,26452,Xã Suối Cát,104633213.5,0.0,0.0
03/07/2025,75,Đồng Nai,26455,Xã Xuân Hiệp,109229278.0,0.0,0.0
03/07/2025,75,Đồng Nai,26497,Xã Vĩnh Thanh,14693521.0,0.0,0.0
03/08/2025,75,Đồng Nai,25996,Phường Tân Phong,0.0,0.0,0.0
03/08/2025,75,Đồng Nai,26029,Phường Thống Nhất,77996398.23,0.0,0.0
03/08/2025,75,Đồng Nai,26050,Phường An Bình,1261422.0,0.0,0.0
03/08/2025,75,Đồng Nai,26056,Phường Long Bình Tân,446330740.0,0.0,0.0
03/08/2025,75,Đồng Nai,26095,Phường Suối Tre,663598777.1,0.0,0.0
03/08/2025,75,Đồng Nai,26188,Xã Thạnh Phú,54301349.0,0.0,0.0
03/08/2025,75,Đồng Nai,26206,Thị Trấn Định Quán,283225224.2,0.0,0.0
03/08/2025,75,Đồng Nai,26272,Xã Hố Nai 3,117610837.0,0.0,0.0
03/08/2025,75,Đồng Nai,26296,Xã An Viễn,21914568.0,0.0,0.0
03/08/2025,75,Đồng Nai,26311,Xã Quang Trung,33258135.0,0.0,0.0
03/08/2025,75,Đồng Nai,26317,Xã Hưng Lộc,4985500.0,0.0,0.0
03/08/2025,75,Đồng Nai,26362,Xã Sông Ray,7405632.0,0.0,0.0
03/08/2025,75,Đồng Nai,26368,Thị Trấn Long Thành,100223470.0,0.0,0.0
03/09/2025,75,Đồng Nai,25993,Phường Trảng Dài,29108054.0,0.0,0.0
03/09/2025,75,Đồng Nai,25996,Phường Tân Phong,133922792.55,0.0,0.0
03/09/2025,75,Đồng Nai,26017,Phường Tam Hiệp,27707838.0,0.0,0.0
03/09/2025,75,Đồng Nai,26029,Phường Thống Nhất,47287828.92,0.0,0.0
03/09/2025,75,Đồng Nai,26050,Phường An Bình,24197464.0,0.0,0.0
03/09/2025,75,Đồng Nai,26056,Phường Long Bình Tân,480798677.0,0.0,0.0
03/09/2025,75,Đồng Nai,26095,Phường Suối Tre,887669575.0,0.0,0.0
03/09/2025,75,Đồng Nai,26188,Xã Thạnh Phú,84145484.0,0.0,0.0
03/09/2025,75,Đồng Nai,26206,Thị Trấn Định Quán,452589841.9,0.0,0.0
03/09/2025,75,Đồng Nai,26272,Xã Hố Nai 3,381461790.0,0.0,0.0
03/09/2025,75,Đồng Nai,26296,Xã An Viễn,61246067.0,0.0,0.0
03/09/2025,75,Đồng Nai,26311,Xã Quang Trung,55260164.0,0.0,0.0
03/09/2025,75,Đồng Nai,26362,Xã Sông Ray,63506987.0,0.0,0.0
03/09/2025,75,Đồng Nai,26368,Thị Trấn Long Thành,385241439.4,0.0,0.0
03/09/2025,75,Đồng Nai,26389,Xã Long Đức,14713598.0,0.0,0.0
03/09/2025,75,Đồng Nai,26416,Xã Phước Bình,43440147.0,0.0,0.0
03/09/2025,75,Đồng Nai,26455,Xã Xuân Hiệp,134462499.0,0.0,0.0
03/09/2025,75,Đồng Nai,26497,Xã Vĩnh Thanh,38863179.0,0.0,0.0
04/01/2025,75,Đồng Nai,26341,Thị Trấn Long Giao,0.0,0.0,0.0
04/01/2025,75,Đồng Nai,26452,Xã Suối Cát,0.0,0.0,0.0
04/02/2025,75,Đồng Nai,25993,Phường Trảng Dài,0.0,0.0,0.0
04/02/2025,75,Đồng Nai,26026,Phường Tân Mai,0.0,0.0,0.0
04/02/2025,75,Đồng Nai,26029,Phường Thống Nhất,0.0,0.0,0.0
04/02/2025,75,Đồng Nai,26080,Phường Xuân An,0.0,0.0,0.0
04/02/2025,75,Đồng Nai,26248,Thị Trấn Trảng Bom,0.0,0.0,0.0
04/02/2025,75,Đồng Nai,26341,Thị Trấn Long Giao,0.0,0.0,0.0
04/02/2025,75,Đồng Nai,26452,Xã Suối Cát,0.0,0.0,0.0
04/03/2025,75,Đồng Nai,25996,Phường Tân Phong,0.0,0.0,0.0
04/03/2025,75,Đồng Nai,26026,Phường Tân Mai,0.0,0.0,0.0
04/03/2025,75,Đồng Nai,26080,Phường Xuân An,0.0,0.0,0.0
04/03/2025,75,Đồng Nai,26095,Phường Suối Tre,0.0,0.0,0.0
04/03/2025,75,Đồng Nai,26248,Thị Trấn Trảng Bom,0.0,0.0,0.0
04/03/2025,75,Đồng Nai,26272,Xã Hố Nai 3,0.0,0.0,0.0
04/03/2025,75,Đồng Nai,26452,Xã Suối Cát,0.0,0.0,0.0
04/04/2025,75,Đồng Nai,25993,Phường Trảng Dài,0.0,0.0,0.0
04/04/2025,75,Đồng Nai,25996,Phường Tân Phong,0.0,0.0,0.0
04/04/2025,75,Đồng Nai,25999,Phường Tân Biên,0.0,0.0,0.0
04/04/2025,75,Đồng Nai,26095,Phường Suối Tre,45000.0,0.0,0.0
04/04/2025,75,Đồng Nai,26116,Thị Trấn Tân Phú,0.0,0.0,0.0
04/04/2025,75,Đồng Nai,26206,Thị Trấn Định Quán,0.0,0.0,0.0
04/04/2025,75,Đồng Nai,26248,Thị Trấn Trảng Bom,0.0,0.0,0.0
04/04/2025,75,Đồng Nai,26272,Xã Hố Nai 3,0.0,0.0,0.0
04/04/2025,75,Đồng Nai,26326,Thị Trấn Dầu Giây,0.0,0.0,0.0
04/04/2025,75,Đồng Nai,26368,Thị Trấn Long Thành,0.0,0.0,0.0
04/04/2025,75,Đồng Nai,26377,Phường Phước Tân,0.0,0.0,0.0
04/04/2025,75,Đồng Nai,26452,Xã Suối Cát,0.0,0.0,0.0
04/04/2025,75,Đồng Nai,26485,Xã Phú Hội,0.0,0.0,0.0
04/05/2025,75,Đồng Nai,25996,Phường Tân Phong,0.0,0.0,0.0
04/05/2025,75,Đồng Nai,25999,Phường Tân Biên,0.0,0.0,0.0
04/05/2025,75,Đồng Nai,26029,Phường Thống Nhất,0.0,0.0,0.0
04/05/2025,75,Đồng Nai,26068,Phường Hóa An,0.0,0.0,0.0
04/05/2025,75,Đồng Nai,26095,Phường Suối Tre,0.0,0.0,0.0
04/05/2025,75,Đồng Nai,26116,Thị Trấn Tân Phú,0.0,0.0,0.0
04/05/2025,75,Đồng Nai,26206,Thị Trấn Định Quán,0.0,0.0,0.0
04/05/2025,75,Đồng Nai,26272,Xã Hố Nai 3,0.0,0.0,0.0
04/05/2025,75,Đồng Nai,26326,Thị Trấn Dầu Giây,0.0,0.0,0.0
04/05/2025,75,Đồng Nai,26362,Xã Sông Ray,0.0,0.0,0.0
04/05/2025,75,Đồng Nai,26368,Thị Trấn Long Thành,0.0,0.0,0.0
04/05/2025,75,Đồng Nai,26374,Phường Tam Phước,0.0,0.0,0.0
04/05/2025,75,Đồng Nai,26440,Xã Xuân Trường,0.0,0.0,0.0
04/05/2025,75,Đồng Nai,26452,Xã Suối Cát,0.0,0.0,0.0
04/05/2025,75,Đồng Nai,26455,Xã Xuân Hiệp,0.0,0.0,0.0
04/05/2025,75,Đồng Nai,26497,Xã Vĩnh Thanh,0.0,0.0,0.0
04/06/2025,75,Đồng Nai,25996,Phường Tân Phong,61033527.18,0.0,0.0
04/06/2025,75,Đồng Nai,26017,Phường Tam Hiệp,0.0,0.0,0.0
04/06/2025,75,Đồng Nai,26020,Phường Long Bình,2081317.0,0.0,0.0
04/06/2025,75,Đồng Nai,26029,Phường Thống Nhất,0.0,0.0,0.0
04/06/2025,75,Đồng Nai,26050,Phường An Bình,0.0,0.0,0.0
04/06/2025,75,Đồng Nai,26056,Phường Long Bình Tân,101476213.0,0.0,0.0
04/06/2025,75,Đồng Nai,26068,Phường Hóa An,11622120.0,0.0,0.0
04/06/2025,75,Đồng Nai,26095,Phường Suối Tre,73489188.28,0.0,0.0
04/06/2025,75,Đồng Nai,26206,Thị Trấn Định Quán,26237524.0,0.0,0.0
04/06/2025,75,Đồng Nai,26239,Xã Túc Trưng,0.0,0.0,0.0
04/06/2025,75,Đồng Nai,26272,Xã Hố Nai 3,0.0,0.0,0.0
04/06/2025,75,Đồng Nai,26296,Xã An Viễn,0.0,0.0,0.0
04/06/2025,75,Đồng Nai,26299,Xã Gia Tân 1,0.0,0.0,0.0
04/06/2025,75,Đồng Nai,26311,Xã Quang Trung,0.0,0.0,0.0
04/06/2025,75,Đồng Nai,26317,Xã Hưng Lộc,0.0,0.0,0.0
04/06/2025,75,Đồng Nai,26326,Thị Trấn Dầu Giây,167103203.0,0.0,0.0
04/06/2025,75,Đồng Nai,26362,Xã Sông Ray,0.0,0.0,0.0
04/06/2025,75,Đồng Nai,26368,Thị Trấn Long Thành,21254063.0,0.0,0.0
04/06/2025,75,Đồng Nai,26374,Phường Tam Phước,0.0,0.0,0.0
04/06/2025,75,Đồng Nai,26377,Phường Phước Tân,77208205.0,0.0,0.0
04/06/2025,75,Đồng Nai,26416,Xã Phước Bình,0.0,0.0,0.0
04/06/2025,75,Đồng Nai,26452,Xã Suối Cát,4656529.0,0.0,0.0
04/06/2025,75,Đồng Nai,26455,Xã Xuân Hiệp,10423260.0,0.0,0.0
04/06/2025,75,Đồng Nai,26497,Xã Vĩnh Thanh,11223378.0,0.0,0.0
04/07/2021,75,Đồng Nai,26248,Thị Trấn Trảng Bom,0.0,0.0,0.0
04/07/2024,75,Đồng Nai,26035,Phường Tam Hòa,0.0,0.0,0.0
04/07/2024,75,Đồng Nai,26206,Thị Trấn Định Quán,0.0,0.0,0.0
04/07/2025,75,Đồng Nai,25993,Phường Trảng Dài,2526533.0,0.0,0.0
04/07/2025,75,Đồng Nai,25996,Phường Tân Phong,37687043.51,0.0,0.0
04/07/2025,75,Đồng Nai,26002,Phường Hố Nai,7951339.0,0.0,0.0
04/07/2025,75,Đồng Nai,26017,Phường Tam Hiệp,17288858.0,0.0,0.0
04/07/2025,75,Đồng Nai,26029,Phường Thống Nhất,35640244.3,0.0,0.0
04/07/2025,75,Đồng Nai,26050,Phường An Bình,15692567.0,0.0,0.0
04/07/2025,75,Đồng Nai,26056,Phường Long Bình Tân,38741555.0,0.0,0.0
04/07/2025,75,Đồng Nai,26068,Phường Hóa An,64144734.0,0.0,0.0
04/07/2025,75,Đồng Nai,26095,Phường Suối Tre,439479321.7,0.0,0.0
04/07/2025,75,Đồng Nai,26116,Thị Trấn Tân Phú,129963677.0,0.0,0.0
04/07/2025,75,Đồng Nai,26188,Xã Thạnh Phú,3607560.0,0.0,0.0
04/07/2025,75,Đồng Nai,26206,Thị Trấn Định Quán,108064565.0,0.0,0.0
04/07/2025,75,Đồng Nai,26272,Xã Hố Nai 3,273933299.0,0.0,0.0
04/07/2025,75,Đồng Nai,26275,Xã Tây Hoà,46453823.0,0.0,0.0
04/07/2025,75,Đồng Nai,26296,Xã An Viễn,15704213.0,0.0,0.0
04/07/2025,75,Đồng Nai,26299,Xã Gia Tân 1,24401062.0,0.0,0.0
04/07/2025,75,Đồng Nai,26311,Xã Quang Trung,53004632.0,0.0,0.0
04/07/2025,75,Đồng Nai,26317,Xã Hưng Lộc,30738754.0,0.0,0.0
04/07/2025,75,Đồng Nai,26326,Thị Trấn Dầu Giây,52856365.0,0.0,0.0
04/07/2025,75,Đồng Nai,26362,Xã Sông Ray,15672147.0,0.0,0.0
04/07/2025,75,Đồng Nai,26368,Thị Trấn Long Thành,173176470.0,0.0,0.0
04/07/2025,75,Đồng Nai,26374,Phường Tam Phước,19107495.0,0.0,0.0
04/07/2025,75,Đồng Nai,26377,Phường Phước Tân,46837625.0,0.0,0.0
04/07/2025,75,Đồng Nai,26416,Xã Phước Bình,17911617.0,0.0,0.0
04/07/2025,75,Đồng Nai,26452,Xã Suối Cát,18834209.0,0.0,0.0
04/07/2025,75,Đồng Nai,26455,Xã Xuân Hiệp,348113434.0,0.0,0.0
04/07/2025,75,Đồng Nai,26497,Xã Vĩnh Thanh,14189757.0,0.0,0.0
04/08/2025,75,Đồng Nai,25993,Phường Trảng Dài,68367868.0,0.0,0.0
04/08/2025,75,Đồng Nai,25996,Phường Tân Phong,161410714.99,0.0,0.0
04/08/2025,75,Đồng Nai,26017,Phường Tam Hiệp,28502089.0,0.0,0.0
04/08/2025,75,Đồng Nai,26029,Phường Thống Nhất,129900326.79,0.0,0.0
04/08/2025,75,Đồng Nai,26050,Phường An Bình,11994446.0,0.0,0.0
04/08/2025,75,Đồng Nai,26056,Phường Long Bình Tân,1075702897.0,0.0,0.0
04/08/2025,75,Đồng Nai,26068,Phường Hóa An,47363915.0,0.0,0.0
04/08/2025,75,Đồng Nai,26095,Phường Suối Tre,1604930496.6,0.0,0.0
04/08/2025,75,Đồng Nai,26188,Xã Thạnh Phú,97389236.0,0.0,0.0
04/08/2025,75,Đồng Nai,26206,Thị Trấn Định Quán,720714531.74,0.0,0.0
04/08/2025,75,Đồng Nai,26272,Xã Hố Nai 3,238438765.0,0.0,0.0
04/08/2025,75,Đồng Nai,26296,Xã An Viễn,74411606.0,0.0,0.0
04/08/2025,75,Đồng Nai,26311,Xã Quang Trung,65406962.0,0.0,0.0
04/08/2025,75,Đồng Nai,26317,Xã Hưng Lộc,16858859.0,0.0,0.0
04/08/2025,75,Đồng Nai,26341,Thị Trấn Long Giao,145560.0,0.0,0.0
04/08/2025,75,Đồng Nai,26362,Xã Sông Ray,40288293.0,0.0,0.0
04/08/2025,75,Đồng Nai,26368,Thị Trấn Long Thành,341049550.4,0.0,0.0
04/08/2025,75,Đồng Nai,26374,Phường Tam Phước,32467428.0,0.0,0.0
04/08/2025,75,Đồng Nai,26416,Xã Phước Bình,23658293.0,0.0,0.0
04/08/2025,75,Đồng Nai,26455,Xã Xuân Hiệp,4308464.0,0.0,0.0
04/09/2024,75,Đồng Nai,26248,Thị Trấn Trảng Bom,0.0,0.0,0.0
04/09/2025,75,Đồng Nai,25993,Phường Trảng Dài,49016345.0,0.0,0.0
04/09/2025,75,Đồng Nai,25996,Phường Tân Phong,105046489.09,0.0,0.0
04/09/2025,75,Đồng Nai,26017,Phường Tam Hiệp,21666643.0,0.0,0.0
04/09/2025,75,Đồng Nai,26029,Phường Thống Nhất,121571886.15,0.0,0.0
04/09/2025,75,Đồng Nai,26050,Phường An Bình,10950490.0,0.0,0.0
04/09/2025,75,Đồng Nai,26056,Phường Long Bình Tân,493554815.0,0.0,0.0
04/09/2025,75,Đồng Nai,26068,Phường Hóa An,54461334.0,0.0,0.0
04/09/2025,75,Đồng Nai,26095,Phường Suối Tre,740358317.5,0.0,0.0
04/09/2025,75,Đồng Nai,26188,Xã Thạnh Phú,48573315.0,0.0,0.0
04/09/2025,75,Đồng Nai,26206,Thị Trấn Định Quán,449913961.46,0.0,0.0
04/09/2025,75,Đồng Nai,26272,Xã Hố Nai 3,18821970.0,0.0,0.0
04/09/2025,75,Đồng Nai,26311,Xã Quang Trung,41013689.0,0.0,0.0
04/09/2025,75,Đồng Nai,26317,Xã Hưng Lộc,31438768.0,0.0,0.0
04/09/2025,75,Đồng Nai,26362,Xã Sông Ray,28234464.0,0.0,0.0
04/09/2025,75,Đồng Nai,26368,Thị Trấn Long Thành,343768938.6,0.0,0.0
04/09/2025,75,Đồng Nai,26389,Xã Long Đức,8671452.0,0.0,0.0
04/09/2025,75,Đồng Nai,26416,Xã Phước Bình,30084635.0,0.0,0.0
04/09/2025,75,Đồng Nai,26455,Xã Xuân Hiệp,130151759.0,0.0,0.0
04/09/2025,75,Đồng Nai,26497,Xã Vĩnh Thanh,11269820.0,0.0,0.0
04/10/2024,75,Đồng Nai,26248,Thị Trấn Trảng Bom,0.0,0.0,0.0
05/01/2025,75,Đồng Nai,26341,Thị Trấn Long Giao,0.0,0.0,0.0
05/01/2025,75,Đồng Nai,26452,Xã Suối Cát,0.0,0.0,0.0
05/02/2025,75,Đồng Nai,25993,Phường Trảng Dài,0.0,0.0,0.0
05/02/2025,75,Đồng Nai,26026,Phường Tân Mai,0.0,0.0,0.0
05/02/2025,75,Đồng Nai,26029,Phường Thống Nhất,0.0,0.0,0.0
05/02/2025,75,Đồng Nai,26080,Phường Xuân An,0.0,0.0,0.0
05/02/2025,75,Đồng Nai,26248,Thị Trấn Trảng Bom,0.0,0.0,0.0
05/02/2025,75,Đồng Nai,26341,Thị Trấn Long Giao,0.0,0.0,0.0
05/02/2025,75,Đồng Nai,26452,Xã Suối Cát,0.0,0.0,0.0
05/03/2025,75,Đồng Nai,25996,Phường Tân Phong,0.0,0.0,0.0
05/03/2025,75,Đồng Nai,26026,Phường Tân Mai,0.0,0.0,0.0
05/03/2025,75,Đồng Nai,26080,Phường Xuân An,0.0,0.0,0.0
05/03/2025,75,Đồng Nai,26248,Thị Trấn Trảng Bom,0.0,0.0,0.0
05/03/2025,75,Đồng Nai,26326,Thị Trấn Dầu Giây,0.0,0.0,0.0
05/03/2025,75,Đồng Nai,26452,Xã Suối Cát,0.0,0.0,0.0
05/03/2025,75,Đồng Nai,26455,Xã Xuân Hiệp,0.0,0.0,0.0
05/04/2025,75,Đồng Nai,25999,Phường Tân Biên,0.0,0.0,0.0
05/04/2025,75,Đồng Nai,26095,Phường Suối Tre,0.0,0.0,0.0
05/04/2025,75,Đồng Nai,26116,Thị Trấn Tân Phú,0.0,0.0,0.0
05/04/2025,75,Đồng Nai,26206,Thị Trấn Định Quán,0.0,0.0,0.0
05/04/2025,75,Đồng Nai,26248,Thị Trấn Trảng Bom,0.0,0.0,0.0
05/04/2025,75,Đồng Nai,26272,Xã Hố Nai 3,0.0,0.0,0.0
05/04/2025,75,Đồng Nai,26326,Thị Trấn Dầu Giây,0.0,0.0,0.0
05/04/2025,75,Đồng Nai,26368,Thị Trấn Long Thành,0.0,0.0,0.0
05/04/2025,75,Đồng Nai,26377,Phường Phước Tân,0.0,0.0,0.0
05/04/2025,75,Đồng Nai,26440,Xã Xuân Trường,0.0,0.0,0.0
05/04/2025,75,Đồng Nai,26452,Xã Suối Cát,0.0,0.0,0.0
05/04/2025,75,Đồng Nai,26485,Xã Phú Hội,0.0,0.0,0.0
05/05/2025,75,Đồng Nai,25993,Phường Trảng Dài,0.0,0.0,0.0
05/05/2025,75,Đồng Nai,25996,Phường Tân Phong,0.0,0.0,0.0
05/05/2025,75,Đồng Nai,25999,Phường Tân Biên,0.0,0.0,0.0
05/05/2025,75,Đồng Nai,26017,Phường Tam Hiệp,0.0,0.0,0.0
05/05/2025,75,Đồng Nai,26029,Phường Thống Nhất,0.0,0.0,0.0
05/05/2025,75,Đồng Nai,26068,Phường Hóa An,0.0,0.0,0.0
05/05/2025,75,Đồng Nai,26095,Phường Suối Tre,0.0,0.0,0.0
05/05/2025,75,Đồng Nai,26116,Thị Trấn Tân Phú,0.0,0.0,0.0
05/05/2025,75,Đồng Nai,26188,Xã Thạnh Phú,0.0,0.0,0.0
05/05/2025,75,Đồng Nai,26206,Thị Trấn Định Quán,0.0,0.0,0.0
05/05/2025,75,Đồng Nai,26272,Xã Hố Nai 3,0.0,0.0,0.0
05/05/2025,75,Đồng Nai,26326,Thị Trấn Dầu Giây,0.0,0.0,0.0
05/05/2025,75,Đồng Nai,26362,Xã Sông Ray,0.0,0.0,0.0
05/05/2025,75,Đồng Nai,26368,Thị Trấn Long Thành,0.0,0.0,0.0
05/05/2025,75,Đồng Nai,26374,Phường Tam Phước,0.0,0.0,0.0
05/05/2025,75,Đồng Nai,26377,Phường Phước Tân,0.0,0.0,0.0
05/05/2025,75,Đồng Nai,26383,Xã An Phước,0.0,0.0,0.0
05/05/2025,75,Đồng Nai,26416,Xã Phước Bình,0.0,0.0,0.0
05/05/2025,75,Đồng Nai,26440,Xã Xuân Trường,0.0,0.0,0.0
05/05/2025,75,Đồng Nai,26452,Xã Suối Cát,0.0,0.0,0.0
05/05/2025,75,Đồng Nai,26455,Xã Xuân Hiệp,0.0,0.0,0.0
05/05/2025,75,Đồng Nai,26485,Xã Phú Hội,0.0,0.0,0.0
05/05/2025,75,Đồng Nai,26497,Xã Vĩnh Thanh,0.0,0.0,0.0
05/06/2025,75,Đồng Nai,25996,Phường Tân Phong,25283354.4,0.0,0.0
05/06/2025,75,Đồng Nai,26017,Phường Tam Hiệp,0.0,0.0,0.0
05/06/2025,75,Đồng Nai,26020,Phường Long Bình,2401161.0,0.0,0.0
05/06/2025,75,Đồng Nai,26029,Phường Thống Nhất,0.0,0.0,0.0
05/06/2025,75,Đồng Nai,26050,Phường An Bình,0.0,0.0,0.0
05/06/2025,75,Đồng Nai,26056,Phường Long Bình Tân,205038599.0,0.0,0.0
05/06/2025,75,Đồng Nai,26068,Phường Hóa An,35875954.0,0.0,0.0
05/06/2025,75,Đồng Nai,26095,Phường Suối Tre,141746815.0,0.0,0.0
05/06/2025,75,Đồng Nai,26206,Thị Trấn Định Quán,0.0,0.0,0.0
05/06/2025,75,Đồng Nai,26239,Xã Túc Trưng,0.0,0.0,0.0
05/06/2025,75,Đồng Nai,26272,Xã Hố Nai 3,0.0,0.0,0.0
05/06/2025,75,Đồng Nai,26296,Xã An Viễn,0.0,0.0,0.0
05/06/2025,75,Đồng Nai,26299,Xã Gia Tân 1,0.0,0.0,0.0
05/06/2025,75,Đồng Nai,26311,Xã Quang Trung,0.0,0.0,0.0
05/06/2025,75,Đồng Nai,26317,Xã Hưng Lộc,0.0,0.0,0.0
05/06/2025,75,Đồng Nai,26326,Thị Trấn Dầu Giây,241055499.0,0.0,0.0
05/06/2025,75,Đồng Nai,26362,Xã Sông Ray,0.0,0.0,0.0
05/06/2025,75,Đồng Nai,26368,Thị Trấn Long Thành,26095817.0,0.0,0.0
05/06/2025,75,Đồng Nai,26374,Phường Tam Phước,0.0,0.0,0.0
05/06/2025,75,Đồng Nai,26377,Phường Phước Tân,43090810.0,0.0,0.0
05/06/2025,75,Đồng Nai,26416,Xã Phước Bình,0.0,0.0,0.0
05/06/2025,75,Đồng Nai,26452,Xã Suối Cát,14637473.0,0.0,0.0
05/06/2025,75,Đồng Nai,26455,Xã Xuân Hiệp,4217958.0,0.0,0.0
05/06/2025,75,Đồng Nai,26497,Xã Vĩnh Thanh,10788360.0,0.0,0.0
05/07/2024,75,Đồng Nai,26035,Phường Tam Hòa,378800.0,0.0,0.0
05/07/2024,75,Đồng Nai,26206,Thị Trấn Định Quán,0.0,0.0,0.0
05/07/2025,75,Đồng Nai,25993,Phường Trảng Dài,1832705.0,0.0,0.0
05/07/2025,75,Đồng Nai,25996,Phường Tân Phong,136496036.0,0.0,0.0
05/07/2025,75,Đồng Nai,26017,Phường Tam Hiệp,13325689.0,0.0,0.0
05/07/2025,75,Đồng Nai,26029,Phường Thống Nhất,94714089.21,0.0,0.0
05/07/2025,75,Đồng Nai,26050,Phường An Bình,5915770.0,0.0,0.0
05/07/2025,75,Đồng Nai,26056,Phường Long Bình Tân,69629948.0,0.0,0.0
05/07/2025,75,Đồng Nai,26068,Phường Hóa An,22997265.0,0.0,0.0
05/07/2025,75,Đồng Nai,26095,Phường Suối Tre,251901812.5,0.0,0.0
05/07/2025,75,Đồng Nai,26116,Thị Trấn Tân Phú,72936087.0,0.0,0.0
05/07/2025,75,Đồng Nai,26188,Xã Thạnh Phú,1533333.0,0.0,0.0
05/07/2025,75,Đồng Nai,26206,Thị Trấn Định Quán,62057035.0,0.0,0.0
05/07/2025,75,Đồng Nai,26272,Xã Hố Nai 3,323170327.0,0.0,0.0
05/07/2025,75,Đồng Nai,26296,Xã An Viễn,9882965.0,0.0,0.0
05/07/2025,75,Đồng Nai,26299,Xã Gia Tân 1,25975275.0,0.0,0.0
05/07/2025,75,Đồng Nai,26311,Xã Quang Trung,40818642.0,0.0,0.0
05/07/2025,75,Đồng Nai,26317,Xã Hưng Lộc,26214156.0,0.0,0.0
05/07/2025,75,Đồng Nai,26326,Thị Trấn Dầu Giây,22788117.0,0.0,0.0
05/07/2025,75,Đồng Nai,26362,Xã Sông Ray,26555040.0,0.0,0.0
05/07/2025,75,Đồng Nai,26368,Thị Trấn Long Thành,38421313.0,0.0,0.0
05/07/2025,75,Đồng Nai,26374,Phường Tam Phước,38801566.0,0.0,0.0
05/07/2025,75,Đồng Nai,26377,Phường Phước Tân,25008312.0,0.0,0.0
05/07/2025,75,Đồng Nai,26416,Xã Phước Bình,13729640.0,0.0,0.0
05/07/2025,75,Đồng Nai,26452,Xã Suối Cát,7231612.0,0.0,0.0
05/07/2025,75,Đồng Nai,26455,Xã Xuân Hiệp,187432722.0,0.0,0.0
05/08/2025,75,Đồng Nai,25993,Phường Trảng Dài,50921586.0,0.0,0.0
05/08/2025,75,Đồng Nai,25996,Phường Tân Phong,114181155.93,0.0,0.0
05/08/2025,75,Đồng Nai,26017,Phường Tam Hiệp,18716719.0,0.0,0.0
05/08/2025,75,Đồng Nai,26050,Phường An Bình,9070429.0,0.0,0.0
05/08/2025,75,Đồng Nai,26056,Phường Long Bình Tân,692206281.0,0.0,0.0
05/08/2025,75,Đồng Nai,26068,Phường Hóa An,34800651.0,0.0,0.0
05/08/2025,75,Đồng Nai,26095,Phường Suối Tre,859404157.0,0.0,0.0
05/08/2025,75,Đồng Nai,26188,Xã Thạnh Phú,54115904.0,0.0,0.0
05/08/2025,75,Đồng Nai,26206,Thị Trấn Định Quán,608243080.56,0.0,0.0
05/08/2025,75,Đồng Nai,26272,Xã Hố Nai 3,292185062.0,0.0,0.0
05/08/2025,75,Đồng Nai,26296,Xã An Viễn,44829560.0,0.0,0.0
05/08/2025,75,Đồng Nai,26311,Xã Quang Trung,56707480.0,0.0,0.0
05/08/2025,75,Đồng Nai,26317,Xã Hưng Lộc,16890524.0,0.0,0.0
05/08/2025,75,Đồng Nai,26341,Thị Trấn Long Giao,78855438.0,0.0,0.0
05/08/2025,75,Đồng Nai,26362,Xã Sông Ray,23297908.0,0.0,0.0
05/08/2025,75,Đồng Nai,26368,Thị Trấn Long Thành,205061829.2,0.0,0.0
05/08/2025,75,Đồng Nai,26416,Xã Phước Bình,25933521.0,0.0,0.0
05/08/2025,75,Đồng Nai,26455,Xã Xuân Hiệp,1459200.0,0.0,0.0
05/08/2025,75,Đồng Nai,26497,Xã Vĩnh Thanh,3275491.0,0.0,0.0
05/09/2025,75,Đồng Nai,25993,Phường Trảng Dài,16891318.0,0.0,0.0
05/09/2025,75,Đồng Nai,25996,Phường Tân Phong,15981219.18,0.0,0.0
05/09/2025,75,Đồng Nai,26017,Phường Tam Hiệp,18452192.0,0.0,0.0
05/09/2025,75,Đồng Nai,26029,Phường Thống Nhất,41864408.17,0.0,0.0
05/09/2025,75,Đồng Nai,26050,Phường An Bình,7636238.0,0.0,0.0
05/09/2025,75,Đồng Nai,26056,Phường Long Bình Tân,334639796.0,0.0,0.0
05/09/2025,75,Đồng Nai,26068,Phường Hóa An,45478616.0,0.0,0.0
05/09/2025,75,Đồng Nai,26095,Phường Suối Tre,776390027.2,0.0,0.0
05/09/2025,75,Đồng Nai,26188,Xã Thạnh Phú,38982365.0,0.0,0.0
05/09/2025,75,Đồng Nai,26206,Thị Trấn Định Quán,426817224.2,0.0,0.0
05/09/2025,75,Đồng Nai,26272,Xã Hố Nai 3,40679516.0,0.0,0.0
05/09/2025,75,Đồng Nai,26296,Xã An Viễn,38444301.0,0.0,0.0
05/09/2025,75,Đồng Nai,26311,Xã Quang Trung,34640893.0,0.0,0.0
05/09/2025,75,Đồng Nai,26362,Xã Sông Ray,26697473.0,0.0,0.0
05/09/2025,75,Đồng Nai,26368,Thị Trấn Long Thành,316912834.16,0.0,0.0
05/09/2025,75,Đồng Nai,26389,Xã Long Đức,9517039.0,0.0,0.0
05/09/2025,75,Đồng Nai,26416,Xã Phước Bình,30694401.0,0.0,0.0
05/09/2025,75,Đồng Nai,26455,Xã Xuân Hiệp,104752320.0,0.0,0.0
05/09/2025,75,Đồng Nai,26497,Xã Vĩnh Thanh,29548952.0,0.0,0.0
05/12/2023,75,Đồng Nai,26248,Thị Trấn Trảng Bom,0.0,0.0,0.0
05/12/2024,75,Đồng Nai,26248,Thị Trấn Trảng Bom,0.0,0.0,0.0
06/01/2025,75,Đồng Nai,26080,Phường Xuân An,0.0,0.0,0.0
06/01/2025,75,Đồng Nai,26341,Thị Trấn Long Giao,0.0,0.0,0.0
06/01/2025,75,Đồng Nai,26452,Xã Suối Cát,0.0,0.0,0.0
06/02/2025,75,Đồng Nai,25993,Phường Trảng Dài,0.0,0.0,0.0
06/02/2025,75,Đồng Nai,26026,Phường Tân Mai,0.0,0.0,0.0
06/02/2025,75,Đồng Nai,26080,Phường Xuân An,0.0,0.0,0.0
06/02/2025,75,Đồng Nai,26248,Thị Trấn Trảng Bom,0.0,0.0,0.0
06/02/2025,75,Đồng Nai,26341,Thị Trấn Long Giao,0.0,0.0,0.0
06/02/2025,75,Đồng Nai,26452,Xã Suối Cát,0.0,0.0,0.0
06/02/2025,75,Đồng Nai,26455,Xã Xuân Hiệp,0.0,0.0,0.0
06/03/2024,75,Đồng Nai,26248,Thị Trấn Trảng Bom,0.0,0.0,0.0
06/03/2025,75,Đồng Nai,26026,Phường Tân Mai,0.0,0.0,0.0
06/03/2025,75,Đồng Nai,26080,Phường Xuân An,0.0,0.0,0.0
06/03/2025,75,Đồng Nai,26095,Phường Suối Tre,0.0,0.0,0.0
06/03/2025,75,Đồng Nai,26248,Thị Trấn Trảng Bom,0.0,0.0,0.0
06/03/2025,75,Đồng Nai,26452,Xã Suối Cát,0.0,0.0,0.0
06/03/2025,75,Đồng Nai,26455,Xã Xuân Hiệp,0.0,0.0,0.0
06/04/2025,75,Đồng Nai,25999,Phường Tân Biên,0.0,0.0,0.0
06/04/2025,75,Đồng Nai,26026,Phường Tân Mai,0.0,0.0,0.0
06/04/2025,75,Đồng Nai,26095,Phường Suối Tre,0.0,0.0,0.0
06/04/2025,75,Đồng Nai,26116,Thị Trấn Tân Phú,0.0,0.0,0.0
06/04/2025,75,Đồng Nai,26206,Thị Trấn Định Quán,0.0,0.0,0.0
06/04/2025,75,Đồng Nai,26248,Thị Trấn Trảng Bom,0.0,0.0,0.0
06/04/2025,75,Đồng Nai,26326,Thị Trấn Dầu Giây,0.0,0.0,0.0
06/04/2025,75,Đồng Nai,26368,Thị Trấn Long Thành,0.0,0.0,0.0
06/04/2025,75,Đồng Nai,26377,Phường Phước Tân,0.0,0.0,0.0
06/04/2025,75,Đồng Nai,26452,Xã Suối Cát,0.0,0.0,0.0
06/05/2025,75,Đồng Nai,25993,Phường Trảng Dài,0.0,0.0,0.0
06/05/2025,75,Đồng Nai,25996,Phường Tân Phong,0.0,0.0,0.0
06/05/2025,75,Đồng Nai,25999,Phường Tân Biên,0.0,0.0,0.0
06/05/2025,75,Đồng Nai,26017,Phường Tam Hiệp,0.0,0.0,0.0
06/05/2025,75,Đồng Nai,26029,Phường Thống Nhất,0.0,0.0,0.0
06/05/2025,75,Đồng Nai,26056,Phường Long Bình Tân,48455890.0,0.0,0.0
06/05/2025,75,Đồng Nai,26068,Phường Hóa An,0.0,0.0,0.0
06/05/2025,75,Đồng Nai,26095,Phường Suối Tre,0.0,0.0,0.0
06/05/2025,75,Đồng Nai,26116,Thị Trấn Tân Phú,0.0,0.0,0.0
06/05/2025,75,Đồng Nai,26188,Xã Thạnh Phú,0.0,0.0,0.0
06/05/2025,75,Đồng Nai,26206,Thị Trấn Định Quán,0.0,0.0,0.0
06/05/2025,75,Đồng Nai,26272,Xã Hố Nai 3,0.0,0.0,0.0
06/05/2025,75,Đồng Nai,26317,Xã Hưng Lộc,0.0,0.0,0.0
06/05/2025,75,Đồng Nai,26326,Thị Trấn Dầu Giây,0.0,0.0,0.0
06/05/2025,75,Đồng Nai,26362,Xã Sông Ray,0.0,0.0,0.0
06/05/2025,75,Đồng Nai,26368,Thị Trấn Long Thành,0.0,0.0,0.0
06/05/2025,75,Đồng Nai,26374,Phường Tam Phước,0.0,0.0,0.0
06/05/2025,75,Đồng Nai,26377,Phường Phước Tân,9945943.0,0.0,0.0
06/05/2025,75,Đồng Nai,26416,Xã Phước Bình,0.0,0.0,0.0
06/05/2025,75,Đồng Nai,26440,Xã Xuân Trường,0.0,0.0,0.0
06/05/2025,75,Đồng Nai,26449,Xã Xuân Tâm,0.0,0.0,0.0
06/05/2025,75,Đồng Nai,26452,Xã Suối Cát,0.0,0.0,0.0
06/05/2025,75,Đồng Nai,26455,Xã Xuân Hiệp,0.0,0.0,0.0
06/05/2025,75,Đồng Nai,26485,Xã Phú Hội,0.0,0.0,0.0
06/05/2025,75,Đồng Nai,26497,Xã Vĩnh Thanh,0.0,0.0,0.0
06/06/2022,75,Đồng Nai,26248,Thị Trấn Trảng Bom,0.0,0.0,0.0
06/06/2025,75,Đồng Nai,25996,Phường Tân Phong,28995553.2,0.0,0.0
06/06/2025,75,Đồng Nai,26017,Phường Tam Hiệp,0.0,0.0,0.0
06/06/2025,75,Đồng Nai,26020,Phường Long Bình,2902004.0,0.0,0.0
06/06/2025,75,Đồng Nai,26029,Phường Thống Nhất,0.0,0.0,0.0
06/06/2025,75,Đồng Nai,26050,Phường An Bình,0.0,0.0,0.0
06/06/2025,75,Đồng Nai,26056,Phường Long Bình Tân,227901999.0,0.0,0.0
06/06/2025,75,Đồng Nai,26068,Phường Hóa An,35719160.0,0.0,0.0
06/06/2025,75,Đồng Nai,26095,Phường Suối Tre,142793346.0,0.0,0.0
06/06/2025,75,Đồng Nai,26116,Thị Trấn Tân Phú,0.0,0.0,0.0
06/06/2025,75,Đồng Nai,26206,Thị Trấn Định Quán,0.0,0.0,0.0
06/06/2025,75,Đồng Nai,26239,Xã Túc Trưng,0.0,0.0,0.0
06/06/2025,75,Đồng Nai,26272,Xã Hố Nai 3,0.0,0.0,0.0
06/06/2025,75,Đồng Nai,26296,Xã An Viễn,0.0,0.0,0.0
06/06/2025,75,Đồng Nai,26299,Xã Gia Tân 1,0.0,0.0,0.0
06/06/2025,75,Đồng Nai,26311,Xã Quang Trung,0.0,0.0,0.0
06/06/2025,75,Đồng Nai,26317,Xã Hưng Lộc,0.0,0.0,0.0
06/06/2025,75,Đồng Nai,26326,Thị Trấn Dầu Giây,150904765.0,0.0,0.0
06/06/2025,75,Đồng Nai,26362,Xã Sông Ray,0.0,0.0,0.0
06/06/2025,75,Đồng Nai,26368,Thị Trấn Long Thành,21849898.0,0.0,0.0
06/06/2025,75,Đồng Nai,26374,Phường Tam Phước,0.0,0.0,0.0
06/06/2025,75,Đồng Nai,26377,Phường Phước Tân,71796462.0,0.0,0.0
06/06/2025,75,Đồng Nai,26416,Xã Phước Bình,0.0,0.0,0.0
06/06/2025,75,Đồng Nai,26452,Xã Suối Cát,18244322.0,0.0,0.0
06/06/2025,75,Đồng Nai,26455,Xã Xuân Hiệp,0.0,0.0,0.0
06/06/2025,75,Đồng Nai,26497,Xã Vĩnh Thanh,20072029.0,0.0,0.0
06/07/2024,75,Đồng Nai,26035,Phường Tam Hòa,0.0,0.0,0.0
06/07/2025,75,Đồng Nai,25996,Phường Tân Phong,75212549.0,0.0,0.0
06/07/2025,75,Đồng Nai,26029,Phường Thống Nhất,37349212.16,0.0,0.0
06/07/2025,75,Đồng Nai,26050,Phường An Bình,2070310.0,0.0,0.0
06/07/2025,75,Đồng Nai,26056,Phường Long Bình Tân,60777690.0,0.0,0.0
06/07/2025,75,Đồng Nai,26068,Phường Hóa An,30423442.0,0.0,0.0
06/07/2025,75,Đồng Nai,26095,Phường Suối Tre,370824783.64,0.0,0.0
06/07/2025,75,Đồng Nai,26116,Thị Trấn Tân Phú,64089555.0,0.0,0.0
06/07/2025,75,Đồng Nai,26188,Xã Thạnh Phú,11274786.0,0.0,0.0
06/07/2025,75,Đồng Nai,26272,Xã Hố Nai 3,286940347.0,0.0,0.0
06/07/2025,75,Đồng Nai,26296,Xã An Viễn,7558654.0,0.0,0.0
06/07/2025,75,Đồng Nai,26299,Xã Gia Tân 1,3015455.0,0.0,0.0
06/07/2025,75,Đồng Nai,26311,Xã Quang Trung,33736619.0,0.0,0.0
06/07/2025,75,Đồng Nai,26317,Xã Hưng Lộc,12156430.99,0.0,0.0
06/07/2025,75,Đồng Nai,26326,Thị Trấn Dầu Giây,21725248.0,0.0,0.0
06/07/2025,75,Đồng Nai,26362,Xã Sông Ray,5380618.0,0.0,0.0
06/07/2025,75,Đồng Nai,26368,Thị Trấn Long Thành,37316987.4,0.0,0.0
06/07/2025,75,Đồng Nai,26374,Phường Tam Phước,30122731.0,0.0,0.0
06/07/2025,75,Đồng Nai,26377,Phường Phước Tân,19717921.0,0.0,0.0
06/07/2025,75,Đồng Nai,26455,Xã Xuân Hiệp,162985108.0,0.0,0.0
06/08/2025,75,Đồng Nai,25993,Phường Trảng Dài,214018966.0,0.0,0.0
06/08/2025,75,Đồng Nai,25996,Phường Tân Phong,35074929.08,0.0,0.0
06/08/2025,75,Đồng Nai,26056,Phường Long Bình Tân,531631644.0,0.0,0.0
06/08/2025,75,Đồng Nai,26068,Phường Hóa An,34946727.0,0.0,0.0
06/08/2025,75,Đồng Nai,26095,Phường Suối Tre,985542183.5,0.0,0.0
06/08/2025,75,Đồng Nai,26188,Xã Thạnh Phú,35691388.0,0.0,0.0
06/08/2025,75,Đồng Nai,26206,Thị Trấn Định Quán,541847534.52,0.0,0.0
06/08/2025,75,Đồng Nai,26272,Xã Hố Nai 3,270774852.0,0.0,0.0
06/08/2025,75,Đồng Nai,26296,Xã An Viễn,16689762.0,0.0,0.0
06/08/2025,75,Đồng Nai,26311,Xã Quang Trung,41652555.0,0.0,0.0
06/08/2025,75,Đồng Nai,26317,Xã Hưng Lộc,8763317.0,0.0,0.0
06/08/2025,75,Đồng Nai,26341,Thị Trấn Long Giao,79552181.0,0.0,0.0
06/08/2025,75,Đồng Nai,26362,Xã Sông Ray,15532965.0,0.0,0.0
06/08/2025,75,Đồng Nai,26368,Thị Trấn Long Thành,347316716.4,0.0,0.0
06/08/2025,75,Đồng Nai,26416,Xã Phước Bình,13092738.0,0.0,0.0
06/08/2025,75,Đồng Nai,26455,Xã Xuân Hiệp,1936800.0,0.0,0.0
06/08/2025,75,Đồng Nai,26497,Xã Vĩnh Thanh,7276712.0,0.0,0.0
06/09/2025,75,Đồng Nai,26017,Phường Tam Hiệp,20157008.0,0.0,0.0
06/09/2025,75,Đồng Nai,26029,Phường Thống Nhất,110547652.64,0.0,0.0
06/09/2025,75,Đồng Nai,26050,Phường An Bình,9919517.0,0.0,0.0
06/09/2025,75,Đồng Nai,26056,Phường Long Bình Tân,240586971.0,0.0,0.0
06/09/2025,75,Đồng Nai,26068,Phường Hóa An,45613351.0,0.0,0.0
06/09/2025,75,Đồng Nai,26095,Phường Suối Tre,317752652.6,0.0,0.0
06/09/2025,75,Đồng Nai,26188,Xã Thạnh Phú,30281135.0,0.0,0.0
06/09/2025,75,Đồng Nai,26206,Thị Trấn Định Quán,59067137.8,0.0,0.0
06/09/2025,75,Đồng Nai,26272,Xã Hố Nai 3,42755288.0,0.0,0.0
06/09/2025,75,Đồng Nai,26296,Xã An Viễn,2233480.0,0.0,0.0
06/09/2025,75,Đồng Nai,26311,Xã Quang Trung,34875332.0,0.0,0.0
06/09/2025,75,Đồng Nai,26362,Xã Sông Ray,21052382.0,0.0,0.0
06/09/2025,75,Đồng Nai,26368,Thị Trấn Long Thành,81806067.6,0.0,0.0
06/09/2025,75,Đồng Nai,26389,Xã Long Đức,10344387.0,0.0,0.0
06/09/2025,75,Đồng Nai,26455,Xã Xuân Hiệp,102171114.0,0.0,0.0
06/09/2025,75,Đồng Nai,26497,Xã Vĩnh Thanh,2879486.0,0.0,0.0
06/12/2024,75,Đồng Nai,26095,Phường Suối Tre,0.0,0.0,0.0
07/01/2025,75,Đồng Nai,26080,Phường Xuân An,0.0,0.0,0.0
07/01/2025,75,Đồng Nai,26341,Thị Trấn Long Giao,0.0,0.0,0.0
07/01/2025,75,Đồng Nai,26452,Xã Suối Cát,0.0,0.0,0.0
07/02/2025,75,Đồng Nai,26026,Phường Tân Mai,0.0,0.0,0.0
07/02/2025,75,Đồng Nai,26080,Phường Xuân An,0.0,0.0,0.0
07/02/2025,75,Đồng Nai,26248,Thị Trấn Trảng Bom,0.0,0.0,0.0
07/02/2025,75,Đồng Nai,26341,Thị Trấn Long Giao,0.0,0.0,0.0
07/02/2025,75,Đồng Nai,26452,Xã Suối Cát,0.0,0.0,0.0
07/03/2025,75,Đồng Nai,25996,Phường Tân Phong,0.0,0.0,0.0
07/03/2025,75,Đồng Nai,26026,Phường Tân Mai,0.0,0.0,0.0
07/03/2025,75,Đồng Nai,26080,Phường Xuân An,0.0,0.0,0.0
07/03/2025,75,Đồng Nai,26248,Thị Trấn Trảng Bom,0.0,0.0,0.0
07/03/2025,75,Đồng Nai,26452,Xã Suối Cát,0.0,0.0,0.0
07/03/2025,75,Đồng Nai,26455,Xã Xuân Hiệp,0.0,0.0,0.0
07/04/2025,75,Đồng Nai,25999,Phường Tân Biên,0.0,0.0,0.0
07/04/2025,75,Đồng Nai,26095,Phường Suối Tre,0.0,0.0,0.0
07/04/2025,75,Đồng Nai,26116,Thị Trấn Tân Phú,0.0,0.0,0.0
07/04/2025,75,Đồng Nai,26206,Thị Trấn Định Quán,0.0,0.0,0.0
07/04/2025,75,Đồng Nai,26248,Thị Trấn Trảng Bom,0.0,0.0,0.0
07/04/2025,75,Đồng Nai,26326,Thị Trấn Dầu Giây,0.0,0.0,0.0
07/04/2025,75,Đồng Nai,26368,Thị Trấn Long Thành,0.0,0.0,0.0
07/04/2025,75,Đồng Nai,26377,Phường Phước Tân,0.0,0.0,0.0
07/04/2025,75,Đồng Nai,26440,Xã Xuân Trường,0.0,0.0,0.0
07/04/2025,75,Đồng Nai,26452,Xã Suối Cát,0.0,0.0,0.0
07/04/2025,75,Đồng Nai,26485,Xã Phú Hội,0.0,0.0,0.0
07/05/2025,75,Đồng Nai,25993,Phường Trảng Dài,0.0,0.0,0.0
07/05/2025,75,Đồng Nai,25996,Phường Tân Phong,0.0,0.0,0.0
07/05/2025,75,Đồng Nai,25999,Phường Tân Biên,0.0,0.0,0.0
07/05/2025,75,Đồng Nai,26017,Phường Tam Hiệp,0.0,0.0,0.0
07/05/2025,75,Đồng Nai,26029,Phường Thống Nhất,0.0,0.0,0.0
07/05/2025,75,Đồng Nai,26068,Phường Hóa An,0.0,0.0,0.0
07/05/2025,75,Đồng Nai,26095,Phường Suối Tre,0.0,0.0,0.0
07/05/2025,75,Đồng Nai,26116,Thị Trấn Tân Phú,0.0,0.0,0.0
07/05/2025,75,Đồng Nai,26188,Xã Thạnh Phú,0.0,0.0,0.0
07/05/2025,75,Đồng Nai,26206,Thị Trấn Định Quán,0.0,0.0,0.0
07/05/2025,75,Đồng Nai,26272,Xã Hố Nai 3,0.0,0.0,0.0
07/05/2025,75,Đồng Nai,26299,Xã Gia Tân 1,0.0,0.0,0.0
07/05/2025,75,Đồng Nai,26311,Xã Quang Trung,0.0,0.0,0.0
07/05/2025,75,Đồng Nai,26317,Xã Hưng Lộc,0.0,0.0,0.0
07/05/2025,75,Đồng Nai,26326,Thị Trấn Dầu Giây,0.0,0.0,0.0
07/05/2025,75,Đồng Nai,26362,Xã Sông Ray,0.0,0.0,0.0
07/05/2025,75,Đồng Nai,26368,Thị Trấn Long Thành,0.0,0.0,0.0
07/05/2025,75,Đồng Nai,26374,Phường Tam Phước,0.0,0.0,0.0
07/05/2025,75,Đồng Nai,26377,Phường Phước Tân,0.0,0.0,0.0
07/05/2025,75,Đồng Nai,26440,Xã Xuân Trường,0.0,0.0,0.0
07/05/2025,75,Đồng Nai,26452,Xã Suối Cát,0.0,0.0,0.0
07/05/2025,75,Đồng Nai,26455,Xã Xuân Hiệp,0.0,0.0,0.0
07/05/2025,75,Đồng Nai,26485,Xã Phú Hội,0.0,0.0,0.0
07/05/2025,75,Đồng Nai,26497,Xã Vĩnh Thanh,0.0,0.0,0.0
07/06/2025,75,Đồng Nai,25996,Phường Tân Phong,0.0,0.0,0.0
07/06/2025,75,Đồng Nai,26017,Phường Tam Hiệp,0.0,0.0,0.0
07/06/2025,75,Đồng Nai,26020,Phường Long Bình,2352014.0,0.0,0.0
07/06/2025,75,Đồng Nai,26029,Phường Thống Nhất,0.0,0.0,0.0
07/06/2025,75,Đồng Nai,26050,Phường An Bình,0.0,0.0,0.0
07/06/2025,75,Đồng Nai,26056,Phường Long Bình Tân,204226941.0,0.0,0.0
07/06/2025,75,Đồng Nai,26068,Phường Hóa An,48433456.0,0.0,0.0
07/06/2025,75,Đồng Nai,26095,Phường Suối Tre,55429361.5,0.0,0.0
07/06/2025,75,Đồng Nai,26206,Thị Trấn Định Quán,21186018.0,0.0,0.0
07/06/2025,75,Đồng Nai,26239,Xã Túc Trưng,0.0,0.0,0.0
07/06/2025,75,Đồng Nai,26272,Xã Hố Nai 3,0.0,0.0,0.0
07/06/2025,75,Đồng Nai,26296,Xã An Viễn,0.0,0.0,0.0
07/06/2025,75,Đồng Nai,26311,Xã Quang Trung,0.0,0.0,0.0
07/06/2025,75,Đồng Nai,26317,Xã Hưng Lộc,0.0,0.0,0.0
07/06/2025,75,Đồng Nai,26326,Thị Trấn Dầu Giây,35830574.0,0.0,0.0
07/06/2025,75,Đồng Nai,26362,Xã Sông Ray,0.0,0.0,0.0
07/06/2025,75,Đồng Nai,26368,Thị Trấn Long Thành,41587882.0,0.0,0.0
07/06/2025,75,Đồng Nai,26374,Phường Tam Phước,0.0,0.0,0.0
07/06/2025,75,Đồng Nai,26377,Phường Phước Tân,6861523.0,0.0,0.0
07/06/2025,75,Đồng Nai,26416,Xã Phước Bình,0.0,0.0,0.0
07/06/2025,75,Đồng Nai,26452,Xã Suối Cát,16838438.4,0.0,0.0
07/06/2025,75,Đồng Nai,26455,Xã Xuân Hiệp,7612920.0,0.0,0.0
07/06/2025,75,Đồng Nai,26497,Xã Vĩnh Thanh,23467317.0,0.0,0.0
07/07/2025,75,Đồng Nai,25993,Phường Trảng Dài,37081367.0,0.0,0.0
07/07/2025,75,Đồng Nai,25996,Phường Tân Phong,126232931.72,0.0,0.0
07/07/2025,75,Đồng Nai,26002,Phường Hố Nai,9564239.0,0.0,0.0
07/07/2025,75,Đồng Nai,26017,Phường Tam Hiệp,19029705.0,0.0,0.0
07/07/2025,75,Đồng Nai,26029,Phường Thống Nhất,152135802.52,0.0,0.0
07/07/2025,75,Đồng Nai,26050,Phường An Bình,23594222.0,0.0,0.0
07/07/2025,75,Đồng Nai,26056,Phường Long Bình Tân,57934966.0,0.0,0.0
07/07/2025,75,Đồng Nai,26068,Phường Hóa An,41245979.0,0.0,0.0
07/07/2025,75,Đồng Nai,26095,Phường Suối Tre,402898111.0,0.0,0.0
07/07/2025,75,Đồng Nai,26116,Thị Trấn Tân Phú,168928605.0,0.0,0.0
07/07/2025,75,Đồng Nai,26188,Xã Thạnh Phú,26080225.0,0.0,0.0
07/07/2025,75,Đồng Nai,26206,Thị Trấn Định Quán,52020447.0,0.0,0.0
07/07/2025,75,Đồng Nai,26272,Xã Hố Nai 3,381593406.0,0.0,0.0
07/07/2025,75,Đồng Nai,26296,Xã An Viễn,33193103.0,0.0,0.0
07/07/2025,75,Đồng Nai,26299,Xã Gia Tân 1,8052517.0,0.0,0.0
07/07/2025,75,Đồng Nai,26311,Xã Quang Trung,64203113.0,0.0,0.0
07/07/2025,75,Đồng Nai,26317,Xã Hưng Lộc,36459848.0,0.0,0.0
07/07/2025,75,Đồng Nai,26326,Thị Trấn Dầu Giây,43779644.0,0.0,0.0
07/07/2025,75,Đồng Nai,26362,Xã Sông Ray,23880485.0,0.0,0.0
07/07/2025,75,Đồng Nai,26368,Thị Trấn Long Thành,231113167.2,0.0,0.0
07/07/2025,75,Đồng Nai,26374,Phường Tam Phước,59800594.0,0.0,0.0
07/07/2025,75,Đồng Nai,26377,Phường Phước Tân,32634876.0,0.0,0.0
07/07/2025,75,Đồng Nai,26416,Xã Phước Bình,22775541.0,0.0,0.0
07/07/2025,75,Đồng Nai,26452,Xã Suối Cát,8492996.0,0.0,0.0
07/07/2025,75,Đồng Nai,26455,Xã Xuân Hiệp,253004562.0,0.0,0.0
07/08/2025,75,Đồng Nai,25993,Phường Trảng Dài,272100247.0,0.0,0.0
07/08/2025,75,Đồng Nai,25996,Phường Tân Phong,50438617.15,0.0,0.0
07/08/2025,75,Đồng Nai,26017,Phường Tam Hiệp,4096675.0,0.0,0.0
07/08/2025,75,Đồng Nai,26056,Phường Long Bình Tân,625019756.0,0.0,0.0
07/08/2025,75,Đồng Nai,26068,Phường Hóa An,33047161.0,0.0,0.0
07/08/2025,75,Đồng Nai,26095,Phường Suối Tre,751211697.5,0.0,0.0
07/08/2025,75,Đồng Nai,26188,Xã Thạnh Phú,81235511.0,0.0,0.0
07/08/2025,75,Đồng Nai,26206,Thị Trấn Định Quán,511173279.52,0.0,0.0
07/08/2025,75,Đồng Nai,26272,Xã Hố Nai 3,175925556.0,0.0,0.0
07/08/2025,75,Đồng Nai,26296,Xã An Viễn,19402561.0,0.0,0.0
07/08/2025,75,Đồng Nai,26311,Xã Quang Trung,51353754.0,0.0,0.0
07/08/2025,75,Đồng Nai,26317,Xã Hưng Lộc,9363630.0,0.0,0.0
07/08/2025,75,Đồng Nai,26368,Thị Trấn Long Thành,301701498.4,0.0,0.0
07/08/2025,75,Đồng Nai,26416,Xã Phước Bình,24728195.0,0.0,0.0
07/08/2025,75,Đồng Nai,26455,Xã Xuân Hiệp,749900.0,0.0,0.0
07/08/2025,75,Đồng Nai,26497,Xã Vĩnh Thanh,10258623.0,0.0,0.0
07/09/2025,75,Đồng Nai,26056,Phường Long Bình Tân,98765694.0,0.0,0.0
07/09/2025,75,Đồng Nai,26095,Phường Suối Tre,278802505.4,0.0,0.0
07/09/2025,75,Đồng Nai,26188,Xã Thạnh Phú,39296408.0,0.0,0.0
07/09/2025,75,Đồng Nai,26206,Thị Trấn Định Quán,91176407.8,0.0,0.0
07/09/2025,75,Đồng Nai,26272,Xã Hố Nai 3,46524184.0,0.0,0.0
07/09/2025,75,Đồng Nai,26296,Xã An Viễn,11559826.0,0.0,0.0
07/09/2025,75,Đồng Nai,26311,Xã Quang Trung,26604498.0,0.0,0.0
07/09/2025,75,Đồng Nai,26362,Xã Sông Ray,4856565.0,0.0,0.0
07/09/2025,75,Đồng Nai,26368,Thị Trấn Long Thành,75900712.0,0.0,0.0
07/09/2025,75,Đồng Nai,26389,Xã Long Đức,3884418.0,0.0,0.0
07/09/2025,75,Đồng Nai,26416,Xã Phước Bình,13656843.0,0.0,0.0
07/09/2025,75,Đồng Nai,26497,Xã Vĩnh Thanh,32463159.0,0.0,0.0
08/01/2025,75,Đồng Nai,26080,Phường Xuân An,0.0,0.0,0.0
08/01/2025,75,Đồng Nai,26206,Thị Trấn Định Quán,0.0,0.0,0.0
08/01/2025,75,Đồng Nai,26341,Thị Trấn Long Giao,0.0,0.0,0.0
08/01/2025,75,Đồng Nai,26452,Xã Suối Cát,0.0,0.0,0.0
08/02/2025,75,Đồng Nai,26026,Phường Tân Mai,0.0,0.0,0.0
08/02/2025,75,Đồng Nai,26248,Thị Trấn Trảng Bom,0.0,0.0,0.0
08/02/2025,75,Đồng Nai,26341,Thị Trấn Long Giao,0.0,0.0,0.0
08/02/2025,75,Đồng Nai,26452,Xã Suối Cát,0.0,0.0,0.0
08/03/2025,75,Đồng Nai,26248,Thị Trấn Trảng Bom,0.0,0.0,0.0
08/03/2025,75,Đồng Nai,26254,Xã Cây Gáo,0.0,0.0,0.0
08/03/2025,75,Đồng Nai,26377,Phường Phước Tân,0.0,0.0,0.0
08/03/2025,75,Đồng Nai,26452,Xã Suối Cát,0.0,0.0,0.0
08/04/2025,75,Đồng Nai,25993,Phường Trảng Dài,0.0,0.0,0.0
08/04/2025,75,Đồng Nai,25996,Phường Tân Phong,0.0,0.0,0.0
08/04/2025,75,Đồng Nai,25999,Phường Tân Biên,0.0,0.0,0.0
08/04/2025,75,Đồng Nai,26026,Phường Tân Mai,0.0,0.0,0.0
08/04/2025,75,Đồng Nai,26068,Phường Hóa An,0.0,0.0,0.0
08/04/2025,75,Đồng Nai,26095,Phường Suối Tre,0.0,0.0,0.0
08/04/2025,75,Đồng Nai,26116,Thị Trấn Tân Phú,0.0,0.0,0.0
08/04/2025,75,Đồng Nai,26206,Thị Trấn Định Quán,0.0,0.0,0.0
08/04/2025,75,Đồng Nai,26248,Thị Trấn Trảng Bom,0.0,0.0,0.0
08/04/2025,75,Đồng Nai,26326,Thị Trấn Dầu Giây,0.0,0.0,0.0
08/04/2025,75,Đồng Nai,26368,Thị Trấn Long Thành,0.0,0.0,0.0
08/04/2025,75,Đồng Nai,26377,Phường Phước Tân,0.0,0.0,0.0
08/04/2025,75,Đồng Nai,26440,Xã Xuân Trường,0.0,0.0,0.0
08/04/2025,75,Đồng Nai,26452,Xã Suối Cát,0.0,0.0,0.0
08/04/2025,75,Đồng Nai,26470,Xã Phước Thiền,0.0,0.0,0.0
08/04/2025,75,Đồng Nai,26485,Xã Phú Hội,0.0,0.0,0.0
08/05/2023,75,Đồng Nai,26248,Thị Trấn Trảng Bom,0.0,0.0,0.0
08/05/2025,75,Đồng Nai,25993,Phường Trảng Dài,0.0,0.0,0.0
08/05/2025,75,Đồng Nai,25996,Phường Tân Phong,0.0,0.0,0.0
08/05/2025,75,Đồng Nai,25999,Phường Tân Biên,0.0,0.0,0.0
08/05/2025,75,Đồng Nai,26017,Phường Tam Hiệp,0.0,0.0,0.0
08/05/2025,75,Đồng Nai,26029,Phường Thống Nhất,0.0,0.0,0.0
08/05/2025,75,Đồng Nai,26068,Phường Hóa An,0.0,0.0,0.0
08/05/2025,75,Đồng Nai,26095,Phường Suối Tre,0.0,0.0,0.0
08/05/2025,75,Đồng Nai,26116,Thị Trấn Tân Phú,0.0,0.0,0.0
08/05/2025,75,Đồng Nai,26188,Xã Thạnh Phú,0.0,0.0,0.0
08/05/2025,75,Đồng Nai,26206,Thị Trấn Định Quán,0.0,0.0,0.0
08/05/2025,75,Đồng Nai,26272,Xã Hố Nai 3,0.0,0.0,0.0
08/05/2025,75,Đồng Nai,26311,Xã Quang Trung,0.0,0.0,0.0
08/05/2025,75,Đồng Nai,26317,Xã Hưng Lộc,0.0,0.0,0.0
08/05/2025,75,Đồng Nai,26326,Thị Trấn Dầu Giây,0.0,0.0,0.0
08/05/2025,75,Đồng Nai,26362,Xã Sông Ray,0.0,0.0,0.0
08/05/2025,75,Đồng Nai,26368,Thị Trấn Long Thành,0.0,0.0,0.0
08/05/2025,75,Đồng Nai,26374,Phường Tam Phước,0.0,0.0,0.0
08/05/2025,75,Đồng Nai,26377,Phường Phước Tân,0.0,0.0,0.0
08/05/2025,75,Đồng Nai,26416,Xã Phước Bình,0.0,0.0,0.0
08/05/2025,75,Đồng Nai,26440,Xã Xuân Trường,0.0,0.0,0.0
08/05/2025,75,Đồng Nai,26452,Xã Suối Cát,0.0,0.0,0.0
08/05/2025,75,Đồng Nai,26455,Xã Xuân Hiệp,0.0,0.0,0.0
08/05/2025,75,Đồng Nai,26479,Thị Trấn Hiệp Phước,0.0,0.0,0.0
08/05/2025,75,Đồng Nai,26485,Xã Phú Hội,0.0,0.0,0.0
08/05/2025,75,Đồng Nai,26497,Xã Vĩnh Thanh,0.0,0.0,0.0
08/06/2023,75,Đồng Nai,26248,Thị Trấn Trảng Bom,0.0,0.0,0.0
08/06/2025,75,Đồng Nai,25996,Phường Tân Phong,0.0,0.0,0.0
08/06/2025,75,Đồng Nai,26029,Phường Thống Nhất,0.0,0.0,0.0
08/06/2025,75,Đồng Nai,26050,Phường An Bình,0.0,0.0,0.0
08/06/2025,75,Đồng Nai,26056,Phường Long Bình Tân,14048357.0,0.0,0.0
08/06/2025,75,Đồng Nai,26068,Phường Hóa An,844260.0,0.0,0.0
08/06/2025,75,Đồng Nai,26095,Phường Suối Tre,73381648.0,0.0,0.0
08/06/2025,75,Đồng Nai,26206,Thị Trấn Định Quán,47312103.0,0.0,0.0
08/06/2025,75,Đồng Nai,26239,Xã Túc Trưng,0.0,0.0,0.0
08/06/2025,75,Đồng Nai,26272,Xã Hố Nai 3,0.0,0.0,0.0
08/06/2025,75,Đồng Nai,26296,Xã An Viễn,0.0,0.0,0.0
08/06/2025,75,Đồng Nai,26311,Xã Quang Trung,0.0,0.0,0.0
08/06/2025,75,Đồng Nai,26326,Thị Trấn Dầu Giây,18871914.0,0.0,0.0
08/06/2025,75,Đồng Nai,26362,Xã Sông Ray,0.0,0.0,0.0
08/06/2025,75,Đồng Nai,26368,Thị Trấn Long Thành,30284487.0,0.0,0.0
08/06/2025,75,Đồng Nai,26374,Phường Tam Phước,0.0,0.0,0.0
08/06/2025,75,Đồng Nai,26377,Phường Phước Tân,14929514.0,0.0,0.0
08/06/2025,75,Đồng Nai,26416,Xã Phước Bình,0.0,0.0,0.0
08/06/2025,75,Đồng Nai,26452,Xã Suối Cát,14480714.0,0.0,0.0
08/06/2025,75,Đồng Nai,26455,Xã Xuân Hiệp,5516880.0,0.0,0.0
08/06/2025,75,Đồng Nai,26485,Xã Phú Hội,0.0,0.0,0.0
08/06/2025,75,Đồng Nai,26497,Xã Vĩnh Thanh,21767181.0,0.0,0.0
08/07/2025,75,Đồng Nai,25993,Phường Trảng Dài,16919960.0,0.0,0.0
08/07/2025,75,Đồng Nai,25996,Phường Tân Phong,80138878.52,0.0,0.0
08/07/2025,75,Đồng Nai,26002,Phường Hố Nai,36500.0,0.0,0.0
08/07/2025,75,Đồng Nai,26017,Phường Tam Hiệp,10360467.0,0.0,0.0
08/07/2025,75,Đồng Nai,26050,Phường An Bình,80000.0,0.0,0.0
08/07/2025,75,Đồng Nai,26056,Phường Long Bình Tân,156296928.0,0.0,0.0
08/07/2025,75,Đồng Nai,26068,Phường Hóa An,32994081.0,0.0,0.0
08/07/2025,75,Đồng Nai,26095,Phường Suối Tre,420680304.44,0.0,0.0
08/07/2025,75,Đồng Nai,26116,Thị Trấn Tân Phú,185855126.0,0.0,0.0
08/07/2025,75,Đồng Nai,26188,Xã Thạnh Phú,21921697.0,0.0,0.0
08/07/2025,75,Đồng Nai,26206,Thị Trấn Định Quán,56231812.0,0.0,0.0
08/07/2025,75,Đồng Nai,26272,Xã Hố Nai 3,166693562.0,0.0,0.0
08/07/2025,75,Đồng Nai,26296,Xã An Viễn,24842989.0,0.0,0.0
08/07/2025,75,Đồng Nai,26299,Xã Gia Tân 1,6372187.0,0.0,0.0
08/07/2025,75,Đồng Nai,26311,Xã Quang Trung,43686991.0,0.0,0.0
08/07/2025,75,Đồng Nai,26317,Xã Hưng Lộc,24716243.0,0.0,0.0
08/07/2025,75,Đồng Nai,26326,Thị Trấn Dầu Giây,57412691.0,0.0,0.0
08/07/2025,75,Đồng Nai,26362,Xã Sông Ray,20763058.0,0.0,0.0
08/07/2025,75,Đồng Nai,26368,Thị Trấn Long Thành,210434509.4,0.0,0.0
08/07/2025,75,Đồng Nai,26374,Phường Tam Phước,38208631.0,0.0,0.0
08/07/2025,75,Đồng Nai,26377,Phường Phước Tân,72063278.0,0.0,0.0
08/07/2025,75,Đồng Nai,26416,Xã Phước Bình,54442792.0,0.0,0.0
08/07/2025,75,Đồng Nai,26452,Xã Suối Cát,8568900.0,0.0,0.0
08/07/2025,75,Đồng Nai,26455,Xã Xuân Hiệp,113527924.0,0.0,0.0
08/08/2025,75,Đồng Nai,25993,Phường Trảng Dài,38736046.0,0.0,0.0
08/08/2025,75,Đồng Nai,25996,Phường Tân Phong,52773220.94,0.0,0.0
08/08/2025,75,Đồng Nai,26017,Phường Tam Hiệp,4724666.0,0.0,0.0
08/08/2025,75,Đồng Nai,26029,Phường Thống Nhất,0.0,0.0,0.0
08/08/2025,75,Đồng Nai,26056,Phường Long Bình Tân,570180550.0,0.0,0.0
08/08/2025,75,Đồng Nai,26068,Phường Hóa An,48163408.0,0.0,0.0
08/08/2025,75,Đồng Nai,26095,Phường Suối Tre,787238898.64,0.0,0.0
08/08/2025,75,Đồng Nai,26188,Xã Thạnh Phú,66587678.0,0.0,0.0
08/08/2025,75,Đồng Nai,26206,Thị Trấn Định Quán,537866288.44,0.0,0.0
08/08/2025,75,Đồng Nai,26272,Xã Hố Nai 3,170661605.0,0.0,0.0
08/08/2025,75,Đồng Nai,26296,Xã An Viễn,36421834.0,0.0,0.0
08/08/2025,75,Đồng Nai,26311,Xã Quang Trung,56763238.0,0.0,0.0
08/08/2025,75,Đồng Nai,26317,Xã Hưng Lộc,12715155.0,0.0,0.0
08/08/2025,75,Đồng Nai,26368,Thị Trấn Long Thành,343346238.0,0.0,0.0
08/08/2025,75,Đồng Nai,26416,Xã Phước Bình,6988800.0,0.0,0.0
08/08/2025,75,Đồng Nai,26455,Xã Xuân Hiệp,2037136.0,0.0,0.0
08/08/2025,75,Đồng Nai,26497,Xã Vĩnh Thanh,11681482.0,0.0,0.0
08/09/2025,75,Đồng Nai,25993,Phường Trảng Dài,14169753.0,0.0,0.0
08/09/2025,75,Đồng Nai,25996,Phường Tân Phong,13920898.32,0.0,0.0
08/09/2025,75,Đồng Nai,26068,Phường Hóa An,36831212.0,0.0,0.0
08/09/2025,75,Đồng Nai,26095,Phường Suối Tre,417547983.9,0.0,0.0
08/09/2025,75,Đồng Nai,26188,Xã Thạnh Phú,67841526.0,0.0,0.0
08/09/2025,75,Đồng Nai,26206,Thị Trấn Định Quán,349993797.3,0.0,0.0
08/09/2025,75,Đồng Nai,26272,Xã Hố Nai 3,37855787.0,0.0,0.0
08/09/2025,75,Đồng Nai,26311,Xã Quang Trung,41612460.0,0.0,0.0
08/09/2025,75,Đồng Nai,26317,Xã Hưng Lộc,32737347.0,0.0,0.0
08/09/2025,75,Đồng Nai,26362,Xã Sông Ray,42251393.0,0.0,0.0
08/09/2025,75,Đồng Nai,26368,Thị Trấn Long Thành,181851707.0,0.0,0.0
08/09/2025,75,Đồng Nai,26389,Xã Long Đức,12198546.0,0.0,0.0
08/09/2025,75,Đồng Nai,26416,Xã Phước Bình,23173523.0,0.0,0.0
08/09/2025,75,Đồng Nai,26497,Xã Vĩnh Thanh,18614497.0,0.0,0.0
09/01/2025,75,Đồng Nai,26080,Phường Xuân An,0.0,0.0,0.0
09/01/2025,75,Đồng Nai,26341,Thị Trấn Long Giao,0.0,0.0,0.0
09/01/2025,75,Đồng Nai,26452,Xã Suối Cát,0.0,0.0,0.0
09/02/2025,75,Đồng Nai,26026,Phường Tân Mai,0.0,0.0,0.0
09/02/2025,75,Đồng Nai,26248,Thị Trấn Trảng Bom,0.0,0.0,0.0
09/02/2025,75,Đồng Nai,26341,Thị Trấn Long Giao,0.0,0.0,0.0
09/02/2025,75,Đồng Nai,26452,Xã Suối Cát,0.0,0.0,0.0
09/03/2025,75,Đồng Nai,26026,Phường Tân Mai,0.0,0.0,0.0
09/03/2025,75,Đồng Nai,26248,Thị Trấn Trảng Bom,0.0,0.0,0.0
09/03/2025,75,Đồng Nai,26452,Xã Suối Cát,0.0,0.0,0.0
09/03/2025,75,Đồng Nai,26455,Xã Xuân Hiệp,0.0,0.0,0.0
09/04/2025,75,Đồng Nai,25993,Phường Trảng Dài,0.0,0.0,0.0
09/04/2025,75,Đồng Nai,25996,Phường Tân Phong,0.0,0.0,0.0
09/04/2025,75,Đồng Nai,25999,Phường Tân Biên,0.0,0.0,0.0
09/04/2025,75,Đồng Nai,26026,Phường Tân Mai,0.0,0.0,0.0
09/04/2025,75,Đồng Nai,26095,Phường Suối Tre,0.0,0.0,0.0
09/04/2025,75,Đồng Nai,26116,Thị Trấn Tân Phú,0.0,0.0,0.0
09/04/2025,75,Đồng Nai,26206,Thị Trấn Định Quán,0.0,0.0,0.0
09/04/2025,75,Đồng Nai,26248,Thị Trấn Trảng Bom,0.0,0.0,0.0
09/04/2025,75,Đồng Nai,26326,Thị Trấn Dầu Giây,0.0,0.0,0.0
09/04/2025,75,Đồng Nai,26368,Thị Trấn Long Thành,0.0,0.0,0.0
09/04/2025,75,Đồng Nai,26377,Phường Phước Tân,0.0,0.0,0.0
09/04/2025,75,Đồng Nai,26440,Xã Xuân Trường,0.0,0.0,0.0
09/04/2025,75,Đồng Nai,26452,Xã Suối Cát,0.0,0.0,0.0
09/04/2025,75,Đồng Nai,26455,Xã Xuân Hiệp,0.0,0.0,0.0
09/04/2025,75,Đồng Nai,26485,Xã Phú Hội,0.0,0.0,0.0
09/05/2025,75,Đồng Nai,25993,Phường Trảng Dài,0.0,0.0,0.0
09/05/2025,75,Đồng Nai,25996,Phường Tân Phong,0.0,0.0,0.0
09/05/2025,75,Đồng Nai,25999,Phường Tân Biên,0.0,0.0,0.0
09/05/2025,75,Đồng Nai,26017,Phường Tam Hiệp,0.0,0.0,0.0
09/05/2025,75,Đồng Nai,26029,Phường Thống Nhất,0.0,0.0,0.0
09/05/2025,75,Đồng Nai,26068,Phường Hóa An,0.0,0.0,0.0
09/05/2025,75,Đồng Nai,26095,Phường Suối Tre,0.0,0.0,0.0
09/05/2025,75,Đồng Nai,26116,Thị Trấn Tân Phú,0.0,0.0,0.0
09/05/2025,75,Đồng Nai,26188,Xã Thạnh Phú,0.0,0.0,0.0
09/05/2025,75,Đồng Nai,26206,Thị Trấn Định Quán,0.0,0.0,0.0
09/05/2025,75,Đồng Nai,26272,Xã Hố Nai 3,0.0,0.0,0.0
09/05/2025,75,Đồng Nai,26299,Xã Gia Tân 1,0.0,0.0,0.0
09/05/2025,75,Đồng Nai,26311,Xã Quang Trung,0.0,0.0,0.0
09/05/2025,75,Đồng Nai,26317,Xã Hưng Lộc,0.0,0.0,0.0
09/05/2025,75,Đồng Nai,26326,Thị Trấn Dầu Giây,0.0,0.0,0.0
09/05/2025,75,Đồng Nai,26362,Xã Sông Ray,0.0,0.0,0.0
09/05/2025,75,Đồng Nai,26368,Thị Trấn Long Thành,0.0,0.0,0.0
09/05/2025,75,Đồng Nai,26374,Phường Tam Phước,0.0,0.0,0.0
09/05/2025,75,Đồng Nai,26377,Phường Phước Tân,0.0,0.0,0.0
09/05/2025,75,Đồng Nai,26416,Xã Phước Bình,0.0,0.0,0.0
09/05/2025,75,Đồng Nai,26440,Xã Xuân Trường,0.0,0.0,0.0
09/05/2025,75,Đồng Nai,26452,Xã Suối Cát,0.0,0.0,0.0
09/05/2025,75,Đồng Nai,26455,Xã Xuân Hiệp,0.0,0.0,0.0
09/05/2025,75,Đồng Nai,26470,Xã Phước Thiền,0.0,0.0,0.0
09/05/2025,75,Đồng Nai,26497,Xã Vĩnh Thanh,0.0,0.0,0.0
09/06/2025,75,Đồng Nai,25996,Phường Tân Phong,222280163.21,0.0,0.0
09/06/2025,75,Đồng Nai,26017,Phường Tam Hiệp,0.0,0.0,0.0
09/06/2025,75,Đồng Nai,26020,Phường Long Bình,2742847.0,0.0,0.0
09/06/2025,75,Đồng Nai,26029,Phường Thống Nhất,0.0,0.0,0.0
09/06/2025,75,Đồng Nai,26050,Phường An Bình,0.0,0.0,0.0
09/06/2025,75,Đồng Nai,26056,Phường Long Bình Tân,358708952.0,0.0,0.0
09/06/2025,75,Đồng Nai,26068,Phường Hóa An,63161187.0,0.0,0.0
09/06/2025,75,Đồng Nai,26095,Phường Suối Tre,292498488.8,0.0,0.0
09/06/2025,75,Đồng Nai,26206,Thị Trấn Định Quán,129816765.0,0.0,0.0
09/06/2025,75,Đồng Nai,26239,Xã Túc Trưng,0.0,0.0,0.0
09/06/2025,75,Đồng Nai,26272,Xã Hố Nai 3,0.0,0.0,0.0
09/06/2025,75,Đồng Nai,26296,Xã An Viễn,0.0,0.0,0.0
09/06/2025,75,Đồng Nai,26311,Xã Quang Trung,0.0,0.0,0.0
09/06/2025,75,Đồng Nai,26317,Xã Hưng Lộc,0.0,0.0,0.0
09/06/2025,75,Đồng Nai,26326,Thị Trấn Dầu Giây,196953863.0,0.0,0.0
09/06/2025,75,Đồng Nai,26362,Xã Sông Ray,0.0,0.0,0.0
09/06/2025,75,Đồng Nai,26368,Thị Trấn Long Thành,102190811.0,0.0,0.0
09/06/2025,75,Đồng Nai,26374,Phường Tam Phước,0.0,0.0,0.0
09/06/2025,75,Đồng Nai,26377,Phường Phước Tân,97234482.0,0.0,0.0
09/06/2025,75,Đồng Nai,26416,Xã Phước Bình,0.0,0.0,0.0
09/06/2025,75,Đồng Nai,26452,Xã Suối Cát,62230072.2,0.0,0.0
09/06/2025,75,Đồng Nai,26455,Xã Xuân Hiệp,20645178.0,0.0,0.0
09/06/2025,75,Đồng Nai,26485,Xã Phú Hội,0.0,0.0,0.0
09/06/2025,75,Đồng Nai,26497,Xã Vĩnh Thanh,35702609.0,0.0,0.0
09/07/2025,75,Đồng Nai,25993,Phường Trảng Dài,21887619.0,0.0,0.0
09/07/2025,75,Đồng Nai,25996,Phường Tân Phong,52902049.03,0.0,0.0
09/07/2025,75,Đồng Nai,26017,Phường Tam Hiệp,8346730.0,0.0,0.0
09/07/2025,75,Đồng Nai,26056,Phường Long Bình Tân,179727142.0,0.0,0.0
09/07/2025,75,Đồng Nai,26068,Phường Hóa An,24276198.0,0.0,0.0
09/07/2025,75,Đồng Nai,26095,Phường Suối Tre,189327713.9,0.0,0.0
09/07/2025,75,Đồng Nai,26116,Thị Trấn Tân Phú,205320047.0,0.0,0.0
09/07/2025,75,Đồng Nai,26188,Xã Thạnh Phú,17493588.0,0.0,0.0
09/07/2025,75,Đồng Nai,26206,Thị Trấn Định Quán,40564536.12,0.0,0.0
09/07/2025,75,Đồng Nai,26272,Xã Hố Nai 3,41644199.0,0.0,0.0
09/07/2025,75,Đồng Nai,26296,Xã An Viễn,35261965.0,0.0,0.0
09/07/2025,75,Đồng Nai,26299,Xã Gia Tân 1,9156763.0,0.0,0.0
09/07/2025,75,Đồng Nai,26311,Xã Quang Trung,48783212.0,0.0,0.0
09/07/2025,75,Đồng Nai,26317,Xã Hưng Lộc,26746791.0,0.0,0.0
09/07/2025,75,Đồng Nai,26326,Thị Trấn Dầu Giây,46621906.0,0.0,0.0
09/07/2025,75,Đồng Nai,26362,Xã Sông Ray,617154.0,0.0,0.0
09/07/2025,75,Đồng Nai,26368,Thị Trấn Long Thành,53711180.0,0.0,0.0
09/07/2025,75,Đồng Nai,26374,Phường Tam Phước,0.0,0.0,0.0
09/07/2025,75,Đồng Nai,26377,Phường Phước Tân,59508056.0,0.0,0.0
09/07/2025,75,Đồng Nai,26452,Xã Suối Cát,6626534.0,0.0,0.0
09/07/2025,75,Đồng Nai,26455,Xã Xuân Hiệp,97190897.0,0.0,0.0
09/08/2025,75,Đồng Nai,25996,Phường Tân Phong,0.0,0.0,0.0
09/08/2025,75,Đồng Nai,26017,Phường Tam Hiệp,955400.0,0.0,0.0
09/08/2025,75,Đồng Nai,26050,Phường An Bình,12515537.0,0.0,0.0
09/08/2025,75,Đồng Nai,26056,Phường Long Bình Tân,471370855.0,0.0,0.0
09/08/2025,75,Đồng Nai,26068,Phường Hóa An,44040095.0,0.0,0.0
09/08/2025,75,Đồng Nai,26095,Phường Suối Tre,509473388.04,0.0,0.0
09/08/2025,75,Đồng Nai,26188,Xã Thạnh Phú,62034028.0,0.0,0.0
09/08/2025,75,Đồng Nai,26206,Thị Trấn Định Quán,258800690.48,0.0,0.0
09/08/2025,75,Đồng Nai,26272,Xã Hố Nai 3,216428795.0,0.0,0.0
09/08/2025,75,Đồng Nai,26296,Xã An Viễn,26742164.0,0.0,0.0
09/08/2025,75,Đồng Nai,26311,Xã Quang Trung,44253036.0,0.0,0.0
09/08/2025,75,Đồng Nai,26317,Xã Hưng Lộc,11225142.0,0.0,0.0
09/08/2025,75,Đồng Nai,26368,Thị Trấn Long Thành,113304827.6,0.0,0.0
09/08/2025,75,Đồng Nai,26416,Xã Phước Bình,24823443.0,0.0,0.0
09/08/2025,75,Đồng Nai,26455,Xã Xuân Hiệp,90328928.0,0.0,0.0
09/08/2025,75,Đồng Nai,26497,Xã Vĩnh Thanh,12264534.0,0.0,0.0
09/09/2025,75,Đồng Nai,25993,Phường Trảng Dài,10999100.0,0.0,0.0
09/09/2025,75,Đồng Nai,25996,Phường Tân Phong,37330828.64,0.0,0.0
09/09/2025,75,Đồng Nai,26068,Phường Hóa An,27963420.0,0.0,0.0
09/09/2025,75,Đồng Nai,26095,Phường Suối Tre,340905948.6,0.0,0.0
09/09/2025,75,Đồng Nai,26188,Xã Thạnh Phú,38616163.0,0.0,0.0
09/09/2025,75,Đồng Nai,26206,Thị Trấn Định Quán,304068250.3,0.0,0.0
09/09/2025,75,Đồng Nai,26272,Xã Hố Nai 3,28658915.0,0.0,0.0
09/09/2025,75,Đồng Nai,26317,Xã Hưng Lộc,21114505.0,0.0,0.0
09/09/2025,75,Đồng Nai,26368,Thị Trấn Long Thành,192025827.18,0.0,0.0
09/09/2025,75,Đồng Nai,26389,Xã Long Đức,9979430.0,0.0,0.0
09/09/2025,75,Đồng Nai,26416,Xã Phước Bình,22587902.0,0.0,0.0
09/09/2025,75,Đồng Nai,26497,Xã Vĩnh Thanh,14341605.0,0.0,0.0
10/01/2025,75,Đồng Nai,26080,Phường Xuân An,0.0,0.0,0.0
10/01/2025,75,Đồng Nai,26248,Thị Trấn Trảng Bom,0.0,0.0,0.0
10/01/2025,75,Đồng Nai,26341,Thị Trấn Long Giao,0.0,0.0,0.0
10/01/2025,75,Đồng Nai,26452,Xã Suối Cát,0.0,0.0,0.0
10/02/2025,75,Đồng Nai,25996,Phường Tân Phong,0.0,0.0,0.0
10/02/2025,75,Đồng Nai,26026,Phường Tân Mai,0.0,0.0,0.0
10/02/2025,75,Đồng Nai,26080,Phường Xuân An,0.0,0.0,0.0
10/02/2025,75,Đồng Nai,26248,Thị Trấn Trảng Bom,0.0,0.0,0.0
10/02/2025,75,Đồng Nai,26341,Thị Trấn Long Giao,0.0,0.0,0.0
10/02/2025,75,Đồng Nai,26452,Xã Suối Cát,0.0,0.0,0.0
10/03/2023,75,Đồng Nai,26341,Thị Trấn Long Giao,0.0,0.0,0.0
10/03/2025,75,Đồng Nai,25996,Phường Tân Phong,0.0,0.0,0.0
10/03/2025,75,Đồng Nai,26026,Phường Tân Mai,0.0,0.0,0.0
10/03/2025,75,Đồng Nai,26080,Phường Xuân An,0.0,0.0,0.0
10/03/2025,75,Đồng Nai,26248,Thị Trấn Trảng Bom,0.0,0.0,0.0
10/03/2025,75,Đồng Nai,26254,Xã Cây Gáo,0.0,0.0,0.0
10/03/2025,75,Đồng Nai,26452,Xã Suối Cát,0.0,0.0,0.0
10/04/2025,75,Đồng Nai,25993,Phường Trảng Dài,0.0,0.0,0.0
10/04/2025,75,Đồng Nai,25996,Phường Tân Phong,0.0,0.0,0.0
10/04/2025,75,Đồng Nai,25999,Phường Tân Biên,0.0,0.0,0.0
10/04/2025,75,Đồng Nai,26026,Phường Tân Mai,0.0,0.0,0.0
10/04/2025,75,Đồng Nai,26095,Phường Suối Tre,0.0,0.0,0.0
10/04/2025,75,Đồng Nai,26116,Thị Trấn Tân Phú,0.0,0.0,0.0
10/04/2025,75,Đồng Nai,26206,Thị Trấn Định Quán,0.0,0.0,0.0
10/04/2025,75,Đồng Nai,26248,Thị Trấn Trảng Bom,0.0,0.0,0.0
10/04/2025,75,Đồng Nai,26326,Thị Trấn Dầu Giây,0.0,0.0,0.0
10/04/2025,75,Đồng Nai,26368,Thị Trấn Long Thành,0.0,0.0,0.0
10/04/2025,75,Đồng Nai,26377,Phường Phước Tân,0.0,0.0,0.0
10/04/2025,75,Đồng Nai,26440,Xã Xuân Trường,0.0,0.0,0.0
10/04/2025,75,Đồng Nai,26452,Xã Suối Cát,0.0,0.0,0.0
10/04/2025,75,Đồng Nai,26485,Xã Phú Hội,0.0,0.0,0.0
10/05/2025,75,Đồng Nai,25996,Phường Tân Phong,0.0,0.0,0.0
10/05/2025,75,Đồng Nai,25999,Phường Tân Biên,0.0,0.0,0.0
10/05/2025,75,Đồng Nai,26017,Phường Tam Hiệp,0.0,0.0,0.0
10/05/2025,75,Đồng Nai,26029,Phường Thống Nhất,0.0,0.0,0.0
10/05/2025,75,Đồng Nai,26068,Phường Hóa An,0.0,0.0,0.0
10/05/2025,75,Đồng Nai,26095,Phường Suối Tre,0.0,0.0,0.0
10/05/2025,75,Đồng Nai,26116,Thị Trấn Tân Phú,0.0,0.0,0.0
10/05/2025,75,Đồng Nai,26206,Thị Trấn Định Quán,0.0,0.0,0.0
10/05/2025,75,Đồng Nai,26272,Xã Hố Nai 3,0.0,0.0,0.0
10/05/2025,75,Đồng Nai,26311,Xã Quang Trung,0.0,0.0,0.0
10/05/2025,75,Đồng Nai,26317,Xã Hưng Lộc,0.0,0.0,0.0
10/05/2025,75,Đồng Nai,26326,Thị Trấn Dầu Giây,0.0,0.0,0.0
10/05/2025,75,Đồng Nai,26362,Xã Sông Ray,0.0,0.0,0.0
10/05/2025,75,Đồng Nai,26368,Thị Trấn Long Thành,0.0,0.0,0.0
10/05/2025,75,Đồng Nai,26374,Phường Tam Phước,0.0,0.0,0.0
10/05/2025,75,Đồng Nai,26377,Phường Phước Tân,0.0,0.0,0.0
10/05/2025,75,Đồng Nai,26389,Xã Long Đức,0.0,0.0,0.0
10/05/2025,75,Đồng Nai,26440,Xã Xuân Trường,0.0,0.0,0.0
10/05/2025,75,Đồng Nai,26452,Xã Suối Cát,0.0,0.0,0.0
10/05/2025,75,Đồng Nai,26455,Xã Xuân Hiệp,0.0,0.0,0.0
10/05/2025,75,Đồng Nai,26485,Xã Phú Hội,0.0,0.0,0.0
10/05/2025,75,Đồng Nai,26497,Xã Vĩnh Thanh,0.0,0.0,0.0
10/06/2024,75,Đồng Nai,26035,Phường Tam Hòa,0.0,0.0,0.0
10/06/2024,75,Đồng Nai,26248,Thị Trấn Trảng Bom,0.0,0.0,0.0
10/06/2025,75,Đồng Nai,25996,Phường Tân Phong,196504355.99,0.0,0.0
10/06/2025,75,Đồng Nai,26017,Phường Tam Hiệp,0.0,0.0,0.0
10/06/2025,75,Đồng Nai,26020,Phường Long Bình,1664210.0,0.0,0.0
10/06/2025,75,Đồng Nai,26029,Phường Thống Nhất,0.0,0.0,0.0
10/06/2025,75,Đồng Nai,26035,Phường Tam Hòa,871010.0,0.0,0.0
10/06/2025,75,Đồng Nai,26050,Phường An Bình,0.0,0.0,0.0
10/06/2025,75,Đồng Nai,26056,Phường Long Bình Tân,281224589.0,0.0,0.0
10/06/2025,75,Đồng Nai,26068,Phường Hóa An,35647681.0,0.0,0.0
10/06/2025,75,Đồng Nai,26095,Phường Suối Tre,365875030.0,0.0,0.0
10/06/2025,75,Đồng Nai,26206,Thị Trấn Định Quán,178922408.0,0.0,0.0
10/06/2025,75,Đồng Nai,26239,Xã Túc Trưng,0.0,0.0,0.0
10/06/2025,75,Đồng Nai,26272,Xã Hố Nai 3,0.0,0.0,0.0
10/06/2025,75,Đồng Nai,26296,Xã An Viễn,0.0,0.0,0.0
10/06/2025,75,Đồng Nai,26299,Xã Gia Tân 1,0.0,0.0,0.0
10/06/2025,75,Đồng Nai,26311,Xã Quang Trung,0.0,0.0,0.0
10/06/2025,75,Đồng Nai,26317,Xã Hưng Lộc,0.0,0.0,0.0
10/06/2025,75,Đồng Nai,26326,Thị Trấn Dầu Giây,147769430.0,0.0,0.0
10/06/2025,75,Đồng Nai,26362,Xã Sông Ray,0.0,0.0,0.0
10/06/2025,75,Đồng Nai,26368,Thị Trấn Long Thành,33788550.0,0.0,0.0
10/06/2025,75,Đồng Nai,26374,Phường Tam Phước,0.0,0.0,0.0
10/06/2025,75,Đồng Nai,26377,Phường Phước Tân,63030067.0,0.0,0.0
10/06/2025,75,Đồng Nai,26452,Xã Suối Cát,70365152.6,0.0,0.0
10/06/2025,75,Đồng Nai,26455,Xã Xuân Hiệp,8735452.0,0.0,0.0
10/06/2025,75,Đồng Nai,26497,Xã Vĩnh Thanh,34935526.0,0.0,0.0
10/07/2025,75,Đồng Nai,25993,Phường Trảng Dài,6913840.0,0.0,0.0
10/07/2025,75,Đồng Nai,25996,Phường Tân Phong,25389922.62,0.0,0.0
10/07/2025,75,Đồng Nai,26017,Phường Tam Hiệp,7595328.0,0.0,0.0
10/07/2025,75,Đồng Nai,26056,Phường Long Bình Tân,186775226.0,0.0,0.0
10/07/2025,75,Đồng Nai,26068,Phường Hóa An,10282087.0,0.0,0.0
10/07/2025,75,Đồng Nai,26095,Phường Suối Tre,253319504.0,0.0,0.0
10/07/2025,75,Đồng Nai,26116,Thị Trấn Tân Phú,198008680.0,0.0,0.0
10/07/2025,75,Đồng Nai,26188,Xã Thạnh Phú,14651540.0,0.0,0.0
10/07/2025,75,Đồng Nai,26206,Thị Trấn Định Quán,118404775.0,0.0,0.0
10/07/2025,75,Đồng Nai,26272,Xã Hố Nai 3,49835806.0,0.0,0.0
10/07/2025,75,Đồng Nai,26296,Xã An Viễn,39251435.0,0.0,0.0
10/07/2025,75,Đồng Nai,26311,Xã Quang Trung,48346778.0,0.0,0.0
10/07/2025,75,Đồng Nai,26326,Thị Trấn Dầu Giây,48166924.0,0.0,0.0
10/07/2025,75,Đồng Nai,26368,Thị Trấn Long Thành,34047159.0,0.0,0.0
10/07/2025,75,Đồng Nai,26374,Phường Tam Phước,4983118.0,0.0,0.0
10/07/2025,75,Đồng Nai,26377,Phường Phước Tân,43589524.0,0.0,0.0
10/07/2025,75,Đồng Nai,26416,Xã Phước Bình,2282200.0,0.0,0.0
10/07/2025,75,Đồng Nai,26452,Xã Suối Cát,2678300.0,0.0,0.0
10/07/2025,75,Đồng Nai,26455,Xã Xuân Hiệp,114396822.0,0.0,0.0
10/07/2025,75,Đồng Nai,26497,Xã Vĩnh Thanh,4313838.0,0.0,0.0
10/08/2025,75,Đồng Nai,25996,Phường Tân Phong,0.0,0.0,0.0
10/08/2025,75,Đồng Nai,26050,Phường An Bình,4012052.0,0.0,0.0
10/08/2025,75,Đồng Nai,26056,Phường Long Bình Tân,286128892.0,0.0,0.0
10/08/2025,75,Đồng Nai,26095,Phường Suối Tre,523666867.3,0.0,0.0
10/08/2025,75,Đồng Nai,26188,Xã Thạnh Phú,41399994.0,0.0,0.0
10/08/2025,75,Đồng Nai,26206,Thị Trấn Định Quán,301951043.7,0.0,0.0
10/08/2025,75,Đồng Nai,26272,Xã Hố Nai 3,165772557.0,0.0,0.0
10/08/2025,75,Đồng Nai,26296,Xã An Viễn,17332972.0,0.0,0.0
10/08/2025,75,Đồng Nai,26311,Xã Quang Trung,32456199.0,0.0,0.0
10/08/2025,75,Đồng Nai,26317,Xã Hưng Lộc,5613392.0,0.0,0.0
10/08/2025,75,Đồng Nai,26368,Thị Trấn Long Thành,135924356.4,0.0,0.0
10/08/2025,75,Đồng Nai,26389,Xã Long Đức,1212585.0,0.0,0.0
10/08/2025,75,Đồng Nai,26416,Xã Phước Bình,1116600.0,0.0,0.0
10/08/2025,75,Đồng Nai,26455,Xã Xuân Hiệp,71670588.0,0.0,0.0
10/08/2025,75,Đồng Nai,26497,Xã Vĩnh Thanh,28409764.0,0.0,0.0
10/09/2025,75,Đồng Nai,25993,Phường Trảng Dài,43904318.0,0.0,0.0
10/09/2025,75,Đồng Nai,25996,Phường Tân Phong,50508556.94,0.0,0.0
10/09/2025,75,Đồng Nai,26068,Phường Hóa An,30286494.0,0.0,0.0
10/09/2025,75,Đồng Nai,26095,Phường Suối Tre,368113899.8,0.0,0.0
10/09/2025,75,Đồng Nai,26188,Xã Thạnh Phú,39180795.0,0.0,0.0
10/09/2025,75,Đồng Nai,26206,Thị Trấn Định Quán,233311854.2,0.0,0.0
10/09/2025,75,Đồng Nai,26272,Xã Hố Nai 3,52147466.0,0.0,0.0
10/09/2025,75,Đồng Nai,26296,Xã An Viễn,33854436.0,0.0,0.0
10/09/2025,75,Đồng Nai,26362,Xã Sông Ray,40478070.0,0.0,0.0
10/09/2025,75,Đồng Nai,26368,Thị Trấn Long Thành,280798876.4,0.0,0.0
10/09/2025,75,Đồng Nai,26389,Xã Long Đức,9584173.0,0.0,0.0
10/09/2025,75,Đồng Nai,26416,Xã Phước Bình,23487701.0,0.0,0.0
10/09/2025,75,Đồng Nai,26497,Xã Vĩnh Thanh,18597077.0,0.0,0.0
10/12/2024,75,Đồng Nai,26452,Xã Suối Cát,0.0,0.0,0.0
11/01/2025,75,Đồng Nai,26341,Thị Trấn Long Giao,0.0,0.0,0.0
11/01/2025,75,Đồng Nai,26452,Xã Suối Cát,0.0,0.0,0.0
11/02/2025,75,Đồng Nai,25993,Phường Trảng Dài,0.0,0.0,0.0
11/02/2025,75,Đồng Nai,26026,Phường Tân Mai,0.0,0.0,0.0
11/02/2025,75,Đồng Nai,26080,Phường Xuân An,0.0,0.0,0.0
11/02/2025,75,Đồng Nai,26116,Thị Trấn Tân Phú,0.0,0.0,0.0
11/02/2025,75,Đồng Nai,26248,Thị Trấn Trảng Bom,0.0,0.0,0.0
11/02/2025,75,Đồng Nai,26341,Thị Trấn Long Giao,0.0,0.0,0.0
11/02/2025,75,Đồng Nai,26452,Xã Suối Cát,0.0,0.0,0.0
11/03/2025,75,Đồng Nai,25996,Phường Tân Phong,0.0,0.0,0.0
11/03/2025,75,Đồng Nai,26026,Phường Tân Mai,0.0,0.0,0.0
11/03/2025,75,Đồng Nai,26080,Phường Xuân An,0.0,0.0,0.0
11/03/2025,75,Đồng Nai,26095,Phường Suối Tre,0.0,0.0,0.0
11/03/2025,75,Đồng Nai,26248,Thị Trấn Trảng Bom,0.0,0.0,0.0
11/03/2025,75,Đồng Nai,26254,Xã Cây Gáo,0.0,0.0,0.0
11/03/2025,75,Đồng Nai,26272,Xã Hố Nai 3,0.0,0.0,0.0
11/03/2025,75,Đồng Nai,26452,Xã Suối Cát,0.0,0.0,0.0
11/04/2025,75,Đồng Nai,25993,Phường Trảng Dài,0.0,0.0,0.0
11/04/2025,75,Đồng Nai,25996,Phường Tân Phong,0.0,0.0,0.0
11/04/2025,75,Đồng Nai,25999,Phường Tân Biên,0.0,0.0,0.0
11/04/2025,75,Đồng Nai,26095,Phường Suối Tre,0.0,0.0,0.0
11/04/2025,75,Đồng Nai,26116,Thị Trấn Tân Phú,0.0,0.0,0.0
11/04/2025,75,Đồng Nai,26206,Thị Trấn Định Quán,0.0,0.0,0.0
11/04/2025,75,Đồng Nai,26248,Thị Trấn Trảng Bom,0.0,0.0,0.0
11/04/2025,75,Đồng Nai,26272,Xã Hố Nai 3,0.0,0.0,0.0
11/04/2025,75,Đồng Nai,26275,Xã Tây Hoà,0.0,0.0,0.0
11/04/2025,75,Đồng Nai,26326,Thị Trấn Dầu Giây,0.0,0.0,0.0
11/04/2025,75,Đồng Nai,26341,Thị Trấn Long Giao,0.0,0.0,0.0
11/04/2025,75,Đồng Nai,26368,Thị Trấn Long Thành,0.0,0.0,0.0
11/04/2025,75,Đồng Nai,26377,Phường Phước Tân,0.0,0.0,0.0
11/04/2025,75,Đồng Nai,26452,Xã Suối Cát,0.0,0.0,0.0
11/05/2025,75,Đồng Nai,25996,Phường Tân Phong,0.0,0.0,0.0
11/05/2025,75,Đồng Nai,25999,Phường Tân Biên,0.0,0.0,0.0
11/05/2025,75,Đồng Nai,26029,Phường Thống Nhất,0.0,0.0,0.0
11/05/2025,75,Đồng Nai,26068,Phường Hóa An,0.0,0.0,0.0
11/05/2025,75,Đồng Nai,26095,Phường Suối Tre,0.0,0.0,0.0
11/05/2025,75,Đồng Nai,26116,Thị Trấn Tân Phú,0.0,0.0,0.0
11/05/2025,75,Đồng Nai,26206,Thị Trấn Định Quán,0.0,0.0,0.0
11/05/2025,75,Đồng Nai,26272,Xã Hố Nai 3,0.0,0.0,0.0
11/05/2025,75,Đồng Nai,26326,Thị Trấn Dầu Giây,0.0,0.0,0.0
11/05/2025,75,Đồng Nai,26362,Xã Sông Ray,0.0,0.0,0.0
11/05/2025,75,Đồng Nai,26368,Thị Trấn Long Thành,0.0,0.0,0.0
11/05/2025,75,Đồng Nai,26374,Phường Tam Phước,0.0,0.0,0.0
11/05/2025,75,Đồng Nai,26377,Phường Phước Tân,12587787.0,0.0,0.0
11/05/2025,75,Đồng Nai,26416,Xã Phước Bình,0.0,0.0,0.0
11/05/2025,75,Đồng Nai,26440,Xã Xuân Trường,0.0,0.0,0.0
11/05/2025,75,Đồng Nai,26452,Xã Suối Cát,0.0,0.0,0.0
11/05/2025,75,Đồng Nai,26455,Xã Xuân Hiệp,0.0,0.0,0.0
11/05/2025,75,Đồng Nai,26485,Xã Phú Hội,0.0,0.0,0.0
11/05/2025,75,Đồng Nai,26497,Xã Vĩnh Thanh,0.0,0.0,0.0
11/06/2025,75,Đồng Nai,25996,Phường Tân Phong,20657110.5,0.0,0.0
11/06/2025,75,Đồng Nai,26017,Phường Tam Hiệp,0.0,0.0,0.0
11/06/2025,75,Đồng Nai,26020,Phường Long Bình,1760345.0,0.0,0.0
11/06/2025,75,Đồng Nai,26029,Phường Thống Nhất,0.0,0.0,0.0
11/06/2025,75,Đồng Nai,26050,Phường An Bình,0.0,0.0,0.0
11/06/2025,75,Đồng Nai,26056,Phường Long Bình Tân,333420784.0,0.0,0.0
11/06/2025,75,Đồng Nai,26068,Phường Hóa An,44960249.0,0.0,0.0
11/06/2025,75,Đồng Nai,26095,Phường Suối Tre,214965627.5,0.0,0.0
11/06/2025,75,Đồng Nai,26206,Thị Trấn Định Quán,104188088.88,0.0,0.0
11/06/2025,75,Đồng Nai,26239,Xã Túc Trưng,0.0,0.0,0.0
11/06/2025,75,Đồng Nai,26272,Xã Hố Nai 3,22875215.0,0.0,0.0
11/06/2025,75,Đồng Nai,26296,Xã An Viễn,0.0,0.0,0.0
11/06/2025,75,Đồng Nai,26299,Xã Gia Tân 1,0.0,0.0,0.0
11/06/2025,75,Đồng Nai,26311,Xã Quang Trung,0.0,0.0,0.0
11/06/2025,75,Đồng Nai,26317,Xã Hưng Lộc,2641336.0,0.0,0.0
11/06/2025,75,Đồng Nai,26326,Thị Trấn Dầu Giây,136891428.0,0.0,0.0
11/06/2025,75,Đồng Nai,26362,Xã Sông Ray,0.0,0.0,0.0
11/06/2025,75,Đồng Nai,26368,Thị Trấn Long Thành,52768173.0,0.0,0.0
11/06/2025,75,Đồng Nai,26374,Phường Tam Phước,0.0,0.0,0.0
11/06/2025,75,Đồng Nai,26377,Phường Phước Tân,64934329.0,0.0,0.0
11/06/2025,75,Đồng Nai,26416,Xã Phước Bình,0.0,0.0,0.0
11/06/2025,75,Đồng Nai,26452,Xã Suối Cát,19056969.0,0.0,0.0
11/06/2025,75,Đồng Nai,26455,Xã Xuân Hiệp,18438140.0,0.0,0.0
11/06/2025,75,Đồng Nai,26497,Xã Vĩnh Thanh,22750438.0,0.0,0.0
11/07/2025,75,Đồng Nai,25996,Phường Tân Phong,28363410.62,0.0,0.0
11/07/2025,75,Đồng Nai,26017,Phường Tam Hiệp,7038872.0,0.0,0.0
11/07/2025,75,Đồng Nai,26056,Phường Long Bình Tân,87199734.0,0.0,0.0
11/07/2025,75,Đồng Nai,26068,Phường Hóa An,2362652.0,0.0,0.0
11/07/2025,75,Đồng Nai,26095,Phường Suối Tre,262056041.6,0.0,0.0
11/07/2025,75,Đồng Nai,26116,Thị Trấn Tân Phú,144017699.0,0.0,0.0
11/07/2025,75,Đồng Nai,26188,Xã Thạnh Phú,16177277.0,0.0,0.0
11/07/2025,75,Đồng Nai,26206,Thị Trấn Định Quán,47700843.8,0.0,0.0
11/07/2025,75,Đồng Nai,26272,Xã Hố Nai 3,62527495.0,0.0,0.0
11/07/2025,75,Đồng Nai,26296,Xã An Viễn,23077913.0,0.0,0.0
11/07/2025,75,Đồng Nai,26311,Xã Quang Trung,50773627.0,0.0,0.0
11/07/2025,75,Đồng Nai,26317,Xã Hưng Lộc,1104178.0,0.0,0.0
11/07/2025,75,Đồng Nai,26326,Thị Trấn Dầu Giây,41608044.0,0.0,0.0
11/07/2025,75,Đồng Nai,26368,Thị Trấn Long Thành,43730085.2,0.0,0.0
11/07/2025,75,Đồng Nai,26374,Phường Tam Phước,15742206.0,0.0,0.0
11/07/2025,75,Đồng Nai,26377,Phường Phước Tân,31064869.0,0.0,0.0
11/07/2025,75,Đồng Nai,26455,Xã Xuân Hiệp,62025929.0,0.0,0.0
11/07/2025,75,Đồng Nai,26497,Xã Vĩnh Thanh,3224790.0,0.0,0.0
11/08/2023,75,Đồng Nai,26248,Thị Trấn Trảng Bom,0.0,0.0,0.0
11/08/2025,75,Đồng Nai,25993,Phường Trảng Dài,65709860.0,0.0,0.0
11/08/2025,75,Đồng Nai,25996,Phường Tân Phong,141040158.86,0.0,0.0
11/08/2025,75,Đồng Nai,26017,Phường Tam Hiệp,5122600.0,0.0,0.0
11/08/2025,75,Đồng Nai,26029,Phường Thống Nhất,0.0,0.0,0.0
11/08/2025,75,Đồng Nai,26050,Phường An Bình,16758283.0,0.0,0.0
11/08/2025,75,Đồng Nai,26056,Phường Long Bình Tân,869696477.0,0.0,0.0
11/08/2025,75,Đồng Nai,26068,Phường Hóa An,55093039.0,0.0,0.0
11/08/2025,75,Đồng Nai,26095,Phường Suối Tre,1066123237.36,0.0,0.0
11/08/2025,75,Đồng Nai,26188,Xã Thạnh Phú,201678920.0,0.0,0.0
11/08/2025,75,Đồng Nai,26206,Thị Trấn Định Quán,628686198.78,0.0,0.0
11/08/2025,75,Đồng Nai,26272,Xã Hố Nai 3,254157327.0,0.0,0.0
11/08/2025,75,Đồng Nai,26296,Xã An Viễn,37642101.0,0.0,0.0
11/08/2025,75,Đồng Nai,26311,Xã Quang Trung,64321272.0,0.0,0.0
11/08/2025,75,Đồng Nai,26317,Xã Hưng Lộc,35937150.0,0.0,0.0
11/08/2025,75,Đồng Nai,26362,Xã Sông Ray,19206256.0,0.0,0.0
11/08/2025,75,Đồng Nai,26368,Thị Trấn Long Thành,395873586.0,0.0,0.0
11/08/2025,75,Đồng Nai,26416,Xã Phước Bình,22395092.0,0.0,0.0
11/08/2025,75,Đồng Nai,26455,Xã Xuân Hiệp,133069684.0,0.0,0.0
11/08/2025,75,Đồng Nai,26497,Xã Vĩnh Thanh,40216557.0,0.0,0.0
11/09/2025,75,Đồng Nai,25993,Phường Trảng Dài,263068620.0,0.0,0.0
11/09/2025,75,Đồng Nai,25996,Phường Tân Phong,34944466.4,0.0,0.0
11/09/2025,75,Đồng Nai,26068,Phường Hóa An,64858608.0,0.0,0.0
11/09/2025,75,Đồng Nai,26095,Phường Suối Tre,305087857.6,0.0,0.0
11/09/2025,75,Đồng Nai,26188,Xã Thạnh Phú,44870424.0,0.0,0.0
11/09/2025,75,Đồng Nai,26206,Thị Trấn Định Quán,421169556.0,0.0,0.0
11/09/2025,75,Đồng Nai,26272,Xã Hố Nai 3,54365952.0,0.0,0.0
11/09/2025,75,Đồng Nai,26296,Xã An Viễn,45138204.0,0.0,0.0
11/09/2025,75,Đồng Nai,26317,Xã Hưng Lộc,50848816.0,0.0,0.0
11/09/2025,75,Đồng Nai,26362,Xã Sông Ray,59190152.0,0.0,0.0
11/09/2025,75,Đồng Nai,26368,Thị Trấn Long Thành,235341355.84,0.0,0.0
11/09/2025,75,Đồng Nai,26389,Xã Long Đức,18381960.0,0.0,0.0
11/09/2025,75,Đồng Nai,26416,Xã Phước Bình,34827146.0,0.0,0.0
11/09/2025,75,Đồng Nai,26497,Xã Vĩnh Thanh,28876624.0,0.0,0.0
11/10/2024,75,Đồng Nai,26248,Thị Trấn Trảng Bom,0.0,0.0,0.0
12/01/2025,75,Đồng Nai,26341,Thị Trấn Long Giao,0.0,0.0,0.0
12/01/2025,75,Đồng Nai,26452,Xã Suối Cát,0.0,0.0,0.0
12/02/2025,75,Đồng Nai,25993,Phường Trảng Dài,0.0,0.0,0.0
12/02/2025,75,Đồng Nai,26080,Phường Xuân An,0.0,0.0,0.0
12/02/2025,75,Đồng Nai,26248,Thị Trấn Trảng Bom,0.0,0.0,0.0
12/02/2025,75,Đồng Nai,26341,Thị Trấn Long Giao,0.0,0.0,0.0
12/02/2025,75,Đồng Nai,26452,Xã Suối Cát,0.0,0.0,0.0
12/03/2025,75,Đồng Nai,25996,Phường Tân Phong,0.0,0.0,0.0
12/03/2025,75,Đồng Nai,26026,Phường Tân Mai,0.0,0.0,0.0
12/03/2025,75,Đồng Nai,26080,Phường Xuân An,0.0,0.0,0.0
12/03/2025,75,Đồng Nai,26095,Phường Suối Tre,0.0,0.0,0.0
12/03/2025,75,Đồng Nai,26248,Thị Trấn Trảng Bom,0.0,0.0,0.0
12/03/2025,75,Đồng Nai,26254,Xã Cây Gáo,0.0,0.0,0.0
12/03/2025,75,Đồng Nai,26377,Phường Phước Tân,0.0,0.0,0.0
12/03/2025,75,Đồng Nai,26452,Xã Suối Cát,0.0,0.0,0.0
12/04/2025,75,Đồng Nai,25999,Phường Tân Biên,0.0,0.0,0.0
12/04/2025,75,Đồng Nai,26095,Phường Suối Tre,0.0,0.0,0.0
12/04/2025,75,Đồng Nai,26116,Thị Trấn Tân Phú,0.0,0.0,0.0
12/04/2025,75,Đồng Nai,26206,Thị Trấn Định Quán,0.0,0.0,0.0
12/04/2025,75,Đồng Nai,26248,Thị Trấn Trảng Bom,0.0,0.0,0.0
12/04/2025,75,Đồng Nai,26272,Xã Hố Nai 3,0.0,0.0,0.0
12/04/2025,75,Đồng Nai,26326,Thị Trấn Dầu Giây,0.0,0.0,0.0
12/04/2025,75,Đồng Nai,26368,Thị Trấn Long Thành,0.0,0.0,0.0
12/04/2025,75,Đồng Nai,26377,Phường Phước Tân,0.0,0.0,0.0
12/04/2025,75,Đồng Nai,26452,Xã Suối Cát,0.0,0.0,0.0
12/04/2025,75,Đồng Nai,26485,Xã Phú Hội,0.0,0.0,0.0
12/05/2025,75,Đồng Nai,25993,Phường Trảng Dài,0.0,0.0,0.0
12/05/2025,75,Đồng Nai,25996,Phường Tân Phong,0.0,0.0,0.0
12/05/2025,75,Đồng Nai,25999,Phường Tân Biên,0.0,0.0,0.0
12/05/2025,75,Đồng Nai,26017,Phường Tam Hiệp,0.0,0.0,0.0
12/05/2025,75,Đồng Nai,26029,Phường Thống Nhất,0.0,0.0,0.0
12/05/2025,75,Đồng Nai,26056,Phường Long Bình Tân,27627480.0,0.0,0.0
12/05/2025,75,Đồng Nai,26068,Phường Hóa An,0.0,0.0,0.0
12/05/2025,75,Đồng Nai,26095,Phường Suối Tre,0.0,0.0,0.0
12/05/2025,75,Đồng Nai,26116,Thị Trấn Tân Phú,0.0,0.0,0.0
12/05/2025,75,Đồng Nai,26206,Thị Trấn Định Quán,0.0,0.0,0.0
12/05/2025,75,Đồng Nai,26272,Xã Hố Nai 3,0.0,0.0,0.0
12/05/2025,75,Đồng Nai,26299,Xã Gia Tân 1,0.0,0.0,0.0
12/05/2025,75,Đồng Nai,26311,Xã Quang Trung,0.0,0.0,0.0
12/05/2025,75,Đồng Nai,26317,Xã Hưng Lộc,0.0,0.0,0.0
12/05/2025,75,Đồng Nai,26326,Thị Trấn Dầu Giây,0.0,0.0,0.0
12/05/2025,75,Đồng Nai,26362,Xã Sông Ray,0.0,0.0,0.0
12/05/2025,75,Đồng Nai,26368,Thị Trấn Long Thành,0.0,0.0,0.0
12/05/2025,75,Đồng Nai,26374,Phường Tam Phước,0.0,0.0,0.0
12/05/2025,75,Đồng Nai,26377,Phường Phước Tân,10501503.0,0.0,0.0
12/05/2025,75,Đồng Nai,26389,Xã Long Đức,0.0,0.0,0.0
12/05/2025,75,Đồng Nai,26416,Xã Phước Bình,0.0,0.0,0.0
12/05/2025,75,Đồng Nai,26440,Xã Xuân Trường,0.0,0.0,0.0
12/05/2025,75,Đồng Nai,26449,Xã Xuân Tâm,0.0,0.0,0.0
12/05/2025,75,Đồng Nai,26452,Xã Suối Cát,0.0,0.0,0.0
12/05/2025,75,Đồng Nai,26455,Xã Xuân Hiệp,0.0,0.0,0.0
12/05/2025,75,Đồng Nai,26485,Xã Phú Hội,0.0,0.0,0.0
12/05/2025,75,Đồng Nai,26497,Xã Vĩnh Thanh,0.0,0.0,0.0
12/06/2025,75,Đồng Nai,25996,Phường Tân Phong,19382639.52,0.0,0.0
12/06/2025,75,Đồng Nai,26017,Phường Tam Hiệp,0.0,0.0,0.0
12/06/2025,75,Đồng Nai,26020,Phường Long Bình,2160746.0,0.0,0.0
12/06/2025,75,Đồng Nai,26029,Phường Thống Nhất,0.0,0.0,0.0
12/06/2025,75,Đồng Nai,26050,Phường An Bình,0.0,0.0,0.0
12/06/2025,75,Đồng Nai,26056,Phường Long Bình Tân,311122743.0,0.0,0.0
12/06/2025,75,Đồng Nai,26068,Phường Hóa An,39339998.0,0.0,0.0
12/06/2025,75,Đồng Nai,26095,Phường Suối Tre,242251572.5,0.0,0.0
12/06/2025,75,Đồng Nai,26206,Thị Trấn Định Quán,274261174.0,0.0,0.0
12/06/2025,75,Đồng Nai,26239,Xã Túc Trưng,0.0,0.0,0.0
12/06/2025,75,Đồng Nai,26272,Xã Hố Nai 3,40853858.0,0.0,0.0
12/06/2025,75,Đồng Nai,26296,Xã An Viễn,0.0,0.0,0.0
12/06/2025,75,Đồng Nai,26299,Xã Gia Tân 1,0.0,0.0,0.0
12/06/2025,75,Đồng Nai,26311,Xã Quang Trung,1555486.0,0.0,0.0
12/06/2025,75,Đồng Nai,26317,Xã Hưng Lộc,0.0,0.0,0.0
12/06/2025,75,Đồng Nai,26326,Thị Trấn Dầu Giây,129473006.0,0.0,0.0
12/06/2025,75,Đồng Nai,26362,Xã Sông Ray,0.0,0.0,0.0
12/06/2025,75,Đồng Nai,26368,Thị Trấn Long Thành,103316778.0,0.0,0.0
12/06/2025,75,Đồng Nai,26374,Phường Tam Phước,0.0,0.0,0.0
12/06/2025,75,Đồng Nai,26377,Phường Phước Tân,40534529.0,0.0,0.0
12/06/2025,75,Đồng Nai,26416,Xã Phước Bình,0.0,0.0,0.0
12/06/2025,75,Đồng Nai,26452,Xã Suối Cát,51825115.0,0.0,0.0
12/06/2025,75,Đồng Nai,26455,Xã Xuân Hiệp,14980640.0,0.0,0.0
12/06/2025,75,Đồng Nai,26497,Xã Vĩnh Thanh,29404973.0,0.0,0.0
12/07/2025,75,Đồng Nai,25996,Phường Tân Phong,3147600.0,0.0,0.0
12/07/2025,75,Đồng Nai,26017,Phường Tam Hiệp,6289436.0,0.0,0.0
12/07/2025,75,Đồng Nai,26056,Phường Long Bình Tân,275365971.0,0.0,0.0
12/07/2025,75,Đồng Nai,26068,Phường Hóa An,1152038.0,0.0,0.0
12/07/2025,75,Đồng Nai,26095,Phường Suối Tre,135722376.0,0.0,0.0
12/07/2025,75,Đồng Nai,26116,Thị Trấn Tân Phú,48377580.0,0.0,0.0
12/07/2025,75,Đồng Nai,26188,Xã Thạnh Phú,16830750.0,0.0,0.0
12/07/2025,75,Đồng Nai,26206,Thị Trấn Định Quán,140832511.4,0.0,0.0
12/07/2025,75,Đồng Nai,26272,Xã Hố Nai 3,100581102.0,0.0,0.0
12/07/2025,75,Đồng Nai,26296,Xã An Viễn,34675131.0,0.0,0.0
12/07/2025,75,Đồng Nai,26299,Xã Gia Tân 1,3299980.0,0.0,0.0
12/07/2025,75,Đồng Nai,26311,Xã Quang Trung,40374088.0,0.0,0.0
12/07/2025,75,Đồng Nai,26326,Thị Trấn Dầu Giây,15812856.0,0.0,0.0
12/07/2025,75,Đồng Nai,26368,Thị Trấn Long Thành,23331662.6,0.0,0.0
12/07/2025,75,Đồng Nai,26374,Phường Tam Phước,20155832.0,0.0,0.0
12/07/2025,75,Đồng Nai,26377,Phường Phước Tân,10500548.0,0.0,0.0
12/07/2025,75,Đồng Nai,26455,Xã Xuân Hiệp,4244926.0,0.0,0.0
12/07/2025,75,Đồng Nai,26497,Xã Vĩnh Thanh,9390880.0,0.0,0.0
12/08/2023,75,Đồng Nai,26248,Thị Trấn Trảng Bom,0.0,0.0,0.0
12/08/2025,75,Đồng Nai,25993,Phường Trảng Dài,43352259.0,0.0,0.0
12/08/2025,75,Đồng Nai,25996,Phường Tân Phong,116549548.24,0.0,0.0
12/08/2025,75,Đồng Nai,26056,Phường Long Bình Tân,585809460.0,0.0,0.0
12/08/2025,75,Đồng Nai,26068,Phường Hóa An,38553907.0,0.0,0.0
12/08/2025,75,Đồng Nai,26095,Phường Suối Tre,848923847.2,0.0,0.0
12/08/2025,75,Đồng Nai,26188,Xã Thạnh Phú,93587143.0,0.0,0.0
12/08/2025,75,Đồng Nai,26206,Thị Trấn Định Quán,552730146.0,0.0,0.0
12/08/2025,75,Đồng Nai,26272,Xã Hố Nai 3,200073326.0,0.0,0.0
12/08/2025,75,Đồng Nai,26296,Xã An Viễn,18106812.0,0.0,0.0
12/08/2025,75,Đồng Nai,26311,Xã Quang Trung,58615581.0,0.0,0.0
12/08/2025,75,Đồng Nai,26317,Xã Hưng Lộc,29798953.0,0.0,0.0
12/08/2025,75,Đồng Nai,26362,Xã Sông Ray,8158139.0,0.0,0.0
12/08/2025,75,Đồng Nai,26368,Thị Trấn Long Thành,269981290.8,0.0,0.0
12/08/2025,75,Đồng Nai,26416,Xã Phước Bình,21903666.0,0.0,0.0
12/08/2025,75,Đồng Nai,26455,Xã Xuân Hiệp,10490548.0,0.0,0.0
12/08/2025,75,Đồng Nai,26497,Xã Vĩnh Thanh,28202385.0,0.0,0.0
12/09/2024,75,Đồng Nai,26248,Thị Trấn Trảng Bom,0.0,0.0,0.0
12/09/2025,75,Đồng Nai,25993,Phường Trảng Dài,7748580.0,0.0,0.0
12/09/2025,75,Đồng Nai,26188,Xã Thạnh Phú,30336364.0,0.0,0.0
12/09/2025,75,Đồng Nai,26389,Xã Long Đức,12021978.0,0.0,0.0
12/10/2023,75,Đồng Nai,26248,Thị Trấn Trảng Bom,0.0,0.0,0.0
13/01/2025,75,Đồng Nai,26080,Phường Xuân An,0.0,0.0,0.0
13/01/2025,75,Đồng Nai,26248,Thị Trấn Trảng Bom,0.0,0.0,0.0
13/01/2025,75,Đồng Nai,26341,Thị Trấn Long Giao,0.0,0.0,0.0
13/01/2025,75,Đồng Nai,26452,Xã Suối Cát,0.0,0.0,0.0
13/02/2025,75,Đồng Nai,25993,Phường Trảng Dài,0.0,0.0,0.0
13/02/2025,75,Đồng Nai,26026,Phường Tân Mai,0.0,0.0,0.0
13/02/2025,75,Đồng Nai,26080,Phường Xuân An,0.0,0.0,0.0
13/02/2025,75,Đồng Nai,26248,Thị Trấn Trảng Bom,0.0,0.0,0.0
13/02/2025,75,Đồng Nai,26341,Thị Trấn Long Giao,0.0,0.0,0.0
13/02/2025,75,Đồng Nai,26452,Xã Suối Cát,0.0,0.0,0.0
13/03/2019,75,Đồng Nai,26248,Thị Trấn Trảng Bom,0.0,0.0,0.0
13/03/2025,75,Đồng Nai,25996,Phường Tân Phong,0.0,0.0,0.0
13/03/2025,75,Đồng Nai,26026,Phường Tân Mai,0.0,0.0,0.0
13/03/2025,75,Đồng Nai,26248,Thị Trấn Trảng Bom,0.0,0.0,0.0
13/03/2025,75,Đồng Nai,26254,Xã Cây Gáo,0.0,0.0,0.0
13/03/2025,75,Đồng Nai,26452,Xã Suối Cát,0.0,0.0,0.0
13/04/2025,75,Đồng Nai,25999,Phường Tân Biên,0.0,0.0,0.0
13/04/2025,75,Đồng Nai,26008,Phường Tân Hiệp,0.0,0.0,0.0
13/04/2025,75,Đồng Nai,26068,Phường Hóa An,0.0,0.0,0.0
13/04/2025,75,Đồng Nai,26095,Phường Suối Tre,0.0,0.0,0.0
13/04/2025,75,Đồng Nai,26116,Thị Trấn Tân Phú,0.0,0.0,0.0
13/04/2025,75,Đồng Nai,26206,Thị Trấn Định Quán,0.0,0.0,0.0
13/04/2025,75,Đồng Nai,26248,Thị Trấn Trảng Bom,0.0,0.0,0.0
13/04/2025,75,Đồng Nai,26272,Xã Hố Nai 3,0.0,0.0,0.0
13/04/2025,75,Đồng Nai,26326,Thị Trấn Dầu Giây,0.0,0.0,0.0
13/04/2025,75,Đồng Nai,26341,Thị Trấn Long Giao,0.0,0.0,0.0
13/04/2025,75,Đồng Nai,26368,Thị Trấn Long Thành,0.0,0.0,0.0
13/04/2025,75,Đồng Nai,26377,Phường Phước Tân,0.0,0.0,0.0
13/04/2025,75,Đồng Nai,26452,Xã Suối Cát,0.0,0.0,0.0
13/04/2025,75,Đồng Nai,26485,Xã Phú Hội,0.0,0.0,0.0
13/05/2025,75,Đồng Nai,25993,Phường Trảng Dài,0.0,0.0,0.0
13/05/2025,75,Đồng Nai,25996,Phường Tân Phong,21317344.16,0.0,0.0
13/05/2025,75,Đồng Nai,25999,Phường Tân Biên,0.0,0.0,0.0
13/05/2025,75,Đồng Nai,26017,Phường Tam Hiệp,0.0,0.0,0.0
13/05/2025,75,Đồng Nai,26029,Phường Thống Nhất,0.0,0.0,0.0
13/05/2025,75,Đồng Nai,26068,Phường Hóa An,0.0,0.0,0.0
13/05/2025,75,Đồng Nai,26095,Phường Suối Tre,0.0,0.0,0.0
13/05/2025,75,Đồng Nai,26116,Thị Trấn Tân Phú,0.0,0.0,0.0
13/05/2025,75,Đồng Nai,26188,Xã Thạnh Phú,0.0,0.0,0.0
13/05/2025,75,Đồng Nai,26206,Thị Trấn Định Quán,0.0,0.0,0.0
13/05/2025,75,Đồng Nai,26272,Xã Hố Nai 3,0.0,0.0,0.0
13/05/2025,75,Đồng Nai,26311,Xã Quang Trung,0.0,0.0,0.0
13/05/2025,75,Đồng Nai,26317,Xã Hưng Lộc,0.0,0.0,0.0
13/05/2025,75,Đồng Nai,26326,Thị Trấn Dầu Giây,5518630.0,0.0,0.0
13/05/2025,75,Đồng Nai,26362,Xã Sông Ray,0.0,0.0,0.0
13/05/2025,75,Đồng Nai,26368,Thị Trấn Long Thành,0.0,0.0,0.0
13/05/2025,75,Đồng Nai,26374,Phường Tam Phước,0.0,0.0,0.0
13/05/2025,75,Đồng Nai,26377,Phường Phước Tân,10414271.0,0.0,0.0
13/05/2025,75,Đồng Nai,26452,Xã Suối Cát,0.0,0.0,0.0
13/05/2025,75,Đồng Nai,26455,Xã Xuân Hiệp,0.0,0.0,0.0
13/05/2025,75,Đồng Nai,26479,Thị Trấn Hiệp Phước,0.0,0.0,0.0
13/05/2025,75,Đồng Nai,26485,Xã Phú Hội,0.0,0.0,0.0
13/05/2025,75,Đồng Nai,26497,Xã Vĩnh Thanh,0.0,0.0,0.0
13/06/2025,75,Đồng Nai,25996,Phường Tân Phong,2975050.56,0.0,0.0
13/06/2025,75,Đồng Nai,26002,Phường Hố Nai,0.0,0.0,0.0
13/06/2025,75,Đồng Nai,26017,Phường Tam Hiệp,0.0,0.0,0.0
13/06/2025,75,Đồng Nai,26020,Phường Long Bình,2529635.0,0.0,0.0
13/06/2025,75,Đồng Nai,26029,Phường Thống Nhất,0.0,0.0,0.0
13/06/2025,75,Đồng Nai,26050,Phường An Bình,0.0,0.0,0.0
13/06/2025,75,Đồng Nai,26056,Phường Long Bình Tân,210149454.0,0.0,0.0
13/06/2025,75,Đồng Nai,26068,Phường Hóa An,30675096.0,0.0,0.0
13/06/2025,75,Đồng Nai,26095,Phường Suối Tre,215042145.5,0.0,0.0
13/06/2025,75,Đồng Nai,26206,Thị Trấn Định Quán,408764839.1,0.0,0.0
13/06/2025,75,Đồng Nai,26239,Xã Túc Trưng,0.0,0.0,0.0
13/06/2025,75,Đồng Nai,26272,Xã Hố Nai 3,22754625.0,0.0,0.0
13/06/2025,75,Đồng Nai,26296,Xã An Viễn,0.0,0.0,0.0
13/06/2025,75,Đồng Nai,26299,Xã Gia Tân 1,0.0,0.0,0.0
13/06/2025,75,Đồng Nai,26311,Xã Quang Trung,6919342.0,0.0,0.0
13/06/2025,75,Đồng Nai,26317,Xã Hưng Lộc,0.0,0.0,0.0
13/06/2025,75,Đồng Nai,26326,Thị Trấn Dầu Giây,168592181.0,0.0,0.0
13/06/2025,75,Đồng Nai,26362,Xã Sông Ray,0.0,0.0,0.0
13/06/2025,75,Đồng Nai,26368,Thị Trấn Long Thành,111274272.2,0.0,0.0
13/06/2025,75,Đồng Nai,26374,Phường Tam Phước,9946143.0,0.0,0.0
13/06/2025,75,Đồng Nai,26377,Phường Phước Tân,36742633.0,0.0,0.0
13/06/2025,75,Đồng Nai,26416,Xã Phước Bình,0.0,0.0,0.0
13/06/2025,75,Đồng Nai,26452,Xã Suối Cát,24609663.0,0.0,0.0
13/06/2025,75,Đồng Nai,26455,Xã Xuân Hiệp,17454818.0,0.0,0.0
13/06/2025,75,Đồng Nai,26497,Xã Vĩnh Thanh,20172198.0,0.0,0.0
13/07/2025,75,Đồng Nai,25996,Phường Tân Phong,10034307.0,0.0,0.0
13/07/2025,75,Đồng Nai,26017,Phường Tam Hiệp,229000.0,0.0,0.0
13/07/2025,75,Đồng Nai,26029,Phường Thống Nhất,0.0,0.0,0.0
13/07/2025,75,Đồng Nai,26056,Phường Long Bình Tân,101343418.0,0.0,0.0
13/07/2025,75,Đồng Nai,26095,Phường Suối Tre,194084614.0,0.0,0.0
13/07/2025,75,Đồng Nai,26116,Thị Trấn Tân Phú,62863916.0,0.0,0.0
13/07/2025,75,Đồng Nai,26188,Xã Thạnh Phú,10029828.0,0.0,0.0
13/07/2025,75,Đồng Nai,26206,Thị Trấn Định Quán,17820292.0,0.0,0.0
13/07/2025,75,Đồng Nai,26272,Xã Hố Nai 3,86579625.0,0.0,0.0
13/07/2025,75,Đồng Nai,26296,Xã An Viễn,15864792.0,0.0,0.0
13/07/2025,75,Đồng Nai,26311,Xã Quang Trung,31454911.0,0.0,0.0
13/07/2025,75,Đồng Nai,26317,Xã Hưng Lộc,3438004.0,0.0,0.0
13/07/2025,75,Đồng Nai,26326,Thị Trấn Dầu Giây,24146671.0,0.0,0.0
13/07/2025,75,Đồng Nai,26368,Thị Trấn Long Thành,74821620.6,0.0,0.0
13/07/2025,75,Đồng Nai,26377,Phường Phước Tân,18248403.0,0.0,0.0
13/07/2025,75,Đồng Nai,26455,Xã Xuân Hiệp,1045916.0,0.0,0.0
13/07/2025,75,Đồng Nai,26497,Xã Vĩnh Thanh,4469164.0,0.0,0.0
13/08/2024,75,Đồng Nai,26248,Thị Trấn Trảng Bom,0.0,0.0,0.0
13/08/2025,75,Đồng Nai,25993,Phường Trảng Dài,88042960.0,0.0,0.0
13/08/2025,75,Đồng Nai,25996,Phường Tân Phong,41021502.28,0.0,0.0
13/08/2025,75,Đồng Nai,26017,Phường Tam Hiệp,15511426.0,0.0,0.0
13/08/2025,75,Đồng Nai,26029,Phường Thống Nhất,0.0,0.0,0.0
13/08/2025,75,Đồng Nai,26050,Phường An Bình,10030863.0,0.0,0.0
13/08/2025,75,Đồng Nai,26056,Phường Long Bình Tân,716822201.5,0.0,0.0
13/08/2025,75,Đồng Nai,26068,Phường Hóa An,43928273.0,0.0,0.0
13/08/2025,75,Đồng Nai,26095,Phường Suối Tre,512159858.8,0.0,0.0
13/08/2025,75,Đồng Nai,26188,Xã Thạnh Phú,54467235.0,0.0,0.0
13/08/2025,75,Đồng Nai,26206,Thị Trấn Định Quán,508530663.8,0.0,0.0
13/08/2025,75,Đồng Nai,26272,Xã Hố Nai 3,193472017.0,0.0,0.0
13/08/2025,75,Đồng Nai,26296,Xã An Viễn,14244244.0,0.0,0.0
13/08/2025,75,Đồng Nai,26311,Xã Quang Trung,45752814.0,0.0,0.0
13/08/2025,75,Đồng Nai,26317,Xã Hưng Lộc,24524260.0,0.0,0.0
13/08/2025,75,Đồng Nai,26362,Xã Sông Ray,12874799.0,0.0,0.0
13/08/2025,75,Đồng Nai,26368,Thị Trấn Long Thành,326465068.2,0.0,0.0
13/08/2025,75,Đồng Nai,26416,Xã Phước Bình,35708786.0,0.0,0.0
13/08/2025,75,Đồng Nai,26455,Xã Xuân Hiệp,2913120.0,0.0,0.0
13/08/2025,75,Đồng Nai,26497,Xã Vĩnh Thanh,33275312.0,0.0,0.0
13/10/2023,75,Đồng Nai,26248,Thị Trấn Trảng Bom,0.0,0.0,0.0
14/01/2025,75,Đồng Nai,26080,Phường Xuân An,0.0,0.0,0.0
14/01/2025,75,Đồng Nai,26248,Thị Trấn Trảng Bom,0.0,0.0,0.0
14/01/2025,75,Đồng Nai,26341,Thị Trấn Long Giao,0.0,0.0,0.0
14/01/2025,75,Đồng Nai,26452,Xã Suối Cát,0.0,0.0,0.0
14/02/2025,75,Đồng Nai,26026,Phường Tân Mai,0.0,0.0,0.0
14/02/2025,75,Đồng Nai,26029,Phường Thống Nhất,0.0,0.0,0.0
14/02/2025,75,Đồng Nai,26080,Phường Xuân An,0.0,0.0,0.0
14/02/2025,75,Đồng Nai,26248,Thị Trấn Trảng Bom,0.0,0.0,0.0
14/02/2025,75,Đồng Nai,26341,Thị Trấn Long Giao,0.0,0.0,0.0
14/02/2025,75,Đồng Nai,26452,Xã Suối Cát,0.0,0.0,0.0
14/03/2024,75,Đồng Nai,26248,Thị Trấn Trảng Bom,0.0,0.0,0.0
14/03/2025,75,Đồng Nai,25996,Phường Tân Phong,0.0,0.0,0.0
14/03/2025,75,Đồng Nai,26026,Phường Tân Mai,0.0,0.0,0.0
14/03/2025,75,Đồng Nai,26080,Phường Xuân An,0.0,0.0,0.0
14/03/2025,75,Đồng Nai,26095,Phường Suối Tre,0.0,0.0,0.0
14/03/2025,75,Đồng Nai,26248,Thị Trấn Trảng Bom,0.0,0.0,0.0
14/03/2025,75,Đồng Nai,26254,Xã Cây Gáo,0.0,0.0,0.0
14/03/2025,75,Đồng Nai,26326,Thị Trấn Dầu Giây,0.0,0.0,0.0
14/03/2025,75,Đồng Nai,26452,Xã Suối Cát,0.0,0.0,0.0
14/04/2025,75,Đồng Nai,25993,Phường Trảng Dài,0.0,0.0,0.0
14/04/2025,75,Đồng Nai,25996,Phường Tân Phong,0.0,0.0,0.0
14/04/2025,75,Đồng Nai,25999,Phường Tân Biên,0.0,0.0,0.0
14/04/2025,75,Đồng Nai,26095,Phường Suối Tre,0.0,0.0,0.0
14/04/2025,75,Đồng Nai,26116,Thị Trấn Tân Phú,0.0,0.0,0.0
14/04/2025,75,Đồng Nai,26206,Thị Trấn Định Quán,0.0,0.0,0.0
14/04/2025,75,Đồng Nai,26248,Thị Trấn Trảng Bom,0.0,0.0,0.0
14/04/2025,75,Đồng Nai,26272,Xã Hố Nai 3,0.0,0.0,0.0
14/04/2025,75,Đồng Nai,26326,Thị Trấn Dầu Giây,0.0,0.0,0.0
14/04/2025,75,Đồng Nai,26341,Thị Trấn Long Giao,0.0,0.0,0.0
14/04/2025,75,Đồng Nai,26362,Xã Sông Ray,0.0,0.0,0.0
14/04/2025,75,Đồng Nai,26368,Thị Trấn Long Thành,0.0,0.0,0.0
14/04/2025,75,Đồng Nai,26377,Phường Phước Tân,0.0,0.0,0.0
14/04/2025,75,Đồng Nai,26452,Xã Suối Cát,0.0,0.0,0.0
14/05/2025,75,Đồng Nai,25996,Phường Tân Phong,0.0,0.0,0.0
14/05/2025,75,Đồng Nai,25999,Phường Tân Biên,0.0,0.0,0.0
14/05/2025,75,Đồng Nai,26017,Phường Tam Hiệp,0.0,0.0,0.0
14/05/2025,75,Đồng Nai,26029,Phường Thống Nhất,0.0,0.0,0.0
14/05/2025,75,Đồng Nai,26056,Phường Long Bình Tân,152945170.0,0.0,0.0
14/05/2025,75,Đồng Nai,26068,Phường Hóa An,0.0,0.0,0.0
14/05/2025,75,Đồng Nai,26095,Phường Suối Tre,0.0,0.0,0.0
14/05/2025,75,Đồng Nai,26116,Thị Trấn Tân Phú,0.0,0.0,0.0
14/05/2025,75,Đồng Nai,26188,Xã Thạnh Phú,0.0,0.0,0.0
14/05/2025,75,Đồng Nai,26206,Thị Trấn Định Quán,0.0,0.0,0.0
14/05/2025,75,Đồng Nai,26272,Xã Hố Nai 3,0.0,0.0,0.0
14/05/2025,75,Đồng Nai,26299,Xã Gia Tân 1,0.0,0.0,0.0
14/05/2025,75,Đồng Nai,26311,Xã Quang Trung,0.0,0.0,0.0
14/05/2025,75,Đồng Nai,26317,Xã Hưng Lộc,0.0,0.0,0.0
14/05/2025,75,Đồng Nai,26326,Thị Trấn Dầu Giây,0.0,0.0,0.0
14/05/2025,75,Đồng Nai,26362,Xã Sông Ray,0.0,0.0,0.0
14/05/2025,75,Đồng Nai,26368,Thị Trấn Long Thành,81119620.8,0.0,0.0
14/05/2025,75,Đồng Nai,26374,Phường Tam Phước,0.0,0.0,0.0
14/05/2025,75,Đồng Nai,26377,Phường Phước Tân,12459636.0,0.0,0.0
14/05/2025,75,Đồng Nai,26452,Xã Suối Cát,0.0,0.0,0.0
14/05/2025,75,Đồng Nai,26455,Xã Xuân Hiệp,0.0,0.0,0.0
14/05/2025,75,Đồng Nai,26497,Xã Vĩnh Thanh,0.0,0.0,0.0
14/06/2025,75,Đồng Nai,25996,Phường Tân Phong,0.0,0.0,0.0
14/06/2025,75,Đồng Nai,26017,Phường Tam Hiệp,0.0,0.0,0.0
14/06/2025,75,Đồng Nai,26020,Phường Long Bình,1628039.0,0.0,0.0
14/06/2025,75,Đồng Nai,26029,Phường Thống Nhất,0.0,0.0,0.0
14/06/2025,75,Đồng Nai,26050,Phường An Bình,0.0,0.0,0.0
14/06/2025,75,Đồng Nai,26056,Phường Long Bình Tân,234274258.0,0.0,0.0
14/06/2025,75,Đồng Nai,26068,Phường Hóa An,35692489.0,0.0,0.0
14/06/2025,75,Đồng Nai,26095,Phường Suối Tre,264266543.9,0.0,0.0
14/06/2025,75,Đồng Nai,26206,Thị Trấn Định Quán,251020026.0,0.0,0.0
14/06/2025,75,Đồng Nai,26239,Xã Túc Trưng,0.0,0.0,0.0
14/06/2025,75,Đồng Nai,26272,Xã Hố Nai 3,59740698.0,0.0,0.0
14/06/2025,75,Đồng Nai,26296,Xã An Viễn,0.0,0.0,0.0
14/06/2025,75,Đồng Nai,26299,Xã Gia Tân 1,0.0,0.0,0.0
14/06/2025,75,Đồng Nai,26311,Xã Quang Trung,3487812.0,0.0,0.0
14/06/2025,75,Đồng Nai,26317,Xã Hưng Lộc,1313212.0,0.0,0.0
14/06/2025,75,Đồng Nai,26326,Thị Trấn Dầu Giây,58275240.0,0.0,0.0
14/06/2025,75,Đồng Nai,26362,Xã Sông Ray,0.0,0.0,0.0
14/06/2025,75,Đồng Nai,26368,Thị Trấn Long Thành,133341836.2,0.0,0.0
14/06/2025,75,Đồng Nai,26374,Phường Tam Phước,20376219.0,0.0,0.0
14/06/2025,75,Đồng Nai,26377,Phường Phước Tân,12666467.0,0.0,0.0
14/06/2025,75,Đồng Nai,26416,Xã Phước Bình,8960000.0,0.0,0.0
14/06/2025,75,Đồng Nai,26452,Xã Suối Cát,15262367.0,0.0,0.0
14/06/2025,75,Đồng Nai,26455,Xã Xuân Hiệp,11941505.0,0.0,0.0
14/06/2025,75,Đồng Nai,26497,Xã Vĩnh Thanh,20280353.0,0.0,0.0
14/07/2025,75,Đồng Nai,25996,Phường Tân Phong,148716879.66,0.0,0.0
14/07/2025,75,Đồng Nai,26017,Phường Tam Hiệp,14623024.0,0.0,0.0
14/07/2025,75,Đồng Nai,26056,Phường Long Bình Tân,553939449.0,0.0,0.0
14/07/2025,75,Đồng Nai,26068,Phường Hóa An,8932298.0,0.0,0.0
14/07/2025,75,Đồng Nai,26095,Phường Suối Tre,721567433.9,0.0,0.0
14/07/2025,75,Đồng Nai,26116,Thị Trấn Tân Phú,180434720.0,0.0,0.0
14/07/2025,75,Đồng Nai,26188,Xã Thạnh Phú,20273753.0,0.0,0.0
14/07/2025,75,Đồng Nai,26206,Thị Trấn Định Quán,79629029.0,0.0,0.0
14/07/2025,75,Đồng Nai,26272,Xã Hố Nai 3,220192300.0,0.0,0.0
14/07/2025,75,Đồng Nai,26296,Xã An Viễn,37344577.0,0.0,0.0
14/07/2025,75,Đồng Nai,26311,Xã Quang Trung,61825361.0,0.0,0.0
14/07/2025,75,Đồng Nai,26317,Xã Hưng Lộc,20924064.0,0.0,0.0
14/07/2025,75,Đồng Nai,26326,Thị Trấn Dầu Giây,65530890.0,0.0,0.0
14/07/2025,75,Đồng Nai,26362,Xã Sông Ray,10923326.0,0.0,0.0
14/07/2025,75,Đồng Nai,26368,Thị Trấn Long Thành,103491278.2,0.0,0.0
14/07/2025,75,Đồng Nai,26374,Phường Tam Phước,6921245.0,0.0,0.0
14/07/2025,75,Đồng Nai,26377,Phường Phước Tân,43933805.0,0.0,0.0
14/07/2025,75,Đồng Nai,26452,Xã Suối Cát,6065700.0,0.0,0.0
14/07/2025,75,Đồng Nai,26455,Xã Xuân Hiệp,2134990.0,0.0,0.0
14/07/2025,75,Đồng Nai,26497,Xã Vĩnh Thanh,26840232.0,0.0,0.0
14/08/2025,75,Đồng Nai,25993,Phường Trảng Dài,105792195.0,0.0,0.0
14/08/2025,75,Đồng Nai,25996,Phường Tân Phong,43768613.21,0.0,0.0
14/08/2025,75,Đồng Nai,26017,Phường Tam Hiệp,19937851.0,0.0,0.0
14/08/2025,75,Đồng Nai,26029,Phường Thống Nhất,0.0,0.0,0.0
14/08/2025,75,Đồng Nai,26050,Phường An Bình,13752419.0,0.0,0.0
14/08/2025,75,Đồng Nai,26056,Phường Long Bình Tân,675156407.0,0.0,0.0
14/08/2025,75,Đồng Nai,26068,Phường Hóa An,34254916.0,0.0,0.0
14/08/2025,75,Đồng Nai,26095,Phường Suối Tre,576872858.6,0.0,0.0
14/08/2025,75,Đồng Nai,26188,Xã Thạnh Phú,36842595.0,0.0,0.0
14/08/2025,75,Đồng Nai,26206,Thị Trấn Định Quán,672902479.6,0.0,0.0
14/08/2025,75,Đồng Nai,26272,Xã Hố Nai 3,170078439.0,0.0,0.0
14/08/2025,75,Đồng Nai,26296,Xã An Viễn,1511772.0,0.0,0.0
14/08/2025,75,Đồng Nai,26311,Xã Quang Trung,49974502.0,0.0,0.0
14/08/2025,75,Đồng Nai,26317,Xã Hưng Lộc,26585626.0,0.0,0.0
14/08/2025,75,Đồng Nai,26362,Xã Sông Ray,28986998.0,0.0,0.0
14/08/2025,75,Đồng Nai,26368,Thị Trấn Long Thành,199973432.8,0.0,0.0
14/08/2025,75,Đồng Nai,26389,Xã Long Đức,5964780.0,0.0,0.0
14/08/2025,75,Đồng Nai,26416,Xã Phước Bình,29136681.0,0.0,0.0
14/08/2025,75,Đồng Nai,26455,Xã Xuân Hiệp,2276400.0,0.0,0.0
14/08/2025,75,Đồng Nai,26497,Xã Vĩnh Thanh,20481710.0,0.0,0.0
14/10/2024,75,Đồng Nai,26341,Thị Trấn Long Giao,0.0,0.0,0.0
14/11/2023,75,Đồng Nai,26248,Thị Trấn Trảng Bom,0.0,0.0,0.0
14/12/2024,75,Đồng Nai,26341,Thị Trấn Long Giao,0.0,0.0,0.0
15/01/2025,75,Đồng Nai,26080,Phường Xuân An,0.0,0.0,0.0
15/01/2025,75,Đồng Nai,26248,Thị Trấn Trảng Bom,0.0,0.0,0.0
15/01/2025,75,Đồng Nai,26341,Thị Trấn Long Giao,0.0,0.0,0.0
15/01/2025,75,Đồng Nai,26452,Xã Suối Cát,0.0,0.0,0.0
15/02/2025,75,Đồng Nai,26248,Thị Trấn Trảng Bom,0.0,0.0,0.0
15/02/2025,75,Đồng Nai,26341,Thị Trấn Long Giao,0.0,0.0,0.0
15/02/2025,75,Đồng Nai,26452,Xã Suối Cát,0.0,0.0,0.0
15/03/2025,75,Đồng Nai,26248,Thị Trấn Trảng Bom,0.0,0.0,0.0
15/03/2025,75,Đồng Nai,26254,Xã Cây Gáo,0.0,0.0,0.0
15/03/2025,75,Đồng Nai,26272,Xã Hố Nai 3,0.0,0.0,0.0
15/03/2025,75,Đồng Nai,26452,Xã Suối Cát,0.0,0.0,0.0
15/04/2025,75,Đồng Nai,25993,Phường Trảng Dài,0.0,0.0,0.0
15/04/2025,75,Đồng Nai,25996,Phường Tân Phong,0.0,0.0,0.0
15/04/2025,75,Đồng Nai,25999,Phường Tân Biên,0.0,0.0,0.0
15/04/2025,75,Đồng Nai,26095,Phường Suối Tre,0.0,0.0,0.0
15/04/2025,75,Đồng Nai,26116,Thị Trấn Tân Phú,0.0,0.0,0.0
15/04/2025,75,Đồng Nai,26206,Thị Trấn Định Quán,0.0,0.0,0.0
15/04/2025,75,Đồng Nai,26248,Thị Trấn Trảng Bom,0.0,0.0,0.0
15/04/2025,75,Đồng Nai,26272,Xã Hố Nai 3,0.0,0.0,0.0
15/04/2025,75,Đồng Nai,26275,Xã Tây Hoà,0.0,0.0,0.0
15/04/2025,75,Đồng Nai,26326,Thị Trấn Dầu Giây,0.0,0.0,0.0
15/04/2025,75,Đồng Nai,26341,Thị Trấn Long Giao,0.0,0.0,0.0
15/04/2025,75,Đồng Nai,26368,Thị Trấn Long Thành,0.0,0.0,0.0
15/04/2025,75,Đồng Nai,26377,Phường Phước Tân,0.0,0.0,0.0
15/04/2025,75,Đồng Nai,26452,Xã Suối Cát,0.0,0.0,0.0
15/04/2025,75,Đồng Nai,26455,Xã Xuân Hiệp,0.0,0.0,0.0
15/04/2025,75,Đồng Nai,26470,Xã Phước Thiền,0.0,0.0,0.0
15/04/2025,75,Đồng Nai,26485,Xã Phú Hội,0.0,0.0,0.0
15/05/2025,75,Đồng Nai,25996,Phường Tân Phong,0.0,0.0,0.0
15/05/2025,75,Đồng Nai,25999,Phường Tân Biên,0.0,0.0,0.0
15/05/2025,75,Đồng Nai,26017,Phường Tam Hiệp,0.0,0.0,0.0
15/05/2025,75,Đồng Nai,26029,Phường Thống Nhất,0.0,0.0,0.0
15/05/2025,75,Đồng Nai,26068,Phường Hóa An,0.0,0.0,0.0
15/05/2025,75,Đồng Nai,26095,Phường Suối Tre,0.0,0.0,0.0
15/05/2025,75,Đồng Nai,26116,Thị Trấn Tân Phú,0.0,0.0,0.0
15/05/2025,75,Đồng Nai,26188,Xã Thạnh Phú,0.0,0.0,0.0
15/05/2025,75,Đồng Nai,26206,Thị Trấn Định Quán,0.0,0.0,0.0
15/05/2025,75,Đồng Nai,26272,Xã Hố Nai 3,0.0,0.0,0.0
15/05/2025,75,Đồng Nai,26299,Xã Gia Tân 1,0.0,0.0,0.0
15/05/2025,75,Đồng Nai,26311,Xã Quang Trung,0.0,0.0,0.0
15/05/2025,75,Đồng Nai,26317,Xã Hưng Lộc,0.0,0.0,0.0
15/05/2025,75,Đồng Nai,26326,Thị Trấn Dầu Giây,2354300.0,0.0,0.0
15/05/2025,75,Đồng Nai,26362,Xã Sông Ray,0.0,0.0,0.0
15/05/2025,75,Đồng Nai,26368,Thị Trấn Long Thành,38672882.0,0.0,0.0
15/05/2025,75,Đồng Nai,26374,Phường Tam Phước,0.0,0.0,0.0
15/05/2025,75,Đồng Nai,26377,Phường Phước Tân,0.0,0.0,0.0
15/05/2025,75,Đồng Nai,26416,Xã Phước Bình,0.0,0.0,0.0
15/05/2025,75,Đồng Nai,26452,Xã Suối Cát,0.0,0.0,0.0
15/05/2025,75,Đồng Nai,26455,Xã Xuân Hiệp,0.0,0.0,0.0
15/05/2025,75,Đồng Nai,26497,Xã Vĩnh Thanh,0.0,0.0,0.0
15/06/2025,75,Đồng Nai,25996,Phường Tân Phong,0.0,0.0,0.0
15/06/2025,75,Đồng Nai,26017,Phường Tam Hiệp,14507144.0,0.0,0.0
15/06/2025,75,Đồng Nai,26029,Phường Thống Nhất,0.0,0.0,0.0
15/06/2025,75,Đồng Nai,26056,Phường Long Bình Tân,144430300.0,0.0,0.0
15/06/2025,75,Đồng Nai,26068,Phường Hóa An,3566600.0,0.0,0.0
15/06/2025,75,Đồng Nai,26095,Phường Suối Tre,376059275.3,0.0,0.0
15/06/2025,75,Đồng Nai,26206,Thị Trấn Định Quán,498585356.0,0.0,0.0
15/06/2025,75,Đồng Nai,26272,Xã Hố Nai 3,104516007.0,0.0,0.0
15/06/2025,75,Đồng Nai,26296,Xã An Viễn,0.0,0.0,0.0
15/06/2025,75,Đồng Nai,26311,Xã Quang Trung,0.0,0.0,0.0
15/06/2025,75,Đồng Nai,26317,Xã Hưng Lộc,0.0,0.0,0.0
15/06/2025,75,Đồng Nai,26326,Thị Trấn Dầu Giây,28442054.0,0.0,0.0
15/06/2025,75,Đồng Nai,26362,Xã Sông Ray,0.0,0.0,0.0
15/06/2025,75,Đồng Nai,26368,Thị Trấn Long Thành,89554400.2,0.0,0.0
15/06/2025,75,Đồng Nai,26374,Phường Tam Phước,45905707.0,0.0,0.0
15/06/2025,75,Đồng Nai,26377,Phường Phước Tân,19555371.0,0.0,0.0
15/06/2025,75,Đồng Nai,26416,Xã Phước Bình,20053000.0,0.0,0.0
15/06/2025,75,Đồng Nai,26452,Xã Suối Cát,16110784.4,0.0,0.0
15/06/2025,75,Đồng Nai,26455,Xã Xuân Hiệp,213904091.0,0.0,0.0
15/06/2025,75,Đồng Nai,26497,Xã Vĩnh Thanh,26999916.0,0.0,0.0
15/07/2025,75,Đồng Nai,25996,Phường Tân Phong,160892388.53,0.0,0.0
15/07/2025,75,Đồng Nai,26017,Phường Tam Hiệp,8833487.0,0.0,0.0
15/07/2025,75,Đồng Nai,26050,Phường An Bình,10530357.0,0.0,0.0
15/07/2025,75,Đồng Nai,26056,Phường Long Bình Tân,313043884.0,0.0,0.0
15/07/2025,75,Đồng Nai,26068,Phường Hóa An,68203142.0,0.0,0.0
15/07/2025,75,Đồng Nai,26095,Phường Suối Tre,383465182.79,0.0,0.0
15/07/2025,75,Đồng Nai,26116,Thị Trấn Tân Phú,161226240.0,0.0,0.0
15/07/2025,75,Đồng Nai,26188,Xã Thạnh Phú,17531852.0,0.0,0.0
15/07/2025,75,Đồng Nai,26206,Thị Trấn Định Quán,108484814.8,0.0,0.0
15/07/2025,75,Đồng Nai,26272,Xã Hố Nai 3,205646876.0,0.0,0.0
15/07/2025,75,Đồng Nai,26296,Xã An Viễn,23108502.0,0.0,0.0
15/07/2025,75,Đồng Nai,26299,Xã Gia Tân 1,8447750.0,0.0,0.0
15/07/2025,75,Đồng Nai,26311,Xã Quang Trung,48239378.0,0.0,0.0
15/07/2025,75,Đồng Nai,26317,Xã Hưng Lộc,14890741.0,0.0,0.0
15/07/2025,75,Đồng Nai,26326,Thị Trấn Dầu Giây,47259187.0,0.0,0.0
15/07/2025,75,Đồng Nai,26362,Xã Sông Ray,11688299.0,0.0,0.0
15/07/2025,75,Đồng Nai,26368,Thị Trấn Long Thành,168899884.0,0.0,0.0
15/07/2025,75,Đồng Nai,26374,Phường Tam Phước,13709318.0,0.0,0.0
15/07/2025,75,Đồng Nai,26377,Phường Phước Tân,67278001.0,0.0,0.0
15/07/2025,75,Đồng Nai,26452,Xã Suối Cát,11645735.0,0.0,0.0
15/07/2025,75,Đồng Nai,26455,Xã Xuân Hiệp,2053100.0,0.0,0.0
15/07/2025,75,Đồng Nai,26497,Xã Vĩnh Thanh,28164006.0,0.0,0.0
15/08/2025,75,Đồng Nai,25993,Phường Trảng Dài,42468638.0,0.0,0.0
15/08/2025,75,Đồng Nai,25996,Phường Tân Phong,47266997.43,0.0,0.0
15/08/2025,75,Đồng Nai,26017,Phường Tam Hiệp,18859805.0,0.0,0.0
15/08/2025,75,Đồng Nai,26029,Phường Thống Nhất,0.0,0.0,0.0
15/08/2025,75,Đồng Nai,26050,Phường An Bình,10248384.0,0.0,0.0
15/08/2025,75,Đồng Nai,26056,Phường Long Bình Tân,435411841.0,0.0,0.0
15/08/2025,75,Đồng Nai,26068,Phường Hóa An,38316028.0,0.0,0.0
15/08/2025,75,Đồng Nai,26095,Phường Suối Tre,526754398.7,0.0,0.0
15/08/2025,75,Đồng Nai,26188,Xã Thạnh Phú,43421259.0,0.0,0.0
15/08/2025,75,Đồng Nai,26206,Thị Trấn Định Quán,556311527.88,0.0,0.0
15/08/2025,75,Đồng Nai,26272,Xã Hố Nai 3,187061027.0,0.0,0.0
15/08/2025,75,Đồng Nai,26296,Xã An Viễn,9699010.0,0.0,0.0
15/08/2025,75,Đồng Nai,26311,Xã Quang Trung,54660869.0,0.0,0.0
15/08/2025,75,Đồng Nai,26317,Xã Hưng Lộc,20909935.99,0.0,0.0
15/08/2025,75,Đồng Nai,26362,Xã Sông Ray,23731336.0,0.0,0.0
15/08/2025,75,Đồng Nai,26368,Thị Trấn Long Thành,284829297.8,0.0,0.0
15/08/2025,75,Đồng Nai,26389,Xã Long Đức,12473214.0,0.0,0.0
15/08/2025,75,Đồng Nai,26416,Xã Phước Bình,29666727.0,0.0,0.0
15/08/2025,75,Đồng Nai,26455,Xã Xuân Hiệp,97338698.0,0.0,0.0
15/08/2025,75,Đồng Nai,26497,Xã Vĩnh Thanh,25694844.0,0.0,0.0
16/01/2025,75,Đồng Nai,25993,Phường Trảng Dài,0.0,0.0,0.0
16/01/2025,75,Đồng Nai,26080,Phường Xuân An,0.0,0.0,0.0
16/01/2025,75,Đồng Nai,26341,Thị Trấn Long Giao,0.0,0.0,0.0
16/01/2025,75,Đồng Nai,26452,Xã Suối Cát,0.0,0.0,0.0
16/02/2025,75,Đồng Nai,26029,Phường Thống Nhất,0.0,0.0,0.0
16/02/2025,75,Đồng Nai,26248,Thị Trấn Trảng Bom,0.0,0.0,0.0
16/02/2025,75,Đồng Nai,26341,Thị Trấn Long Giao,0.0,0.0,0.0
16/02/2025,75,Đồng Nai,26452,Xã Suối Cát,0.0,0.0,0.0
16/03/2025,75,Đồng Nai,26248,Thị Trấn Trảng Bom,0.0,0.0,0.0
16/03/2025,75,Đồng Nai,26452,Xã Suối Cát,0.0,0.0,0.0
16/04/2025,75,Đồng Nai,25993,Phường Trảng Dài,0.0,0.0,0.0
16/04/2025,75,Đồng Nai,25996,Phường Tân Phong,0.0,0.0,0.0
16/04/2025,75,Đồng Nai,25999,Phường Tân Biên,0.0,0.0,0.0
16/04/2025,75,Đồng Nai,26095,Phường Suối Tre,0.0,0.0,0.0
16/04/2025,75,Đồng Nai,26116,Thị Trấn Tân Phú,0.0,0.0,0.0
16/04/2025,75,Đồng Nai,26206,Thị Trấn Định Quán,0.0,0.0,0.0
16/04/2025,75,Đồng Nai,26248,Thị Trấn Trảng Bom,0.0,0.0,0.0
16/04/2025,75,Đồng Nai,26272,Xã Hố Nai 3,0.0,0.0,0.0
16/04/2025,75,Đồng Nai,26275,Xã Tây Hoà,0.0,0.0,0.0
16/04/2025,75,Đồng Nai,26326,Thị Trấn Dầu Giây,0.0,0.0,0.0
16/04/2025,75,Đồng Nai,26341,Thị Trấn Long Giao,0.0,0.0,0.0
16/04/2025,75,Đồng Nai,26368,Thị Trấn Long Thành,0.0,0.0,0.0
16/04/2025,75,Đồng Nai,26377,Phường Phước Tân,0.0,0.0,0.0
16/04/2025,75,Đồng Nai,26452,Xã Suối Cát,0.0,0.0,0.0
16/05/2025,75,Đồng Nai,25996,Phường Tân Phong,9583480.96,0.0,0.0
16/05/2025,75,Đồng Nai,25999,Phường Tân Biên,0.0,0.0,0.0
16/05/2025,75,Đồng Nai,26017,Phường Tam Hiệp,0.0,0.0,0.0
16/05/2025,75,Đồng Nai,26029,Phường Thống Nhất,0.0,0.0,0.0
16/05/2025,75,Đồng Nai,26056,Phường Long Bình Tân,51368565.0,0.0,0.0
16/05/2025,75,Đồng Nai,26068,Phường Hóa An,0.0,0.0,0.0
16/05/2025,75,Đồng Nai,26095,Phường Suối Tre,0.0,0.0,0.0
16/05/2025,75,Đồng Nai,26116,Thị Trấn Tân Phú,0.0,0.0,0.0
16/05/2025,75,Đồng Nai,26188,Xã Thạnh Phú,0.0,0.0,0.0
16/05/2025,75,Đồng Nai,26206,Thị Trấn Định Quán,0.0,0.0,0.0
16/05/2025,75,Đồng Nai,26272,Xã Hố Nai 3,0.0,0.0,0.0
16/05/2025,75,Đồng Nai,26299,Xã Gia Tân 1,0.0,0.0,0.0
16/05/2025,75,Đồng Nai,26311,Xã Quang Trung,0.0,0.0,0.0
16/05/2025,75,Đồng Nai,26317,Xã Hưng Lộc,0.0,0.0,0.0
16/05/2025,75,Đồng Nai,26326,Thị Trấn Dầu Giây,0.0,0.0,0.0
16/05/2025,75,Đồng Nai,26362,Xã Sông Ray,0.0,0.0,0.0
16/05/2025,75,Đồng Nai,26368,Thị Trấn Long Thành,0.0,0.0,0.0
16/05/2025,75,Đồng Nai,26374,Phường Tam Phước,0.0,0.0,0.0
16/05/2025,75,Đồng Nai,26377,Phường Phước Tân,50198796.0,0.0,0.0
16/05/2025,75,Đồng Nai,26416,Xã Phước Bình,0.0,0.0,0.0
16/05/2025,75,Đồng Nai,26440,Xã Xuân Trường,0.0,0.0,0.0
16/05/2025,75,Đồng Nai,26452,Xã Suối Cát,0.0,0.0,0.0
16/05/2025,75,Đồng Nai,26455,Xã Xuân Hiệp,0.0,0.0,0.0
16/05/2025,75,Đồng Nai,26479,Thị Trấn Hiệp Phước,0.0,0.0,0.0
16/05/2025,75,Đồng Nai,26497,Xã Vĩnh Thanh,0.0,0.0,0.0
16/06/2025,75,Đồng Nai,25996,Phường Tân Phong,128613683.04,0.0,0.0
16/06/2025,75,Đồng Nai,25999,Phường Tân Biên,0.0,0.0,0.0
16/06/2025,75,Đồng Nai,26002,Phường Hố Nai,0.0,0.0,0.0
16/06/2025,75,Đồng Nai,26017,Phường Tam Hiệp,1131126568.0,0.0,0.0
16/06/2025,75,Đồng Nai,26020,Phường Long Bình,2065719.0,0.0,0.0
16/06/2025,75,Đồng Nai,26029,Phường Thống Nhất,0.0,0.0,0.0
16/06/2025,75,Đồng Nai,26050,Phường An Bình,0.0,0.0,0.0
16/06/2025,75,Đồng Nai,26056,Phường Long Bình Tân,843572723.0,0.0,0.0
16/06/2025,75,Đồng Nai,26068,Phường Hóa An,24480633.0,0.0,0.0
16/06/2025,75,Đồng Nai,26095,Phường Suối Tre,905321329.2,0.0,0.0
16/06/2025,75,Đồng Nai,26170,Thị Trấn Vĩnh An,0.0,0.0,0.0
16/06/2025,75,Đồng Nai,26206,Thị Trấn Định Quán,791592716.88,0.0,0.0
16/06/2025,75,Đồng Nai,26272,Xã Hố Nai 3,126381810.0,0.0,0.0
16/06/2025,75,Đồng Nai,26296,Xã An Viễn,11022596.0,0.0,0.0
16/06/2025,75,Đồng Nai,26299,Xã Gia Tân 1,1973320.0,0.0,0.0
16/06/2025,75,Đồng Nai,26311,Xã Quang Trung,44361218.0,0.0,0.0
16/06/2025,75,Đồng Nai,26317,Xã Hưng Lộc,4115844.0,0.0,0.0
16/06/2025,75,Đồng Nai,26326,Thị Trấn Dầu Giây,218732719.0,0.0,0.0
16/06/2025,75,Đồng Nai,26362,Xã Sông Ray,20754236.0,0.0,0.0
16/06/2025,75,Đồng Nai,26368,Thị Trấn Long Thành,282635385.2,0.0,0.0
16/06/2025,75,Đồng Nai,26374,Phường Tam Phước,11824870.0,0.0,0.0
16/06/2025,75,Đồng Nai,26377,Phường Phước Tân,84416652.0,0.0,0.0
16/06/2025,75,Đồng Nai,26416,Xã Phước Bình,44001920.0,0.0,0.0
16/06/2025,75,Đồng Nai,26452,Xã Suối Cát,242375755.7,0.0,0.0
16/06/2025,75,Đồng Nai,26455,Xã Xuân Hiệp,376313962.0,0.0,0.0
16/06/2025,75,Đồng Nai,26497,Xã Vĩnh Thanh,42365157.0,0.0,0.0
16/07/2025,75,Đồng Nai,25993,Phường Trảng Dài,28452049.0,0.0,0.0
16/07/2025,75,Đồng Nai,25996,Phường Tân Phong,45440017.08,0.0,0.0
16/07/2025,75,Đồng Nai,26056,Phường Long Bình Tân,224747950.0,0.0,0.0
16/07/2025,75,Đồng Nai,26068,Phường Hóa An,11047781.0,0.0,0.0
16/07/2025,75,Đồng Nai,26095,Phường Suối Tre,536413950.5,0.0,0.0
16/07/2025,75,Đồng Nai,26116,Thị Trấn Tân Phú,144188270.0,0.0,0.0
16/07/2025,75,Đồng Nai,26188,Xã Thạnh Phú,13318567.0,0.0,0.0
16/07/2025,75,Đồng Nai,26206,Thị Trấn Định Quán,176357834.0,0.0,0.0
16/07/2025,75,Đồng Nai,26272,Xã Hố Nai 3,228969425.0,0.0,0.0
16/07/2025,75,Đồng Nai,26296,Xã An Viễn,22101705.0,0.0,0.0
16/07/2025,75,Đồng Nai,26299,Xã Gia Tân 1,12028072.0,0.0,0.0
16/07/2025,75,Đồng Nai,26317,Xã Hưng Lộc,32211696.0,0.0,0.0
16/07/2025,75,Đồng Nai,26326,Thị Trấn Dầu Giây,28634759.0,0.0,0.0
16/07/2025,75,Đồng Nai,26368,Thị Trấn Long Thành,105025755.6,0.0,0.0
16/07/2025,75,Đồng Nai,26377,Phường Phước Tân,21704797.0,0.0,0.0
16/07/2025,75,Đồng Nai,26416,Xã Phước Bình,12692063.0,0.0,0.0
16/07/2025,75,Đồng Nai,26452,Xã Suối Cát,19992920.0,0.0,0.0
16/07/2025,75,Đồng Nai,26455,Xã Xuân Hiệp,89903400.0,0.0,0.0
16/07/2025,75,Đồng Nai,26497,Xã Vĩnh Thanh,25846182.0,0.0,0.0
16/08/2025,75,Đồng Nai,25996,Phường Tân Phong,17596400.0,0.0,0.0
16/08/2025,75,Đồng Nai,26017,Phường Tam Hiệp,15917991.0,0.0,0.0
16/08/2025,75,Đồng Nai,26029,Phường Thống Nhất,0.0,0.0,0.0
16/08/2025,75,Đồng Nai,26050,Phường An Bình,7991181.0,0.0,0.0
16/08/2025,75,Đồng Nai,26056,Phường Long Bình Tân,398933171.0,0.0,0.0
16/08/2025,75,Đồng Nai,26068,Phường Hóa An,47936216.0,0.0,0.0
16/08/2025,75,Đồng Nai,26095,Phường Suối Tre,238824158.0,0.0,0.0
16/08/2025,75,Đồng Nai,26188,Xã Thạnh Phú,35684790.0,0.0,0.0
16/08/2025,75,Đồng Nai,26206,Thị Trấn Định Quán,372967939.56,0.0,0.0
16/08/2025,75,Đồng Nai,26272,Xã Hố Nai 3,206999704.0,0.0,0.0
16/08/2025,75,Đồng Nai,26296,Xã An Viễn,11621614.0,0.0,0.0
16/08/2025,75,Đồng Nai,26311,Xã Quang Trung,38591778.0,0.0,0.0
16/08/2025,75,Đồng Nai,26317,Xã Hưng Lộc,26300435.0,0.0,0.0
16/08/2025,75,Đồng Nai,26362,Xã Sông Ray,13295664.0,0.0,0.0
16/08/2025,75,Đồng Nai,26368,Thị Trấn Long Thành,113628033.6,0.0,0.0
16/08/2025,75,Đồng Nai,26389,Xã Long Đức,9144809.0,0.0,0.0
16/08/2025,75,Đồng Nai,26416,Xã Phước Bình,21660231.0,0.0,0.0
16/08/2025,75,Đồng Nai,26455,Xã Xuân Hiệp,2098273.0,0.0,0.0
16/08/2025,75,Đồng Nai,26497,Xã Vĩnh Thanh,34967432.0,0.0,0.0
16/12/2024,75,Đồng Nai,26248,Thị Trấn Trảng Bom,0.0,0.0,0.0
17/01/2025,75,Đồng Nai,26080,Phường Xuân An,0.0,0.0,0.0
17/01/2025,75,Đồng Nai,26341,Thị Trấn Long Giao,0.0,0.0,0.0
17/01/2025,75,Đồng Nai,26452,Xã Suối Cát,0.0,0.0,0.0
17/02/2025,75,Đồng Nai,26026,Phường Tân Mai,0.0,0.0,0.0
17/02/2025,75,Đồng Nai,26029,Phường Thống Nhất,0.0,0.0,0.0
17/02/2025,75,Đồng Nai,26080,Phường Xuân An,0.0,0.0,0.0
17/02/2025,75,Đồng Nai,26248,Thị Trấn Trảng Bom,0.0,0.0,0.0
17/02/2025,75,Đồng Nai,26341,Thị Trấn Long Giao,0.0,0.0,0.0
17/02/2025,75,Đồng Nai,26452,Xã Suối Cát,0.0,0.0,0.0
17/03/2025,75,Đồng Nai,25996,Phường Tân Phong,0.0,0.0,0.0
17/03/2025,75,Đồng Nai,26026,Phường Tân Mai,0.0,0.0,0.0
17/03/2025,75,Đồng Nai,26080,Phường Xuân An,0.0,0.0,0.0
17/03/2025,75,Đồng Nai,26095,Phường Suối Tre,0.0,0.0,0.0
17/03/2025,75,Đồng Nai,26248,Thị Trấn Trảng Bom,0.0,0.0,0.0
17/03/2025,75,Đồng Nai,26254,Xã Cây Gáo,0.0,0.0,0.0
17/03/2025,75,Đồng Nai,26272,Xã Hố Nai 3,0.0,0.0,0.0
17/03/2025,75,Đồng Nai,26368,Thị Trấn Long Thành,0.0,0.0,0.0
17/03/2025,75,Đồng Nai,26452,Xã Suối Cát,0.0,0.0,0.0
17/04/2025,75,Đồng Nai,25993,Phường Trảng Dài,0.0,0.0,0.0
17/04/2025,75,Đồng Nai,25996,Phường Tân Phong,0.0,0.0,0.0
17/04/2025,75,Đồng Nai,25999,Phường Tân Biên,0.0,0.0,0.0
17/04/2025,75,Đồng Nai,26095,Phường Suối Tre,0.0,0.0,0.0
17/04/2025,75,Đồng Nai,26206,Thị Trấn Định Quán,0.0,0.0,0.0
17/04/2025,75,Đồng Nai,26272,Xã Hố Nai 3,0.0,0.0,0.0
17/04/2025,75,Đồng Nai,26326,Thị Trấn Dầu Giây,0.0,0.0,0.0
17/04/2025,75,Đồng Nai,26341,Thị Trấn Long Giao,0.0,0.0,0.0
17/04/2025,75,Đồng Nai,26368,Thị Trấn Long Thành,0.0,0.0,0.0
17/04/2025,75,Đồng Nai,26377,Phường Phước Tân,0.0,0.0,0.0
17/04/2025,75,Đồng Nai,26452,Xã Suối Cát,0.0,0.0,0.0
17/04/2025,75,Đồng Nai,26455,Xã Xuân Hiệp,0.0,0.0,0.0
17/05/2024,75,Đồng Nai,26035,Phường Tam Hòa,0.0,0.0,0.0
17/05/2025,75,Đồng Nai,25996,Phường Tân Phong,0.0,0.0,0.0
17/05/2025,75,Đồng Nai,25999,Phường Tân Biên,0.0,0.0,0.0
17/05/2025,75,Đồng Nai,26017,Phường Tam Hiệp,0.0,0.0,0.0
17/05/2025,75,Đồng Nai,26029,Phường Thống Nhất,0.0,0.0,0.0
17/05/2025,75,Đồng Nai,26068,Phường Hóa An,0.0,0.0,0.0
17/05/2025,75,Đồng Nai,26095,Phường Suối Tre,0.0,0.0,0.0
17/05/2025,75,Đồng Nai,26116,Thị Trấn Tân Phú,0.0,0.0,0.0
17/05/2025,75,Đồng Nai,26188,Xã Thạnh Phú,0.0,0.0,0.0
17/05/2025,75,Đồng Nai,26206,Thị Trấn Định Quán,0.0,0.0,0.0
17/05/2025,75,Đồng Nai,26272,Xã Hố Nai 3,0.0,0.0,0.0
17/05/2025,75,Đồng Nai,26299,Xã Gia Tân 1,0.0,0.0,0.0
17/05/2025,75,Đồng Nai,26311,Xã Quang Trung,0.0,0.0,0.0
17/05/2025,75,Đồng Nai,26317,Xã Hưng Lộc,0.0,0.0,0.0
17/05/2025,75,Đồng Nai,26326,Thị Trấn Dầu Giây,0.0,0.0,0.0
17/05/2025,75,Đồng Nai,26362,Xã Sông Ray,0.0,0.0,0.0
17/05/2025,75,Đồng Nai,26368,Thị Trấn Long Thành,0.0,0.0,0.0
17/05/2025,75,Đồng Nai,26374,Phường Tam Phước,0.0,0.0,0.0
17/05/2025,75,Đồng Nai,26377,Phường Phước Tân,0.0,0.0,0.0
17/05/2025,75,Đồng Nai,26416,Xã Phước Bình,0.0,0.0,0.0
17/05/2025,75,Đồng Nai,26440,Xã Xuân Trường,0.0,0.0,0.0
17/05/2025,75,Đồng Nai,26452,Xã Suối Cát,0.0,0.0,0.0
17/05/2025,75,Đồng Nai,26455,Xã Xuân Hiệp,0.0,0.0,0.0
17/05/2025,75,Đồng Nai,26497,Xã Vĩnh Thanh,0.0,0.0,0.0
17/06/2024,75,Đồng Nai,26206,Thị Trấn Định Quán,0.0,0.0,0.0
17/06/2025,75,Đồng Nai,25993,Phường Trảng Dài,5575482.0,0.0,0.0
17/06/2025,75,Đồng Nai,25996,Phường Tân Phong,114260304.8,0.0,0.0
17/06/2025,75,Đồng Nai,25999,Phường Tân Biên,0.0,0.0,0.0
17/06/2025,75,Đồng Nai,26002,Phường Hố Nai,10405680.0,0.0,0.0
17/06/2025,75,Đồng Nai,26017,Phường Tam Hiệp,1018823520.0,0.0,0.0
17/06/2025,75,Đồng Nai,26020,Phường Long Bình,3395036.0,0.0,0.0
17/06/2025,75,Đồng Nai,26029,Phường Thống Nhất,0.0,0.0,0.0
17/06/2025,75,Đồng Nai,26050,Phường An Bình,0.0,0.0,0.0
17/06/2025,75,Đồng Nai,26056,Phường Long Bình Tân,694589336.0,0.0,0.0
17/06/2025,75,Đồng Nai,26068,Phường Hóa An,21147164.0,0.0,0.0
17/06/2025,75,Đồng Nai,26095,Phường Suối Tre,641878573.9,0.0,0.0
17/06/2025,75,Đồng Nai,26206,Thị Trấn Định Quán,488080780.0,0.0,0.0
17/06/2025,75,Đồng Nai,26272,Xã Hố Nai 3,75474241.0,0.0,0.0
17/06/2025,75,Đồng Nai,26293,Xã Giang Điền,0.0,0.0,0.0
17/06/2025,75,Đồng Nai,26296,Xã An Viễn,36608215.0,0.0,0.0
17/06/2025,75,Đồng Nai,26299,Xã Gia Tân 1,0.0,0.0,0.0
17/06/2025,75,Đồng Nai,26311,Xã Quang Trung,52454370.0,0.0,0.0
17/06/2025,75,Đồng Nai,26317,Xã Hưng Lộc,10977144.0,0.0,0.0
17/06/2025,75,Đồng Nai,26326,Thị Trấn Dầu Giây,165004511.0,0.0,0.0
17/06/2025,75,Đồng Nai,26362,Xã Sông Ray,4503354.0,0.0,0.0
17/06/2025,75,Đồng Nai,26368,Thị Trấn Long Thành,168148722.0,0.0,0.0
17/06/2025,75,Đồng Nai,26374,Phường Tam Phước,63702638.0,0.0,0.0
17/06/2025,75,Đồng Nai,26377,Phường Phước Tân,52039400.0,0.0,0.0
17/06/2025,75,Đồng Nai,26416,Xã Phước Bình,39276228.0,0.0,0.0
17/06/2025,75,Đồng Nai,26452,Xã Suối Cát,180248535.8,0.0,0.0
17/06/2025,75,Đồng Nai,26455,Xã Xuân Hiệp,364011718.0,0.0,0.0
17/06/2025,75,Đồng Nai,26470,Xã Phước Thiền,0.0,0.0,0.0
17/06/2025,75,Đồng Nai,26497,Xã Vĩnh Thanh,24174696.0,0.0,0.0
17/07/2025,75,Đồng Nai,25993,Phường Trảng Dài,2493228.0,0.0,0.0
17/07/2025,75,Đồng Nai,25996,Phường Tân Phong,112846749.9,0.0,0.0
17/07/2025,75,Đồng Nai,26056,Phường Long Bình Tân,297117138.0,0.0,0.0
17/07/2025,75,Đồng Nai,26068,Phường Hóa An,36073443.0,0.0,0.0
17/07/2025,75,Đồng Nai,26095,Phường Suối Tre,318203553.0,0.0,0.0
17/07/2025,75,Đồng Nai,26116,Thị Trấn Tân Phú,208555412.0,0.0,0.0
17/07/2025,75,Đồng Nai,26206,Thị Trấn Định Quán,135011507.0,0.0,0.0
17/07/2025,75,Đồng Nai,26272,Xã Hố Nai 3,78540978.0,0.0,0.0
17/07/2025,75,Đồng Nai,26296,Xã An Viễn,21467159.0,0.0,0.0
17/07/2025,75,Đồng Nai,26317,Xã Hưng Lộc,2474860.0,0.0,0.0
17/07/2025,75,Đồng Nai,26326,Thị Trấn Dầu Giây,42597631.0,0.0,0.0
17/07/2025,75,Đồng Nai,26368,Thị Trấn Long Thành,92846148.6,0.0,0.0
17/07/2025,75,Đồng Nai,26374,Phường Tam Phước,1234826.0,0.0,0.0
17/07/2025,75,Đồng Nai,26377,Phường Phước Tân,29478111.0,0.0,0.0
17/07/2025,75,Đồng Nai,26416,Xã Phước Bình,5553427.0,0.0,0.0
17/07/2025,75,Đồng Nai,26452,Xã Suối Cát,3523900.0,0.0,0.0
17/07/2025,75,Đồng Nai,26455,Xã Xuân Hiệp,103603303.0,0.0,0.0
17/07/2025,75,Đồng Nai,26497,Xã Vĩnh Thanh,25929690.0,0.0,0.0
17/08/2025,75,Đồng Nai,25996,Phường Tân Phong,20021847.0,0.0,0.0
17/08/2025,75,Đồng Nai,26029,Phường Thống Nhất,0.0,0.0,0.0
17/08/2025,75,Đồng Nai,26050,Phường An Bình,3145544.0,0.0,0.0
17/08/2025,75,Đồng Nai,26056,Phường Long Bình Tân,372195594.0,0.0,0.0
17/08/2025,75,Đồng Nai,26095,Phường Suối Tre,426760267.5,0.0,0.0
17/08/2025,75,Đồng Nai,26188,Xã Thạnh Phú,36972784.0,0.0,0.0
17/08/2025,75,Đồng Nai,26206,Thị Trấn Định Quán,265002272.0,0.0,0.0
17/08/2025,75,Đồng Nai,26272,Xã Hố Nai 3,142546052.0,0.0,0.0
17/08/2025,75,Đồng Nai,26296,Xã An Viễn,10181903.0,0.0,0.0
17/08/2025,75,Đồng Nai,26311,Xã Quang Trung,30417591.0,0.0,0.0
17/08/2025,75,Đồng Nai,26362,Xã Sông Ray,5132943.0,0.0,0.0
17/08/2025,75,Đồng Nai,26368,Thị Trấn Long Thành,172323527.79,0.0,0.0
17/08/2025,75,Đồng Nai,26389,Xã Long Đức,10891630.0,0.0,0.0
17/08/2025,75,Đồng Nai,26416,Xã Phước Bình,841500.0,0.0,0.0
17/08/2025,75,Đồng Nai,26455,Xã Xuân Hiệp,90709740.0,0.0,0.0
17/08/2025,75,Đồng Nai,26497,Xã Vĩnh Thanh,27336330.0,0.0,0.0
17/12/2024,75,Đồng Nai,26452,Xã Suối Cát,0.0,0.0,0.0
18/01/2025,75,Đồng Nai,26341,Thị Trấn Long Giao,0.0,0.0,0.0
18/01/2025,75,Đồng Nai,26452,Xã Suối Cát,0.0,0.0,0.0
18/02/2025,75,Đồng Nai,25993,Phường Trảng Dài,0.0,0.0,0.0
18/02/2025,75,Đồng Nai,26026,Phường Tân Mai,0.0,0.0,0.0
18/02/2025,75,Đồng Nai,26080,Phường Xuân An,0.0,0.0,0.0
18/02/2025,75,Đồng Nai,26248,Thị Trấn Trảng Bom,0.0,0.0,0.0
18/02/2025,75,Đồng Nai,26341,Thị Trấn Long Giao,0.0,0.0,0.0
18/02/2025,75,Đồng Nai,26452,Xã Suối Cát,0.0,0.0,0.0
18/03/2025,75,Đồng Nai,25996,Phường Tân Phong,0.0,0.0,0.0
18/03/2025,75,Đồng Nai,26026,Phường Tân Mai,0.0,0.0,0.0
18/03/2025,75,Đồng Nai,26080,Phường Xuân An,0.0,0.0,0.0
18/03/2025,75,Đồng Nai,26095,Phường Suối Tre,0.0,0.0,0.0
18/03/2025,75,Đồng Nai,26116,Thị Trấn Tân Phú,180400.0,0.0,0.0
18/03/2025,75,Đồng Nai,26248,Thị Trấn Trảng Bom,0.0,0.0,0.0
18/03/2025,75,Đồng Nai,26254,Xã Cây Gáo,0.0,0.0,0.0
18/03/2025,75,Đồng Nai,26272,Xã Hố Nai 3,0.0,0.0,0.0
18/03/2025,75,Đồng Nai,26368,Thị Trấn Long Thành,0.0,0.0,0.0
18/03/2025,75,Đồng Nai,26377,Phường Phước Tân,0.0,0.0,0.0
18/03/2025,75,Đồng Nai,26452,Xã Suối Cát,0.0,0.0,0.0
18/04/2025,75,Đồng Nai,25993,Phường Trảng Dài,0.0,0.0,0.0
18/04/2025,75,Đồng Nai,25996,Phường Tân Phong,0.0,0.0,0.0
18/04/2025,75,Đồng Nai,25999,Phường Tân Biên,0.0,0.0,0.0
18/04/2025,75,Đồng Nai,26095,Phường Suối Tre,0.0,0.0,0.0
18/04/2025,75,Đồng Nai,26206,Thị Trấn Định Quán,0.0,0.0,0.0
18/04/2025,75,Đồng Nai,26272,Xã Hố Nai 3,0.0,0.0,0.0
18/04/2025,75,Đồng Nai,26326,Thị Trấn Dầu Giây,0.0,0.0,0.0
18/04/2025,75,Đồng Nai,26341,Thị Trấn Long Giao,0.0,0.0,0.0
18/04/2025,75,Đồng Nai,26362,Xã Sông Ray,0.0,0.0,0.0
18/04/2025,75,Đồng Nai,26368,Thị Trấn Long Thành,0.0,0.0,0.0
18/04/2025,75,Đồng Nai,26377,Phường Phước Tân,0.0,0.0,0.0
18/04/2025,75,Đồng Nai,26440,Xã Xuân Trường,0.0,0.0,0.0
18/04/2025,75,Đồng Nai,26452,Xã Suối Cát,0.0,0.0,0.0
18/04/2025,75,Đồng Nai,26485,Xã Phú Hội,0.0,0.0,0.0
18/05/2025,75,Đồng Nai,25996,Phường Tân Phong,0.0,0.0,0.0
18/05/2025,75,Đồng Nai,25999,Phường Tân Biên,0.0,0.0,0.0
18/05/2025,75,Đồng Nai,26017,Phường Tam Hiệp,0.0,0.0,0.0
18/05/2025,75,Đồng Nai,26029,Phường Thống Nhất,0.0,0.0,0.0
18/05/2025,75,Đồng Nai,26068,Phường Hóa An,0.0,0.0,0.0
18/05/2025,75,Đồng Nai,26095,Phường Suối Tre,0.0,0.0,0.0
18/05/2025,75,Đồng Nai,26116,Thị Trấn Tân Phú,0.0,0.0,0.0
18/05/2025,75,Đồng Nai,26188,Xã Thạnh Phú,0.0,0.0,0.0
18/05/2025,75,Đồng Nai,26206,Thị Trấn Định Quán,0.0,0.0,0.0
18/05/2025,75,Đồng Nai,26272,Xã Hố Nai 3,0.0,0.0,0.0
18/05/2025,75,Đồng Nai,26299,Xã Gia Tân 1,0.0,0.0,0.0
18/05/2025,75,Đồng Nai,26317,Xã Hưng Lộc,0.0,0.0,0.0
18/05/2025,75,Đồng Nai,26326,Thị Trấn Dầu Giây,0.0,0.0,0.0
18/05/2025,75,Đồng Nai,26362,Xã Sông Ray,0.0,0.0,0.0
18/05/2025,75,Đồng Nai,26368,Thị Trấn Long Thành,0.0,0.0,0.0
18/05/2025,75,Đồng Nai,26374,Phường Tam Phước,0.0,0.0,0.0
18/05/2025,75,Đồng Nai,26440,Xã Xuân Trường,0.0,0.0,0.0
18/05/2025,75,Đồng Nai,26452,Xã Suối Cát,0.0,0.0,0.0
18/05/2025,75,Đồng Nai,26455,Xã Xuân Hiệp,0.0,0.0,0.0
18/05/2025,75,Đồng Nai,26497,Xã Vĩnh Thanh,0.0,0.0,0.0
18/06/2025,75,Đồng Nai,25996,Phường Tân Phong,18562450.71,0.0,0.0
18/06/2025,75,Đồng Nai,26002,Phường Hố Nai,0.0,0.0,0.0
18/06/2025,75,Đồng Nai,26017,Phường Tam Hiệp,1123122013.0,0.0,0.0
18/06/2025,75,Đồng Nai,26020,Phường Long Bình,2060616.0,0.0,0.0
18/06/2025,75,Đồng Nai,26029,Phường Thống Nhất,51094273.99,0.0,0.0
18/06/2025,75,Đồng Nai,26050,Phường An Bình,0.0,0.0,0.0
18/06/2025,75,Đồng Nai,26056,Phường Long Bình Tân,524554233.5,0.0,0.0
18/06/2025,75,Đồng Nai,26068,Phường Hóa An,26948574.0,0.0,0.0
18/06/2025,75,Đồng Nai,26095,Phường Suối Tre,581234457.36,0.0,0.0
18/06/2025,75,Đồng Nai,26116,Thị Trấn Tân Phú,4325803.0,0.0,0.0
18/06/2025,75,Đồng Nai,26206,Thị Trấn Định Quán,521253101.0,0.0,0.0
18/06/2025,75,Đồng Nai,26272,Xã Hố Nai 3,105861643.0,0.0,0.0
18/06/2025,75,Đồng Nai,26296,Xã An Viễn,30301140.0,0.0,0.0
18/06/2025,75,Đồng Nai,26299,Xã Gia Tân 1,0.0,0.0,0.0
18/06/2025,75,Đồng Nai,26311,Xã Quang Trung,19307883.0,0.0,0.0
18/06/2025,75,Đồng Nai,26317,Xã Hưng Lộc,9495566.0,0.0,0.0
18/06/2025,75,Đồng Nai,26326,Thị Trấn Dầu Giây,143007030.0,0.0,0.0
18/06/2025,75,Đồng Nai,26362,Xã Sông Ray,18307638.0,0.0,0.0
18/06/2025,75,Đồng Nai,26368,Thị Trấn Long Thành,165503442.2,0.0,0.0
18/06/2025,75,Đồng Nai,26374,Phường Tam Phước,0.0,0.0,0.0
18/06/2025,75,Đồng Nai,26377,Phường Phước Tân,18699234.0,0.0,0.0
18/06/2025,75,Đồng Nai,26416,Xã Phước Bình,18373600.0,0.0,0.0
18/06/2025,75,Đồng Nai,26452,Xã Suối Cát,29757319.0,0.0,0.0
18/06/2025,75,Đồng Nai,26455,Xã Xuân Hiệp,264617211.0,0.0,0.0
18/06/2025,75,Đồng Nai,26497,Xã Vĩnh Thanh,29484042.0,0.0,0.0
18/07/2025,75,Đồng Nai,25993,Phường Trảng Dài,1942029.0,0.0,0.0
18/07/2025,75,Đồng Nai,25996,Phường Tân Phong,77554131.0,0.0,0.0
18/07/2025,75,Đồng Nai,26056,Phường Long Bình Tân,360092710.0,0.0,0.0
18/07/2025,75,Đồng Nai,26068,Phường Hóa An,32536748.0,0.0,0.0
18/07/2025,75,Đồng Nai,26095,Phường Suối Tre,406606762.2,0.0,0.0
18/07/2025,75,Đồng Nai,26116,Thị Trấn Tân Phú,143365596.0,0.0,0.0
18/07/2025,75,Đồng Nai,26206,Thị Trấn Định Quán,87560182.0,0.0,0.0
18/07/2025,75,Đồng Nai,26272,Xã Hố Nai 3,157347197.0,0.0,0.0
18/07/2025,75,Đồng Nai,26296,Xã An Viễn,54413814.0,0.0,0.0
18/07/2025,75,Đồng Nai,26317,Xã Hưng Lộc,1890416.0,0.0,0.0
18/07/2025,75,Đồng Nai,26326,Thị Trấn Dầu Giây,30576667.0,0.0,0.0
18/07/2025,75,Đồng Nai,26341,Thị Trấn Long Giao,4378080.0,0.0,0.0
18/07/2025,75,Đồng Nai,26368,Thị Trấn Long Thành,197085191.0,0.0,0.0
18/07/2025,75,Đồng Nai,26374,Phường Tam Phước,12528438.0,0.0,0.0
18/07/2025,75,Đồng Nai,26377,Phường Phước Tân,46441301.0,0.0,0.0
18/07/2025,75,Đồng Nai,26416,Xã Phước Bình,28847904.0,0.0,0.0
18/07/2025,75,Đồng Nai,26452,Xã Suối Cát,22753505.4,0.0,0.0
18/07/2025,75,Đồng Nai,26455,Xã Xuân Hiệp,90255680.0,0.0,0.0
18/07/2025,75,Đồng Nai,26497,Xã Vĩnh Thanh,34074209.0,0.0,0.0
18/08/2025,75,Đồng Nai,25993,Phường Trảng Dài,39861117.0,0.0,0.0
18/08/2025,75,Đồng Nai,25996,Phường Tân Phong,269958174.14,0.0,0.0
18/08/2025,75,Đồng Nai,26029,Phường Thống Nhất,46570529.75,0.0,0.0
18/08/2025,75,Đồng Nai,26056,Phường Long Bình Tân,574476601.5,0.0,0.0
18/08/2025,75,Đồng Nai,26068,Phường Hóa An,51533293.0,0.0,0.0
18/08/2025,75,Đồng Nai,26095,Phường Suối Tre,929879927.3,0.0,0.0
18/08/2025,75,Đồng Nai,26188,Xã Thạnh Phú,73091281.0,0.0,0.0
18/08/2025,75,Đồng Nai,26206,Thị Trấn Định Quán,757584465.18,0.0,0.0
18/08/2025,75,Đồng Nai,26272,Xã Hố Nai 3,243186893.0,0.0,0.0
18/08/2025,75,Đồng Nai,26296,Xã An Viễn,27124781.0,0.0,0.0
18/08/2025,75,Đồng Nai,26311,Xã Quang Trung,64524227.0,0.0,0.0
18/08/2025,75,Đồng Nai,26317,Xã Hưng Lộc,1276300.0,0.0,0.0
18/08/2025,75,Đồng Nai,26362,Xã Sông Ray,41505714.0,0.0,0.0
18/08/2025,75,Đồng Nai,26368,Thị Trấn Long Thành,339021033.8,0.0,0.0
18/08/2025,75,Đồng Nai,26389,Xã Long Đức,18099925.0,0.0,0.0
18/08/2025,75,Đồng Nai,26416,Xã Phước Bình,1730800.0,0.0,0.0
18/08/2025,75,Đồng Nai,26455,Xã Xuân Hiệp,8212186.0,0.0,0.0
18/08/2025,75,Đồng Nai,26497,Xã Vĩnh Thanh,34280596.0,0.0,0.0
18/10/2024,75,Đồng Nai,26248,Thị Trấn Trảng Bom,0.0,0.0,0.0
18/12/2024,75,Đồng Nai,26248,Thị Trấn Trảng Bom,0.0,0.0,0.0
18/12/2024,75,Đồng Nai,26452,Xã Suối Cát,0.0,0.0,0.0
19/01/2025,75,Đồng Nai,26029,Phường Thống Nhất,0.0,0.0,0.0
19/01/2025,75,Đồng Nai,26248,Thị Trấn Trảng Bom,0.0,0.0,0.0
19/01/2025,75,Đồng Nai,26341,Thị Trấn Long Giao,0.0,0.0,0.0
19/02/2025,75,Đồng Nai,25993,Phường Trảng Dài,0.0,0.0,0.0
19/02/2025,75,Đồng Nai,26026,Phường Tân Mai,0.0,0.0,0.0
19/02/2025,75,Đồng Nai,26080,Phường Xuân An,0.0,0.0,0.0
19/02/2025,75,Đồng Nai,26248,Thị Trấn Trảng Bom,0.0,0.0,0.0
19/02/2025,75,Đồng Nai,26341,Thị Trấn Long Giao,0.0,0.0,0.0
19/02/2025,75,Đồng Nai,26452,Xã Suối Cát,0.0,0.0,0.0
19/03/2025,75,Đồng Nai,25996,Phường Tân Phong,0.0,0.0,0.0
19/03/2025,75,Đồng Nai,26026,Phường Tân Mai,0.0,0.0,0.0
19/03/2025,75,Đồng Nai,26080,Phường Xuân An,0.0,0.0,0.0
19/03/2025,75,Đồng Nai,26095,Phường Suối Tre,0.0,0.0,0.0
19/03/2025,75,Đồng Nai,26248,Thị Trấn Trảng Bom,0.0,0.0,0.0
19/03/2025,75,Đồng Nai,26254,Xã Cây Gáo,0.0,0.0,0.0
19/03/2025,75,Đồng Nai,26272,Xã Hố Nai 3,0.0,0.0,0.0
19/03/2025,75,Đồng Nai,26326,Thị Trấn Dầu Giây,0.0,0.0,0.0
19/03/2025,75,Đồng Nai,26377,Phường Phước Tân,0.0,0.0,0.0
19/03/2025,75,Đồng Nai,26452,Xã Suối Cát,0.0,0.0,0.0
19/03/2025,75,Đồng Nai,26479,Thị Trấn Hiệp Phước,0.0,0.0,0.0
19/04/2024,75,Đồng Nai,26248,Thị Trấn Trảng Bom,0.0,0.0,0.0
19/04/2025,75,Đồng Nai,25999,Phường Tân Biên,0.0,0.0,0.0
19/04/2025,75,Đồng Nai,26068,Phường Hóa An,0.0,0.0,0.0
19/04/2025,75,Đồng Nai,26095,Phường Suối Tre,0.0,0.0,0.0
19/04/2025,75,Đồng Nai,26206,Thị Trấn Định Quán,0.0,0.0,0.0
19/04/2025,75,Đồng Nai,26272,Xã Hố Nai 3,0.0,0.0,0.0
19/04/2025,75,Đồng Nai,26326,Thị Trấn Dầu Giây,0.0,0.0,0.0
19/04/2025,75,Đồng Nai,26368,Thị Trấn Long Thành,0.0,0.0,0.0
19/04/2025,75,Đồng Nai,26377,Phường Phước Tân,0.0,0.0,0.0
19/04/2025,75,Đồng Nai,26440,Xã Xuân Trường,0.0,0.0,0.0
19/04/2025,75,Đồng Nai,26452,Xã Suối Cát,0.0,0.0,0.0
19/05/2025,75,Đồng Nai,25996,Phường Tân Phong,8303301.96,0.0,0.0
19/05/2025,75,Đồng Nai,25999,Phường Tân Biên,0.0,0.0,0.0
19/05/2025,75,Đồng Nai,26017,Phường Tam Hiệp,0.0,0.0,0.0
19/05/2025,75,Đồng Nai,26029,Phường Thống Nhất,0.0,0.0,0.0
19/05/2025,75,Đồng Nai,26056,Phường Long Bình Tân,41850900.0,0.0,0.0
19/05/2025,75,Đồng Nai,26068,Phường Hóa An,0.0,0.0,0.0
19/05/2025,75,Đồng Nai,26095,Phường Suối Tre,121787052.0,0.0,0.0
19/05/2025,75,Đồng Nai,26116,Thị Trấn Tân Phú,0.0,0.0,0.0
19/05/2025,75,Đồng Nai,26188,Xã Thạnh Phú,0.0,0.0,0.0
19/05/2025,75,Đồng Nai,26206,Thị Trấn Định Quán,0.0,0.0,0.0
19/05/2025,75,Đồng Nai,26272,Xã Hố Nai 3,0.0,0.0,0.0
19/05/2025,75,Đồng Nai,26296,Xã An Viễn,0.0,0.0,0.0
19/05/2025,75,Đồng Nai,26299,Xã Gia Tân 1,0.0,0.0,0.0
19/05/2025,75,Đồng Nai,26317,Xã Hưng Lộc,0.0,0.0,0.0
19/05/2025,75,Đồng Nai,26326,Thị Trấn Dầu Giây,0.0,0.0,0.0
19/05/2025,75,Đồng Nai,26362,Xã Sông Ray,0.0,0.0,0.0
19/05/2025,75,Đồng Nai,26368,Thị Trấn Long Thành,0.0,0.0,0.0
19/05/2025,75,Đồng Nai,26374,Phường Tam Phước,0.0,0.0,0.0
19/05/2025,75,Đồng Nai,26377,Phường Phước Tân,23464618.0,0.0,0.0
19/05/2025,75,Đồng Nai,26440,Xã Xuân Trường,0.0,0.0,0.0
19/05/2025,75,Đồng Nai,26452,Xã Suối Cát,0.0,0.0,0.0
19/05/2025,75,Đồng Nai,26455,Xã Xuân Hiệp,1101400.0,0.0,0.0
19/06/2025,75,Đồng Nai,25996,Phường Tân Phong,31279880.58,0.0,0.0
19/06/2025,75,Đồng Nai,26002,Phường Hố Nai,21427108.0,0.0,0.0
19/06/2025,75,Đồng Nai,26017,Phường Tam Hiệp,1012934843.0,0.0,0.0
19/06/2025,75,Đồng Nai,26020,Phường Long Bình,2841181.0,0.0,0.0
19/06/2025,75,Đồng Nai,26029,Phường Thống Nhất,157315802.91,0.0,0.0
19/06/2025,75,Đồng Nai,26050,Phường An Bình,10530538.0,0.0,0.0
19/06/2025,75,Đồng Nai,26056,Phường Long Bình Tân,657032553.0,0.0,0.0
19/06/2025,75,Đồng Nai,26068,Phường Hóa An,58855982.0,0.0,0.0
19/06/2025,75,Đồng Nai,26095,Phường Suối Tre,864815532.2,0.0,0.0
19/06/2025,75,Đồng Nai,26206,Thị Trấn Định Quán,496862157.0,0.0,0.0
19/06/2025,75,Đồng Nai,26272,Xã Hố Nai 3,289447051.0,0.0,0.0
19/06/2025,75,Đồng Nai,26296,Xã An Viễn,40414428.0,0.0,0.0
19/06/2025,75,Đồng Nai,26299,Xã Gia Tân 1,0.0,0.0,0.0
19/06/2025,75,Đồng Nai,26311,Xã Quang Trung,48126876.0,0.0,0.0
19/06/2025,75,Đồng Nai,26317,Xã Hưng Lộc,5235614.0,0.0,0.0
19/06/2025,75,Đồng Nai,26326,Thị Trấn Dầu Giây,126338541.0,0.0,0.0
19/06/2025,75,Đồng Nai,26362,Xã Sông Ray,23147193.0,0.0,0.0
19/06/2025,75,Đồng Nai,26368,Thị Trấn Long Thành,297526034.6,0.0,0.0
19/06/2025,75,Đồng Nai,26374,Phường Tam Phước,36997425.0,0.0,0.0
19/06/2025,75,Đồng Nai,26377,Phường Phước Tân,60356844.0,0.0,0.0
19/06/2025,75,Đồng Nai,26416,Xã Phước Bình,7146971.0,0.0,0.0
19/06/2025,75,Đồng Nai,26455,Xã Xuân Hiệp,306642017.0,0.0,0.0
19/06/2025,75,Đồng Nai,26497,Xã Vĩnh Thanh,22391560.0,0.0,0.0
19/07/2025,75,Đồng Nai,25996,Phường Tân Phong,6729122.0,0.0,0.0
19/07/2025,75,Đồng Nai,26029,Phường Thống Nhất,0.0,0.0,0.0
19/07/2025,75,Đồng Nai,26056,Phường Long Bình Tân,262739302.0,0.0,0.0
19/07/2025,75,Đồng Nai,26068,Phường Hóa An,42012994.0,0.0,0.0
19/07/2025,75,Đồng Nai,26095,Phường Suối Tre,314294333.7,0.0,0.0
19/07/2025,75,Đồng Nai,26116,Thị Trấn Tân Phú,51772022.0,0.0,0.0
19/07/2025,75,Đồng Nai,26206,Thị Trấn Định Quán,109000486.0,0.0,0.0
19/07/2025,75,Đồng Nai,26272,Xã Hố Nai 3,146105498.0,0.0,0.0
19/07/2025,75,Đồng Nai,26296,Xã An Viễn,21736948.0,0.0,0.0
19/07/2025,75,Đồng Nai,26317,Xã Hưng Lộc,4087644.0,0.0,0.0
19/07/2025,75,Đồng Nai,26326,Thị Trấn Dầu Giây,19325079.0,0.0,0.0
19/07/2025,75,Đồng Nai,26368,Thị Trấn Long Thành,87577537.2,0.0,0.0
19/07/2025,75,Đồng Nai,26374,Phường Tam Phước,552280.0,0.0,0.0
19/07/2025,75,Đồng Nai,26416,Xã Phước Bình,1026500.0,0.0,0.0
19/07/2025,75,Đồng Nai,26452,Xã Suối Cát,11425172.0,0.0,0.0
19/07/2025,75,Đồng Nai,26455,Xã Xuân Hiệp,82181085.0,0.0,0.0
19/07/2025,75,Đồng Nai,26497,Xã Vĩnh Thanh,32055512.0,0.0,0.0
19/08/2025,75,Đồng Nai,25993,Phường Trảng Dài,38281209.0,0.0,0.0
19/08/2025,75,Đồng Nai,25996,Phường Tân Phong,136745225.84,0.0,0.0
19/08/2025,75,Đồng Nai,26017,Phường Tam Hiệp,8674405.0,0.0,0.0
19/08/2025,75,Đồng Nai,26029,Phường Thống Nhất,152030943.55,0.0,0.0
19/08/2025,75,Đồng Nai,26056,Phường Long Bình Tân,416512571.0,0.0,0.0
19/08/2025,75,Đồng Nai,26068,Phường Hóa An,34980416.0,0.0,0.0
19/08/2025,75,Đồng Nai,26095,Phường Suối Tre,851553068.5,0.0,0.0
19/08/2025,75,Đồng Nai,26188,Xã Thạnh Phú,44620663.0,0.0,0.0
19/08/2025,75,Đồng Nai,26206,Thị Trấn Định Quán,563541440.56,0.0,0.0
19/08/2025,75,Đồng Nai,26272,Xã Hố Nai 3,170802767.0,0.0,0.0
19/08/2025,75,Đồng Nai,26296,Xã An Viễn,17931151.0,0.0,0.0
19/08/2025,75,Đồng Nai,26311,Xã Quang Trung,47999991.0,0.0,0.0
19/08/2025,75,Đồng Nai,26317,Xã Hưng Lộc,23333490.0,0.0,0.0
19/08/2025,75,Đồng Nai,26341,Thị Trấn Long Giao,207632.0,0.0,0.0
19/08/2025,75,Đồng Nai,26362,Xã Sông Ray,27271567.0,0.0,0.0
19/08/2025,75,Đồng Nai,26368,Thị Trấn Long Thành,350069386.2,0.0,0.0
19/08/2025,75,Đồng Nai,26389,Xã Long Đức,7039222.0,0.0,0.0
19/08/2025,75,Đồng Nai,26416,Xã Phước Bình,26379810.0,0.0,0.0
19/08/2025,75,Đồng Nai,26455,Xã Xuân Hiệp,97056482.0,0.0,0.0
19/08/2025,75,Đồng Nai,26497,Xã Vĩnh Thanh,33685443.0,0.0,0.0
19/11/2024,75,Đồng Nai,26248,Thị Trấn Trảng Bom,0.0,0.0,0.0
19/12/2024,75,Đồng Nai,26452,Xã Suối Cát,0.0,0.0,0.0
20/01/2025,75,Đồng Nai,26080,Phường Xuân An,0.0,0.0,0.0
20/01/2025,75,Đồng Nai,26248,Thị Trấn Trảng Bom,0.0,0.0,0.0
20/01/2025,75,Đồng Nai,26341,Thị Trấn Long Giao,0.0,0.0,0.0
20/02/2025,75,Đồng Nai,25993,Phường Trảng Dài,0.0,0.0,0.0
20/02/2025,75,Đồng Nai,25996,Phường Tân Phong,0.0,0.0,0.0
20/02/2025,75,Đồng Nai,26026,Phường Tân Mai,0.0,0.0,0.0
20/02/2025,75,Đồng Nai,26080,Phường Xuân An,0.0,0.0,0.0
20/02/2025,75,Đồng Nai,26248,Thị Trấn Trảng Bom,0.0,0.0,0.0
20/02/2025,75,Đồng Nai,26341,Thị Trấn Long Giao,0.0,0.0,0.0
20/02/2025,75,Đồng Nai,26452,Xã Suối Cát,0.0,0.0,0.0
20/03/2025,75,Đồng Nai,25996,Phường Tân Phong,0.0,0.0,0.0
20/03/2025,75,Đồng Nai,26026,Phường Tân Mai,0.0,0.0,0.0
20/03/2025,75,Đồng Nai,26080,Phường Xuân An,0.0,0.0,0.0
20/03/2025,75,Đồng Nai,26095,Phường Suối Tre,0.0,0.0,0.0
20/03/2025,75,Đồng Nai,26248,Thị Trấn Trảng Bom,0.0,0.0,0.0
20/03/2025,75,Đồng Nai,26254,Xã Cây Gáo,0.0,0.0,0.0
20/03/2025,75,Đồng Nai,26272,Xã Hố Nai 3,0.0,0.0,0.0
20/03/2025,75,Đồng Nai,26326,Thị Trấn Dầu Giây,0.0,0.0,0.0
20/03/2025,75,Đồng Nai,26377,Phường Phước Tân,0.0,0.0,0.0
20/03/2025,75,Đồng Nai,26452,Xã Suối Cát,0.0,0.0,0.0
20/04/2025,75,Đồng Nai,25999,Phường Tân Biên,0.0,0.0,0.0
20/04/2025,75,Đồng Nai,26029,Phường Thống Nhất,0.0,0.0,0.0
20/04/2025,75,Đồng Nai,26068,Phường Hóa An,0.0,0.0,0.0
20/04/2025,75,Đồng Nai,26095,Phường Suối Tre,0.0,0.0,0.0
20/04/2025,75,Đồng Nai,26206,Thị Trấn Định Quán,0.0,0.0,0.0
20/04/2025,75,Đồng Nai,26272,Xã Hố Nai 3,0.0,0.0,0.0
20/04/2025,75,Đồng Nai,26326,Thị Trấn Dầu Giây,0.0,0.0,0.0
20/04/2025,75,Đồng Nai,26368,Thị Trấn Long Thành,0.0,0.0,0.0
20/04/2025,75,Đồng Nai,26377,Phường Phước Tân,0.0,0.0,0.0
20/04/2025,75,Đồng Nai,26440,Xã Xuân Trường,0.0,0.0,0.0
20/04/2025,75,Đồng Nai,26452,Xã Suối Cát,0.0,0.0,0.0
20/04/2025,75,Đồng Nai,26455,Xã Xuân Hiệp,0.0,0.0,0.0
20/04/2025,75,Đồng Nai,26485,Xã Phú Hội,0.0,0.0,0.0
20/05/2025,75,Đồng Nai,25996,Phường Tân Phong,61688228.8,0.0,0.0
20/05/2025,75,Đồng Nai,25999,Phường Tân Biên,0.0,0.0,0.0
20/05/2025,75,Đồng Nai,26017,Phường Tam Hiệp,0.0,0.0,0.0
20/05/2025,75,Đồng Nai,26029,Phường Thống Nhất,0.0,0.0,0.0
20/05/2025,75,Đồng Nai,26068,Phường Hóa An,0.0,0.0,0.0
20/05/2025,75,Đồng Nai,26095,Phường Suối Tre,4201900.0,0.0,0.0
20/05/2025,75,Đồng Nai,26116,Thị Trấn Tân Phú,0.0,0.0,0.0
20/05/2025,75,Đồng Nai,26188,Xã Thạnh Phú,0.0,0.0,0.0
20/05/2025,75,Đồng Nai,26206,Thị Trấn Định Quán,0.0,0.0,0.0
20/05/2025,75,Đồng Nai,26272,Xã Hố Nai 3,0.0,0.0,0.0
20/05/2025,75,Đồng Nai,26296,Xã An Viễn,0.0,0.0,0.0
20/05/2025,75,Đồng Nai,26299,Xã Gia Tân 1,0.0,0.0,0.0
20/05/2025,75,Đồng Nai,26317,Xã Hưng Lộc,0.0,0.0,0.0
20/05/2025,75,Đồng Nai,26326,Thị Trấn Dầu Giây,0.0,0.0,0.0
20/05/2025,75,Đồng Nai,26362,Xã Sông Ray,0.0,0.0,0.0
20/05/2025,75,Đồng Nai,26368,Thị Trấn Long Thành,116118786.0,0.0,0.0
20/05/2025,75,Đồng Nai,26374,Phường Tam Phước,0.0,0.0,0.0
20/05/2025,75,Đồng Nai,26377,Phường Phước Tân,7934466.0,0.0,0.0
20/05/2025,75,Đồng Nai,26416,Xã Phước Bình,0.0,0.0,0.0
20/05/2025,75,Đồng Nai,26452,Xã Suối Cát,0.0,0.0,0.0
20/05/2025,75,Đồng Nai,26455,Xã Xuân Hiệp,741400.0,0.0,0.0
20/05/2025,75,Đồng Nai,26497,Xã Vĩnh Thanh,0.0,0.0,0.0
20/06/2022,75,Đồng Nai,26248,Thị Trấn Trảng Bom,0.0,0.0,0.0
20/06/2025,75,Đồng Nai,25996,Phường Tân Phong,211133555.62,0.0,0.0
20/06/2025,75,Đồng Nai,26002,Phường Hố Nai,41144085.0,0.0,0.0
20/06/2025,75,Đồng Nai,26017,Phường Tam Hiệp,1041514992.0,0.0,0.0
20/06/2025,75,Đồng Nai,26020,Phường Long Bình,1961396.0,0.0,0.0
20/06/2025,75,Đồng Nai,26029,Phường Thống Nhất,120469896.43,0.0,0.0
20/06/2025,75,Đồng Nai,26035,Phường Tam Hòa,2035280.0,0.0,0.0
20/06/2025,75,Đồng Nai,26050,Phường An Bình,20166292.0,0.0,0.0
20/06/2025,75,Đồng Nai,26056,Phường Long Bình Tân,443986586.0,0.0,0.0
20/06/2025,75,Đồng Nai,26068,Phường Hóa An,54530068.0,0.0,0.0
20/06/2025,75,Đồng Nai,26095,Phường Suối Tre,692390985.5,0.0,0.0
20/06/2025,75,Đồng Nai,26116,Thị Trấn Tân Phú,5912094.0,0.0,0.0
20/06/2025,75,Đồng Nai,26206,Thị Trấn Định Quán,809574665.6,0.0,0.0
20/06/2025,75,Đồng Nai,26272,Xã Hố Nai 3,158416234.0,0.0,0.0
20/06/2025,75,Đồng Nai,26296,Xã An Viễn,26660351.0,0.0,0.0
20/06/2025,75,Đồng Nai,26299,Xã Gia Tân 1,18970410.0,0.0,0.0
20/06/2025,75,Đồng Nai,26311,Xã Quang Trung,68614076.0,0.0,0.0
20/06/2025,75,Đồng Nai,26317,Xã Hưng Lộc,1918614.0,0.0,0.0
20/06/2025,75,Đồng Nai,26326,Thị Trấn Dầu Giây,140990223.0,0.0,0.0
20/06/2025,75,Đồng Nai,26362,Xã Sông Ray,21535136.0,0.0,0.0
20/06/2025,75,Đồng Nai,26368,Thị Trấn Long Thành,334093585.0,0.0,0.0
20/06/2025,75,Đồng Nai,26374,Phường Tam Phước,46387170.0,0.0,0.0
20/06/2025,75,Đồng Nai,26377,Phường Phước Tân,66729417.0,0.0,0.0
20/06/2025,75,Đồng Nai,26416,Xã Phước Bình,25917747.0,0.0,0.0
20/06/2025,75,Đồng Nai,26452,Xã Suối Cát,219763.0,0.0,0.0
20/06/2025,75,Đồng Nai,26455,Xã Xuân Hiệp,294097469.0,0.0,0.0
20/06/2025,75,Đồng Nai,26497,Xã Vĩnh Thanh,19364218.0,0.0,0.0
20/07/2025,75,Đồng Nai,25996,Phường Tân Phong,4408729.0,0.0,0.0
20/07/2025,75,Đồng Nai,26029,Phường Thống Nhất,0.0,0.0,0.0
20/07/2025,75,Đồng Nai,26056,Phường Long Bình Tân,157746346.0,0.0,0.0
20/07/2025,75,Đồng Nai,26095,Phường Suối Tre,234733470.1,0.0,0.0
20/07/2025,75,Đồng Nai,26116,Thị Trấn Tân Phú,71490158.0,0.0,0.0
20/07/2025,75,Đồng Nai,26206,Thị Trấn Định Quán,92415832.2,0.0,0.0
20/07/2025,75,Đồng Nai,26272,Xã Hố Nai 3,90623777.0,0.0,0.0
20/07/2025,75,Đồng Nai,26296,Xã An Viễn,7839772.0,0.0,0.0
20/07/2025,75,Đồng Nai,26326,Thị Trấn Dầu Giây,27519272.0,0.0,0.0
20/07/2025,75,Đồng Nai,26368,Thị Trấn Long Thành,67296406.12,0.0,0.0
20/07/2025,75,Đồng Nai,26374,Phường Tam Phước,14344415.0,0.0,0.0
20/07/2025,75,Đồng Nai,26416,Xã Phước Bình,5182382.0,0.0,0.0
20/07/2025,75,Đồng Nai,26452,Xã Suối Cát,13296611.4,0.0,0.0
20/07/2025,75,Đồng Nai,26455,Xã Xuân Hiệp,78438475.0,0.0,0.0
20/07/2025,75,Đồng Nai,26497,Xã Vĩnh Thanh,21481017.0,0.0,0.0
20/08/2024,75,Đồng Nai,26248,Thị Trấn Trảng Bom,0.0,0.0,0.0
20/08/2025,75,Đồng Nai,25993,Phường Trảng Dài,245895445.0,0.0,0.0
20/08/2025,75,Đồng Nai,25996,Phường Tân Phong,124755231.82,0.0,0.0
20/08/2025,75,Đồng Nai,26017,Phường Tam Hiệp,4096688.0,0.0,0.0
20/08/2025,75,Đồng Nai,26029,Phường Thống Nhất,25008293.21,0.0,0.0
20/08/2025,75,Đồng Nai,26056,Phường Long Bình Tân,289917878.0,0.0,0.0
20/08/2025,75,Đồng Nai,26068,Phường Hóa An,30086955.0,0.0,0.0
20/08/2025,75,Đồng Nai,26095,Phường Suối Tre,774853108.9,0.0,0.0
20/08/2025,75,Đồng Nai,26188,Xã Thạnh Phú,31228059.0,0.0,0.0
20/08/2025,75,Đồng Nai,26206,Thị Trấn Định Quán,476499385.4,0.0,0.0
20/08/2025,75,Đồng Nai,26272,Xã Hố Nai 3,159070073.0,0.0,0.0
20/08/2025,75,Đồng Nai,26311,Xã Quang Trung,52438878.0,0.0,0.0
20/08/2025,75,Đồng Nai,26362,Xã Sông Ray,30325222.0,0.0,0.0
20/08/2025,75,Đồng Nai,26368,Thị Trấn Long Thành,292980932.0,0.0,0.0
20/08/2025,75,Đồng Nai,26389,Xã Long Đức,8676683.0,0.0,0.0
20/08/2025,75,Đồng Nai,26416,Xã Phước Bình,22287354.0,0.0,0.0
20/08/2025,75,Đồng Nai,26455,Xã Xuân Hiệp,104075869.0,0.0,0.0
20/08/2025,75,Đồng Nai,26497,Xã Vĩnh Thanh,26839403.0,0.0,0.0
20/12/2024,75,Đồng Nai,26452,Xã Suối Cát,0.0,0.0,0.0
21/01/2025,75,Đồng Nai,25993,Phường Trảng Dài,0.0,0.0,0.0
21/01/2025,75,Đồng Nai,26026,Phường Tân Mai,0.0,0.0,0.0
21/01/2025,75,Đồng Nai,26080,Phường Xuân An,0.0,0.0,0.0
21/01/2025,75,Đồng Nai,26248,Thị Trấn Trảng Bom,0.0,0.0,0.0
21/01/2025,75,Đồng Nai,26341,Thị Trấn Long Giao,0.0,0.0,0.0
21/02/2025,75,Đồng Nai,25993,Phường Trảng Dài,0.0,0.0,0.0
21/02/2025,75,Đồng Nai,26026,Phường Tân Mai,0.0,0.0,0.0
21/02/2025,75,Đồng Nai,26080,Phường Xuân An,0.0,0.0,0.0
21/02/2025,75,Đồng Nai,26248,Thị Trấn Trảng Bom,0.0,0.0,0.0
21/02/2025,75,Đồng Nai,26341,Thị Trấn Long Giao,0.0,0.0,0.0
21/02/2025,75,Đồng Nai,26377,Phường Phước Tân,0.0,0.0,0.0
21/02/2025,75,Đồng Nai,26452,Xã Suối Cát,0.0,0.0,0.0
21/03/2025,75,Đồng Nai,25996,Phường Tân Phong,0.0,0.0,0.0
21/03/2025,75,Đồng Nai,26026,Phường Tân Mai,0.0,0.0,0.0
21/03/2025,75,Đồng Nai,26080,Phường Xuân An,0.0,0.0,0.0
21/03/2025,75,Đồng Nai,26095,Phường Suối Tre,0.0,0.0,0.0
21/03/2025,75,Đồng Nai,26116,Thị Trấn Tân Phú,0.0,0.0,0.0
21/03/2025,75,Đồng Nai,26206,Thị Trấn Định Quán,0.0,0.0,0.0
21/03/2025,75,Đồng Nai,26248,Thị Trấn Trảng Bom,0.0,0.0,0.0
21/03/2025,75,Đồng Nai,26254,Xã Cây Gáo,0.0,0.0,0.0
21/03/2025,75,Đồng Nai,26326,Thị Trấn Dầu Giây,0.0,0.0,0.0
21/03/2025,75,Đồng Nai,26452,Xã Suối Cát,0.0,0.0,0.0
21/04/2025,75,Đồng Nai,25993,Phường Trảng Dài,0.0,0.0,0.0
21/04/2025,75,Đồng Nai,25996,Phường Tân Phong,0.0,0.0,0.0
21/04/2025,75,Đồng Nai,25999,Phường Tân Biên,0.0,0.0,0.0
21/04/2025,75,Đồng Nai,26029,Phường Thống Nhất,0.0,0.0,0.0
21/04/2025,75,Đồng Nai,26068,Phường Hóa An,0.0,0.0,0.0
21/04/2025,75,Đồng Nai,26095,Phường Suối Tre,0.0,0.0,0.0
21/04/2025,75,Đồng Nai,26206,Thị Trấn Định Quán,0.0,0.0,0.0
21/04/2025,75,Đồng Nai,26272,Xã Hố Nai 3,0.0,0.0,0.0
21/04/2025,75,Đồng Nai,26326,Thị Trấn Dầu Giây,0.0,0.0,0.0
21/04/2025,75,Đồng Nai,26341,Thị Trấn Long Giao,0.0,0.0,0.0
21/04/2025,75,Đồng Nai,26368,Thị Trấn Long Thành,0.0,0.0,0.0
21/04/2025,75,Đồng Nai,26377,Phường Phước Tân,0.0,0.0,0.0
21/04/2025,75,Đồng Nai,26440,Xã Xuân Trường,0.0,0.0,0.0
21/04/2025,75,Đồng Nai,26452,Xã Suối Cát,0.0,0.0,0.0
21/04/2025,75,Đồng Nai,26455,Xã Xuân Hiệp,0.0,0.0,0.0
21/04/2025,75,Đồng Nai,26485,Xã Phú Hội,0.0,0.0,0.0
21/05/2025,75,Đồng Nai,25996,Phường Tân Phong,0.0,0.0,0.0
21/05/2025,75,Đồng Nai,25999,Phường Tân Biên,0.0,0.0,0.0
21/05/2025,75,Đồng Nai,26017,Phường Tam Hiệp,0.0,0.0,0.0
21/05/2025,75,Đồng Nai,26029,Phường Thống Nhất,0.0,0.0,0.0
21/05/2025,75,Đồng Nai,26068,Phường Hóa An,0.0,0.0,0.0
21/05/2025,75,Đồng Nai,26095,Phường Suối Tre,1665000.0,0.0,0.0
21/05/2025,75,Đồng Nai,26116,Thị Trấn Tân Phú,0.0,0.0,0.0
21/05/2025,75,Đồng Nai,26188,Xã Thạnh Phú,0.0,0.0,0.0
21/05/2025,75,Đồng Nai,26206,Thị Trấn Định Quán,0.0,0.0,0.0
21/05/2025,75,Đồng Nai,26272,Xã Hố Nai 3,0.0,0.0,0.0
21/05/2025,75,Đồng Nai,26296,Xã An Viễn,0.0,0.0,0.0
21/05/2025,75,Đồng Nai,26299,Xã Gia Tân 1,0.0,0.0,0.0
21/05/2025,75,Đồng Nai,26311,Xã Quang Trung,0.0,0.0,0.0
21/05/2025,75,Đồng Nai,26317,Xã Hưng Lộc,0.0,0.0,0.0
21/05/2025,75,Đồng Nai,26326,Thị Trấn Dầu Giây,1582800.0,0.0,0.0
21/05/2025,75,Đồng Nai,26362,Xã Sông Ray,0.0,0.0,0.0
21/05/2025,75,Đồng Nai,26368,Thị Trấn Long Thành,0.0,0.0,0.0
21/05/2025,75,Đồng Nai,26374,Phường Tam Phước,0.0,0.0,0.0
21/05/2025,75,Đồng Nai,26377,Phường Phước Tân,6417572.0,0.0,0.0
21/05/2025,75,Đồng Nai,26416,Xã Phước Bình,0.0,0.0,0.0
21/05/2025,75,Đồng Nai,26452,Xã Suối Cát,0.0,0.0,0.0
21/05/2025,75,Đồng Nai,26455,Xã Xuân Hiệp,0.0,0.0,0.0
21/05/2025,75,Đồng Nai,26497,Xã Vĩnh Thanh,0.0,0.0,0.0
21/06/2024,75,Đồng Nai,26035,Phường Tam Hòa,0.0,0.0,0.0
21/06/2024,75,Đồng Nai,26206,Thị Trấn Định Quán,0.0,0.0,0.0
21/06/2025,75,Đồng Nai,25996,Phường Tân Phong,365892792.0,0.0,0.0
21/06/2025,75,Đồng Nai,26002,Phường Hố Nai,31220676.0,0.0,0.0
21/06/2025,75,Đồng Nai,26017,Phường Tam Hiệp,1018335393.0,0.0,0.0
21/06/2025,75,Đồng Nai,26020,Phường Long Bình,2507493.0,0.0,0.0
21/06/2025,75,Đồng Nai,26029,Phường Thống Nhất,0.0,0.0,0.0
21/06/2025,75,Đồng Nai,26050,Phường An Bình,5312808.0,0.0,0.0
21/06/2025,75,Đồng Nai,26056,Phường Long Bình Tân,314824824.0,0.0,0.0
21/06/2025,75,Đồng Nai,26068,Phường Hóa An,53683549.0,0.0,0.0
21/06/2025,75,Đồng Nai,26095,Phường Suối Tre,453764918.78,0.0,0.0
21/06/2025,75,Đồng Nai,26116,Thị Trấn Tân Phú,11468032.0,0.0,0.0
21/06/2025,75,Đồng Nai,26206,Thị Trấn Định Quán,270247155.86,0.0,0.0
21/06/2025,75,Đồng Nai,26272,Xã Hố Nai 3,62513719.0,0.0,0.0
21/06/2025,75,Đồng Nai,26296,Xã An Viễn,82853828.0,0.0,0.0
21/06/2025,75,Đồng Nai,26299,Xã Gia Tân 1,12278478.0,0.0,0.0
21/06/2025,75,Đồng Nai,26311,Xã Quang Trung,176275949.0,0.0,0.0
21/06/2025,75,Đồng Nai,26317,Xã Hưng Lộc,24778050.0,0.0,0.0
21/06/2025,75,Đồng Nai,26326,Thị Trấn Dầu Giây,57462002.0,0.0,0.0
21/06/2025,75,Đồng Nai,26362,Xã Sông Ray,21882007.0,0.0,0.0
21/06/2025,75,Đồng Nai,26368,Thị Trấn Long Thành,143540505.2,0.0,0.0
21/06/2025,75,Đồng Nai,26374,Phường Tam Phước,125456423.0,0.0,0.0
21/06/2025,75,Đồng Nai,26377,Phường Phước Tân,9386949.0,0.0,0.0
21/06/2025,75,Đồng Nai,26416,Xã Phước Bình,111108290.0,0.0,0.0
21/06/2025,75,Đồng Nai,26455,Xã Xuân Hiệp,274300609.0,0.0,0.0
21/06/2025,75,Đồng Nai,26497,Xã Vĩnh Thanh,24767974.0,0.0,0.0
21/07/2025,75,Đồng Nai,25993,Phường Trảng Dài,6094432.0,0.0,0.0
21/07/2025,75,Đồng Nai,25996,Phường Tân Phong,184533652.56,0.0,0.0
21/07/2025,75,Đồng Nai,26029,Phường Thống Nhất,0.0,0.0,0.0
21/07/2025,75,Đồng Nai,26056,Phường Long Bình Tân,568050145.0,0.0,0.0
21/07/2025,75,Đồng Nai,26068,Phường Hóa An,90423622.0,0.0,0.0
21/07/2025,75,Đồng Nai,26095,Phường Suối Tre,861418590.9,0.0,0.0
21/07/2025,75,Đồng Nai,26116,Thị Trấn Tân Phú,178573319.0,0.0,0.0
21/07/2025,75,Đồng Nai,26188,Xã Thạnh Phú,12719350.0,0.0,0.0
21/07/2025,75,Đồng Nai,26206,Thị Trấn Định Quán,205905704.04,0.0,0.0
21/07/2025,75,Đồng Nai,26272,Xã Hố Nai 3,46579326.0,0.0,0.0
21/07/2025,75,Đồng Nai,26296,Xã An Viễn,51028894.0,0.0,0.0
21/07/2025,75,Đồng Nai,26317,Xã Hưng Lộc,5427144.0,0.0,0.0
21/07/2025,75,Đồng Nai,26326,Thị Trấn Dầu Giây,39842357.0,0.0,0.0
21/07/2025,75,Đồng Nai,26341,Thị Trấn Long Giao,11794400.0,0.0,0.0
21/07/2025,75,Đồng Nai,26362,Xã Sông Ray,31370911.0,0.0,0.0
21/07/2025,75,Đồng Nai,26368,Thị Trấn Long Thành,300233136.2,0.0,0.0
21/07/2025,75,Đồng Nai,26374,Phường Tam Phước,26455988.0,0.0,0.0
21/07/2025,75,Đồng Nai,26377,Phường Phước Tân,37721272.0,0.0,0.0
21/07/2025,75,Đồng Nai,26416,Xã Phước Bình,15415015.0,0.0,0.0
21/07/2025,75,Đồng Nai,26452,Xã Suối Cát,57506254.2,0.0,0.0
21/07/2025,75,Đồng Nai,26455,Xã Xuân Hiệp,2813980.0,0.0,0.0
21/07/2025,75,Đồng Nai,26497,Xã Vĩnh Thanh,47397637.0,0.0,0.0
21/08/2025,75,Đồng Nai,25993,Phường Trảng Dài,112725059.0,0.0,0.0
21/08/2025,75,Đồng Nai,25996,Phường Tân Phong,128372105.66,0.0,0.0
21/08/2025,75,Đồng Nai,26017,Phường Tam Hiệp,5329386.0,0.0,0.0
21/08/2025,75,Đồng Nai,26029,Phường Thống Nhất,109750386.82,0.0,0.0
21/08/2025,75,Đồng Nai,26050,Phường An Bình,13615756.0,0.0,0.0
21/08/2025,75,Đồng Nai,26056,Phường Long Bình Tân,388461949.0,0.0,0.0
21/08/2025,75,Đồng Nai,26068,Phường Hóa An,32246101.0,0.0,0.0
21/08/2025,75,Đồng Nai,26095,Phường Suối Tre,498329435.5,0.0,0.0
21/08/2025,75,Đồng Nai,26188,Xã Thạnh Phú,46143529.0,0.0,0.0
21/08/2025,75,Đồng Nai,26206,Thị Trấn Định Quán,478229976.1,0.0,0.0
21/08/2025,75,Đồng Nai,26272,Xã Hố Nai 3,179727918.0,0.0,0.0
21/08/2025,75,Đồng Nai,26296,Xã An Viễn,24214394.0,0.0,0.0
21/08/2025,75,Đồng Nai,26311,Xã Quang Trung,50064660.0,0.0,0.0
21/08/2025,75,Đồng Nai,26317,Xã Hưng Lộc,1312376.0,0.0,0.0
21/08/2025,75,Đồng Nai,26362,Xã Sông Ray,36514427.0,0.0,0.0
21/08/2025,75,Đồng Nai,26368,Thị Trấn Long Thành,254428126.8,0.0,0.0
21/08/2025,75,Đồng Nai,26389,Xã Long Đức,11236587.0,0.0,0.0
21/08/2025,75,Đồng Nai,26416,Xã Phước Bình,30402244.0,0.0,0.0
21/08/2025,75,Đồng Nai,26455,Xã Xuân Hiệp,7362130.0,0.0,0.0
21/08/2025,75,Đồng Nai,26497,Xã Vĩnh Thanh,24871509.0,0.0,0.0
21/10/2024,75,Đồng Nai,26248,Thị Trấn Trảng Bom,0.0,0.0,0.0
21/10/2024,75,Đồng Nai,26341,Thị Trấn Long Giao,0.0,0.0,0.0
21/11/2024,75,Đồng Nai,26248,Thị Trấn Trảng Bom,0.0,0.0,0.0
22/01/2025,75,Đồng Nai,25993,Phường Trảng Dài,0.0,0.0,0.0
22/01/2025,75,Đồng Nai,26029,Phường Thống Nhất,0.0,0.0,0.0
22/01/2025,75,Đồng Nai,26080,Phường Xuân An,0.0,0.0,0.0
22/01/2025,75,Đồng Nai,26248,Thị Trấn Trảng Bom,0.0,0.0,0.0
22/01/2025,75,Đồng Nai,26341,Thị Trấn Long Giao,0.0,0.0,0.0
22/02/2025,75,Đồng Nai,26026,Phường Tân Mai,0.0,0.0,0.0
22/02/2025,75,Đồng Nai,26248,Thị Trấn Trảng Bom,0.0,0.0,0.0
22/02/2025,75,Đồng Nai,26341,Thị Trấn Long Giao,0.0,0.0,0.0
22/02/2025,75,Đồng Nai,26452,Xã Suối Cát,0.0,0.0,0.0
22/03/2025,75,Đồng Nai,26026,Phường Tân Mai,0.0,0.0,0.0
22/03/2025,75,Đồng Nai,26095,Phường Suối Tre,0.0,0.0,0.0
22/03/2025,75,Đồng Nai,26116,Thị Trấn Tân Phú,0.0,0.0,0.0
22/03/2025,75,Đồng Nai,26206,Thị Trấn Định Quán,0.0,0.0,0.0
22/03/2025,75,Đồng Nai,26248,Thị Trấn Trảng Bom,0.0,0.0,0.0
22/03/2025,75,Đồng Nai,26272,Xã Hố Nai 3,0.0,0.0,0.0
22/03/2025,75,Đồng Nai,26326,Thị Trấn Dầu Giây,0.0,0.0,0.0
22/03/2025,75,Đồng Nai,26452,Xã Suối Cát,0.0,0.0,0.0
22/04/2025,75,Đồng Nai,25993,Phường Trảng Dài,0.0,0.0,0.0
22/04/2025,75,Đồng Nai,25996,Phường Tân Phong,0.0,0.0,0.0
22/04/2025,75,Đồng Nai,25999,Phường Tân Biên,0.0,0.0,0.0
22/04/2025,75,Đồng Nai,26068,Phường Hóa An,0.0,0.0,0.0
22/04/2025,75,Đồng Nai,26095,Phường Suối Tre,0.0,0.0,0.0
22/04/2025,75,Đồng Nai,26116,Thị Trấn Tân Phú,0.0,0.0,0.0
22/04/2025,75,Đồng Nai,26206,Thị Trấn Định Quán,0.0,0.0,0.0
22/04/2025,75,Đồng Nai,26272,Xã Hố Nai 3,0.0,0.0,0.0
22/04/2025,75,Đồng Nai,26326,Thị Trấn Dầu Giây,0.0,0.0,0.0
22/04/2025,75,Đồng Nai,26341,Thị Trấn Long Giao,0.0,0.0,0.0
22/04/2025,75,Đồng Nai,26362,Xã Sông Ray,0.0,0.0,0.0
22/04/2025,75,Đồng Nai,26368,Thị Trấn Long Thành,0.0,0.0,0.0
22/04/2025,75,Đồng Nai,26377,Phường Phước Tân,0.0,0.0,0.0
22/04/2025,75,Đồng Nai,26440,Xã Xuân Trường,0.0,0.0,0.0
22/04/2025,75,Đồng Nai,26452,Xã Suối Cát,0.0,0.0,0.0
22/04/2025,75,Đồng Nai,26455,Xã Xuân Hiệp,0.0,0.0,0.0
22/05/2025,75,Đồng Nai,25996,Phường Tân Phong,0.0,0.0,0.0
22/05/2025,75,Đồng Nai,25999,Phường Tân Biên,0.0,0.0,0.0
22/05/2025,75,Đồng Nai,26017,Phường Tam Hiệp,0.0,0.0,0.0
22/05/2025,75,Đồng Nai,26029,Phường Thống Nhất,0.0,0.0,0.0
22/05/2025,75,Đồng Nai,26068,Phường Hóa An,0.0,0.0,0.0
22/05/2025,75,Đồng Nai,26095,Phường Suối Tre,0.0,0.0,0.0
22/05/2025,75,Đồng Nai,26116,Thị Trấn Tân Phú,0.0,0.0,0.0
22/05/2025,75,Đồng Nai,26188,Xã Thạnh Phú,0.0,0.0,0.0
22/05/2025,75,Đồng Nai,26206,Thị Trấn Định Quán,0.0,0.0,0.0
22/05/2025,75,Đồng Nai,26272,Xã Hố Nai 3,0.0,0.0,0.0
22/05/2025,75,Đồng Nai,26296,Xã An Viễn,0.0,0.0,0.0
22/05/2025,75,Đồng Nai,26299,Xã Gia Tân 1,0.0,0.0,0.0
22/05/2025,75,Đồng Nai,26311,Xã Quang Trung,0.0,0.0,0.0
22/05/2025,75,Đồng Nai,26317,Xã Hưng Lộc,0.0,0.0,0.0
22/05/2025,75,Đồng Nai,26326,Thị Trấn Dầu Giây,5156459.0,0.0,0.0
22/05/2025,75,Đồng Nai,26362,Xã Sông Ray,0.0,0.0,0.0
22/05/2025,75,Đồng Nai,26368,Thị Trấn Long Thành,0.0,0.0,0.0
22/05/2025,75,Đồng Nai,26374,Phường Tam Phước,0.0,0.0,0.0
22/05/2025,75,Đồng Nai,26377,Phường Phước Tân,18735920.0,0.0,0.0
22/05/2025,75,Đồng Nai,26416,Xã Phước Bình,0.0,0.0,0.0
22/05/2025,75,Đồng Nai,26452,Xã Suối Cát,0.0,0.0,0.0
22/05/2025,75,Đồng Nai,26455,Xã Xuân Hiệp,0.0,0.0,0.0
22/05/2025,75,Đồng Nai,26497,Xã Vĩnh Thanh,0.0,0.0,0.0
22/06/2025,75,Đồng Nai,25996,Phường Tân Phong,12176511.0,0.0,0.0
22/06/2025,75,Đồng Nai,26017,Phường Tam Hiệp,13143396.0,0.0,0.0
22/06/2025,75,Đồng Nai,26029,Phường Thống Nhất,0.0,0.0,0.0
22/06/2025,75,Đồng Nai,26050,Phường An Bình,7787616.0,0.0,0.0
22/06/2025,75,Đồng Nai,26056,Phường Long Bình Tân,172144526.0,0.0,0.0
22/06/2025,75,Đồng Nai,26068,Phường Hóa An,27337366.0,0.0,0.0
22/06/2025,75,Đồng Nai,26095,Phường Suối Tre,462005542.9,0.0,0.0
22/06/2025,75,Đồng Nai,26116,Thị Trấn Tân Phú,2928338.0,0.0,0.0
22/06/2025,75,Đồng Nai,26206,Thị Trấn Định Quán,255973783.23,0.0,0.0
22/06/2025,75,Đồng Nai,26272,Xã Hố Nai 3,43147556.0,0.0,0.0
22/06/2025,75,Đồng Nai,26296,Xã An Viễn,26952875.0,0.0,0.0
22/06/2025,75,Đồng Nai,26299,Xã Gia Tân 1,11814162.0,0.0,0.0
22/06/2025,75,Đồng Nai,26311,Xã Quang Trung,115037016.0,0.0,0.0
22/06/2025,75,Đồng Nai,26317,Xã Hưng Lộc,10755796.0,0.0,0.0
22/06/2025,75,Đồng Nai,26326,Thị Trấn Dầu Giây,31594987.0,0.0,0.0
22/06/2025,75,Đồng Nai,26362,Xã Sông Ray,4413040.0,0.0,0.0
22/06/2025,75,Đồng Nai,26368,Thị Trấn Long Thành,154231067.2,0.0,0.0
22/06/2025,75,Đồng Nai,26374,Phường Tam Phước,15603432.0,0.0,0.0
22/06/2025,75,Đồng Nai,26377,Phường Phước Tân,23600308.0,0.0,0.0
22/06/2025,75,Đồng Nai,26416,Xã Phước Bình,71790220.0,0.0,0.0
22/06/2025,75,Đồng Nai,26455,Xã Xuân Hiệp,226278483.0,0.0,0.0
22/06/2025,75,Đồng Nai,26497,Xã Vĩnh Thanh,27378546.0,0.0,0.0
22/07/2025,75,Đồng Nai,25993,Phường Trảng Dài,19734890.0,0.0,0.0
22/07/2025,75,Đồng Nai,25996,Phường Tân Phong,125129398.65,0.0,0.0
22/07/2025,75,Đồng Nai,26029,Phường Thống Nhất,38457128.66,0.0,0.0
22/07/2025,75,Đồng Nai,26056,Phường Long Bình Tân,690479560.0,0.0,0.0
22/07/2025,75,Đồng Nai,26068,Phường Hóa An,52203048.0,0.0,0.0
22/07/2025,75,Đồng Nai,26095,Phường Suối Tre,650332223.4,0.0,0.0
22/07/2025,75,Đồng Nai,26116,Thị Trấn Tân Phú,152930028.0,0.0,0.0
22/07/2025,75,Đồng Nai,26188,Xã Thạnh Phú,4992500.0,0.0,0.0
22/07/2025,75,Đồng Nai,26206,Thị Trấn Định Quán,191571613.3,0.0,0.0
22/07/2025,75,Đồng Nai,26272,Xã Hố Nai 3,80699432.0,0.0,0.0
22/07/2025,75,Đồng Nai,26296,Xã An Viễn,32901792.0,0.0,0.0
22/07/2025,75,Đồng Nai,26317,Xã Hưng Lộc,4811242.0,0.0,0.0
22/07/2025,75,Đồng Nai,26326,Thị Trấn Dầu Giây,56565926.0,0.0,0.0
22/07/2025,75,Đồng Nai,26341,Thị Trấn Long Giao,1598840.0,0.0,0.0
22/07/2025,75,Đồng Nai,26362,Xã Sông Ray,40870554.0,0.0,0.0
22/07/2025,75,Đồng Nai,26368,Thị Trấn Long Thành,136546706.6,0.0,0.0
22/07/2025,75,Đồng Nai,26374,Phường Tam Phước,1174000.0,0.0,0.0
22/07/2025,75,Đồng Nai,26377,Phường Phước Tân,23158277.0,0.0,0.0
22/07/2025,75,Đồng Nai,26416,Xã Phước Bình,10988372.0,0.0,0.0
22/07/2025,75,Đồng Nai,26452,Xã Suối Cát,102429039.4,0.0,0.0
22/07/2025,75,Đồng Nai,26455,Xã Xuân Hiệp,3633830.0,0.0,0.0
22/07/2025,75,Đồng Nai,26497,Xã Vĩnh Thanh,41233245.0,0.0,0.0
22/08/2024,75,Đồng Nai,25999,Phường Tân Biên,0.0,0.0,0.0
22/08/2025,75,Đồng Nai,25993,Phường Trảng Dài,38886154.0,0.0,0.0
22/08/2025,75,Đồng Nai,25996,Phường Tân Phong,92278484.78,0.0,0.0
22/08/2025,75,Đồng Nai,26029,Phường Thống Nhất,0.0,0.0,0.0
22/08/2025,75,Đồng Nai,26050,Phường An Bình,10519516.0,0.0,0.0
22/08/2025,75,Đồng Nai,26056,Phường Long Bình Tân,378527000.0,0.0,0.0
22/08/2025,75,Đồng Nai,26068,Phường Hóa An,33880462.0,0.0,0.0
22/08/2025,75,Đồng Nai,26095,Phường Suối Tre,712358357.4,0.0,0.0
22/08/2025,75,Đồng Nai,26188,Xã Thạnh Phú,50749797.0,0.0,0.0
22/08/2025,75,Đồng Nai,26206,Thị Trấn Định Quán,422534893.4,0.0,0.0
22/08/2025,75,Đồng Nai,26272,Xã Hố Nai 3,166928991.0,0.0,0.0
22/08/2025,75,Đồng Nai,26296,Xã An Viễn,12401535.0,0.0,0.0
22/08/2025,75,Đồng Nai,26311,Xã Quang Trung,49941524.0,0.0,0.0
22/08/2025,75,Đồng Nai,26317,Xã Hưng Lộc,2420516.0,0.0,0.0
22/08/2025,75,Đồng Nai,26362,Xã Sông Ray,25871102.0,0.0,0.0
22/08/2025,75,Đồng Nai,26368,Thị Trấn Long Thành,252770520.8,0.0,0.0
22/08/2025,75,Đồng Nai,26389,Xã Long Đức,8905324.0,0.0,0.0
22/08/2025,75,Đồng Nai,26416,Xã Phước Bình,27397568.0,0.0,0.0
22/08/2025,75,Đồng Nai,26455,Xã Xuân Hiệp,216645612.0,0.0,0.0
22/08/2025,75,Đồng Nai,26497,Xã Vĩnh Thanh,28275679.0,0.0,0.0
22/11/2022,75,Đồng Nai,26248,Thị Trấn Trảng Bom,0.0,0.0,0.0
22/11/2024,75,Đồng Nai,26248,Thị Trấn Trảng Bom,0.0,0.0,0.0
22/12/2023,75,Đồng Nai,26248,Thị Trấn Trảng Bom,0.0,0.0,0.0
22/12/2024,75,Đồng Nai,26452,Xã Suối Cát,0.0,0.0,0.0
23/01/2025,75,Đồng Nai,26080,Phường Xuân An,0.0,0.0,0.0
23/01/2025,75,Đồng Nai,26248,Thị Trấn Trảng Bom,0.0,0.0,0.0
23/01/2025,75,Đồng Nai,26341,Thị Trấn Long Giao,0.0,0.0,0.0
23/01/2025,75,Đồng Nai,26452,Xã Suối Cát,0.0,0.0,0.0
23/01/2025,75,Đồng Nai,26455,Xã Xuân Hiệp,0.0,0.0,0.0
23/02/2025,75,Đồng Nai,26026,Phường Tân Mai,0.0,0.0,0.0
23/02/2025,75,Đồng Nai,26248,Thị Trấn Trảng Bom,0.0,0.0,0.0
23/02/2025,75,Đồng Nai,26341,Thị Trấn Long Giao,0.0,0.0,0.0
23/02/2025,75,Đồng Nai,26452,Xã Suối Cát,0.0,0.0,0.0
23/03/2025,75,Đồng Nai,26026,Phường Tân Mai,0.0,0.0,0.0
23/03/2025,75,Đồng Nai,26095,Phường Suối Tre,0.0,0.0,0.0
23/03/2025,75,Đồng Nai,26116,Thị Trấn Tân Phú,0.0,0.0,0.0
23/03/2025,75,Đồng Nai,26206,Thị Trấn Định Quán,0.0,0.0,0.0
23/03/2025,75,Đồng Nai,26248,Thị Trấn Trảng Bom,0.0,0.0,0.0
23/03/2025,75,Đồng Nai,26272,Xã Hố Nai 3,0.0,0.0,0.0
23/03/2025,75,Đồng Nai,26368,Thị Trấn Long Thành,0.0,0.0,0.0
23/03/2025,75,Đồng Nai,26452,Xã Suối Cát,0.0,0.0,0.0
23/04/2025,75,Đồng Nai,25993,Phường Trảng Dài,0.0,0.0,0.0
23/04/2025,75,Đồng Nai,25996,Phường Tân Phong,0.0,0.0,0.0
23/04/2025,75,Đồng Nai,25999,Phường Tân Biên,0.0,0.0,0.0
23/04/2025,75,Đồng Nai,26017,Phường Tam Hiệp,0.0,0.0,0.0
23/04/2025,75,Đồng Nai,26029,Phường Thống Nhất,0.0,0.0,0.0
23/04/2025,75,Đồng Nai,26068,Phường Hóa An,0.0,0.0,0.0
23/04/2025,75,Đồng Nai,26095,Phường Suối Tre,0.0,0.0,0.0
23/04/2025,75,Đồng Nai,26188,Xã Thạnh Phú,0.0,0.0,0.0
23/04/2025,75,Đồng Nai,26206,Thị Trấn Định Quán,0.0,0.0,0.0
23/04/2025,75,Đồng Nai,26272,Xã Hố Nai 3,0.0,0.0,0.0
23/04/2025,75,Đồng Nai,26326,Thị Trấn Dầu Giây,0.0,0.0,0.0
23/04/2025,75,Đồng Nai,26341,Thị Trấn Long Giao,0.0,0.0,0.0
23/04/2025,75,Đồng Nai,26362,Xã Sông Ray,0.0,0.0,0.0
23/04/2025,75,Đồng Nai,26368,Thị Trấn Long Thành,0.0,0.0,0.0
23/04/2025,75,Đồng Nai,26377,Phường Phước Tân,0.0,0.0,0.0
23/04/2025,75,Đồng Nai,26440,Xã Xuân Trường,0.0,0.0,0.0
23/04/2025,75,Đồng Nai,26452,Xã Suối Cát,0.0,0.0,0.0
23/04/2025,75,Đồng Nai,26455,Xã Xuân Hiệp,0.0,0.0,0.0
23/05/2025,75,Đồng Nai,25996,Phường Tân Phong,7922626.46,0.0,0.0
23/05/2025,75,Đồng Nai,25999,Phường Tân Biên,0.0,0.0,0.0
23/05/2025,75,Đồng Nai,26017,Phường Tam Hiệp,0.0,0.0,0.0
23/05/2025,75,Đồng Nai,26029,Phường Thống Nhất,0.0,0.0,0.0
23/05/2025,75,Đồng Nai,26050,Phường An Bình,0.0,0.0,0.0
23/05/2025,75,Đồng Nai,26068,Phường Hóa An,0.0,0.0,0.0
23/05/2025,75,Đồng Nai,26095,Phường Suối Tre,29132353.0,0.0,0.0
23/05/2025,75,Đồng Nai,26116,Thị Trấn Tân Phú,0.0,0.0,0.0
23/05/2025,75,Đồng Nai,26188,Xã Thạnh Phú,0.0,0.0,0.0
23/05/2025,75,Đồng Nai,26206,Thị Trấn Định Quán,0.0,0.0,0.0
23/05/2025,75,Đồng Nai,26272,Xã Hố Nai 3,0.0,0.0,0.0
23/05/2025,75,Đồng Nai,26296,Xã An Viễn,0.0,0.0,0.0
23/05/2025,75,Đồng Nai,26299,Xã Gia Tân 1,0.0,0.0,0.0
23/05/2025,75,Đồng Nai,26317,Xã Hưng Lộc,0.0,0.0,0.0
23/05/2025,75,Đồng Nai,26326,Thị Trấn Dầu Giây,7037806.0,0.0,0.0
23/05/2025,75,Đồng Nai,26368,Thị Trấn Long Thành,0.0,0.0,0.0
23/05/2025,75,Đồng Nai,26377,Phường Phước Tân,68015213.0,0.0,0.0
23/05/2025,75,Đồng Nai,26416,Xã Phước Bình,0.0,0.0,0.0
23/05/2025,75,Đồng Nai,26452,Xã Suối Cát,0.0,0.0,0.0
23/05/2025,75,Đồng Nai,26455,Xã Xuân Hiệp,0.0,0.0,0.0
23/05/2025,75,Đồng Nai,26497,Xã Vĩnh Thanh,0.0,0.0,0.0
23/06/2025,75,Đồng Nai,25996,Phường Tân Phong,189189160.56,0.0,0.0
23/06/2025,75,Đồng Nai,26002,Phường Hố Nai,54316913.0,0.0,0.0
23/06/2025,75,Đồng Nai,26017,Phường Tam Hiệp,856927723.0,0.0,0.0
23/06/2025,75,Đồng Nai,26020,Phường Long Bình,4125755.0,0.0,0.0
23/06/2025,75,Đồng Nai,26029,Phường Thống Nhất,44105958.95,0.0,0.0
23/06/2025,75,Đồng Nai,26050,Phường An Bình,60922997.0,0.0,0.0
23/06/2025,75,Đồng Nai,26056,Phường Long Bình Tân,505524030.0,0.0,0.0
23/06/2025,75,Đồng Nai,26068,Phường Hóa An,104097508.0,0.0,0.0
23/06/2025,75,Đồng Nai,26095,Phường Suối Tre,862992047.2,0.0,0.0
23/06/2025,75,Đồng Nai,26116,Thị Trấn Tân Phú,10043356.0,0.0,0.0
23/06/2025,75,Đồng Nai,26206,Thị Trấn Định Quán,766590576.24,0.0,0.0
23/06/2025,75,Đồng Nai,26272,Xã Hố Nai 3,126694574.0,0.0,0.0
23/06/2025,75,Đồng Nai,26296,Xã An Viễn,58572063.0,0.0,0.0
23/06/2025,75,Đồng Nai,26299,Xã Gia Tân 1,10947308.0,0.0,0.0
23/06/2025,75,Đồng Nai,26311,Xã Quang Trung,234538204.0,0.0,0.0
23/06/2025,75,Đồng Nai,26317,Xã Hưng Lộc,11059180.0,0.0,0.0
23/06/2025,75,Đồng Nai,26326,Thị Trấn Dầu Giây,192507265.0,0.0,0.0
23/06/2025,75,Đồng Nai,26362,Xã Sông Ray,44988425.0,0.0,0.0
23/06/2025,75,Đồng Nai,26368,Thị Trấn Long Thành,317854989.2,0.0,0.0
23/06/2025,75,Đồng Nai,26374,Phường Tam Phước,109569992.0,0.0,0.0
23/06/2025,75,Đồng Nai,26377,Phường Phước Tân,59736205.0,0.0,0.0
23/06/2025,75,Đồng Nai,26416,Xã Phước Bình,83431580.0,0.0,0.0
23/06/2025,75,Đồng Nai,26455,Xã Xuân Hiệp,143174328.0,0.0,0.0
23/06/2025,75,Đồng Nai,26497,Xã Vĩnh Thanh,33344016.0,0.0,0.0
23/07/2025,75,Đồng Nai,25993,Phường Trảng Dài,6027655.0,0.0,0.0
23/07/2025,75,Đồng Nai,25996,Phường Tân Phong,63533250.7,0.0,0.0
23/07/2025,75,Đồng Nai,26029,Phường Thống Nhất,115681520.18,0.0,0.0
23/07/2025,75,Đồng Nai,26056,Phường Long Bình Tân,575441082.0,0.0,0.0
23/07/2025,75,Đồng Nai,26068,Phường Hóa An,65855900.0,0.0,0.0
23/07/2025,75,Đồng Nai,26095,Phường Suối Tre,698724688.3,0.0,0.0
23/07/2025,75,Đồng Nai,26116,Thị Trấn Tân Phú,129683885.0,0.0,0.0
23/07/2025,75,Đồng Nai,26188,Xã Thạnh Phú,3725800.0,0.0,0.0
23/07/2025,75,Đồng Nai,26206,Thị Trấn Định Quán,248378329.5,0.0,0.0
23/07/2025,75,Đồng Nai,26272,Xã Hố Nai 3,61974952.0,0.0,0.0
23/07/2025,75,Đồng Nai,26296,Xã An Viễn,8909850.0,0.0,0.0
23/07/2025,75,Đồng Nai,26317,Xã Hưng Lộc,34734795.99,0.0,0.0
23/07/2025,75,Đồng Nai,26326,Thị Trấn Dầu Giây,48223157.0,0.0,0.0
23/07/2025,75,Đồng Nai,26341,Thị Trấn Long Giao,2960480.0,0.0,0.0
23/07/2025,75,Đồng Nai,26362,Xã Sông Ray,26269424.0,0.0,0.0
23/07/2025,75,Đồng Nai,26368,Thị Trấn Long Thành,248996978.6,0.0,0.0
23/07/2025,75,Đồng Nai,26374,Phường Tam Phước,294300.0,0.0,0.0
23/07/2025,75,Đồng Nai,26377,Phường Phước Tân,27062448.0,0.0,0.0
23/07/2025,75,Đồng Nai,26416,Xã Phước Bình,22898226.0,0.0,0.0
23/07/2025,75,Đồng Nai,26452,Xã Suối Cát,87369711.0,0.0,0.0
23/07/2025,75,Đồng Nai,26455,Xã Xuân Hiệp,1669900.0,0.0,0.0
23/07/2025,75,Đồng Nai,26497,Xã Vĩnh Thanh,24853878.0,0.0,0.0
23/08/2025,75,Đồng Nai,25996,Phường Tân Phong,19596360.0,0.0,0.0
23/08/2025,75,Đồng Nai,26017,Phường Tam Hiệp,3468060.0,0.0,0.0
23/08/2025,75,Đồng Nai,26029,Phường Thống Nhất,0.0,0.0,0.0
23/08/2025,75,Đồng Nai,26050,Phường An Bình,7899483.0,0.0,0.0
23/08/2025,75,Đồng Nai,26056,Phường Long Bình Tân,305665744.0,0.0,0.0
23/08/2025,75,Đồng Nai,26068,Phường Hóa An,36707460.0,0.0,0.0
23/08/2025,75,Đồng Nai,26095,Phường Suối Tre,382760472.5,0.0,0.0
23/08/2025,75,Đồng Nai,26188,Xã Thạnh Phú,33717400.0,0.0,0.0
23/08/2025,75,Đồng Nai,26206,Thị Trấn Định Quán,244332704.52,0.0,0.0
23/08/2025,75,Đồng Nai,26272,Xã Hố Nai 3,225957568.0,0.0,0.0
23/08/2025,75,Đồng Nai,26296,Xã An Viễn,979700.0,0.0,0.0
23/08/2025,75,Đồng Nai,26311,Xã Quang Trung,29699059.0,0.0,0.0
23/08/2025,75,Đồng Nai,26317,Xã Hưng Lộc,16240451.0,0.0,0.0
23/08/2025,75,Đồng Nai,26362,Xã Sông Ray,21853377.0,0.0,0.0
23/08/2025,75,Đồng Nai,26368,Thị Trấn Long Thành,110064161.8,0.0,0.0
23/08/2025,75,Đồng Nai,26389,Xã Long Đức,7037261.0,0.0,0.0
23/08/2025,75,Đồng Nai,26416,Xã Phước Bình,23717555.0,0.0,0.0
23/08/2025,75,Đồng Nai,26455,Xã Xuân Hiệp,85088057.0,0.0,0.0
23/08/2025,75,Đồng Nai,26497,Xã Vĩnh Thanh,24952453.0,0.0,0.0
23/12/2024,75,Đồng Nai,26341,Thị Trấn Long Giao,0.0,0.0,0.0
23/12/2024,75,Đồng Nai,26377,Phường Phước Tân,0.0,0.0,0.0
23/12/2024,75,Đồng Nai,26452,Xã Suối Cát,0.0,0.0,0.0
24/01/2025,75,Đồng Nai,26026,Phường Tân Mai,0.0,0.0,0.0
24/01/2025,75,Đồng Nai,26080,Phường Xuân An,0.0,0.0,0.0
24/01/2025,75,Đồng Nai,26248,Thị Trấn Trảng Bom,0.0,0.0,0.0
24/01/2025,75,Đồng Nai,26341,Thị Trấn Long Giao,0.0,0.0,0.0
24/01/2025,75,Đồng Nai,26452,Xã Suối Cát,0.0,0.0,0.0
24/02/2025,75,Đồng Nai,25993,Phường Trảng Dài,0.0,0.0,0.0
24/02/2025,75,Đồng Nai,26026,Phường Tân Mai,0.0,0.0,0.0
24/02/2025,75,Đồng Nai,26080,Phường Xuân An,0.0,0.0,0.0
24/02/2025,75,Đồng Nai,26248,Thị Trấn Trảng Bom,0.0,0.0,0.0
24/02/2025,75,Đồng Nai,26341,Thị Trấn Long Giao,0.0,0.0,0.0
24/02/2025,75,Đồng Nai,26452,Xã Suối Cát,0.0,0.0,0.0
24/03/2025,75,Đồng Nai,25996,Phường Tân Phong,0.0,0.0,0.0
24/03/2025,75,Đồng Nai,26008,Phường Tân Hiệp,0.0,0.0,0.0
24/03/2025,75,Đồng Nai,26026,Phường Tân Mai,0.0,0.0,0.0
24/03/2025,75,Đồng Nai,26080,Phường Xuân An,0.0,0.0,0.0
24/03/2025,75,Đồng Nai,26095,Phường Suối Tre,0.0,0.0,0.0
24/03/2025,75,Đồng Nai,26116,Thị Trấn Tân Phú,0.0,0.0,0.0
24/03/2025,75,Đồng Nai,26206,Thị Trấn Định Quán,0.0,0.0,0.0
24/03/2025,75,Đồng Nai,26248,Thị Trấn Trảng Bom,0.0,0.0,0.0
24/03/2025,75,Đồng Nai,26272,Xã Hố Nai 3,0.0,0.0,0.0
24/03/2025,75,Đồng Nai,26326,Thị Trấn Dầu Giây,0.0,0.0,0.0
24/03/2025,75,Đồng Nai,26377,Phường Phước Tân,0.0,0.0,0.0
24/03/2025,75,Đồng Nai,26452,Xã Suối Cát,0.0,0.0,0.0
24/03/2025,75,Đồng Nai,26455,Xã Xuân Hiệp,0.0,0.0,0.0
24/04/2025,75,Đồng Nai,25993,Phường Trảng Dài,0.0,0.0,0.0
24/04/2025,75,Đồng Nai,25996,Phường Tân Phong,0.0,0.0,0.0
24/04/2025,75,Đồng Nai,25999,Phường Tân Biên,0.0,0.0,0.0
24/04/2025,75,Đồng Nai,26017,Phường Tam Hiệp,0.0,0.0,0.0
24/04/2025,75,Đồng Nai,26029,Phường Thống Nhất,0.0,0.0,0.0
24/04/2025,75,Đồng Nai,26068,Phường Hóa An,0.0,0.0,0.0
24/04/2025,75,Đồng Nai,26095,Phường Suối Tre,0.0,0.0,0.0
24/04/2025,75,Đồng Nai,26116,Thị Trấn Tân Phú,0.0,0.0,0.0
24/04/2025,75,Đồng Nai,26188,Xã Thạnh Phú,0.0,0.0,0.0
24/04/2025,75,Đồng Nai,26206,Thị Trấn Định Quán,0.0,0.0,0.0
24/04/2025,75,Đồng Nai,26272,Xã Hố Nai 3,0.0,0.0,0.0
24/04/2025,75,Đồng Nai,26326,Thị Trấn Dầu Giây,0.0,0.0,0.0
24/04/2025,75,Đồng Nai,26341,Thị Trấn Long Giao,0.0,0.0,0.0
24/04/2025,75,Đồng Nai,26362,Xã Sông Ray,0.0,0.0,0.0
24/04/2025,75,Đồng Nai,26368,Thị Trấn Long Thành,0.0,0.0,0.0
24/04/2025,75,Đồng Nai,26377,Phường Phước Tân,0.0,0.0,0.0
24/04/2025,75,Đồng Nai,26452,Xã Suối Cát,0.0,0.0,0.0
24/04/2025,75,Đồng Nai,26455,Xã Xuân Hiệp,0.0,0.0,0.0
24/05/2025,75,Đồng Nai,25996,Phường Tân Phong,0.0,0.0,0.0
24/05/2025,75,Đồng Nai,25999,Phường Tân Biên,0.0,0.0,0.0
24/05/2025,75,Đồng Nai,26017,Phường Tam Hiệp,0.0,0.0,0.0
24/05/2025,75,Đồng Nai,26029,Phường Thống Nhất,0.0,0.0,0.0
24/05/2025,75,Đồng Nai,26050,Phường An Bình,0.0,0.0,0.0
24/05/2025,75,Đồng Nai,26068,Phường Hóa An,0.0,0.0,0.0
24/05/2025,75,Đồng Nai,26095,Phường Suối Tre,49102361.0,0.0,0.0
24/05/2025,75,Đồng Nai,26116,Thị Trấn Tân Phú,0.0,0.0,0.0
24/05/2025,75,Đồng Nai,26188,Xã Thạnh Phú,0.0,0.0,0.0
24/05/2025,75,Đồng Nai,26206,Thị Trấn Định Quán,0.0,0.0,0.0
24/05/2025,75,Đồng Nai,26272,Xã Hố Nai 3,0.0,0.0,0.0
24/05/2025,75,Đồng Nai,26296,Xã An Viễn,0.0,0.0,0.0
24/05/2025,75,Đồng Nai,26311,Xã Quang Trung,0.0,0.0,0.0
24/05/2025,75,Đồng Nai,26317,Xã Hưng Lộc,0.0,0.0,0.0
24/05/2025,75,Đồng Nai,26326,Thị Trấn Dầu Giây,11218407.0,0.0,0.0
24/05/2025,75,Đồng Nai,26368,Thị Trấn Long Thành,0.0,0.0,0.0
24/05/2025,75,Đồng Nai,26374,Phường Tam Phước,0.0,0.0,0.0
24/05/2025,75,Đồng Nai,26416,Xã Phước Bình,0.0,0.0,0.0
24/05/2025,75,Đồng Nai,26452,Xã Suối Cát,0.0,0.0,0.0
24/05/2025,75,Đồng Nai,26455,Xã Xuân Hiệp,0.0,0.0,0.0
24/05/2025,75,Đồng Nai,26497,Xã Vĩnh Thanh,0.0,0.0,0.0
24/06/2024,75,Đồng Nai,26035,Phường Tam Hòa,0.0,0.0,0.0
24/06/2024,75,Đồng Nai,26206,Thị Trấn Định Quán,0.0,0.0,0.0
24/06/2025,75,Đồng Nai,25993,Phường Trảng Dài,3920691.0,0.0,0.0
24/06/2025,75,Đồng Nai,25996,Phường Tân Phong,118233863.72,0.0,0.0
24/06/2025,75,Đồng Nai,26002,Phường Hố Nai,5727231.0,0.0,0.0
24/06/2025,75,Đồng Nai,26017,Phường Tam Hiệp,18960764.0,0.0,0.0
24/06/2025,75,Đồng Nai,26020,Phường Long Bình,2829034.0,0.0,0.0
24/06/2025,75,Đồng Nai,26029,Phường Thống Nhất,164694093.73,0.0,0.0
24/06/2025,75,Đồng Nai,26050,Phường An Bình,17000705.0,0.0,0.0
24/06/2025,75,Đồng Nai,26056,Phường Long Bình Tân,390082790.0,0.0,0.0
24/06/2025,75,Đồng Nai,26068,Phường Hóa An,77672060.0,0.0,0.0
24/06/2025,75,Đồng Nai,26095,Phường Suối Tre,694558146.5,0.0,0.0
24/06/2025,75,Đồng Nai,26116,Thị Trấn Tân Phú,29733245.0,0.0,0.0
24/06/2025,75,Đồng Nai,26206,Thị Trấn Định Quán,715496667.84,0.0,0.0
24/06/2025,75,Đồng Nai,26272,Xã Hố Nai 3,151496086.0,0.0,0.0
24/06/2025,75,Đồng Nai,26296,Xã An Viễn,46569249.0,0.0,0.0
24/06/2025,75,Đồng Nai,26299,Xã Gia Tân 1,20875910.0,0.0,0.0
24/06/2025,75,Đồng Nai,26311,Xã Quang Trung,90700773.0,0.0,0.0
24/06/2025,75,Đồng Nai,26317,Xã Hưng Lộc,42448038.0,0.0,0.0
24/06/2025,75,Đồng Nai,26326,Thị Trấn Dầu Giây,159830152.0,0.0,0.0
24/06/2025,75,Đồng Nai,26362,Xã Sông Ray,31223630.0,0.0,0.0
24/06/2025,75,Đồng Nai,26368,Thị Trấn Long Thành,267746547.2,0.0,0.0
24/06/2025,75,Đồng Nai,26374,Phường Tam Phước,19987965.0,0.0,0.0
24/06/2025,75,Đồng Nai,26377,Phường Phước Tân,50619322.0,0.0,0.0
24/06/2025,75,Đồng Nai,26416,Xã Phước Bình,52329408.0,0.0,0.0
24/06/2025,75,Đồng Nai,26455,Xã Xuân Hiệp,120760696.0,0.0,0.0
24/06/2025,75,Đồng Nai,26497,Xã Vĩnh Thanh,22414109.0,0.0,0.0
24/07/2025,75,Đồng Nai,25993,Phường Trảng Dài,31692370.0,0.0,0.0
24/07/2025,75,Đồng Nai,25996,Phường Tân Phong,88502470.84,0.0,0.0
24/07/2025,75,Đồng Nai,26029,Phường Thống Nhất,0.0,0.0,0.0
24/07/2025,75,Đồng Nai,26050,Phường An Bình,11579288.0,0.0,0.0
24/07/2025,75,Đồng Nai,26056,Phường Long Bình Tân,712088388.0,0.0,0.0
24/07/2025,75,Đồng Nai,26068,Phường Hóa An,35884398.0,0.0,0.0
24/07/2025,75,Đồng Nai,26095,Phường Suối Tre,864149270.3,0.0,0.0
24/07/2025,75,Đồng Nai,26116,Thị Trấn Tân Phú,148736997.0,0.0,0.0
24/07/2025,75,Đồng Nai,26188,Xã Thạnh Phú,5738240.0,0.0,0.0
24/07/2025,75,Đồng Nai,26206,Thị Trấn Định Quán,274152392.5,0.0,0.0
24/07/2025,75,Đồng Nai,26272,Xã Hố Nai 3,92856313.0,0.0,0.0
24/07/2025,75,Đồng Nai,26296,Xã An Viễn,43070874.0,0.0,0.0
24/07/2025,75,Đồng Nai,26317,Xã Hưng Lộc,29841105.98,0.0,0.0
24/07/2025,75,Đồng Nai,26326,Thị Trấn Dầu Giây,43189955.0,0.0,0.0
24/07/2025,75,Đồng Nai,26341,Thị Trấn Long Giao,7013660.0,0.0,0.0
24/07/2025,75,Đồng Nai,26362,Xã Sông Ray,36959569.0,0.0,0.0
24/07/2025,75,Đồng Nai,26368,Thị Trấn Long Thành,307401850.4,0.0,0.0
24/07/2025,75,Đồng Nai,26374,Phường Tam Phước,14501577.0,0.0,0.0
24/07/2025,75,Đồng Nai,26377,Phường Phước Tân,12237264.0,0.0,0.0
24/07/2025,75,Đồng Nai,26416,Xã Phước Bình,38132948.0,0.0,0.0
24/07/2025,75,Đồng Nai,26452,Xã Suối Cát,79845339.35,0.0,0.0
24/07/2025,75,Đồng Nai,26455,Xã Xuân Hiệp,2809710.0,0.0,0.0
24/07/2025,75,Đồng Nai,26497,Xã Vĩnh Thanh,15590120.0,0.0,0.0
24/08/2025,75,Đồng Nai,25996,Phường Tân Phong,15697330.0,0.0,0.0
24/08/2025,75,Đồng Nai,26029,Phường Thống Nhất,0.0,0.0,0.0
24/08/2025,75,Đồng Nai,26050,Phường An Bình,3005276.0,0.0,0.0
24/08/2025,75,Đồng Nai,26056,Phường Long Bình Tân,96851578.0,0.0,0.0
24/08/2025,75,Đồng Nai,26095,Phường Suối Tre,489226835.44,0.0,0.0
24/08/2025,75,Đồng Nai,26188,Xã Thạnh Phú,32718517.0,0.0,0.0
24/08/2025,75,Đồng Nai,26206,Thị Trấn Định Quán,211781936.88,0.0,0.0
24/08/2025,75,Đồng Nai,26272,Xã Hố Nai 3,175612508.0,0.0,0.0
24/08/2025,75,Đồng Nai,26296,Xã An Viễn,13666281.0,0.0,0.0
24/08/2025,75,Đồng Nai,26362,Xã Sông Ray,8157223.0,0.0,0.0
24/08/2025,75,Đồng Nai,26368,Thị Trấn Long Thành,153918693.8,0.0,0.0
24/08/2025,75,Đồng Nai,26389,Xã Long Đức,6600170.0,0.0,0.0
24/08/2025,75,Đồng Nai,26416,Xã Phước Bình,5389900.0,0.0,0.0
24/08/2025,75,Đồng Nai,26455,Xã Xuân Hiệp,91061441.0,0.0,0.0
24/08/2025,75,Đồng Nai,26497,Xã Vĩnh Thanh,18868303.0,0.0,0.0
24/12/2024,75,Đồng Nai,26341,Thị Trấn Long Giao,0.0,0.0,0.0
24/12/2024,75,Đồng Nai,26452,Xã Suối Cát,0.0,0.0,0.0
25/01/2025,75,Đồng Nai,26248,Thị Trấn Trảng Bom,0.0,0.0,0.0
25/01/2025,75,Đồng Nai,26341,Thị Trấn Long Giao,0.0,0.0,0.0
25/02/2025,75,Đồng Nai,25993,Phường Trảng Dài,0.0,0.0,0.0
25/02/2025,75,Đồng Nai,26026,Phường Tân Mai,0.0,0.0,0.0
25/02/2025,75,Đồng Nai,26080,Phường Xuân An,0.0,0.0,0.0
25/02/2025,75,Đồng Nai,26248,Thị Trấn Trảng Bom,0.0,0.0,0.0
25/02/2025,75,Đồng Nai,26341,Thị Trấn Long Giao,0.0,0.0,0.0
25/02/2025,75,Đồng Nai,26452,Xã Suối Cát,0.0,0.0,0.0
25/03/2019,75,Đồng Nai,26248,Thị Trấn Trảng Bom,0.0,0.0,0.0
25/03/2025,75,Đồng Nai,25996,Phường Tân Phong,0.0,0.0,0.0
25/03/2025,75,Đồng Nai,26026,Phường Tân Mai,0.0,0.0,0.0
25/03/2025,75,Đồng Nai,26095,Phường Suối Tre,0.0,0.0,0.0
25/03/2025,75,Đồng Nai,26116,Thị Trấn Tân Phú,0.0,0.0,0.0
25/03/2025,75,Đồng Nai,26206,Thị Trấn Định Quán,0.0,0.0,0.0
25/03/2025,75,Đồng Nai,26248,Thị Trấn Trảng Bom,0.0,0.0,0.0
25/03/2025,75,Đồng Nai,26254,Xã Cây Gáo,0.0,0.0,0.0
25/03/2025,75,Đồng Nai,26272,Xã Hố Nai 3,0.0,0.0,0.0
25/03/2025,75,Đồng Nai,26326,Thị Trấn Dầu Giây,0.0,0.0,0.0
25/03/2025,75,Đồng Nai,26452,Xã Suối Cát,0.0,0.0,0.0
25/04/2025,75,Đồng Nai,25993,Phường Trảng Dài,0.0,0.0,0.0
25/04/2025,75,Đồng Nai,25996,Phường Tân Phong,0.0,0.0,0.0
25/04/2025,75,Đồng Nai,25999,Phường Tân Biên,0.0,0.0,0.0
25/04/2025,75,Đồng Nai,26017,Phường Tam Hiệp,0.0,0.0,0.0
25/04/2025,75,Đồng Nai,26029,Phường Thống Nhất,0.0,0.0,0.0
25/04/2025,75,Đồng Nai,26068,Phường Hóa An,0.0,0.0,0.0
25/04/2025,75,Đồng Nai,26095,Phường Suối Tre,0.0,0.0,0.0
25/04/2025,75,Đồng Nai,26116,Thị Trấn Tân Phú,0.0,0.0,0.0
25/04/2025,75,Đồng Nai,26188,Xã Thạnh Phú,0.0,0.0,0.0
25/04/2025,75,Đồng Nai,26206,Thị Trấn Định Quán,0.0,0.0,0.0
25/04/2025,75,Đồng Nai,26272,Xã Hố Nai 3,0.0,0.0,0.0
25/04/2025,75,Đồng Nai,26326,Thị Trấn Dầu Giây,0.0,0.0,0.0
25/04/2025,75,Đồng Nai,26341,Thị Trấn Long Giao,0.0,0.0,0.0
25/04/2025,75,Đồng Nai,26362,Xã Sông Ray,0.0,0.0,0.0
25/04/2025,75,Đồng Nai,26368,Thị Trấn Long Thành,0.0,0.0,0.0
25/04/2025,75,Đồng Nai,26377,Phường Phước Tân,0.0,0.0,0.0
25/04/2025,75,Đồng Nai,26452,Xã Suối Cát,0.0,0.0,0.0
25/04/2025,75,Đồng Nai,26455,Xã Xuân Hiệp,0.0,0.0,0.0
25/05/2025,75,Đồng Nai,25996,Phường Tân Phong,0.0,0.0,0.0
25/05/2025,75,Đồng Nai,25999,Phường Tân Biên,0.0,0.0,0.0
25/05/2025,75,Đồng Nai,26017,Phường Tam Hiệp,0.0,0.0,0.0
25/05/2025,75,Đồng Nai,26029,Phường Thống Nhất,0.0,0.0,0.0
25/05/2025,75,Đồng Nai,26056,Phường Long Bình Tân,70565204.0,0.0,0.0
25/05/2025,75,Đồng Nai,26068,Phường Hóa An,0.0,0.0,0.0
25/05/2025,75,Đồng Nai,26095,Phường Suối Tre,0.0,0.0,0.0
25/05/2025,75,Đồng Nai,26116,Thị Trấn Tân Phú,0.0,0.0,0.0
25/05/2025,75,Đồng Nai,26188,Xã Thạnh Phú,0.0,0.0,0.0
25/05/2025,75,Đồng Nai,26206,Thị Trấn Định Quán,0.0,0.0,0.0
25/05/2025,75,Đồng Nai,26272,Xã Hố Nai 3,0.0,0.0,0.0
25/05/2025,75,Đồng Nai,26296,Xã An Viễn,0.0,0.0,0.0
25/05/2025,75,Đồng Nai,26299,Xã Gia Tân 1,0.0,0.0,0.0
25/05/2025,75,Đồng Nai,26311,Xã Quang Trung,0.0,0.0,0.0
25/05/2025,75,Đồng Nai,26317,Xã Hưng Lộc,0.0,0.0,0.0
25/05/2025,75,Đồng Nai,26326,Thị Trấn Dầu Giây,9356682.0,0.0,0.0
25/05/2025,75,Đồng Nai,26368,Thị Trấn Long Thành,0.0,0.0,0.0
25/05/2025,75,Đồng Nai,26374,Phường Tam Phước,0.0,0.0,0.0
25/05/2025,75,Đồng Nai,26377,Phường Phước Tân,17832684.0,0.0,0.0
25/05/2025,75,Đồng Nai,26416,Xã Phước Bình,0.0,0.0,0.0
25/05/2025,75,Đồng Nai,26452,Xã Suối Cát,0.0,0.0,0.0
25/05/2025,75,Đồng Nai,26455,Xã Xuân Hiệp,971400.0,0.0,0.0
25/05/2025,75,Đồng Nai,26485,Xã Phú Hội,0.0,0.0,0.0
25/05/2025,75,Đồng Nai,26497,Xã Vĩnh Thanh,0.0,0.0,0.0
25/06/2024,75,Đồng Nai,26035,Phường Tam Hòa,0.0,0.0,0.0
25/06/2025,75,Đồng Nai,25996,Phường Tân Phong,26064374.45,0.0,0.0
25/06/2025,75,Đồng Nai,26002,Phường Hố Nai,18702935.0,0.0,0.0
25/06/2025,75,Đồng Nai,26017,Phường Tam Hiệp,20306311.0,0.0,0.0
25/06/2025,75,Đồng Nai,26020,Phường Long Bình,1794026.0,0.0,0.0
25/06/2025,75,Đồng Nai,26029,Phường Thống Nhất,163481525.29,0.0,0.0
25/06/2025,75,Đồng Nai,26050,Phường An Bình,14304768.0,0.0,0.0
25/06/2025,75,Đồng Nai,26056,Phường Long Bình Tân,253026568.0,0.0,0.0
25/06/2025,75,Đồng Nai,26068,Phường Hóa An,73073403.0,0.0,0.0
25/06/2025,75,Đồng Nai,26095,Phường Suối Tre,640644164.8,0.0,0.0
25/06/2025,75,Đồng Nai,26116,Thị Trấn Tân Phú,49399696.0,0.0,0.0
25/06/2025,75,Đồng Nai,26206,Thị Trấn Định Quán,536698521.6,0.0,0.0
25/06/2025,75,Đồng Nai,26272,Xã Hố Nai 3,136593080.0,0.0,0.0
25/06/2025,75,Đồng Nai,26296,Xã An Viễn,38064708.0,0.0,0.0
25/06/2025,75,Đồng Nai,26299,Xã Gia Tân 1,27009022.0,0.0,0.0
25/06/2025,75,Đồng Nai,26311,Xã Quang Trung,40432495.0,0.0,0.0
25/06/2025,75,Đồng Nai,26317,Xã Hưng Lộc,29330709.0,0.0,0.0
25/06/2025,75,Đồng Nai,26326,Thị Trấn Dầu Giây,110744135.0,0.0,0.0
25/06/2025,75,Đồng Nai,26362,Xã Sông Ray,21303601.0,0.0,0.0
25/06/2025,75,Đồng Nai,26368,Thị Trấn Long Thành,261698114.0,0.0,0.0
25/06/2025,75,Đồng Nai,26374,Phường Tam Phước,19938690.0,0.0,0.0
25/06/2025,75,Đồng Nai,26377,Phường Phước Tân,43688822.0,0.0,0.0
25/06/2025,75,Đồng Nai,26416,Xã Phước Bình,17531924.0,0.0,0.0
25/06/2025,75,Đồng Nai,26455,Xã Xuân Hiệp,96376106.0,0.0,0.0
25/06/2025,75,Đồng Nai,26497,Xã Vĩnh Thanh,22658724.0,0.0,0.0
25/07/2025,75,Đồng Nai,25993,Phường Trảng Dài,16765913.0,0.0,0.0
25/07/2025,75,Đồng Nai,25996,Phường Tân Phong,60266449.16,0.0,0.0
25/07/2025,75,Đồng Nai,26029,Phường Thống Nhất,0.0,0.0,0.0
25/07/2025,75,Đồng Nai,26056,Phường Long Bình Tân,565815277.0,0.0,0.0
25/07/2025,75,Đồng Nai,26068,Phường Hóa An,26916231.0,0.0,0.0
25/07/2025,75,Đồng Nai,26095,Phường Suối Tre,584926938.0,0.0,0.0
25/07/2025,75,Đồng Nai,26116,Thị Trấn Tân Phú,111419285.0,0.0,0.0
25/07/2025,75,Đồng Nai,26188,Xã Thạnh Phú,14722590.0,0.0,0.0
25/07/2025,75,Đồng Nai,26206,Thị Trấn Định Quán,296272124.9,0.0,0.0
25/07/2025,75,Đồng Nai,26272,Xã Hố Nai 3,24194013.0,0.0,0.0
25/07/2025,75,Đồng Nai,26296,Xã An Viễn,47766443.0,0.0,0.0
25/07/2025,75,Đồng Nai,26317,Xã Hưng Lộc,13317358.0,0.0,0.0
25/07/2025,75,Đồng Nai,26326,Thị Trấn Dầu Giây,35852579.0,0.0,0.0
25/07/2025,75,Đồng Nai,26362,Xã Sông Ray,15299946.0,0.0,0.0
25/07/2025,75,Đồng Nai,26368,Thị Trấn Long Thành,272111272.2,0.0,0.0
25/07/2025,75,Đồng Nai,26377,Phường Phước Tân,18862820.0,0.0,0.0
25/07/2025,75,Đồng Nai,26416,Xã Phước Bình,10645372.0,0.0,0.0
25/07/2025,75,Đồng Nai,26452,Xã Suối Cát,60319826.1,0.0,0.0
25/07/2025,75,Đồng Nai,26455,Xã Xuân Hiệp,1203750.0,0.0,0.0
25/07/2025,75,Đồng Nai,26497,Xã Vĩnh Thanh,29962255.0,0.0,0.0
25/08/2025,75,Đồng Nai,25993,Phường Trảng Dài,16944279.0,0.0,0.0
25/08/2025,75,Đồng Nai,25996,Phường Tân Phong,123867222.94,0.0,0.0
25/08/2025,75,Đồng Nai,26017,Phường Tam Hiệp,25489916.96,0.0,0.0
25/08/2025,75,Đồng Nai,26029,Phường Thống Nhất,28455004.54,0.0,0.0
25/08/2025,75,Đồng Nai,26056,Phường Long Bình Tân,158997059.0,0.0,0.0
25/08/2025,75,Đồng Nai,26068,Phường Hóa An,55631844.0,0.0,0.0
25/08/2025,75,Đồng Nai,26095,Phường Suối Tre,939597015.2,0.0,0.0
25/08/2025,75,Đồng Nai,26188,Xã Thạnh Phú,59582369.0,0.0,0.0
25/08/2025,75,Đồng Nai,26206,Thị Trấn Định Quán,585223318.0,0.0,0.0
25/08/2025,75,Đồng Nai,26272,Xã Hố Nai 3,249514847.0,0.0,0.0
25/08/2025,75,Đồng Nai,26296,Xã An Viễn,21355331.0,0.0,0.0
25/08/2025,75,Đồng Nai,26311,Xã Quang Trung,70683119.0,0.0,0.0
25/08/2025,75,Đồng Nai,26317,Xã Hưng Lộc,44098288.0,0.0,0.0
25/08/2025,75,Đồng Nai,26341,Thị Trấn Long Giao,226200.0,0.0,0.0
25/08/2025,75,Đồng Nai,26362,Xã Sông Ray,15904867.0,0.0,0.0
25/08/2025,75,Đồng Nai,26368,Thị Trấn Long Thành,346778601.4,0.0,0.0
25/08/2025,75,Đồng Nai,26389,Xã Long Đức,21122900.0,0.0,0.0
25/08/2025,75,Đồng Nai,26416,Xã Phước Bình,30058083.0,0.0,0.0
25/08/2025,75,Đồng Nai,26455,Xã Xuân Hiệp,119055452.0,0.0,0.0
25/08/2025,75,Đồng Nai,26497,Xã Vĩnh Thanh,19648637.0,0.0,0.0
25/11/2024,75,Đồng Nai,26248,Thị Trấn Trảng Bom,0.0,0.0,0.0
25/12/2024,75,Đồng Nai,26341,Thị Trấn Long Giao,0.0,0.0,0.0
25/12/2024,75,Đồng Nai,26452,Xã Suối Cát,0.0,0.0,0.0
26/01/2025,75,Đồng Nai,26248,Thị Trấn Trảng Bom,0.0,0.0,0.0
26/01/2025,75,Đồng Nai,26341,Thị Trấn Long Giao,0.0,0.0,0.0
26/01/2025,75,Đồng Nai,26452,Xã Suối Cát,0.0,0.0,0.0
26/02/2025,75,Đồng Nai,25993,Phường Trảng Dài,0.0,0.0,0.0
26/02/2025,75,Đồng Nai,26026,Phường Tân Mai,0.0,0.0,0.0
26/02/2025,75,Đồng Nai,26248,Thị Trấn Trảng Bom,0.0,0.0,0.0
26/02/2025,75,Đồng Nai,26341,Thị Trấn Long Giao,0.0,0.0,0.0
26/02/2025,75,Đồng Nai,26452,Xã Suối Cát,0.0,0.0,0.0
26/03/2019,75,Đồng Nai,26248,Thị Trấn Trảng Bom,0.0,0.0,0.0
26/03/2025,75,Đồng Nai,25996,Phường Tân Phong,0.0,0.0,0.0
26/03/2025,75,Đồng Nai,26026,Phường Tân Mai,0.0,0.0,0.0
26/03/2025,75,Đồng Nai,26080,Phường Xuân An,0.0,0.0,0.0
26/03/2025,75,Đồng Nai,26095,Phường Suối Tre,0.0,0.0,0.0
26/03/2025,75,Đồng Nai,26116,Thị Trấn Tân Phú,0.0,0.0,0.0
26/03/2025,75,Đồng Nai,26206,Thị Trấn Định Quán,0.0,0.0,0.0
26/03/2025,75,Đồng Nai,26248,Thị Trấn Trảng Bom,0.0,0.0,0.0
26/03/2025,75,Đồng Nai,26272,Xã Hố Nai 3,0.0,0.0,0.0
26/03/2025,75,Đồng Nai,26326,Thị Trấn Dầu Giây,0.0,0.0,0.0
26/03/2025,75,Đồng Nai,26368,Thị Trấn Long Thành,0.0,0.0,0.0
26/03/2025,75,Đồng Nai,26452,Xã Suối Cát,0.0,0.0,0.0
26/04/2025,75,Đồng Nai,25996,Phường Tân Phong,0.0,0.0,0.0
26/04/2025,75,Đồng Nai,25999,Phường Tân Biên,0.0,0.0,0.0
26/04/2025,75,Đồng Nai,26017,Phường Tam Hiệp,0.0,0.0,0.0
26/04/2025,75,Đồng Nai,26029,Phường Thống Nhất,0.0,0.0,0.0
26/04/2025,75,Đồng Nai,26056,Phường Long Bình Tân,56565460.0,0.0,0.0
26/04/2025,75,Đồng Nai,26068,Phường Hóa An,0.0,0.0,0.0
26/04/2025,75,Đồng Nai,26095,Phường Suối Tre,0.0,0.0,0.0
26/04/2025,75,Đồng Nai,26116,Thị Trấn Tân Phú,0.0,0.0,0.0
26/04/2025,75,Đồng Nai,26188,Xã Thạnh Phú,0.0,0.0,0.0
26/04/2025,75,Đồng Nai,26206,Thị Trấn Định Quán,0.0,0.0,0.0
26/04/2025,75,Đồng Nai,26272,Xã Hố Nai 3,0.0,0.0,0.0
26/04/2025,75,Đồng Nai,26326,Thị Trấn Dầu Giây,0.0,0.0,0.0
26/04/2025,75,Đồng Nai,26341,Thị Trấn Long Giao,0.0,0.0,0.0
26/04/2025,75,Đồng Nai,26362,Xã Sông Ray,0.0,0.0,0.0
26/04/2025,75,Đồng Nai,26368,Thị Trấn Long Thành,0.0,0.0,0.0
26/04/2025,75,Đồng Nai,26377,Phường Phước Tân,0.0,0.0,0.0
26/04/2025,75,Đồng Nai,26452,Xã Suối Cát,0.0,0.0,0.0
26/04/2025,75,Đồng Nai,26455,Xã Xuân Hiệp,0.0,0.0,0.0
26/04/2025,75,Đồng Nai,26470,Xã Phước Thiền,0.0,0.0,0.0
26/04/2025,75,Đồng Nai,26497,Xã Vĩnh Thanh,0.0,0.0,0.0
26/05/2025,75,Đồng Nai,25996,Phường Tân Phong,165754275.24,0.0,0.0
26/05/2025,75,Đồng Nai,25999,Phường Tân Biên,0.0,0.0,0.0
26/05/2025,75,Đồng Nai,26017,Phường Tam Hiệp,0.0,0.0,0.0
26/05/2025,75,Đồng Nai,26029,Phường Thống Nhất,0.0,0.0,0.0
26/05/2025,75,Đồng Nai,26050,Phường An Bình,0.0,0.0,0.0
26/05/2025,75,Đồng Nai,26056,Phường Long Bình Tân,0.0,0.0,0.0
26/05/2025,75,Đồng Nai,26068,Phường Hóa An,0.0,0.0,0.0
26/05/2025,75,Đồng Nai,26095,Phường Suối Tre,3530415.0,0.0,0.0
26/05/2025,75,Đồng Nai,26116,Thị Trấn Tân Phú,0.0,0.0,0.0
26/05/2025,75,Đồng Nai,26188,Xã Thạnh Phú,0.0,0.0,0.0
26/05/2025,75,Đồng Nai,26206,Thị Trấn Định Quán,0.0,0.0,0.0
26/05/2025,75,Đồng Nai,26272,Xã Hố Nai 3,0.0,0.0,0.0
26/05/2025,75,Đồng Nai,26296,Xã An Viễn,0.0,0.0,0.0
26/05/2025,75,Đồng Nai,26299,Xã Gia Tân 1,0.0,0.0,0.0
26/05/2025,75,Đồng Nai,26317,Xã Hưng Lộc,0.0,0.0,0.0
26/05/2025,75,Đồng Nai,26326,Thị Trấn Dầu Giây,38705046.0,0.0,0.0
26/05/2025,75,Đồng Nai,26362,Xã Sông Ray,0.0,0.0,0.0
26/05/2025,75,Đồng Nai,26368,Thị Trấn Long Thành,5169024.0,0.0,0.0
26/05/2025,75,Đồng Nai,26374,Phường Tam Phước,0.0,0.0,0.0
26/05/2025,75,Đồng Nai,26377,Phường Phước Tân,62401085.0,0.0,0.0
26/05/2025,75,Đồng Nai,26416,Xã Phước Bình,0.0,0.0,0.0
26/05/2025,75,Đồng Nai,26440,Xã Xuân Trường,0.0,0.0,0.0
26/05/2025,75,Đồng Nai,26452,Xã Suối Cát,0.0,0.0,0.0
26/05/2025,75,Đồng Nai,26455,Xã Xuân Hiệp,0.0,0.0,0.0
26/05/2025,75,Đồng Nai,26485,Xã Phú Hội,0.0,0.0,0.0
26/05/2025,75,Đồng Nai,26497,Xã Vĩnh Thanh,0.0,0.0,0.0
26/06/2024,75,Đồng Nai,26035,Phường Tam Hòa,0.0,0.0,0.0
26/06/2025,75,Đồng Nai,25996,Phường Tân Phong,51907422.74,0.0,0.0
26/06/2025,75,Đồng Nai,26002,Phường Hố Nai,6235798.0,0.0,0.0
26/06/2025,75,Đồng Nai,26017,Phường Tam Hiệp,18788020.0,0.0,0.0
26/06/2025,75,Đồng Nai,26020,Phường Long Bình,1155730.0,0.0,0.0
26/06/2025,75,Đồng Nai,26029,Phường Thống Nhất,89060337.07,0.0,0.0
26/06/2025,75,Đồng Nai,26035,Phường Tam Hòa,124380.0,0.0,0.0
26/06/2025,75,Đồng Nai,26050,Phường An Bình,14769106.0,0.0,0.0
26/06/2025,75,Đồng Nai,26056,Phường Long Bình Tân,197980926.0,0.0,0.0
26/06/2025,75,Đồng Nai,26068,Phường Hóa An,53465642.0,0.0,0.0
26/06/2025,75,Đồng Nai,26095,Phường Suối Tre,742846798.3,0.0,0.0
26/06/2025,75,Đồng Nai,26116,Thị Trấn Tân Phú,34071491.0,0.0,0.0
26/06/2025,75,Đồng Nai,26206,Thị Trấn Định Quán,341257435.36,0.0,0.0
26/06/2025,75,Đồng Nai,26272,Xã Hố Nai 3,51907058.0,0.0,0.0
26/06/2025,75,Đồng Nai,26275,Xã Tây Hoà,3146998.0,0.0,0.0
26/06/2025,75,Đồng Nai,26296,Xã An Viễn,23679005.0,0.0,0.0
26/06/2025,75,Đồng Nai,26299,Xã Gia Tân 1,8682969.0,0.0,0.0
26/06/2025,75,Đồng Nai,26311,Xã Quang Trung,47418893.0,0.0,0.0
26/06/2025,75,Đồng Nai,26317,Xã Hưng Lộc,26884146.0,0.0,0.0
26/06/2025,75,Đồng Nai,26326,Thị Trấn Dầu Giây,123184737.0,0.0,0.0
26/06/2025,75,Đồng Nai,26362,Xã Sông Ray,32688969.0,0.0,0.0
26/06/2025,75,Đồng Nai,26368,Thị Trấn Long Thành,121942000.4,0.0,0.0
26/06/2025,75,Đồng Nai,26374,Phường Tam Phước,16745250.0,0.0,0.0
26/06/2025,75,Đồng Nai,26377,Phường Phước Tân,79219046.0,0.0,0.0
26/06/2025,75,Đồng Nai,26416,Xã Phước Bình,17436752.0,0.0,0.0
26/06/2025,75,Đồng Nai,26455,Xã Xuân Hiệp,99196867.0,0.0,0.0
26/06/2025,75,Đồng Nai,26497,Xã Vĩnh Thanh,18710549.0,0.0,0.0
26/07/2025,75,Đồng Nai,25996,Phường Tân Phong,133616333.0,0.0,0.0
26/07/2025,75,Đồng Nai,26017,Phường Tam Hiệp,3641500.0,0.0,0.0
26/07/2025,75,Đồng Nai,26029,Phường Thống Nhất,0.0,0.0,0.0
26/07/2025,75,Đồng Nai,26050,Phường An Bình,5582225.0,0.0,0.0
26/07/2025,75,Đồng Nai,26056,Phường Long Bình Tân,416360648.5,0.0,0.0
26/07/2025,75,Đồng Nai,26068,Phường Hóa An,36494796.0,0.0,0.0
26/07/2025,75,Đồng Nai,26095,Phường Suối Tre,386981503.6,0.0,0.0
26/07/2025,75,Đồng Nai,26116,Thị Trấn Tân Phú,40190098.0,0.0,0.0
26/07/2025,75,Đồng Nai,26188,Xã Thạnh Phú,15849823.0,0.0,0.0
26/07/2025,75,Đồng Nai,26206,Thị Trấn Định Quán,175335706774.32,0.0,0.0
26/07/2025,75,Đồng Nai,26272,Xã Hố Nai 3,38152289.0,0.0,0.0
26/07/2025,75,Đồng Nai,26296,Xã An Viễn,41057608.0,0.0,0.0
26/07/2025,75,Đồng Nai,26311,Xã Quang Trung,3046628.0,0.0,0.0
26/07/2025,75,Đồng Nai,26317,Xã Hưng Lộc,33962702.0,0.0,0.0
26/07/2025,75,Đồng Nai,26326,Thị Trấn Dầu Giây,17304560.0,0.0,0.0
26/07/2025,75,Đồng Nai,26362,Xã Sông Ray,17673809.0,0.0,0.0
26/07/2025,75,Đồng Nai,26368,Thị Trấn Long Thành,158626935.0,0.0,0.0
26/07/2025,75,Đồng Nai,26374,Phường Tam Phước,17978121.0,0.0,0.0
26/07/2025,75,Đồng Nai,26416,Xã Phước Bình,25875085.0,0.0,0.0
26/07/2025,75,Đồng Nai,26452,Xã Suối Cát,22761008.4,0.0,0.0
26/07/2025,75,Đồng Nai,26455,Xã Xuân Hiệp,1577480.0,0.0,0.0
26/07/2025,75,Đồng Nai,26497,Xã Vĩnh Thanh,29035593.0,0.0,0.0
26/08/2025,75,Đồng Nai,25993,Phường Trảng Dài,20505517.0,0.0,0.0
26/08/2025,75,Đồng Nai,25996,Phường Tân Phong,42853442.86,0.0,0.0
26/08/2025,75,Đồng Nai,26017,Phường Tam Hiệp,16466353.0,0.0,0.0
26/08/2025,75,Đồng Nai,26029,Phường Thống Nhất,146418113.52,0.0,0.0
26/08/2025,75,Đồng Nai,26056,Phường Long Bình Tân,156771179.0,0.0,0.0
26/08/2025,75,Đồng Nai,26068,Phường Hóa An,35868229.0,0.0,0.0
26/08/2025,75,Đồng Nai,26095,Phường Suối Tre,875197097.0,0.0,0.0
26/08/2025,75,Đồng Nai,26188,Xã Thạnh Phú,46492004.0,0.0,0.0
26/08/2025,75,Đồng Nai,26206,Thị Trấn Định Quán,421007500.2,0.0,0.0
26/08/2025,75,Đồng Nai,26272,Xã Hố Nai 3,171352347.0,0.0,0.0
26/08/2025,75,Đồng Nai,26296,Xã An Viễn,10329770.0,0.0,0.0
26/08/2025,75,Đồng Nai,26311,Xã Quang Trung,60007428.0,0.0,0.0
26/08/2025,75,Đồng Nai,26362,Xã Sông Ray,33251319.0,0.0,0.0
26/08/2025,75,Đồng Nai,26368,Thị Trấn Long Thành,150401446.6,0.0,0.0
26/08/2025,75,Đồng Nai,26389,Xã Long Đức,8054654.0,0.0,0.0
26/08/2025,75,Đồng Nai,26416,Xã Phước Bình,17716144.0,0.0,0.0
26/08/2025,75,Đồng Nai,26455,Xã Xuân Hiệp,244692808.0,0.0,0.0
26/08/2025,75,Đồng Nai,26497,Xã Vĩnh Thanh,21723475.0,0.0,0.0
26/12/2023,75,Đồng Nai,26248,Thị Trấn Trảng Bom,0.0,0.0,0.0
26/12/2024,75,Đồng Nai,26341,Thị Trấn Long Giao,0.0,0.0,0.0
26/12/2024,75,Đồng Nai,26452,Xã Suối Cát,0.0,0.0,0.0
27/01/2025,75,Đồng Nai,26248,Thị Trấn Trảng Bom,0.0,0.0,0.0
27/01/2025,75,Đồng Nai,26341,Thị Trấn Long Giao,0.0,0.0,0.0
27/01/2025,75,Đồng Nai,26452,Xã Suối Cát,0.0,0.0,0.0
27/02/2025,75,Đồng Nai,25993,Phường Trảng Dài,0.0,0.0,0.0
27/02/2025,75,Đồng Nai,26026,Phường Tân Mai,0.0,0.0,0.0
27/02/2025,75,Đồng Nai,26029,Phường Thống Nhất,0.0,0.0,0.0
27/02/2025,75,Đồng Nai,26116,Thị Trấn Tân Phú,0.0,0.0,0.0
27/02/2025,75,Đồng Nai,26248,Thị Trấn Trảng Bom,0.0,0.0,0.0
27/02/2025,75,Đồng Nai,26341,Thị Trấn Long Giao,0.0,0.0,0.0
27/02/2025,75,Đồng Nai,26452,Xã Suối Cát,0.0,0.0,0.0
27/03/2022,75,Đồng Nai,26248,Thị Trấn Trảng Bom,0.0,0.0,0.0
27/03/2025,75,Đồng Nai,25996,Phường Tân Phong,0.0,0.0,0.0
27/03/2025,75,Đồng Nai,25999,Phường Tân Biên,0.0,0.0,0.0
27/03/2025,75,Đồng Nai,26026,Phường Tân Mai,0.0,0.0,0.0
27/03/2025,75,Đồng Nai,26080,Phường Xuân An,0.0,0.0,0.0
27/03/2025,75,Đồng Nai,26095,Phường Suối Tre,0.0,0.0,0.0
27/03/2025,75,Đồng Nai,26116,Thị Trấn Tân Phú,0.0,0.0,0.0
27/03/2025,75,Đồng Nai,26206,Thị Trấn Định Quán,0.0,0.0,0.0
27/03/2025,75,Đồng Nai,26248,Thị Trấn Trảng Bom,0.0,0.0,0.0
27/03/2025,75,Đồng Nai,26272,Xã Hố Nai 3,0.0,0.0,0.0
27/03/2025,75,Đồng Nai,26326,Thị Trấn Dầu Giây,0.0,0.0,0.0
27/03/2025,75,Đồng Nai,26368,Thị Trấn Long Thành,0.0,0.0,0.0
27/03/2025,75,Đồng Nai,26377,Phường Phước Tân,0.0,0.0,0.0
27/03/2025,75,Đồng Nai,26452,Xã Suối Cát,0.0,0.0,0.0
27/04/2025,75,Đồng Nai,25996,Phường Tân Phong,0.0,0.0,0.0
27/04/2025,75,Đồng Nai,25999,Phường Tân Biên,0.0,0.0,0.0
27/04/2025,75,Đồng Nai,26017,Phường Tam Hiệp,0.0,0.0,0.0
27/04/2025,75,Đồng Nai,26029,Phường Thống Nhất,0.0,0.0,0.0
27/04/2025,75,Đồng Nai,26068,Phường Hóa An,0.0,0.0,0.0
27/04/2025,75,Đồng Nai,26095,Phường Suối Tre,0.0,0.0,0.0
27/04/2025,75,Đồng Nai,26116,Thị Trấn Tân Phú,0.0,0.0,0.0
27/04/2025,75,Đồng Nai,26188,Xã Thạnh Phú,0.0,0.0,0.0
27/04/2025,75,Đồng Nai,26206,Thị Trấn Định Quán,0.0,0.0,0.0
27/04/2025,75,Đồng Nai,26272,Xã Hố Nai 3,0.0,0.0,0.0
27/04/2025,75,Đồng Nai,26326,Thị Trấn Dầu Giây,0.0,0.0,0.0
27/04/2025,75,Đồng Nai,26341,Thị Trấn Long Giao,0.0,0.0,0.0
27/04/2025,75,Đồng Nai,26362,Xã Sông Ray,0.0,0.0,0.0
27/04/2025,75,Đồng Nai,26368,Thị Trấn Long Thành,0.0,0.0,0.0
27/04/2025,75,Đồng Nai,26377,Phường Phước Tân,0.0,0.0,0.0
27/04/2025,75,Đồng Nai,26452,Xã Suối Cát,0.0,0.0,0.0
27/04/2025,75,Đồng Nai,26455,Xã Xuân Hiệp,0.0,0.0,0.0
27/04/2025,75,Đồng Nai,26497,Xã Vĩnh Thanh,0.0,0.0,0.0
27/05/2025,75,Đồng Nai,25996,Phường Tân Phong,33462470.84,0.0,0.0
27/05/2025,75,Đồng Nai,25999,Phường Tân Biên,0.0,0.0,0.0
27/05/2025,75,Đồng Nai,26017,Phường Tam Hiệp,0.0,0.0,0.0
27/05/2025,75,Đồng Nai,26029,Phường Thống Nhất,0.0,0.0,0.0
27/05/2025,75,Đồng Nai,26050,Phường An Bình,0.0,0.0,0.0
27/05/2025,75,Đồng Nai,26068,Phường Hóa An,0.0,0.0,0.0
27/05/2025,75,Đồng Nai,26095,Phường Suối Tre,46315954.24,0.0,0.0
27/05/2025,75,Đồng Nai,26116,Thị Trấn Tân Phú,0.0,0.0,0.0
27/05/2025,75,Đồng Nai,26188,Xã Thạnh Phú,0.0,0.0,0.0
27/05/2025,75,Đồng Nai,26206,Thị Trấn Định Quán,183867492.0,0.0,0.0
27/05/2025,75,Đồng Nai,26272,Xã Hố Nai 3,0.0,0.0,0.0
27/05/2025,75,Đồng Nai,26296,Xã An Viễn,0.0,0.0,0.0
27/05/2025,75,Đồng Nai,26299,Xã Gia Tân 1,0.0,0.0,0.0
27/05/2025,75,Đồng Nai,26317,Xã Hưng Lộc,0.0,0.0,0.0
27/05/2025,75,Đồng Nai,26326,Thị Trấn Dầu Giây,47882656.0,0.0,0.0
27/05/2025,75,Đồng Nai,26362,Xã Sông Ray,0.0,0.0,0.0
27/05/2025,75,Đồng Nai,26368,Thị Trấn Long Thành,0.0,0.0,0.0
27/05/2025,75,Đồng Nai,26374,Phường Tam Phước,0.0,0.0,0.0
27/05/2025,75,Đồng Nai,26377,Phường Phước Tân,45003999.0,0.0,0.0
27/05/2025,75,Đồng Nai,26416,Xã Phước Bình,0.0,0.0,0.0
27/05/2025,75,Đồng Nai,26440,Xã Xuân Trường,0.0,0.0,0.0
27/05/2025,75,Đồng Nai,26452,Xã Suối Cát,6039000.0,0.0,0.0
27/05/2025,75,Đồng Nai,26455,Xã Xuân Hiệp,0.0,0.0,0.0
27/05/2025,75,Đồng Nai,26497,Xã Vĩnh Thanh,0.0,0.0,0.0
27/06/2025,75,Đồng Nai,25996,Phường Tân Phong,134275064.26,0.0,0.0
27/06/2025,75,Đồng Nai,26002,Phường Hố Nai,511495.0,0.0,0.0
27/06/2025,75,Đồng Nai,26017,Phường Tam Hiệp,15597167.0,0.0,0.0
27/06/2025,75,Đồng Nai,26020,Phường Long Bình,2265308.0,0.0,0.0
27/06/2025,75,Đồng Nai,26029,Phường Thống Nhất,0.0,0.0,0.0
27/06/2025,75,Đồng Nai,26035,Phường Tam Hòa,532800.0,0.0,0.0
27/06/2025,75,Đồng Nai,26050,Phường An Bình,14428342.0,0.0,0.0
27/06/2025,75,Đồng Nai,26056,Phường Long Bình Tân,31314612.0,0.0,0.0
27/06/2025,75,Đồng Nai,26068,Phường Hóa An,56244767.0,0.0,0.0
27/06/2025,75,Đồng Nai,26095,Phường Suối Tre,464893100.7,0.0,0.0
27/06/2025,75,Đồng Nai,26116,Thị Trấn Tân Phú,25630660.0,0.0,0.0
27/06/2025,75,Đồng Nai,26206,Thị Trấn Định Quán,295251998.3,0.0,0.0
27/06/2025,75,Đồng Nai,26272,Xã Hố Nai 3,86203095.0,0.0,0.0
27/06/2025,75,Đồng Nai,26296,Xã An Viễn,20801550.0,0.0,0.0
27/06/2025,75,Đồng Nai,26299,Xã Gia Tân 1,12823312.0,0.0,0.0
27/06/2025,75,Đồng Nai,26311,Xã Quang Trung,37996486.0,0.0,0.0
27/06/2025,75,Đồng Nai,26317,Xã Hưng Lộc,26154257.0,0.0,0.0
27/06/2025,75,Đồng Nai,26326,Thị Trấn Dầu Giây,123250923.0,0.0,0.0
27/06/2025,75,Đồng Nai,26362,Xã Sông Ray,20267341.0,0.0,0.0
27/06/2025,75,Đồng Nai,26368,Thị Trấn Long Thành,190136523.2,0.0,0.0
27/06/2025,75,Đồng Nai,26374,Phường Tam Phước,7460692.0,0.0,0.0
27/06/2025,75,Đồng Nai,26377,Phường Phước Tân,40380056.0,0.0,0.0
27/06/2025,75,Đồng Nai,26416,Xã Phước Bình,25746686.0,0.0,0.0
27/06/2025,75,Đồng Nai,26455,Xã Xuân Hiệp,100578773.0,0.0,0.0
27/06/2025,75,Đồng Nai,26497,Xã Vĩnh Thanh,23138554.0,0.0,0.0
27/07/2025,75,Đồng Nai,25996,Phường Tân Phong,74431944.0,0.0,0.0
27/07/2025,75,Đồng Nai,26029,Phường Thống Nhất,42097740.85,0.0,0.0
27/07/2025,75,Đồng Nai,26056,Phường Long Bình Tân,479292920.0,0.0,0.0
27/07/2025,75,Đồng Nai,26095,Phường Suối Tre,488293209.38,0.0,0.0
27/07/2025,75,Đồng Nai,26116,Thị Trấn Tân Phú,32474347.0,0.0,0.0
27/07/2025,75,Đồng Nai,26188,Xã Thạnh Phú,21880102.0,0.0,0.0
27/07/2025,75,Đồng Nai,26206,Thị Trấn Định Quán,258220483.12,0.0,0.0
27/07/2025,75,Đồng Nai,26272,Xã Hố Nai 3,54187521.0,0.0,0.0
27/07/2025,75,Đồng Nai,26296,Xã An Viễn,24629430.0,0.0,0.0
27/07/2025,75,Đồng Nai,26311,Xã Quang Trung,2537112.0,0.0,0.0
27/07/2025,75,Đồng Nai,26317,Xã Hưng Lộc,14090426.0,0.0,0.0
27/07/2025,75,Đồng Nai,26326,Thị Trấn Dầu Giây,6380201.0,0.0,0.0
27/07/2025,75,Đồng Nai,26368,Thị Trấn Long Thành,152642747.8,0.0,0.0
27/07/2025,75,Đồng Nai,26416,Xã Phước Bình,12156916.0,0.0,0.0
27/07/2025,75,Đồng Nai,26452,Xã Suối Cát,22051890.89,0.0,0.0
27/07/2025,75,Đồng Nai,26497,Xã Vĩnh Thanh,24772891.0,0.0,0.0
27/08/2025,75,Đồng Nai,25993,Phường Trảng Dài,38644329.0,0.0,0.0
27/08/2025,75,Đồng Nai,25996,Phường Tân Phong,107110189.54,0.0,0.0
27/08/2025,75,Đồng Nai,26017,Phường Tam Hiệp,20611368.0,0.0,0.0
27/08/2025,75,Đồng Nai,26029,Phường Thống Nhất,129946011.48,0.0,0.0
27/08/2025,75,Đồng Nai,26056,Phường Long Bình Tân,165723320.0,0.0,0.0
27/08/2025,75,Đồng Nai,26068,Phường Hóa An,33629821.0,0.0,0.0
27/08/2025,75,Đồng Nai,26095,Phường Suối Tre,654605023.52,0.0,0.0
27/08/2025,75,Đồng Nai,26188,Xã Thạnh Phú,30001130.0,0.0,0.0
27/08/2025,75,Đồng Nai,26206,Thị Trấn Định Quán,429429750.58,0.0,0.0
27/08/2025,75,Đồng Nai,26272,Xã Hố Nai 3,165946879.0,0.0,0.0
27/08/2025,75,Đồng Nai,26296,Xã An Viễn,23110085.0,0.0,0.0
27/08/2025,75,Đồng Nai,26311,Xã Quang Trung,43564457.0,0.0,0.0
27/08/2025,75,Đồng Nai,26362,Xã Sông Ray,28478468.0,0.0,0.0
27/08/2025,75,Đồng Nai,26368,Thị Trấn Long Thành,270991497.8,0.0,0.0
27/08/2025,75,Đồng Nai,26389,Xã Long Đức,7557503.0,0.0,0.0
27/08/2025,75,Đồng Nai,26416,Xã Phước Bình,26549682.0,0.0,0.0
27/08/2025,75,Đồng Nai,26455,Xã Xuân Hiệp,187633586.0,0.0,0.0
27/08/2025,75,Đồng Nai,26497,Xã Vĩnh Thanh,26282209.0,0.0,0.0
27/10/2024,75,Đồng Nai,26341,Thị Trấn Long Giao,0.0,0.0,0.0
27/12/2023,75,Đồng Nai,26248,Thị Trấn Trảng Bom,0.0,0.0,0.0
27/12/2024,75,Đồng Nai,26341,Thị Trấn Long Giao,0.0,0.0,0.0
27/12/2024,75,Đồng Nai,26452,Xã Suối Cát,0.0,0.0,0.0
28/01/2025,75,Đồng Nai,26248,Thị Trấn Trảng Bom,0.0,0.0,0.0
28/01/2025,75,Đồng Nai,26341,Thị Trấn Long Giao,0.0,0.0,0.0
28/01/2025,75,Đồng Nai,26452,Xã Suối Cát,0.0,0.0,0.0
28/02/2025,75,Đồng Nai,26026,Phường Tân Mai,0.0,0.0,0.0
28/02/2025,75,Đồng Nai,26206,Thị Trấn Định Quán,0.0,0.0,0.0
28/02/2025,75,Đồng Nai,26248,Thị Trấn Trảng Bom,0.0,0.0,0.0
28/02/2025,75,Đồng Nai,26341,Thị Trấn Long Giao,0.0,0.0,0.0
28/02/2025,75,Đồng Nai,26368,Thị Trấn Long Thành,0.0,0.0,0.0
28/02/2025,75,Đồng Nai,26452,Xã Suối Cát,0.0,0.0,0.0
28/03/2025,75,Đồng Nai,25996,Phường Tân Phong,0.0,0.0,0.0
28/03/2025,75,Đồng Nai,25999,Phường Tân Biên,0.0,0.0,0.0
28/03/2025,75,Đồng Nai,26008,Phường Tân Hiệp,0.0,0.0,0.0
28/03/2025,75,Đồng Nai,26026,Phường Tân Mai,0.0,0.0,0.0
28/03/2025,75,Đồng Nai,26080,Phường Xuân An,0.0,0.0,0.0
28/03/2025,75,Đồng Nai,26095,Phường Suối Tre,0.0,0.0,0.0
28/03/2025,75,Đồng Nai,26116,Thị Trấn Tân Phú,0.0,0.0,0.0
28/03/2025,75,Đồng Nai,26206,Thị Trấn Định Quán,0.0,0.0,0.0
28/03/2025,75,Đồng Nai,26248,Thị Trấn Trảng Bom,0.0,0.0,0.0
28/03/2025,75,Đồng Nai,26272,Xã Hố Nai 3,0.0,0.0,0.0
28/03/2025,75,Đồng Nai,26326,Thị Trấn Dầu Giây,0.0,0.0,0.0
28/03/2025,75,Đồng Nai,26368,Thị Trấn Long Thành,0.0,0.0,0.0
28/03/2025,75,Đồng Nai,26377,Phường Phước Tân,0.0,0.0,0.0
28/03/2025,75,Đồng Nai,26452,Xã Suối Cát,0.0,0.0,0.0
28/04/2024,75,Đồng Nai,26248,Thị Trấn Trảng Bom,0.0,0.0,0.0
28/04/2025,75,Đồng Nai,25993,Phường Trảng Dài,0.0,0.0,0.0
28/04/2025,75,Đồng Nai,25996,Phường Tân Phong,0.0,0.0,0.0
28/04/2025,75,Đồng Nai,25999,Phường Tân Biên,0.0,0.0,0.0
28/04/2025,75,Đồng Nai,26008,Phường Tân Hiệp,0.0,0.0,0.0
28/04/2025,75,Đồng Nai,26017,Phường Tam Hiệp,0.0,0.0,0.0
28/04/2025,75,Đồng Nai,26029,Phường Thống Nhất,0.0,0.0,0.0
28/04/2025,75,Đồng Nai,26068,Phường Hóa An,0.0,0.0,0.0
28/04/2025,75,Đồng Nai,26095,Phường Suối Tre,35606049.0,0.0,0.0
28/04/2025,75,Đồng Nai,26107,Xã Bàu Trâm,0.0,0.0,0.0
28/04/2025,75,Đồng Nai,26116,Thị Trấn Tân Phú,0.0,0.0,0.0
28/04/2025,75,Đồng Nai,26188,Xã Thạnh Phú,0.0,0.0,0.0
28/04/2025,75,Đồng Nai,26206,Thị Trấn Định Quán,0.0,0.0,0.0
28/04/2025,75,Đồng Nai,26272,Xã Hố Nai 3,0.0,0.0,0.0
28/04/2025,75,Đồng Nai,26326,Thị Trấn Dầu Giây,0.0,0.0,0.0
28/04/2025,75,Đồng Nai,26341,Thị Trấn Long Giao,0.0,0.0,0.0
28/04/2025,75,Đồng Nai,26362,Xã Sông Ray,0.0,0.0,0.0
28/04/2025,75,Đồng Nai,26368,Thị Trấn Long Thành,0.0,0.0,0.0
28/04/2025,75,Đồng Nai,26377,Phường Phước Tân,0.0,0.0,0.0
28/04/2025,75,Đồng Nai,26425,Thị Trấn Gia Ray,0.0,0.0,0.0
28/04/2025,75,Đồng Nai,26452,Xã Suối Cát,0.0,0.0,0.0
28/04/2025,75,Đồng Nai,26455,Xã Xuân Hiệp,0.0,0.0,0.0
28/04/2025,75,Đồng Nai,26497,Xã Vĩnh Thanh,0.0,0.0,0.0
28/05/2025,75,Đồng Nai,25996,Phường Tân Phong,103644550.76,0.0,0.0
28/05/2025,75,Đồng Nai,25999,Phường Tân Biên,0.0,0.0,0.0
28/05/2025,75,Đồng Nai,26017,Phường Tam Hiệp,0.0,0.0,0.0
28/05/2025,75,Đồng Nai,26029,Phường Thống Nhất,0.0,0.0,0.0
28/05/2025,75,Đồng Nai,26050,Phường An Bình,0.0,0.0,0.0
28/05/2025,75,Đồng Nai,26056,Phường Long Bình Tân,54381230.0,0.0,0.0
28/05/2025,75,Đồng Nai,26068,Phường Hóa An,7303236.0,0.0,0.0
28/05/2025,75,Đồng Nai,26095,Phường Suối Tre,31514079.0,0.0,0.0
28/05/2025,75,Đồng Nai,26116,Thị Trấn Tân Phú,0.0,0.0,0.0
28/05/2025,75,Đồng Nai,26188,Xã Thạnh Phú,0.0,0.0,0.0
28/05/2025,75,Đồng Nai,26206,Thị Trấn Định Quán,0.0,0.0,0.0
28/05/2025,75,Đồng Nai,26272,Xã Hố Nai 3,0.0,0.0,0.0
28/05/2025,75,Đồng Nai,26296,Xã An Viễn,0.0,0.0,0.0
28/05/2025,75,Đồng Nai,26299,Xã Gia Tân 1,0.0,0.0,0.0
28/05/2025,75,Đồng Nai,26311,Xã Quang Trung,0.0,0.0,0.0
28/05/2025,75,Đồng Nai,26317,Xã Hưng Lộc,0.0,0.0,0.0
28/05/2025,75,Đồng Nai,26326,Thị Trấn Dầu Giây,1633275219.0,0.0,0.0
28/05/2025,75,Đồng Nai,26362,Xã Sông Ray,0.0,0.0,0.0
28/05/2025,75,Đồng Nai,26368,Thị Trấn Long Thành,0.0,0.0,0.0
28/05/2025,75,Đồng Nai,26374,Phường Tam Phước,0.0,0.0,0.0
28/05/2025,75,Đồng Nai,26377,Phường Phước Tân,58481334.0,0.0,0.0
28/05/2025,75,Đồng Nai,26452,Xã Suối Cát,11633420.0,0.0,0.0
28/05/2025,75,Đồng Nai,26455,Xã Xuân Hiệp,0.0,0.0,0.0
28/05/2025,75,Đồng Nai,26485,Xã Phú Hội,0.0,0.0,0.0
28/05/2025,75,Đồng Nai,26497,Xã Vĩnh Thanh,0.0,0.0,0.0
28/06/2024,75,Đồng Nai,26035,Phường Tam Hòa,0.0,0.0,0.0
28/06/2025,75,Đồng Nai,25996,Phường Tân Phong,113824994.0,0.0,0.0
28/06/2025,75,Đồng Nai,26002,Phường Hố Nai,5594866.0,0.0,0.0
28/06/2025,75,Đồng Nai,26017,Phường Tam Hiệp,16573374.0,0.0,0.0
28/06/2025,75,Đồng Nai,26029,Phường Thống Nhất,0.0,0.0,0.0
28/06/2025,75,Đồng Nai,26035,Phường Tam Hòa,136866545.0,0.0,0.0
28/06/2025,75,Đồng Nai,26050,Phường An Bình,15026817.0,0.0,0.0
28/06/2025,75,Đồng Nai,26056,Phường Long Bình Tân,42094900.0,0.0,0.0
28/06/2025,75,Đồng Nai,26068,Phường Hóa An,63105200.0,0.0,0.0
28/06/2025,75,Đồng Nai,26095,Phường Suối Tre,307813785.7,0.0,0.0
28/06/2025,75,Đồng Nai,26116,Thị Trấn Tân Phú,29280277.0,0.0,0.0
28/06/2025,75,Đồng Nai,26206,Thị Trấn Định Quán,131524594.0,0.0,0.0
28/06/2025,75,Đồng Nai,26272,Xã Hố Nai 3,95697245.0,0.0,0.0
28/06/2025,75,Đồng Nai,26275,Xã Tây Hoà,3481952.0,0.0,0.0
28/06/2025,75,Đồng Nai,26296,Xã An Viễn,22222597.0,0.0,0.0
28/06/2025,75,Đồng Nai,26299,Xã Gia Tân 1,10350418.0,0.0,0.0
28/06/2025,75,Đồng Nai,26311,Xã Quang Trung,45208813.0,0.0,0.0
28/06/2025,75,Đồng Nai,26317,Xã Hưng Lộc,25672591.0,0.0,0.0
28/06/2025,75,Đồng Nai,26326,Thị Trấn Dầu Giây,51472940.0,0.0,0.0
28/06/2025,75,Đồng Nai,26362,Xã Sông Ray,11949224.0,0.0,0.0
28/06/2025,75,Đồng Nai,26368,Thị Trấn Long Thành,128310561.4,0.0,0.0
28/06/2025,75,Đồng Nai,26374,Phường Tam Phước,37676028.0,0.0,0.0
28/06/2025,75,Đồng Nai,26377,Phường Phước Tân,15565878.0,0.0,0.0
28/06/2025,75,Đồng Nai,26416,Xã Phước Bình,18598933.0,0.0,0.0
28/06/2025,75,Đồng Nai,26455,Xã Xuân Hiệp,102057001.0,0.0,0.0
28/06/2025,75,Đồng Nai,26497,Xã Vĩnh Thanh,21648914.0,0.0,0.0
28/07/2025,75,Đồng Nai,25993,Phường Trảng Dài,13103146.0,0.0,0.0
28/07/2025,75,Đồng Nai,25996,Phường Tân Phong,219017944.37,0.0,0.0
28/07/2025,75,Đồng Nai,26017,Phường Tam Hiệp,9980540.0,0.0,0.0
28/07/2025,75,Đồng Nai,26029,Phường Thống Nhất,118289458.6,0.0,0.0
28/07/2025,75,Đồng Nai,26056,Phường Long Bình Tân,841145697.0,0.0,0.0
28/07/2025,75,Đồng Nai,26068,Phường Hóa An,39533207.0,0.0,0.0
28/07/2025,75,Đồng Nai,26095,Phường Suối Tre,1011323132.0,0.0,0.0
28/07/2025,75,Đồng Nai,26116,Thị Trấn Tân Phú,114101068.0,0.0,0.0
28/07/2025,75,Đồng Nai,26188,Xã Thạnh Phú,30238648.0,0.0,0.0
28/07/2025,75,Đồng Nai,26206,Thị Trấn Định Quán,586783850.72,0.0,0.0
28/07/2025,75,Đồng Nai,26272,Xã Hố Nai 3,82689594.0,0.0,0.0
28/07/2025,75,Đồng Nai,26296,Xã An Viễn,42932624.0,0.0,0.0
28/07/2025,75,Đồng Nai,26311,Xã Quang Trung,9888606.0,0.0,0.0
28/07/2025,75,Đồng Nai,26317,Xã Hưng Lộc,42805079.0,0.0,0.0
28/07/2025,75,Đồng Nai,26326,Thị Trấn Dầu Giây,18860087.0,0.0,0.0
28/07/2025,75,Đồng Nai,26362,Xã Sông Ray,25197301.0,0.0,0.0
28/07/2025,75,Đồng Nai,26368,Thị Trấn Long Thành,270802928.0,0.0,0.0
28/07/2025,75,Đồng Nai,26377,Phường Phước Tân,25244519.0,0.0,0.0
28/07/2025,75,Đồng Nai,26416,Xã Phước Bình,30302363.0,0.0,0.0
28/07/2025,75,Đồng Nai,26452,Xã Suối Cát,232867805.2,0.0,0.0
28/07/2025,75,Đồng Nai,26455,Xã Xuân Hiệp,358000.0,0.0,0.0
28/07/2025,75,Đồng Nai,26497,Xã Vĩnh Thanh,17700229.0,0.0,0.0
28/08/2023,75,Đồng Nai,26248,Thị Trấn Trảng Bom,0.0,0.0,0.0
28/08/2025,75,Đồng Nai,25993,Phường Trảng Dài,88177186.0,0.0,0.0
28/08/2025,75,Đồng Nai,25996,Phường Tân Phong,100675460.34,0.0,0.0
28/08/2025,75,Đồng Nai,26017,Phường Tam Hiệp,15312625.0,0.0,0.0
28/08/2025,75,Đồng Nai,26029,Phường Thống Nhất,96791656.55,0.0,0.0
28/08/2025,75,Đồng Nai,26056,Phường Long Bình Tân,101945540.0,0.0,0.0
28/08/2025,75,Đồng Nai,26068,Phường Hóa An,101326076.0,0.0,0.0
28/08/2025,75,Đồng Nai,26095,Phường Suối Tre,584391594.3,0.0,0.0
28/08/2025,75,Đồng Nai,26188,Xã Thạnh Phú,44532261.0,0.0,0.0
28/08/2025,75,Đồng Nai,26206,Thị Trấn Định Quán,407097619.3,0.0,0.0
28/08/2025,75,Đồng Nai,26272,Xã Hố Nai 3,218724851.0,0.0,0.0
28/08/2025,75,Đồng Nai,26296,Xã An Viễn,20045508.0,0.0,0.0
28/08/2025,75,Đồng Nai,26311,Xã Quang Trung,41794194.0,0.0,0.0
28/08/2025,75,Đồng Nai,26317,Xã Hưng Lộc,21166739.0,0.0,0.0
28/08/2025,75,Đồng Nai,26362,Xã Sông Ray,60484807.0,0.0,0.0
28/08/2025,75,Đồng Nai,26368,Thị Trấn Long Thành,427946090.4,0.0,0.0
28/08/2025,75,Đồng Nai,26389,Xã Long Đức,8197499.0,0.0,0.0
28/08/2025,75,Đồng Nai,26416,Xã Phước Bình,21860385.0,0.0,0.0
28/08/2025,75,Đồng Nai,26455,Xã Xuân Hiệp,114404658.0,0.0,0.0
28/08/2025,75,Đồng Nai,26497,Xã Vĩnh Thanh,25748710.0,0.0,0.0
28/12/2024,75,Đồng Nai,26341,Thị Trấn Long Giao,0.0,0.0,0.0
28/12/2024,75,Đồng Nai,26452,Xã Suối Cát,0.0,0.0,0.0
29/01/2025,75,Đồng Nai,26248,Thị Trấn Trảng Bom,0.0,0.0,0.0
29/01/2025,75,Đồng Nai,26341,Thị Trấn Long Giao,0.0,0.0,0.0
29/01/2025,75,Đồng Nai,26452,Xã Suối Cát,0.0,0.0,0.0
29/03/2025,75,Đồng Nai,25999,Phường Tân Biên,0.0,0.0,0.0
29/03/2025,75,Đồng Nai,26095,Phường Suối Tre,0.0,0.0,0.0
29/03/2025,75,Đồng Nai,26116,Thị Trấn Tân Phú,0.0,0.0,0.0
29/03/2025,75,Đồng Nai,26248,Thị Trấn Trảng Bom,0.0,0.0,0.0
29/03/2025,75,Đồng Nai,26272,Xã Hố Nai 3,0.0,0.0,0.0
29/03/2025,75,Đồng Nai,26326,Thị Trấn Dầu Giây,0.0,0.0,0.0
29/03/2025,75,Đồng Nai,26368,Thị Trấn Long Thành,0.0,0.0,0.0
29/03/2025,75,Đồng Nai,26377,Phường Phước Tân,0.0,0.0,0.0
29/03/2025,75,Đồng Nai,26452,Xã Suối Cát,0.0,0.0,0.0
29/04/2025,75,Đồng Nai,25993,Phường Trảng Dài,0.0,0.0,0.0
29/04/2025,75,Đồng Nai,25996,Phường Tân Phong,0.0,0.0,0.0
29/04/2025,75,Đồng Nai,25999,Phường Tân Biên,0.0,0.0,0.0
29/04/2025,75,Đồng Nai,26008,Phường Tân Hiệp,0.0,0.0,0.0
29/04/2025,75,Đồng Nai,26017,Phường Tam Hiệp,0.0,0.0,0.0
29/04/2025,75,Đồng Nai,26029,Phường Thống Nhất,0.0,0.0,0.0
29/04/2025,75,Đồng Nai,26056,Phường Long Bình Tân,63470024.0,0.0,0.0
29/04/2025,75,Đồng Nai,26068,Phường Hóa An,0.0,0.0,0.0
29/04/2025,75,Đồng Nai,26095,Phường Suối Tre,0.0,0.0,0.0
29/04/2025,75,Đồng Nai,26116,Thị Trấn Tân Phú,0.0,0.0,0.0
29/04/2025,75,Đồng Nai,26188,Xã Thạnh Phú,0.0,0.0,0.0
29/04/2025,75,Đồng Nai,26206,Thị Trấn Định Quán,0.0,0.0,0.0
29/04/2025,75,Đồng Nai,26272,Xã Hố Nai 3,0.0,0.0,0.0
29/04/2025,75,Đồng Nai,26326,Thị Trấn Dầu Giây,0.0,0.0,0.0
29/04/2025,75,Đồng Nai,26362,Xã Sông Ray,0.0,0.0,0.0
29/04/2025,75,Đồng Nai,26368,Thị Trấn Long Thành,0.0,0.0,0.0
29/04/2025,75,Đồng Nai,26377,Phường Phước Tân,0.0,0.0,0.0
29/04/2025,75,Đồng Nai,26383,Xã An Phước,0.0,0.0,0.0
29/04/2025,75,Đồng Nai,26452,Xã Suối Cát,0.0,0.0,0.0
29/04/2025,75,Đồng Nai,26455,Xã Xuân Hiệp,0.0,0.0,0.0
29/04/2025,75,Đồng Nai,26497,Xã Vĩnh Thanh,0.0,0.0,0.0
29/05/2025,75,Đồng Nai,25996,Phường Tân Phong,28944723.28,0.0,0.0
29/05/2025,75,Đồng Nai,25999,Phường Tân Biên,0.0,0.0,0.0
29/05/2025,75,Đồng Nai,26017,Phường Tam Hiệp,0.0,0.0,0.0
29/05/2025,75,Đồng Nai,26029,Phường Thống Nhất,0.0,0.0,0.0
29/05/2025,75,Đồng Nai,26050,Phường An Bình,0.0,0.0,0.0
29/05/2025,75,Đồng Nai,26068,Phường Hóa An,1155880.0,0.0,0.0
29/05/2025,75,Đồng Nai,26095,Phường Suối Tre,209913021.4,0.0,0.0
29/05/2025,75,Đồng Nai,26116,Thị Trấn Tân Phú,0.0,0.0,0.0
29/05/2025,75,Đồng Nai,26188,Xã Thạnh Phú,0.0,0.0,0.0
29/05/2025,75,Đồng Nai,26206,Thị Trấn Định Quán,0.0,0.0,0.0
29/05/2025,75,Đồng Nai,26272,Xã Hố Nai 3,0.0,0.0,0.0
29/05/2025,75,Đồng Nai,26296,Xã An Viễn,0.0,0.0,0.0
29/05/2025,75,Đồng Nai,26299,Xã Gia Tân 1,0.0,0.0,0.0
29/05/2025,75,Đồng Nai,26317,Xã Hưng Lộc,0.0,0.0,0.0
29/05/2025,75,Đồng Nai,26326,Thị Trấn Dầu Giây,30723759.0,0.0,0.0
29/05/2025,75,Đồng Nai,26362,Xã Sông Ray,0.0,0.0,0.0
29/05/2025,75,Đồng Nai,26368,Thị Trấn Long Thành,0.0,0.0,0.0
29/05/2025,75,Đồng Nai,26374,Phường Tam Phước,0.0,0.0,0.0
29/05/2025,75,Đồng Nai,26377,Phường Phước Tân,73085377.0,0.0,0.0
29/05/2025,75,Đồng Nai,26416,Xã Phước Bình,0.0,0.0,0.0
29/05/2025,75,Đồng Nai,26452,Xã Suối Cát,4675000.0,0.0,0.0
29/05/2025,75,Đồng Nai,26455,Xã Xuân Hiệp,0.0,0.0,0.0
29/05/2025,75,Đồng Nai,26497,Xã Vĩnh Thanh,0.0,0.0,0.0
29/06/2024,75,Đồng Nai,26035,Phường Tam Hòa,0.0,0.0,0.0
29/06/2025,75,Đồng Nai,25996,Phường Tân Phong,536538.0,0.0,0.0
29/06/2025,75,Đồng Nai,26029,Phường Thống Nhất,0.0,0.0,0.0
29/06/2025,75,Đồng Nai,26035,Phường Tam Hòa,82512138.0,0.0,0.0
29/06/2025,75,Đồng Nai,26056,Phường Long Bình Tân,23339499.0,0.0,0.0
29/06/2025,75,Đồng Nai,26095,Phường Suối Tre,437249876.2,0.0,0.0
29/06/2025,75,Đồng Nai,26116,Thị Trấn Tân Phú,23379979.0,0.0,0.0
29/06/2025,75,Đồng Nai,26206,Thị Trấn Định Quán,133820182.8,0.0,0.0
29/06/2025,75,Đồng Nai,26272,Xã Hố Nai 3,79369213.0,0.0,0.0
29/06/2025,75,Đồng Nai,26296,Xã An Viễn,10597563.0,0.0,0.0
29/06/2025,75,Đồng Nai,26299,Xã Gia Tân 1,91290726.0,0.0,0.0
29/06/2025,75,Đồng Nai,26311,Xã Quang Trung,19996499.0,0.0,0.0
29/06/2025,75,Đồng Nai,26317,Xã Hưng Lộc,8577361.0,0.0,0.0
29/06/2025,75,Đồng Nai,26326,Thị Trấn Dầu Giây,33242204.0,0.0,0.0
29/06/2025,75,Đồng Nai,26362,Xã Sông Ray,2735719.0,0.0,0.0
29/06/2025,75,Đồng Nai,26368,Thị Trấn Long Thành,100125947.2,0.0,0.0
29/06/2025,75,Đồng Nai,26374,Phường Tam Phước,57774923.0,0.0,0.0
29/06/2025,75,Đồng Nai,26377,Phường Phước Tân,9631779.0,0.0,0.0
29/06/2025,75,Đồng Nai,26416,Xã Phước Bình,20528442.0,0.0,0.0
29/06/2025,75,Đồng Nai,26455,Xã Xuân Hiệp,89485468.0,0.0,0.0
29/06/2025,75,Đồng Nai,26497,Xã Vĩnh Thanh,25348067.0,0.0,0.0
29/07/2025,75,Đồng Nai,25993,Phường Trảng Dài,27159302.0,0.0,0.0
29/07/2025,75,Đồng Nai,25996,Phường Tân Phong,42166252.32,0.0,0.0
29/07/2025,75,Đồng Nai,26017,Phường Tam Hiệp,5209115.0,0.0,0.0
29/07/2025,75,Đồng Nai,26029,Phường Thống Nhất,34696356.97,0.0,0.0
29/07/2025,75,Đồng Nai,26056,Phường Long Bình Tân,601116149.0,0.0,0.0
29/07/2025,75,Đồng Nai,26068,Phường Hóa An,33210559.0,0.0,0.0
29/07/2025,75,Đồng Nai,26095,Phường Suối Tre,1164067435.94,0.0,0.0
29/07/2025,75,Đồng Nai,26116,Thị Trấn Tân Phú,106101730.0,0.0,0.0
29/07/2025,75,Đồng Nai,26188,Xã Thạnh Phú,16972258.0,0.0,0.0
29/07/2025,75,Đồng Nai,26206,Thị Trấn Định Quán,400604372.11,0.0,0.0
29/07/2025,75,Đồng Nai,26272,Xã Hố Nai 3,77227970.0,0.0,0.0
29/07/2025,75,Đồng Nai,26296,Xã An Viễn,27459877.0,0.0,0.0
29/07/2025,75,Đồng Nai,26311,Xã Quang Trung,12216431.0,0.0,0.0
29/07/2025,75,Đồng Nai,26317,Xã Hưng Lộc,23633469.0,0.0,0.0
29/07/2025,75,Đồng Nai,26326,Thị Trấn Dầu Giây,9023198.0,0.0,0.0
29/07/2025,75,Đồng Nai,26341,Thị Trấn Long Giao,4040580.0,0.0,0.0
29/07/2025,75,Đồng Nai,26362,Xã Sông Ray,41673808.0,0.0,0.0
29/07/2025,75,Đồng Nai,26368,Thị Trấn Long Thành,231575672.0,0.0,0.0
29/07/2025,75,Đồng Nai,26374,Phường Tam Phước,14447131.0,0.0,0.0
29/07/2025,75,Đồng Nai,26377,Phường Phước Tân,13650930.0,0.0,0.0
29/07/2025,75,Đồng Nai,26416,Xã Phước Bình,12022908.0,0.0,0.0
29/07/2025,75,Đồng Nai,26452,Xã Suối Cát,214193762.8,0.0,0.0
29/07/2025,75,Đồng Nai,26455,Xã Xuân Hiệp,1830800.0,0.0,0.0
29/07/2025,75,Đồng Nai,26497,Xã Vĩnh Thanh,18325716.0,0.0,0.0
29/08/2025,75,Đồng Nai,25993,Phường Trảng Dài,13937850.0,0.0,0.0
29/08/2025,75,Đồng Nai,25996,Phường Tân Phong,133045926.69,0.0,0.0
29/08/2025,75,Đồng Nai,26017,Phường Tam Hiệp,16746757.0,0.0,0.0
29/08/2025,75,Đồng Nai,26056,Phường Long Bình Tân,131785629.0,0.0,0.0
29/08/2025,75,Đồng Nai,26095,Phường Suối Tre,796947551.6,0.0,0.0
29/08/2025,75,Đồng Nai,26188,Xã Thạnh Phú,29093021.0,0.0,0.0
29/08/2025,75,Đồng Nai,26206,Thị Trấn Định Quán,513052456.2,0.0,0.0
29/08/2025,75,Đồng Nai,26272,Xã Hố Nai 3,271914243.0,0.0,0.0
29/08/2025,75,Đồng Nai,26311,Xã Quang Trung,45348600.0,0.0,0.0
29/08/2025,75,Đồng Nai,26317,Xã Hưng Lộc,22389912.0,0.0,0.0
29/08/2025,75,Đồng Nai,26362,Xã Sông Ray,34623785.0,0.0,0.0
29/08/2025,75,Đồng Nai,26368,Thị Trấn Long Thành,367594926.37,0.0,0.0
29/08/2025,75,Đồng Nai,26389,Xã Long Đức,8385052.0,0.0,0.0
29/08/2025,75,Đồng Nai,26416,Xã Phước Bình,34470454.0,0.0,0.0
29/08/2025,75,Đồng Nai,26455,Xã Xuân Hiệp,115366487.0,0.0,0.0
29/08/2025,75,Đồng Nai,26497,Xã Vĩnh Thanh,7208735.0,0.0,0.0
29/11/2024,75,Đồng Nai,26248,Thị Trấn Trảng Bom,0.0,0.0,0.0
29/12/2024,75,Đồng Nai,26341,Thị Trấn Long Giao,0.0,0.0,0.0
29/12/2024,75,Đồng Nai,26452,Xã Suối Cát,0.0,0.0,0.0
30/01/2025,75,Đồng Nai,26026,Phường Tân Mai,0.0,0.0,0.0
30/01/2025,75,Đồng Nai,26248,Thị Trấn Trảng Bom,0.0,0.0,0.0
30/01/2025,75,Đồng Nai,26341,Thị Trấn Long Giao,0.0,0.0,0.0
30/01/2025,75,Đồng Nai,26452,Xã Suối Cát,0.0,0.0,0.0
30/03/2025,75,Đồng Nai,25996,Phường Tân Phong,0.0,0.0,0.0
30/03/2025,75,Đồng Nai,25999,Phường Tân Biên,0.0,0.0,0.0
30/03/2025,75,Đồng Nai,26095,Phường Suối Tre,0.0,0.0,0.0
30/03/2025,75,Đồng Nai,26116,Thị Trấn Tân Phú,0.0,0.0,0.0
30/03/2025,75,Đồng Nai,26206,Thị Trấn Định Quán,0.0,0.0,0.0
30/03/2025,75,Đồng Nai,26248,Thị Trấn Trảng Bom,0.0,0.0,0.0
30/03/2025,75,Đồng Nai,26272,Xã Hố Nai 3,0.0,0.0,0.0
30/03/2025,75,Đồng Nai,26326,Thị Trấn Dầu Giây,0.0,0.0,0.0
30/03/2025,75,Đồng Nai,26341,Thị Trấn Long Giao,0.0,0.0,0.0
30/03/2025,75,Đồng Nai,26368,Thị Trấn Long Thành,0.0,0.0,0.0
30/03/2025,75,Đồng Nai,26452,Xã Suối Cát,0.0,0.0,0.0
30/04/2025,75,Đồng Nai,25999,Phường Tân Biên,0.0,0.0,0.0
30/04/2025,75,Đồng Nai,26029,Phường Thống Nhất,0.0,0.0,0.0
30/04/2025,75,Đồng Nai,26095,Phường Suối Tre,0.0,0.0,0.0
30/04/2025,75,Đồng Nai,26116,Thị Trấn Tân Phú,0.0,0.0,0.0
30/04/2025,75,Đồng Nai,26206,Thị Trấn Định Quán,0.0,0.0,0.0
30/04/2025,75,Đồng Nai,26326,Thị Trấn Dầu Giây,0.0,0.0,0.0
30/04/2025,75,Đồng Nai,26368,Thị Trấn Long Thành,0.0,0.0,0.0
30/04/2025,75,Đồng Nai,26452,Xã Suối Cát,0.0,0.0,0.0
30/05/2025,75,Đồng Nai,25996,Phường Tân Phong,57523574.16,0.0,0.0
30/05/2025,75,Đồng Nai,25999,Phường Tân Biên,0.0,0.0,0.0
30/05/2025,75,Đồng Nai,26017,Phường Tam Hiệp,0.0,0.0,0.0
30/05/2025,75,Đồng Nai,26029,Phường Thống Nhất,0.0,0.0,0.0
30/05/2025,75,Đồng Nai,26050,Phường An Bình,0.0,0.0,0.0
30/05/2025,75,Đồng Nai,26056,Phường Long Bình Tân,0.0,0.0,0.0
30/05/2025,75,Đồng Nai,26068,Phường Hóa An,1170631.0,0.0,0.0
30/05/2025,75,Đồng Nai,26095,Phường Suối Tre,72404231.0,0.0,0.0
30/05/2025,75,Đồng Nai,26188,Xã Thạnh Phú,0.0,0.0,0.0
30/05/2025,75,Đồng Nai,26206,Thị Trấn Định Quán,5027600.0,0.0,0.0
30/05/2025,75,Đồng Nai,26272,Xã Hố Nai 3,0.0,0.0,0.0
30/05/2025,75,Đồng Nai,26296,Xã An Viễn,0.0,0.0,0.0
30/05/2025,75,Đồng Nai,26299,Xã Gia Tân 1,0.0,0.0,0.0
30/05/2025,75,Đồng Nai,26311,Xã Quang Trung,0.0,0.0,0.0
30/05/2025,75,Đồng Nai,26317,Xã Hưng Lộc,0.0,0.0,0.0
30/05/2025,75,Đồng Nai,26326,Thị Trấn Dầu Giây,42020171.0,0.0,0.0
30/05/2025,75,Đồng Nai,26362,Xã Sông Ray,0.0,0.0,0.0
30/05/2025,75,Đồng Nai,26368,Thị Trấn Long Thành,0.0,0.0,0.0
30/05/2025,75,Đồng Nai,26374,Phường Tam Phước,0.0,0.0,0.0
30/05/2025,75,Đồng Nai,26377,Phường Phước Tân,20297886.0,0.0,0.0
30/05/2025,75,Đồng Nai,26416,Xã Phước Bình,0.0,0.0,0.0
30/05/2025,75,Đồng Nai,26440,Xã Xuân Trường,0.0,0.0,0.0
30/05/2025,75,Đồng Nai,26452,Xã Suối Cát,0.0,0.0,0.0
30/05/2025,75,Đồng Nai,26455,Xã Xuân Hiệp,0.0,0.0,0.0
30/05/2025,75,Đồng Nai,26485,Xã Phú Hội,0.0,0.0,0.0
30/05/2025,75,Đồng Nai,26497,Xã Vĩnh Thanh,0.0,0.0,0.0
30/06/2024,75,Đồng Nai,26035,Phường Tam Hòa,0.0,0.0,0.0
30/06/2025,75,Đồng Nai,25996,Phường Tân Phong,124757139.43,0.0,0.0
30/06/2025,75,Đồng Nai,26002,Phường Hố Nai,9164735.0,0.0,0.0
30/06/2025,75,Đồng Nai,26017,Phường Tam Hiệp,22568091.0,0.0,0.0
30/06/2025,75,Đồng Nai,26029,Phường Thống Nhất,39023430.09,0.0,0.0
30/06/2025,75,Đồng Nai,26050,Phường An Bình,7671832.0,0.0,0.0
30/06/2025,75,Đồng Nai,26056,Phường Long Bình Tân,97219936.0,0.0,0.0
30/06/2025,75,Đồng Nai,26068,Phường Hóa An,88095956.0,0.0,0.0
30/06/2025,75,Đồng Nai,26095,Phường Suối Tre,2270398197.1,0.0,0.0
30/06/2025,75,Đồng Nai,26116,Thị Trấn Tân Phú,100775465.0,0.0,0.0
30/06/2025,75,Đồng Nai,26206,Thị Trấn Định Quán,327077158.0,0.0,0.0
30/06/2025,75,Đồng Nai,26272,Xã Hố Nai 3,199918615.0,0.0,0.0
30/06/2025,75,Đồng Nai,26275,Xã Tây Hoà,1264568.0,0.0,0.0
30/06/2025,75,Đồng Nai,26296,Xã An Viễn,15169550.0,0.0,0.0
30/06/2025,75,Đồng Nai,26299,Xã Gia Tân 1,17798658.0,0.0,0.0
30/06/2025,75,Đồng Nai,26311,Xã Quang Trung,19172900.0,0.0,0.0
30/06/2025,75,Đồng Nai,26317,Xã Hưng Lộc,11295600.0,0.0,0.0
30/06/2025,75,Đồng Nai,26326,Thị Trấn Dầu Giây,171834287.0,0.0,0.0
30/06/2025,75,Đồng Nai,26362,Xã Sông Ray,54175314.0,0.0,0.0
30/06/2025,75,Đồng Nai,26368,Thị Trấn Long Thành,271821704.4,0.0,0.0
30/06/2025,75,Đồng Nai,26374,Phường Tam Phước,45824244.0,0.0,0.0
30/06/2025,75,Đồng Nai,26377,Phường Phước Tân,34454633.0,0.0,0.0
30/06/2025,75,Đồng Nai,26416,Xã Phước Bình,22820619.0,0.0,0.0
30/06/2025,75,Đồng Nai,26455,Xã Xuân Hiệp,113415018.0,0.0,0.0
30/06/2025,75,Đồng Nai,26497,Xã Vĩnh Thanh,41876744.0,0.0,0.0
30/07/2025,75,Đồng Nai,25993,Phường Trảng Dài,14981847.0,0.0,0.0
30/07/2025,75,Đồng Nai,25996,Phường Tân Phong,41680931.45,0.0,0.0
30/07/2025,75,Đồng Nai,26017,Phường Tam Hiệp,2247673.0,0.0,0.0
30/07/2025,75,Đồng Nai,26029,Phường Thống Nhất,106504182.37,0.0,0.0
30/07/2025,75,Đồng Nai,26056,Phường Long Bình Tân,544751875.0,0.0,0.0
30/07/2025,75,Đồng Nai,26068,Phường Hóa An,27335593.0,0.0,0.0
30/07/2025,75,Đồng Nai,26095,Phường Suối Tre,822129517.1,0.0,0.0
30/07/2025,75,Đồng Nai,26116,Thị Trấn Tân Phú,103762584.0,0.0,0.0
30/07/2025,75,Đồng Nai,26188,Xã Thạnh Phú,18636517.0,0.0,0.0
30/07/2025,75,Đồng Nai,26206,Thị Trấn Định Quán,480091326.64,0.0,0.0
30/07/2025,75,Đồng Nai,26272,Xã Hố Nai 3,41927109.0,0.0,0.0
30/07/2025,75,Đồng Nai,26296,Xã An Viễn,41682979.0,0.0,0.0
30/07/2025,75,Đồng Nai,26311,Xã Quang Trung,7797185.0,0.0,0.0
30/07/2025,75,Đồng Nai,26317,Xã Hưng Lộc,1163552.0,0.0,0.0
30/07/2025,75,Đồng Nai,26326,Thị Trấn Dầu Giây,3911102.0,0.0,0.0
30/07/2025,75,Đồng Nai,26362,Xã Sông Ray,25336725.0,0.0,0.0
30/07/2025,75,Đồng Nai,26368,Thị Trấn Long Thành,224638101.0,0.0,0.0
30/07/2025,75,Đồng Nai,26374,Phường Tam Phước,1231400.0,0.0,0.0
30/07/2025,75,Đồng Nai,26377,Phường Phước Tân,26872056.0,0.0,0.0
30/07/2025,75,Đồng Nai,26416,Xã Phước Bình,16866198.0,0.0,0.0
30/07/2025,75,Đồng Nai,26452,Xã Suối Cát,173529252.8,0.0,0.0
30/07/2025,75,Đồng Nai,26455,Xã Xuân Hiệp,1994700.0,0.0,0.0
30/07/2025,75,Đồng Nai,26497,Xã Vĩnh Thanh,21534300.0,0.0,0.0
30/08/2024,75,Đồng Nai,26248,Thị Trấn Trảng Bom,0.0,0.0,0.0
30/08/2025,75,Đồng Nai,25996,Phường Tân Phong,140751532.0,0.0,0.0
30/08/2025,75,Đồng Nai,26017,Phường Tam Hiệp,14586305.7,0.0,0.0
30/08/2025,75,Đồng Nai,26029,Phường Thống Nhất,0.0,0.0,0.0
30/08/2025,75,Đồng Nai,26056,Phường Long Bình Tân,132246577.0,0.0,0.0
30/08/2025,75,Đồng Nai,26095,Phường Suối Tre,348795220.1,0.0,0.0
30/08/2025,75,Đồng Nai,26188,Xã Thạnh Phú,27341224.0,0.0,0.0
30/08/2025,75,Đồng Nai,26206,Thị Trấn Định Quán,99762652.88,0.0,0.0
30/08/2025,75,Đồng Nai,26272,Xã Hố Nai 3,180648738.0,0.0,0.0
30/08/2025,75,Đồng Nai,26296,Xã An Viễn,12649585.0,0.0,0.0
30/08/2025,75,Đồng Nai,26311,Xã Quang Trung,42366432.0,0.0,0.0
30/08/2025,75,Đồng Nai,26341,Thị Trấn Long Giao,104327.0,0.0,0.0
30/08/2025,75,Đồng Nai,26362,Xã Sông Ray,21919510.0,0.0,0.0
30/08/2025,75,Đồng Nai,26368,Thị Trấn Long Thành,114518936.0,0.0,0.0
30/08/2025,75,Đồng Nai,26389,Xã Long Đức,10988857.0,0.0,0.0
30/08/2025,75,Đồng Nai,26416,Xã Phước Bình,16185572.0,0.0,0.0
30/08/2025,75,Đồng Nai,26455,Xã Xuân Hiệp,291181671.0,0.0,0.0
30/08/2025,75,Đồng Nai,26497,Xã Vĩnh Thanh,18546492.0,0.0,0.0
30/09/2024,75,Đồng Nai,26248,Thị Trấn Trảng Bom,0.0,0.0,0.0
30/12/2024,75,Đồng Nai,26341,Thị Trấn Long Giao,0.0,0.0,0.0
30/12/2024,75,Đồng Nai,26452,Xã Suối Cát,0.0,0.0,0.0
30/12/2024,75,Đồng Nai,26455,Xã Xuân Hiệp,0.0,0.0,0.0
31/01/2025,75,Đồng Nai,26026,Phường Tân Mai,0.0,0.0,0.0
31/01/2025,75,Đồng Nai,26248,Thị Trấn Trảng Bom,0.0,0.0,0.0
31/01/2025,75,Đồng Nai,26341,Thị Trấn Long Giao,0.0,0.0,0.0
31/01/2025,75,Đồng Nai,26452,Xã Suối Cát,0.0,0.0,0.0
31/03/2025,75,Đồng Nai,25996,Phường Tân Phong,0.0,0.0,0.0
31/03/2025,75,Đồng Nai,25999,Phường Tân Biên,0.0,0.0,0.0
31/03/2025,75,Đồng Nai,26008,Phường Tân Hiệp,0.0,0.0,0.0
31/03/2025,75,Đồng Nai,26026,Phường Tân Mai,0.0,0.0,0.0
31/03/2025,75,Đồng Nai,26068,Phường Hóa An,0.0,0.0,0.0
31/03/2025,75,Đồng Nai,26080,Phường Xuân An,0.0,0.0,0.0
31/03/2025,75,Đồng Nai,26095,Phường Suối Tre,0.0,0.0,0.0
31/03/2025,75,Đồng Nai,26116,Thị Trấn Tân Phú,0.0,0.0,0.0
31/03/2025,75,Đồng Nai,26206,Thị Trấn Định Quán,0.0,0.0,0.0
31/03/2025,75,Đồng Nai,26248,Thị Trấn Trảng Bom,0.0,0.0,0.0
31/03/2025,75,Đồng Nai,26272,Xã Hố Nai 3,0.0,0.0,0.0
31/03/2025,75,Đồng Nai,26326,Thị Trấn Dầu Giây,1252514.0,0.0,0.0
31/03/2025,75,Đồng Nai,26368,Thị Trấn Long Thành,0.0,0.0,0.0
31/03/2025,75,Đồng Nai,26377,Phường Phước Tân,0.0,0.0,0.0
31/03/2025,75,Đồng Nai,26440,Xã Xuân Trường,0.0,0.0,0.0
31/03/2025,75,Đồng Nai,26452,Xã Suối Cát,0.0,0.0,0.0
31/03/2025,75,Đồng Nai,26455,Xã Xuân Hiệp,0.0,0.0,0.0
31/03/2025,75,Đồng Nai,26485,Xã Phú Hội,0.0,0.0,0.0
31/05/2025,75,Đồng Nai,25996,Phường Tân Phong,0.0,0.0,0.0
31/05/2025,75,Đồng Nai,25999,Phường Tân Biên,0.0,0.0,0.0
31/05/2025,75,Đồng Nai,26002,Phường Hố Nai,0.0,0.0,0.0
31/05/2025,75,Đồng Nai,26017,Phường Tam Hiệp,0.0,0.0,0.0
31/05/2025,75,Đồng Nai,26029,Phường Thống Nhất,0.0,0.0,0.0
31/05/2025,75,Đồng Nai,26050,Phường An Bình,0.0,0.0,0.0
31/05/2025,75,Đồng Nai,26056,Phường Long Bình Tân,48967883.0,0.0,0.0
31/05/2025,75,Đồng Nai,26068,Phường Hóa An,11060000.0,0.0,0.0
31/05/2025,75,Đồng Nai,26095,Phường Suối Tre,126109970.96,0.0,0.0
31/05/2025,75,Đồng Nai,26188,Xã Thạnh Phú,0.0,0.0,0.0
31/05/2025,75,Đồng Nai,26206,Thị Trấn Định Quán,0.0,0.0,0.0
31/05/2025,75,Đồng Nai,26272,Xã Hố Nai 3,115085.0,0.0,0.0
31/05/2025,75,Đồng Nai,26296,Xã An Viễn,0.0,0.0,0.0
31/05/2025,75,Đồng Nai,26299,Xã Gia Tân 1,0.0,0.0,0.0
31/05/2025,75,Đồng Nai,26311,Xã Quang Trung,0.0,0.0,0.0
31/05/2025,75,Đồng Nai,26317,Xã Hưng Lộc,0.0,0.0,0.0
31/05/2025,75,Đồng Nai,26326,Thị Trấn Dầu Giây,8018013.0,0.0,0.0
31/05/2025,75,Đồng Nai,26362,Xã Sông Ray,0.0,0.0,0.0
31/05/2025,75,Đồng Nai,26368,Thị Trấn Long Thành,0.0,0.0,0.0
31/05/2025,75,Đồng Nai,26374,Phường Tam Phước,0.0,0.0,0.0
31/05/2025,75,Đồng Nai,26377,Phường Phước Tân,20226798.0,0.0,0.0
31/05/2025,75,Đồng Nai,26416,Xã Phước Bình,0.0,0.0,0.0
31/05/2025,75,Đồng Nai,26440,Xã Xuân Trường,0.0,0.0,0.0
31/05/2025,75,Đồng Nai,26452,Xã Suối Cát,0.0,0.0,0.0
31/05/2025,75,Đồng Nai,26455,Xã Xuân Hiệp,1101400.0,0.0,0.0
31/05/2025,75,Đồng Nai,26497,Xã Vĩnh Thanh,0.0,0.0,0.0
31/07/2025,75,Đồng Nai,25996,Phường Tân Phong,36244722.99,0.0,0.0
31/07/2025,75,Đồng Nai,26029,Phường Thống Nhất,73236613.6,0.0,0.0
31/07/2025,75,Đồng Nai,26056,Phường Long Bình Tân,641852457.0,0.0,0.0
31/07/2025,75,Đồng Nai,26068,Phường Hóa An,28833228.0,0.0,0.0
31/07/2025,75,Đồng Nai,26095,Phường Suối Tre,1456549695.42,0.0,0.0
31/07/2025,75,Đồng Nai,26116,Thị Trấn Tân Phú,101425957.0,0.0,0.0
31/07/2025,75,Đồng Nai,26188,Xã Thạnh Phú,7492570.0,0.0,0.0
31/07/2025,75,Đồng Nai,26206,Thị Trấn Định Quán,498399684.4,0.0,0.0
31/07/2025,75,Đồng Nai,26272,Xã Hố Nai 3,56150643.0,0.0,0.0
31/07/2025,75,Đồng Nai,26296,Xã An Viễn,18950057.0,0.0,0.0
31/07/2025,75,Đồng Nai,26311,Xã Quang Trung,2852872.0,0.0,0.0
31/07/2025,75,Đồng Nai,26317,Xã Hưng Lộc,17343943.0,0.0,0.0
31/07/2025,75,Đồng Nai,26341,Thị Trấn Long Giao,20368634.0,0.0,0.0
31/07/2025,75,Đồng Nai,26362,Xã Sông Ray,23826604.0,0.0,0.0
31/07/2025,75,Đồng Nai,26368,Thị Trấn Long Thành,272591324.8,0.0,0.0
31/07/2025,75,Đồng Nai,26377,Phường Phước Tân,9570944.0,0.0,0.0
31/07/2025,75,Đồng Nai,26416,Xã Phước Bình,16182381.0,0.0,0.0
31/07/2025,75,Đồng Nai,26452,Xã Suối Cát,188049278.8,0.0,0.0
31/07/2025,75,Đồng Nai,26455,Xã Xuân Hiệp,107868817.0,0.0,0.0
31/07/2025,75,Đồng Nai,26497,Xã Vĩnh Thanh,13457734.0,0.0,0.0
31/08/2022,75,Đồng Nai,26341,Thị Trấn Long Giao,0.0,0.0,0.0
31/08/2025,75,Đồng Nai,25996,Phường Tân Phong,50263713.0,0.0,0.0
31/08/2025,75,Đồng Nai,26029,Phường Thống Nhất,0.0,0.0,0.0
31/08/2025,75,Đồng Nai,26056,Phường Long Bình Tân,136218072.0,0.0,0.0
31/08/2025,75,Đồng Nai,26095,Phường Suối Tre,369605819.9,0.0,0.0
31/08/2025,75,Đồng Nai,26188,Xã Thạnh Phú,7669358.0,0.0,0.0
31/08/2025,75,Đồng Nai,26206,Thị Trấn Định Quán,115306375.0,0.0,0.0
31/08/2025,75,Đồng Nai,26272,Xã Hố Nai 3,81350614.0,0.0,0.0
31/08/2025,75,Đồng Nai,26296,Xã An Viễn,9618820.0,0.0,0.0
31/08/2025,75,Đồng Nai,26311,Xã Quang Trung,29526056.0,0.0,0.0
31/08/2025,75,Đồng Nai,26317,Xã Hưng Lộc,6438130.0,0.0,0.0
31/08/2025,75,Đồng Nai,26341,Thị Trấn Long Giao,818617.0,0.0,0.0
31/08/2025,75,Đồng Nai,26362,Xã Sông Ray,6018000.0,0.0,0.0
31/08/2025,75,Đồng Nai,26368,Thị Trấn Long Thành,93669192.0,0.0,0.0
31/08/2025,75,Đồng Nai,26389,Xã Long Đức,4865751.0,0.0,0.0
31/08/2025,75,Đồng Nai,26416,Xã Phước Bình,9453254.0,0.0,0.0
31/08/2025,75,Đồng Nai,26455,Xã Xuân Hiệp,68747042.0,0.0,0.0
31/08/2025,75,Đồng Nai,26497,Xã Vĩnh Thanh,20369540.0,0.0,0.0
31/12/2024,75,Đồng Nai,26248,Thị Trấn Trảng Bom,0.0,0.0,0.0
31/12/2024,75,Đồng Nai,26341,Thị Trấn Long Giao,0.0,0.0,0.0
31/12/2024,75,Đồng Nai,26452,Xã Suối Cát,0.0,0.0,0.0
