Ngày,Mã tỉnh,Tên tỉnh,Mã phường,Tên phường,Lượt khám chữa bệnh
01/01/2025,75,Đồng Nai,26008,Phường Tân Hiệp,1
01/01/2025,75,Đồng Nai,26248,Thị Trấn Trảng Bom,10
01/01/2025,75,Đồng Nai,26341,Thị Trấn Long Giao,70
01/01/2025,75,Đồng Nai,26452,Xã Suối Cát,77
01/02/2025,75,Đồng Nai,26248,Thị Trấn Trảng Bom,87
01/02/2025,75,Đồng Nai,26341,Thị Trấn Long Giao,11
01/02/2025,75,Đồng Nai,26452,Xã Suối Cát,118
01/03/2025,75,Đồng Nai,26248,Thị Trấn Trảng Bom,130
01/03/2025,75,Đồng Nai,26452,Xã Suối Cát,89
01/04/2025,75,Đồng Nai,25993,Phường Trảng Dài,79
01/04/2025,75,Đồng Nai,25996,Phường Tân Phong,76
01/04/2025,75,Đồng Nai,25999,Phường Tân Biên,4
01/04/2025,75,Đồng Nai,26008,Phường Tân Hiệp,1
01/04/2025,75,Đồng Nai,26068,Phường Hóa An,9
01/04/2025,75,Đồng Nai,26095,Phường Suối Tre,101
01/04/2025,75,Đồng Nai,26116,Thị Trấn Tân Phú,393
01/04/2025,75,Đồng Nai,26170,Thị Trấn Vĩnh An,9
01/04/2025,75,Đồng Nai,26206,Thị Trấn Định Quán,22
01/04/2025,75,Đồng Nai,26248,Thị Trấn Trảng Bom,10
01/04/2025,75,Đồng Nai,26272,Xã Hố Nai 3,458
01/04/2025,75,Đồng Nai,26320,Xã Lộ 25,11
01/04/2025,75,Đồng Nai,26326,Thị Trấn Dầu Giây,490
01/04/2025,75,Đồng Nai,26368,Thị Trấn Long Thành,37
01/04/2025,75,Đồng Nai,26377,Phường Phước Tân,2
01/04/2025,75,Đồng Nai,26383,Xã An Phước,3
01/04/2025,75,Đồng Nai,26452,Xã Suối Cát,615
01/05/2025,75,Đồng Nai,25996,Phường Tân Phong,27
01/05/2025,75,Đồng Nai,25999,Phường Tân Biên,6
01/05/2025,75,Đồng Nai,26029,Phường Thống Nhất,12
01/05/2025,75,Đồng Nai,26095,Phường Suối Tre,184
01/05/2025,75,Đồng Nai,26116,Thị Trấn Tân Phú,31
01/05/2025,75,Đồng Nai,26206,Thị Trấn Định Quán,83
01/05/2025,75,Đồng Nai,26272,Xã Hố Nai 3,6
01/05/2025,75,Đồng Nai,26326,Thị Trấn Dầu Giây,84
01/05/2025,75,Đồng Nai,26368,Thị Trấn Long Thành,89
01/05/2025,75,Đồng Nai,26377,Phường Phước Tân,2
01/05/2025,75,Đồng Nai,26452,Xã Suối Cát,26
01/06/2025,75,Đồng Nai,25996,Phường Tân Phong,20
01/06/2025,75,Đồng Nai,25999,Phường Tân Biên,1
01/06/2025,75,Đồng Nai,26017,Phường Tam Hiệp,5
01/06/2025,75,Đồng Nai,26029,Phường Thống Nhất,124
01/06/2025,75,Đồng Nai,26050,Phường An Bình,8
01/06/2025,75,Đồng Nai,26056,Phường Long Bình Tân,9
01/06/2025,75,Đồng Nai,26068,Phường Hóa An,86
01/06/2025,75,Đồng Nai,26095,Phường Suối Tre,225
01/06/2025,75,Đồng Nai,26188,Xã Thạnh Phú,32
01/06/2025,75,Đồng Nai,26206,Thị Trấn Định Quán,118
01/06/2025,75,Đồng Nai,26239,Xã Túc Trưng,58
01/06/2025,75,Đồng Nai,26272,Xã Hố Nai 3,383
01/06/2025,75,Đồng Nai,26296,Xã An Viễn,4
01/06/2025,75,Đồng Nai,26299,Xã Gia Tân 1,27
01/06/2025,75,Đồng Nai,26311,Xã Quang Trung,2
01/06/2025,75,Đồng Nai,26317,Xã Hưng Lộc,1
01/06/2025,75,Đồng Nai,26326,Thị Trấn Dầu Giây,54
01/06/2025,75,Đồng Nai,26362,Xã Sông Ray,12
01/06/2025,75,Đồng Nai,26368,Thị Trấn Long Thành,184
01/06/2025,75,Đồng Nai,26374,Phường Tam Phước,61
01/06/2025,75,Đồng Nai,26377,Phường Phước Tân,3
01/06/2025,75,Đồng Nai,26416,Xã Phước Bình,4
01/06/2025,75,Đồng Nai,26440,Xã Xuân Trường,27
01/06/2025,75,Đồng Nai,26452,Xã Suối Cát,32
01/06/2025,75,Đồng Nai,26455,Xã Xuân Hiệp,271
01/06/2025,75,Đồng Nai,26497,Xã Vĩnh Thanh,83
01/07/2024,75,Đồng Nai,26035,Phường Tam Hòa,14
01/07/2025,75,Đồng Nai,25993,Phường Trảng Dài,36
01/07/2025,75,Đồng Nai,25996,Phường Tân Phong,110
01/07/2025,75,Đồng Nai,26002,Phường Hố Nai,48
01/07/2025,75,Đồng Nai,26008,Phường Tân Hiệp,1
01/07/2025,75,Đồng Nai,26017,Phường Tam Hiệp,100
01/07/2025,75,Đồng Nai,26029,Phường Thống Nhất,435
01/07/2025,75,Đồng Nai,26035,Phường Tam Hòa,3
01/07/2025,75,Đồng Nai,26050,Phường An Bình,40
01/07/2025,75,Đồng Nai,26056,Phường Long Bình Tân,125
01/07/2025,75,Đồng Nai,26068,Phường Hóa An,216
01/07/2025,75,Đồng Nai,26095,Phường Suối Tre,1276
01/07/2025,75,Đồng Nai,26116,Thị Trấn Tân Phú,346
01/07/2025,75,Đồng Nai,26206,Thị Trấn Định Quán,150
01/07/2025,75,Đồng Nai,26272,Xã Hố Nai 3,1124
01/07/2025,75,Đồng Nai,26275,Xã Tây Hoà,1
01/07/2025,75,Đồng Nai,26296,Xã An Viễn,131
01/07/2025,75,Đồng Nai,26299,Xã Gia Tân 1,102
01/07/2025,75,Đồng Nai,26311,Xã Quang Trung,132
01/07/2025,75,Đồng Nai,26317,Xã Hưng Lộc,97
01/07/2025,75,Đồng Nai,26326,Thị Trấn Dầu Giây,20
01/07/2025,75,Đồng Nai,26362,Xã Sông Ray,207
01/07/2025,75,Đồng Nai,26368,Thị Trấn Long Thành,673
01/07/2025,75,Đồng Nai,26374,Phường Tam Phước,28
01/07/2025,75,Đồng Nai,26377,Phường Phước Tân,24
01/07/2025,75,Đồng Nai,26416,Xã Phước Bình,10
01/07/2025,75,Đồng Nai,26452,Xã Suối Cát,597
01/07/2025,75,Đồng Nai,26455,Xã Xuân Hiệp,353
01/07/2025,75,Đồng Nai,26497,Xã Vĩnh Thanh,79
01/08/2024,75,Đồng Nai,26248,Thị Trấn Trảng Bom,1
01/08/2025,75,Đồng Nai,25993,Phường Trảng Dài,219
01/08/2025,75,Đồng Nai,25996,Phường Tân Phong,309
01/08/2025,75,Đồng Nai,26017,Phường Tam Hiệp,77
01/08/2025,75,Đồng Nai,26029,Phường Thống Nhất,99
01/08/2025,75,Đồng Nai,26050,Phường An Bình,96
01/08/2025,75,Đồng Nai,26056,Phường Long Bình Tân,943
01/08/2025,75,Đồng Nai,26068,Phường Hóa An,341
01/08/2025,75,Đồng Nai,26095,Phường Suối Tre,230
01/08/2025,75,Đồng Nai,26188,Xã Thạnh Phú,221
01/08/2025,75,Đồng Nai,26206,Thị Trấn Định Quán,712
01/08/2025,75,Đồng Nai,26272,Xã Hố Nai 3,664
01/08/2025,75,Đồng Nai,26296,Xã An Viễn,91
01/08/2025,75,Đồng Nai,26311,Xã Quang Trung,151
01/08/2025,75,Đồng Nai,26317,Xã Hưng Lộc,31
01/08/2025,75,Đồng Nai,26341,Thị Trấn Long Giao,498
01/08/2025,75,Đồng Nai,26362,Xã Sông Ray,180
01/08/2025,75,Đồng Nai,26368,Thị Trấn Long Thành,481
01/08/2025,75,Đồng Nai,26416,Xã Phước Bình,111
01/08/2025,75,Đồng Nai,26455,Xã Xuân Hiệp,336
01/09/2025,75,Đồng Nai,25996,Phường Tân Phong,135
01/09/2025,75,Đồng Nai,26029,Phường Thống Nhất,7
01/09/2025,75,Đồng Nai,26050,Phường An Bình,20
01/09/2025,75,Đồng Nai,26056,Phường Long Bình Tân,67
01/09/2025,75,Đồng Nai,26095,Phường Suối Tre,211
01/09/2025,75,Đồng Nai,26206,Thị Trấn Định Quán,68
01/09/2025,75,Đồng Nai,26272,Xã Hố Nai 3,136
01/09/2025,75,Đồng Nai,26311,Xã Quang Trung,106
01/09/2025,75,Đồng Nai,26341,Thị Trấn Long Giao,42
01/09/2025,75,Đồng Nai,26362,Xã Sông Ray,73
01/09/2025,75,Đồng Nai,26368,Thị Trấn Long Thành,183
01/09/2025,75,Đồng Nai,26389,Xã Long Đức,18
01/09/2025,75,Đồng Nai,26497,Xã Vĩnh Thanh,51
01/10/2024,75,Đồng Nai,26248,Thị Trấn Trảng Bom,2
02/01/2025,75,Đồng Nai,26026,Phường Tân Mai,1
02/01/2025,75,Đồng Nai,26080,Phường Xuân An,1
02/01/2025,75,Đồng Nai,26341,Thị Trấn Long Giao,735
02/01/2025,75,Đồng Nai,26452,Xã Suối Cát,830
02/02/2022,75,Đồng Nai,26248,Thị Trấn Trảng Bom,1
02/02/2025,75,Đồng Nai,26026,Phường Tân Mai,87
02/02/2025,75,Đồng Nai,26248,Thị Trấn Trảng Bom,64
02/02/2025,75,Đồng Nai,26341,Thị Trấn Long Giao,34
02/02/2025,75,Đồng Nai,26452,Xã Suối Cát,70
02/03/2025,75,Đồng Nai,26026,Phường Tân Mai,148
02/03/2025,75,Đồng Nai,26248,Thị Trấn Trảng Bom,200
02/03/2025,75,Đồng Nai,26377,Phường Phước Tân,1
02/03/2025,75,Đồng Nai,26452,Xã Suối Cát,47
02/04/2025,75,Đồng Nai,25993,Phường Trảng Dài,176
02/04/2025,75,Đồng Nai,25996,Phường Tân Phong,51
02/04/2025,75,Đồng Nai,25999,Phường Tân Biên,8
02/04/2025,75,Đồng Nai,26068,Phường Hóa An,2
02/04/2025,75,Đồng Nai,26095,Phường Suối Tre,42
02/04/2025,75,Đồng Nai,26116,Thị Trấn Tân Phú,406
02/04/2025,75,Đồng Nai,26206,Thị Trấn Định Quán,27
02/04/2025,75,Đồng Nai,26248,Thị Trấn Trảng Bom,84
02/04/2025,75,Đồng Nai,26272,Xã Hố Nai 3,426
02/04/2025,75,Đồng Nai,26326,Thị Trấn Dầu Giây,512
02/04/2025,75,Đồng Nai,26341,Thị Trấn Long Giao,4
02/04/2025,75,Đồng Nai,26368,Thị Trấn Long Thành,37
02/04/2025,75,Đồng Nai,26377,Phường Phước Tân,3
02/04/2025,75,Đồng Nai,26452,Xã Suối Cát,664
02/05/2025,75,Đồng Nai,25996,Phường Tân Phong,446
02/05/2025,75,Đồng Nai,25999,Phường Tân Biên,11
02/05/2025,75,Đồng Nai,26017,Phường Tam Hiệp,198
02/05/2025,75,Đồng Nai,26029,Phường Thống Nhất,29
02/05/2025,75,Đồng Nai,26068,Phường Hóa An,268
02/05/2025,75,Đồng Nai,26095,Phường Suối Tre,153
02/05/2025,75,Đồng Nai,26116,Thị Trấn Tân Phú,22
02/05/2025,75,Đồng Nai,26188,Xã Thạnh Phú,58
02/05/2025,75,Đồng Nai,26206,Thị Trấn Định Quán,66
02/05/2025,75,Đồng Nai,26272,Xã Hố Nai 3,236
02/05/2025,75,Đồng Nai,26275,Xã Tây Hoà,121
02/05/2025,75,Đồng Nai,26326,Thị Trấn Dầu Giây,93
02/05/2025,75,Đồng Nai,26362,Xã Sông Ray,118
02/05/2025,75,Đồng Nai,26368,Thị Trấn Long Thành,88
02/05/2025,75,Đồng Nai,26377,Phường Phước Tân,6
02/05/2025,75,Đồng Nai,26383,Xã An Phước,3
02/05/2025,75,Đồng Nai,26416,Xã Phước Bình,7
02/05/2025,75,Đồng Nai,26440,Xã Xuân Trường,91
02/05/2025,75,Đồng Nai,26452,Xã Suối Cát,19
02/05/2025,75,Đồng Nai,26455,Xã Xuân Hiệp,4
02/05/2025,75,Đồng Nai,26497,Xã Vĩnh Thanh,128
02/06/2025,75,Đồng Nai,25996,Phường Tân Phong,144
02/06/2025,75,Đồng Nai,25999,Phường Tân Biên,6
02/06/2025,75,Đồng Nai,26002,Phường Hố Nai,3
02/06/2025,75,Đồng Nai,26017,Phường Tam Hiệp,141
02/06/2025,75,Đồng Nai,26020,Phường Long Bình,56
02/06/2025,75,Đồng Nai,26029,Phường Thống Nhất,527
02/06/2025,75,Đồng Nai,26035,Phường Tam Hòa,1
02/06/2025,75,Đồng Nai,26050,Phường An Bình,118
02/06/2025,75,Đồng Nai,26056,Phường Long Bình Tân,7
02/06/2025,75,Đồng Nai,26068,Phường Hóa An,219
02/06/2025,75,Đồng Nai,26095,Phường Suối Tre,478
02/06/2025,75,Đồng Nai,26188,Xã Thạnh Phú,48
02/06/2025,75,Đồng Nai,26206,Thị Trấn Định Quán,405
02/06/2025,75,Đồng Nai,26239,Xã Túc Trưng,134
02/06/2025,75,Đồng Nai,26272,Xã Hố Nai 3,758
02/06/2025,75,Đồng Nai,26296,Xã An Viễn,38
02/06/2025,75,Đồng Nai,26299,Xã Gia Tân 1,27
02/06/2025,75,Đồng Nai,26311,Xã Quang Trung,33
02/06/2025,75,Đồng Nai,26317,Xã Hưng Lộc,135
02/06/2025,75,Đồng Nai,26326,Thị Trấn Dầu Giây,628
02/06/2025,75,Đồng Nai,26362,Xã Sông Ray,110
02/06/2025,75,Đồng Nai,26368,Thị Trấn Long Thành,535
02/06/2025,75,Đồng Nai,26374,Phường Tam Phước,231
02/06/2025,75,Đồng Nai,26377,Phường Phước Tân,36
02/06/2025,75,Đồng Nai,26416,Xã Phước Bình,13
02/06/2025,75,Đồng Nai,26440,Xã Xuân Trường,71
02/06/2025,75,Đồng Nai,26452,Xã Suối Cát,710
02/06/2025,75,Đồng Nai,26455,Xã Xuân Hiệp,396
02/06/2025,75,Đồng Nai,26497,Xã Vĩnh Thanh,98
02/07/2024,75,Đồng Nai,26035,Phường Tam Hòa,16
02/07/2025,75,Đồng Nai,25993,Phường Trảng Dài,49
02/07/2025,75,Đồng Nai,25996,Phường Tân Phong,268
02/07/2025,75,Đồng Nai,26002,Phường Hố Nai,32
02/07/2025,75,Đồng Nai,26017,Phường Tam Hiệp,88
02/07/2025,75,Đồng Nai,26029,Phường Thống Nhất,15
02/07/2025,75,Đồng Nai,26050,Phường An Bình,45
02/07/2025,75,Đồng Nai,26056,Phường Long Bình Tân,89
02/07/2025,75,Đồng Nai,26068,Phường Hóa An,322
02/07/2025,75,Đồng Nai,26095,Phường Suối Tre,1161
02/07/2025,75,Đồng Nai,26116,Thị Trấn Tân Phú,387
02/07/2025,75,Đồng Nai,26188,Xã Thạnh Phú,3
02/07/2025,75,Đồng Nai,26206,Thị Trấn Định Quán,796
02/07/2025,75,Đồng Nai,26272,Xã Hố Nai 3,1114
02/07/2025,75,Đồng Nai,26275,Xã Tây Hoà,112
02/07/2025,75,Đồng Nai,26296,Xã An Viễn,90
02/07/2025,75,Đồng Nai,26299,Xã Gia Tân 1,52
02/07/2025,75,Đồng Nai,26311,Xã Quang Trung,147
02/07/2025,75,Đồng Nai,26317,Xã Hưng Lộc,81
02/07/2025,75,Đồng Nai,26326,Thị Trấn Dầu Giây,18
02/07/2025,75,Đồng Nai,26362,Xã Sông Ray,165
02/07/2025,75,Đồng Nai,26368,Thị Trấn Long Thành,516
02/07/2025,75,Đồng Nai,26374,Phường Tam Phước,13
02/07/2025,75,Đồng Nai,26377,Phường Phước Tân,33
02/07/2025,75,Đồng Nai,26416,Xã Phước Bình,18
02/07/2025,75,Đồng Nai,26452,Xã Suối Cát,599
02/07/2025,75,Đồng Nai,26455,Xã Xuân Hiệp,338
02/07/2025,75,Đồng Nai,26497,Xã Vĩnh Thanh,48
02/08/2024,75,Đồng Nai,26248,Thị Trấn Trảng Bom,1
02/08/2025,75,Đồng Nai,25993,Phường Trảng Dài,4
02/08/2025,75,Đồng Nai,25996,Phường Tân Phong,415
02/08/2025,75,Đồng Nai,26017,Phường Tam Hiệp,80
02/08/2025,75,Đồng Nai,26029,Phường Thống Nhất,361
02/08/2025,75,Đồng Nai,26050,Phường An Bình,66
02/08/2025,75,Đồng Nai,26056,Phường Long Bình Tân,1022
02/08/2025,75,Đồng Nai,26068,Phường Hóa An,191
02/08/2025,75,Đồng Nai,26095,Phường Suối Tre,206
02/08/2025,75,Đồng Nai,26188,Xã Thạnh Phú,121
02/08/2025,75,Đồng Nai,26206,Thị Trấn Định Quán,234
02/08/2025,75,Đồng Nai,26272,Xã Hố Nai 3,686
02/08/2025,75,Đồng Nai,26296,Xã An Viễn,66
02/08/2025,75,Đồng Nai,26311,Xã Quang Trung,155
02/08/2025,75,Đồng Nai,26317,Xã Hưng Lộc,38
02/08/2025,75,Đồng Nai,26362,Xã Sông Ray,161
02/08/2025,75,Đồng Nai,26368,Thị Trấn Long Thành,64
02/08/2025,75,Đồng Nai,26416,Xã Phước Bình,91
02/08/2025,75,Đồng Nai,26455,Xã Xuân Hiệp,379
02/09/2025,75,Đồng Nai,25996,Phường Tân Phong,27
02/09/2025,75,Đồng Nai,26029,Phường Thống Nhất,7
02/09/2025,75,Đồng Nai,26050,Phường An Bình,6
02/09/2025,75,Đồng Nai,26056,Phường Long Bình Tân,225
02/09/2025,75,Đồng Nai,26095,Phường Suối Tre,533
02/09/2025,75,Đồng Nai,26206,Thị Trấn Định Quán,91
02/09/2025,75,Đồng Nai,26272,Xã Hố Nai 3,60
02/09/2025,75,Đồng Nai,26368,Thị Trấn Long Thành,158
02/10/2023,75,Đồng Nai,26248,Thị Trấn Trảng Bom,1
02/10/2024,75,Đồng Nai,26248,Thị Trấn Trảng Bom,1
03/01/2025,75,Đồng Nai,26080,Phường Xuân An,6
03/01/2025,75,Đồng Nai,26248,Thị Trấn Trảng Bom,1
03/01/2025,75,Đồng Nai,26341,Thị Trấn Long Giao,618
03/01/2025,75,Đồng Nai,26452,Xã Suối Cát,825
03/02/2025,75,Đồng Nai,26026,Phường Tân Mai,603
03/02/2025,75,Đồng Nai,26080,Phường Xuân An,5
03/02/2025,75,Đồng Nai,26248,Thị Trấn Trảng Bom,189
03/02/2025,75,Đồng Nai,26341,Thị Trấn Long Giao,544
03/02/2025,75,Đồng Nai,26452,Xã Suối Cát,633
03/03/2025,75,Đồng Nai,25996,Phường Tân Phong,2
03/03/2025,75,Đồng Nai,26026,Phường Tân Mai,1184
03/03/2025,75,Đồng Nai,26080,Phường Xuân An,5
03/03/2025,75,Đồng Nai,26248,Thị Trấn Trảng Bom,970
03/03/2025,75,Đồng Nai,26254,Xã Cây Gáo,1
03/03/2025,75,Đồng Nai,26377,Phường Phước Tân,1
03/03/2025,75,Đồng Nai,26452,Xã Suối Cát,814
03/04/2025,75,Đồng Nai,25993,Phường Trảng Dài,185
03/04/2025,75,Đồng Nai,25996,Phường Tân Phong,61
03/04/2025,75,Đồng Nai,25999,Phường Tân Biên,10
03/04/2025,75,Đồng Nai,26026,Phường Tân Mai,2
03/04/2025,75,Đồng Nai,26095,Phường Suối Tre,53
03/04/2025,75,Đồng Nai,26116,Thị Trấn Tân Phú,414
03/04/2025,75,Đồng Nai,26206,Thị Trấn Định Quán,33
03/04/2025,75,Đồng Nai,26248,Thị Trấn Trảng Bom,423
03/04/2025,75,Đồng Nai,26272,Xã Hố Nai 3,412
03/04/2025,75,Đồng Nai,26326,Thị Trấn Dầu Giây,461
03/04/2025,75,Đồng Nai,26368,Thị Trấn Long Thành,16
03/04/2025,75,Đồng Nai,26377,Phường Phước Tân,4
03/04/2025,75,Đồng Nai,26440,Xã Xuân Trường,13
03/04/2025,75,Đồng Nai,26452,Xã Suối Cát,619
03/05/2024,75,Đồng Nai,26248,Thị Trấn Trảng Bom,1
03/05/2025,75,Đồng Nai,25996,Phường Tân Phong,265
03/05/2025,75,Đồng Nai,25999,Phường Tân Biên,10
03/05/2025,75,Đồng Nai,26017,Phường Tam Hiệp,54
03/05/2025,75,Đồng Nai,26029,Phường Thống Nhất,29
03/05/2025,75,Đồng Nai,26068,Phường Hóa An,147
03/05/2025,75,Đồng Nai,26095,Phường Suối Tre,145
03/05/2025,75,Đồng Nai,26116,Thị Trấn Tân Phú,24
03/05/2025,75,Đồng Nai,26206,Thị Trấn Định Quán,64
03/05/2025,75,Đồng Nai,26272,Xã Hố Nai 3,148
03/05/2025,75,Đồng Nai,26296,Xã An Viễn,1
03/05/2025,75,Đồng Nai,26326,Thị Trấn Dầu Giây,54
03/05/2025,75,Đồng Nai,26362,Xã Sông Ray,87
03/05/2025,75,Đồng Nai,26368,Thị Trấn Long Thành,46
03/05/2025,75,Đồng Nai,26374,Phường Tam Phước,9
03/05/2025,75,Đồng Nai,26377,Phường Phước Tân,5
03/05/2025,75,Đồng Nai,26416,Xã Phước Bình,6
03/05/2025,75,Đồng Nai,26440,Xã Xuân Trường,60
03/05/2025,75,Đồng Nai,26452,Xã Suối Cát,16
03/05/2025,75,Đồng Nai,26455,Xã Xuân Hiệp,351
03/05/2025,75,Đồng Nai,26497,Xã Vĩnh Thanh,80
03/06/2025,75,Đồng Nai,25996,Phường Tân Phong,199
03/06/2025,75,Đồng Nai,25999,Phường Tân Biên,4
03/06/2025,75,Đồng Nai,26017,Phường Tam Hiệp,84
03/06/2025,75,Đồng Nai,26020,Phường Long Bình,78
03/06/2025,75,Đồng Nai,26029,Phường Thống Nhất,320
03/06/2025,75,Đồng Nai,26050,Phường An Bình,33
03/06/2025,75,Đồng Nai,26056,Phường Long Bình Tân,11
03/06/2025,75,Đồng Nai,26068,Phường Hóa An,387
03/06/2025,75,Đồng Nai,26095,Phường Suối Tre,1163
03/06/2025,75,Đồng Nai,26188,Xã Thạnh Phú,31
03/06/2025,75,Đồng Nai,26206,Thị Trấn Định Quán,508
03/06/2025,75,Đồng Nai,26239,Xã Túc Trưng,110
03/06/2025,75,Đồng Nai,26272,Xã Hố Nai 3,204
03/06/2025,75,Đồng Nai,26296,Xã An Viễn,124
03/06/2025,75,Đồng Nai,26299,Xã Gia Tân 1,37
03/06/2025,75,Đồng Nai,26311,Xã Quang Trung,126
03/06/2025,75,Đồng Nai,26317,Xã Hưng Lộc,70
03/06/2025,75,Đồng Nai,26326,Thị Trấn Dầu Giây,556
03/06/2025,75,Đồng Nai,26362,Xã Sông Ray,81
03/06/2025,75,Đồng Nai,26368,Thị Trấn Long Thành,574
03/06/2025,75,Đồng Nai,26374,Phường Tam Phước,75
03/06/2025,75,Đồng Nai,26377,Phường Phước Tân,24
03/06/2025,75,Đồng Nai,26416,Xã Phước Bình,9
03/06/2025,75,Đồng Nai,26440,Xã Xuân Trường,55
03/06/2025,75,Đồng Nai,26452,Xã Suối Cát,578
03/06/2025,75,Đồng Nai,26455,Xã Xuân Hiệp,342
03/06/2025,75,Đồng Nai,26485,Xã Phú Hội,1
03/06/2025,75,Đồng Nai,26497,Xã Vĩnh Thanh,66
03/07/2024,75,Đồng Nai,26035,Phường Tam Hòa,8
03/07/2024,75,Đồng Nai,26206,Thị Trấn Định Quán,1
03/07/2025,75,Đồng Nai,25993,Phường Trảng Dài,127
03/07/2025,75,Đồng Nai,25996,Phường Tân Phong,57
03/07/2025,75,Đồng Nai,26017,Phường Tam Hiệp,90
03/07/2025,75,Đồng Nai,26029,Phường Thống Nhất,11
03/07/2025,75,Đồng Nai,26050,Phường An Bình,69
03/07/2025,75,Đồng Nai,26056,Phường Long Bình Tân,13
03/07/2025,75,Đồng Nai,26068,Phường Hóa An,239
03/07/2025,75,Đồng Nai,26095,Phường Suối Tre,1152
03/07/2025,75,Đồng Nai,26116,Thị Trấn Tân Phú,422
03/07/2025,75,Đồng Nai,26188,Xã Thạnh Phú,3
03/07/2025,75,Đồng Nai,26206,Thị Trấn Định Quán,559
03/07/2025,75,Đồng Nai,26272,Xã Hố Nai 3,963
03/07/2025,75,Đồng Nai,26275,Xã Tây Hoà,3
03/07/2025,75,Đồng Nai,26296,Xã An Viễn,81
03/07/2025,75,Đồng Nai,26299,Xã Gia Tân 1,111
03/07/2025,75,Đồng Nai,26311,Xã Quang Trung,160
03/07/2025,75,Đồng Nai,26317,Xã Hưng Lộc,81
03/07/2025,75,Đồng Nai,26326,Thị Trấn Dầu Giây,22
03/07/2025,75,Đồng Nai,26362,Xã Sông Ray,119
03/07/2025,75,Đồng Nai,26368,Thị Trấn Long Thành,560
03/07/2025,75,Đồng Nai,26374,Phường Tam Phước,87
03/07/2025,75,Đồng Nai,26377,Phường Phước Tân,26
03/07/2025,75,Đồng Nai,26416,Xã Phước Bình,71
03/07/2025,75,Đồng Nai,26452,Xã Suối Cát,343
03/07/2025,75,Đồng Nai,26455,Xã Xuân Hiệp,369
03/07/2025,75,Đồng Nai,26497,Xã Vĩnh Thanh,66
03/08/2025,75,Đồng Nai,25996,Phường Tân Phong,269
03/08/2025,75,Đồng Nai,26029,Phường Thống Nhất,233
03/08/2025,75,Đồng Nai,26050,Phường An Bình,5
03/08/2025,75,Đồng Nai,26056,Phường Long Bình Tân,523
03/08/2025,75,Đồng Nai,26095,Phường Suối Tre,768
03/08/2025,75,Đồng Nai,26188,Xã Thạnh Phú,155
03/08/2025,75,Đồng Nai,26206,Thị Trấn Định Quán,115
03/08/2025,75,Đồng Nai,26272,Xã Hố Nai 3,367
03/08/2025,75,Đồng Nai,26296,Xã An Viễn,54
03/08/2025,75,Đồng Nai,26311,Xã Quang Trung,118
03/08/2025,75,Đồng Nai,26317,Xã Hưng Lộc,15
03/08/2025,75,Đồng Nai,26362,Xã Sông Ray,32
03/08/2025,75,Đồng Nai,26368,Thị Trấn Long Thành,55
03/09/2025,75,Đồng Nai,25993,Phường Trảng Dài,141
03/09/2025,75,Đồng Nai,25996,Phường Tân Phong,434
03/09/2025,75,Đồng Nai,26017,Phường Tam Hiệp,149
03/09/2025,75,Đồng Nai,26029,Phường Thống Nhất,123
03/09/2025,75,Đồng Nai,26050,Phường An Bình,119
03/09/2025,75,Đồng Nai,26056,Phường Long Bình Tân,1108
03/09/2025,75,Đồng Nai,26095,Phường Suối Tre,1665
03/09/2025,75,Đồng Nai,26188,Xã Thạnh Phú,264
03/09/2025,75,Đồng Nai,26206,Thị Trấn Định Quán,670
03/09/2025,75,Đồng Nai,26272,Xã Hố Nai 3,962
03/09/2025,75,Đồng Nai,26296,Xã An Viễn,226
03/09/2025,75,Đồng Nai,26311,Xã Quang Trung,228
03/09/2025,75,Đồng Nai,26362,Xã Sông Ray,230
03/09/2025,75,Đồng Nai,26368,Thị Trấn Long Thành,682
03/09/2025,75,Đồng Nai,26389,Xã Long Đức,82
03/09/2025,75,Đồng Nai,26416,Xã Phước Bình,147
03/09/2025,75,Đồng Nai,26455,Xã Xuân Hiệp,459
03/09/2025,75,Đồng Nai,26497,Xã Vĩnh Thanh,113
04/01/2025,75,Đồng Nai,26341,Thị Trấn Long Giao,10
04/01/2025,75,Đồng Nai,26452,Xã Suối Cát,50
04/02/2025,75,Đồng Nai,25993,Phường Trảng Dài,5
04/02/2025,75,Đồng Nai,26026,Phường Tân Mai,330
04/02/2025,75,Đồng Nai,26029,Phường Thống Nhất,1
04/02/2025,75,Đồng Nai,26080,Phường Xuân An,3
04/02/2025,75,Đồng Nai,26248,Thị Trấn Trảng Bom,100
04/02/2025,75,Đồng Nai,26341,Thị Trấn Long Giao,516
04/02/2025,75,Đồng Nai,26452,Xã Suối Cát,638
04/03/2025,75,Đồng Nai,25996,Phường Tân Phong,5
04/03/2025,75,Đồng Nai,26026,Phường Tân Mai,16
04/03/2025,75,Đồng Nai,26080,Phường Xuân An,2
04/03/2025,75,Đồng Nai,26095,Phường Suối Tre,1
04/03/2025,75,Đồng Nai,26248,Thị Trấn Trảng Bom,457
04/03/2025,75,Đồng Nai,26272,Xã Hố Nai 3,1
04/03/2025,75,Đồng Nai,26452,Xã Suối Cát,590
04/04/2025,75,Đồng Nai,25993,Phường Trảng Dài,71
04/04/2025,75,Đồng Nai,25996,Phường Tân Phong,72
04/04/2025,75,Đồng Nai,25999,Phường Tân Biên,13
04/04/2025,75,Đồng Nai,26095,Phường Suối Tre,71
04/04/2025,75,Đồng Nai,26116,Thị Trấn Tân Phú,366
04/04/2025,75,Đồng Nai,26206,Thị Trấn Định Quán,35
04/04/2025,75,Đồng Nai,26248,Thị Trấn Trảng Bom,396
04/04/2025,75,Đồng Nai,26272,Xã Hố Nai 3,423
04/04/2025,75,Đồng Nai,26326,Thị Trấn Dầu Giây,550
04/04/2025,75,Đồng Nai,26368,Thị Trấn Long Thành,15
04/04/2025,75,Đồng Nai,26377,Phường Phước Tân,11
04/04/2025,75,Đồng Nai,26452,Xã Suối Cát,688
04/04/2025,75,Đồng Nai,26485,Xã Phú Hội,1
04/05/2025,75,Đồng Nai,25996,Phường Tân Phong,197
04/05/2025,75,Đồng Nai,25999,Phường Tân Biên,2
04/05/2025,75,Đồng Nai,26029,Phường Thống Nhất,53
04/05/2025,75,Đồng Nai,26068,Phường Hóa An,98
04/05/2025,75,Đồng Nai,26095,Phường Suối Tre,536
04/05/2025,75,Đồng Nai,26116,Thị Trấn Tân Phú,114
04/05/2025,75,Đồng Nai,26206,Thị Trấn Định Quán,54
04/05/2025,75,Đồng Nai,26272,Xã Hố Nai 3,128
04/05/2025,75,Đồng Nai,26326,Thị Trấn Dầu Giây,80
04/05/2025,75,Đồng Nai,26362,Xã Sông Ray,13
04/05/2025,75,Đồng Nai,26368,Thị Trấn Long Thành,73
04/05/2025,75,Đồng Nai,26374,Phường Tam Phước,5
04/05/2025,75,Đồng Nai,26440,Xã Xuân Trường,22
04/05/2025,75,Đồng Nai,26452,Xã Suối Cát,37
04/05/2025,75,Đồng Nai,26455,Xã Xuân Hiệp,252
04/05/2025,75,Đồng Nai,26497,Xã Vĩnh Thanh,91
04/06/2025,75,Đồng Nai,25996,Phường Tân Phong,108
04/06/2025,75,Đồng Nai,26017,Phường Tam Hiệp,81
04/06/2025,75,Đồng Nai,26020,Phường Long Bình,66
04/06/2025,75,Đồng Nai,26029,Phường Thống Nhất,452
04/06/2025,75,Đồng Nai,26050,Phường An Bình,78
04/06/2025,75,Đồng Nai,26056,Phường Long Bình Tân,10
04/06/2025,75,Đồng Nai,26068,Phường Hóa An,175
04/06/2025,75,Đồng Nai,26095,Phường Suối Tre,1090
04/06/2025,75,Đồng Nai,26206,Thị Trấn Định Quán,470
04/06/2025,75,Đồng Nai,26239,Xã Túc Trưng,98
04/06/2025,75,Đồng Nai,26272,Xã Hố Nai 3,605
04/06/2025,75,Đồng Nai,26296,Xã An Viễn,19
04/06/2025,75,Đồng Nai,26299,Xã Gia Tân 1,33
04/06/2025,75,Đồng Nai,26311,Xã Quang Trung,30
04/06/2025,75,Đồng Nai,26317,Xã Hưng Lộc,77
04/06/2025,75,Đồng Nai,26326,Thị Trấn Dầu Giây,588
04/06/2025,75,Đồng Nai,26362,Xã Sông Ray,88
04/06/2025,75,Đồng Nai,26368,Thị Trấn Long Thành,530
04/06/2025,75,Đồng Nai,26374,Phường Tam Phước,74
04/06/2025,75,Đồng Nai,26377,Phường Phước Tân,40
04/06/2025,75,Đồng Nai,26416,Xã Phước Bình,59
04/06/2025,75,Đồng Nai,26452,Xã Suối Cát,616
04/06/2025,75,Đồng Nai,26455,Xã Xuân Hiệp,322
04/06/2025,75,Đồng Nai,26497,Xã Vĩnh Thanh,61
04/07/2021,75,Đồng Nai,26248,Thị Trấn Trảng Bom,2
04/07/2024,75,Đồng Nai,26035,Phường Tam Hòa,5
04/07/2024,75,Đồng Nai,26206,Thị Trấn Định Quán,21
04/07/2025,75,Đồng Nai,25993,Phường Trảng Dài,19
04/07/2025,75,Đồng Nai,25996,Phường Tân Phong,92
04/07/2025,75,Đồng Nai,26002,Phường Hố Nai,33
04/07/2025,75,Đồng Nai,26017,Phường Tam Hiệp,80
04/07/2025,75,Đồng Nai,26029,Phường Thống Nhất,101
04/07/2025,75,Đồng Nai,26050,Phường An Bình,94
04/07/2025,75,Đồng Nai,26056,Phường Long Bình Tân,2
04/07/2025,75,Đồng Nai,26068,Phường Hóa An,280
04/07/2025,75,Đồng Nai,26095,Phường Suối Tre,961
04/07/2025,75,Đồng Nai,26116,Thị Trấn Tân Phú,343
04/07/2025,75,Đồng Nai,26188,Xã Thạnh Phú,4
04/07/2025,75,Đồng Nai,26206,Thị Trấn Định Quán,246
04/07/2025,75,Đồng Nai,26272,Xã Hố Nai 3,974
04/07/2025,75,Đồng Nai,26275,Xã Tây Hoà,138
04/07/2025,75,Đồng Nai,26296,Xã An Viễn,72
04/07/2025,75,Đồng Nai,26299,Xã Gia Tân 1,67
04/07/2025,75,Đồng Nai,26311,Xã Quang Trung,159
04/07/2025,75,Đồng Nai,26317,Xã Hưng Lộc,91
04/07/2025,75,Đồng Nai,26326,Thị Trấn Dầu Giây,24
04/07/2025,75,Đồng Nai,26362,Xã Sông Ray,61
04/07/2025,75,Đồng Nai,26368,Thị Trấn Long Thành,475
04/07/2025,75,Đồng Nai,26374,Phường Tam Phước,70
04/07/2025,75,Đồng Nai,26377,Phường Phước Tân,46
04/07/2025,75,Đồng Nai,26416,Xã Phước Bình,66
04/07/2025,75,Đồng Nai,26452,Xã Suối Cát,2
04/07/2025,75,Đồng Nai,26455,Xã Xuân Hiệp,1184
04/07/2025,75,Đồng Nai,26497,Xã Vĩnh Thanh,70
04/08/2025,75,Đồng Nai,25993,Phường Trảng Dài,312
04/08/2025,75,Đồng Nai,25996,Phường Tân Phong,662
04/08/2025,75,Đồng Nai,26017,Phường Tam Hiệp,131
04/08/2025,75,Đồng Nai,26029,Phường Thống Nhất,521
04/08/2025,75,Đồng Nai,26050,Phường An Bình,53
04/08/2025,75,Đồng Nai,26056,Phường Long Bình Tân,1250
04/08/2025,75,Đồng Nai,26068,Phường Hóa An,203
04/08/2025,75,Đồng Nai,26095,Phường Suối Tre,2442
04/08/2025,75,Đồng Nai,26188,Xã Thạnh Phú,255
04/08/2025,75,Đồng Nai,26206,Thị Trấn Định Quán,708
04/08/2025,75,Đồng Nai,26272,Xã Hố Nai 3,759
04/08/2025,75,Đồng Nai,26296,Xã An Viễn,155
04/08/2025,75,Đồng Nai,26311,Xã Quang Trung,226
04/08/2025,75,Đồng Nai,26317,Xã Hưng Lộc,67
04/08/2025,75,Đồng Nai,26341,Thị Trấn Long Giao,1
04/08/2025,75,Đồng Nai,26362,Xã Sông Ray,148
04/08/2025,75,Đồng Nai,26368,Thị Trấn Long Thành,505
04/08/2025,75,Đồng Nai,26374,Phường Tam Phước,134
04/08/2025,75,Đồng Nai,26416,Xã Phước Bình,109
04/08/2025,75,Đồng Nai,26455,Xã Xuân Hiệp,4
04/09/2024,75,Đồng Nai,26248,Thị Trấn Trảng Bom,1
04/09/2025,75,Đồng Nai,25993,Phường Trảng Dài,247
04/09/2025,75,Đồng Nai,25996,Phường Tân Phong,310
04/09/2025,75,Đồng Nai,26017,Phường Tam Hiệp,109
04/09/2025,75,Đồng Nai,26029,Phường Thống Nhất,440
04/09/2025,75,Đồng Nai,26050,Phường An Bình,45
04/09/2025,75,Đồng Nai,26056,Phường Long Bình Tân,1052
04/09/2025,75,Đồng Nai,26068,Phường Hóa An,230
04/09/2025,75,Đồng Nai,26095,Phường Suối Tre,1416
04/09/2025,75,Đồng Nai,26188,Xã Thạnh Phú,143
04/09/2025,75,Đồng Nai,26206,Thị Trấn Định Quán,761
04/09/2025,75,Đồng Nai,26272,Xã Hố Nai 3,22
04/09/2025,75,Đồng Nai,26311,Xã Quang Trung,187
04/09/2025,75,Đồng Nai,26317,Xã Hưng Lộc,102
04/09/2025,75,Đồng Nai,26362,Xã Sông Ray,111
04/09/2025,75,Đồng Nai,26368,Thị Trấn Long Thành,653
04/09/2025,75,Đồng Nai,26389,Xã Long Đức,38
04/09/2025,75,Đồng Nai,26416,Xã Phước Bình,93
04/09/2025,75,Đồng Nai,26455,Xã Xuân Hiệp,424
04/09/2025,75,Đồng Nai,26497,Xã Vĩnh Thanh,10
04/10/2024,75,Đồng Nai,26248,Thị Trấn Trảng Bom,2
05/01/2025,75,Đồng Nai,26341,Thị Trấn Long Giao,61
05/01/2025,75,Đồng Nai,26452,Xã Suối Cát,59
05/02/2025,75,Đồng Nai,25993,Phường Trảng Dài,46
05/02/2025,75,Đồng Nai,26026,Phường Tân Mai,657
05/02/2025,75,Đồng Nai,26029,Phường Thống Nhất,1
05/02/2025,75,Đồng Nai,26080,Phường Xuân An,1
05/02/2025,75,Đồng Nai,26248,Thị Trấn Trảng Bom,116
05/02/2025,75,Đồng Nai,26341,Thị Trấn Long Giao,489
05/02/2025,75,Đồng Nai,26452,Xã Suối Cát,661
05/03/2025,75,Đồng Nai,25996,Phường Tân Phong,4
05/03/2025,75,Đồng Nai,26026,Phường Tân Mai,29
05/03/2025,75,Đồng Nai,26080,Phường Xuân An,3
05/03/2025,75,Đồng Nai,26248,Thị Trấn Trảng Bom,440
05/03/2025,75,Đồng Nai,26326,Thị Trấn Dầu Giây,1
05/03/2025,75,Đồng Nai,26452,Xã Suối Cát,619
05/03/2025,75,Đồng Nai,26455,Xã Xuân Hiệp,2
05/04/2025,75,Đồng Nai,25999,Phường Tân Biên,8
05/04/2025,75,Đồng Nai,26095,Phường Suối Tre,84
05/04/2025,75,Đồng Nai,26116,Thị Trấn Tân Phú,98
05/04/2025,75,Đồng Nai,26206,Thị Trấn Định Quán,25
05/04/2025,75,Đồng Nai,26248,Thị Trấn Trảng Bom,30
05/04/2025,75,Đồng Nai,26272,Xã Hố Nai 3,319
05/04/2025,75,Đồng Nai,26326,Thị Trấn Dầu Giây,152
05/04/2025,75,Đồng Nai,26368,Thị Trấn Long Thành,13
05/04/2025,75,Đồng Nai,26377,Phường Phước Tân,3
05/04/2025,75,Đồng Nai,26440,Xã Xuân Trường,14
05/04/2025,75,Đồng Nai,26452,Xã Suối Cát,86
05/04/2025,75,Đồng Nai,26485,Xã Phú Hội,3
05/05/2025,75,Đồng Nai,25993,Phường Trảng Dài,251
05/05/2025,75,Đồng Nai,25996,Phường Tân Phong,144
05/05/2025,75,Đồng Nai,25999,Phường Tân Biên,9
05/05/2025,75,Đồng Nai,26017,Phường Tam Hiệp,142
05/05/2025,75,Đồng Nai,26029,Phường Thống Nhất,573
05/05/2025,75,Đồng Nai,26068,Phường Hóa An,193
05/05/2025,75,Đồng Nai,26095,Phường Suối Tre,1661
05/05/2025,75,Đồng Nai,26116,Thị Trấn Tân Phú,571
05/05/2025,75,Đồng Nai,26188,Xã Thạnh Phú,51
05/05/2025,75,Đồng Nai,26206,Thị Trấn Định Quán,304
05/05/2025,75,Đồng Nai,26272,Xã Hố Nai 3,334
05/05/2025,75,Đồng Nai,26326,Thị Trấn Dầu Giây,874
05/05/2025,75,Đồng Nai,26362,Xã Sông Ray,141
05/05/2025,75,Đồng Nai,26368,Thị Trấn Long Thành,581
05/05/2025,75,Đồng Nai,26374,Phường Tam Phước,37
05/05/2025,75,Đồng Nai,26377,Phường Phước Tân,48
05/05/2025,75,Đồng Nai,26383,Xã An Phước,1
05/05/2025,75,Đồng Nai,26416,Xã Phước Bình,7
05/05/2025,75,Đồng Nai,26440,Xã Xuân Trường,85
05/05/2025,75,Đồng Nai,26452,Xã Suối Cát,927
05/05/2025,75,Đồng Nai,26455,Xã Xuân Hiệp,396
05/05/2025,75,Đồng Nai,26485,Xã Phú Hội,1
05/05/2025,75,Đồng Nai,26497,Xã Vĩnh Thanh,93
05/06/2025,75,Đồng Nai,25996,Phường Tân Phong,375
05/06/2025,75,Đồng Nai,26017,Phường Tam Hiệp,70
05/06/2025,75,Đồng Nai,26020,Phường Long Bình,75
05/06/2025,75,Đồng Nai,26029,Phường Thống Nhất,393
05/06/2025,75,Đồng Nai,26050,Phường An Bình,48
05/06/2025,75,Đồng Nai,26056,Phường Long Bình Tân,61
05/06/2025,75,Đồng Nai,26068,Phường Hóa An,272
05/06/2025,75,Đồng Nai,26095,Phường Suối Tre,1222
05/06/2025,75,Đồng Nai,26206,Thị Trấn Định Quán,505
05/06/2025,75,Đồng Nai,26239,Xã Túc Trưng,121
05/06/2025,75,Đồng Nai,26272,Xã Hố Nai 3,493
05/06/2025,75,Đồng Nai,26296,Xã An Viễn,106
05/06/2025,75,Đồng Nai,26299,Xã Gia Tân 1,27
05/06/2025,75,Đồng Nai,26311,Xã Quang Trung,143
05/06/2025,75,Đồng Nai,26317,Xã Hưng Lộc,90
05/06/2025,75,Đồng Nai,26326,Thị Trấn Dầu Giây,983
05/06/2025,75,Đồng Nai,26362,Xã Sông Ray,120
05/06/2025,75,Đồng Nai,26368,Thị Trấn Long Thành,557
05/06/2025,75,Đồng Nai,26374,Phường Tam Phước,8
05/06/2025,75,Đồng Nai,26377,Phường Phước Tân,27
05/06/2025,75,Đồng Nai,26416,Xã Phước Bình,75
05/06/2025,75,Đồng Nai,26452,Xã Suối Cát,646
05/06/2025,75,Đồng Nai,26455,Xã Xuân Hiệp,332
05/06/2025,75,Đồng Nai,26497,Xã Vĩnh Thanh,74
05/07/2024,75,Đồng Nai,26035,Phường Tam Hòa,26
05/07/2024,75,Đồng Nai,26206,Thị Trấn Định Quán,267
05/07/2025,75,Đồng Nai,25993,Phường Trảng Dài,1
05/07/2025,75,Đồng Nai,25996,Phường Tân Phong,386
05/07/2025,75,Đồng Nai,26017,Phường Tam Hiệp,68
05/07/2025,75,Đồng Nai,26029,Phường Thống Nhất,359
05/07/2025,75,Đồng Nai,26050,Phường An Bình,50
05/07/2025,75,Đồng Nai,26056,Phường Long Bình Tân,7
05/07/2025,75,Đồng Nai,26068,Phường Hóa An,113
05/07/2025,75,Đồng Nai,26095,Phường Suối Tre,116
05/07/2025,75,Đồng Nai,26116,Thị Trấn Tân Phú,116
05/07/2025,75,Đồng Nai,26188,Xã Thạnh Phú,3
05/07/2025,75,Đồng Nai,26206,Thị Trấn Định Quán,108
05/07/2025,75,Đồng Nai,26272,Xã Hố Nai 3,1240
05/07/2025,75,Đồng Nai,26296,Xã An Viễn,10
05/07/2025,75,Đồng Nai,26299,Xã Gia Tân 1,51
05/07/2025,75,Đồng Nai,26311,Xã Quang Trung,133
05/07/2025,75,Đồng Nai,26317,Xã Hưng Lộc,99
05/07/2025,75,Đồng Nai,26326,Thị Trấn Dầu Giây,13
05/07/2025,75,Đồng Nai,26362,Xã Sông Ray,128
05/07/2025,75,Đồng Nai,26368,Thị Trấn Long Thành,104
05/07/2025,75,Đồng Nai,26374,Phường Tam Phước,105
05/07/2025,75,Đồng Nai,26377,Phường Phước Tân,3
05/07/2025,75,Đồng Nai,26416,Xã Phước Bình,76
05/07/2025,75,Đồng Nai,26452,Xã Suối Cát,1
05/07/2025,75,Đồng Nai,26455,Xã Xuân Hiệp,733
05/08/2025,75,Đồng Nai,25993,Phường Trảng Dài,228
05/08/2025,75,Đồng Nai,25996,Phường Tân Phong,352
05/08/2025,75,Đồng Nai,26017,Phường Tam Hiệp,84
05/08/2025,75,Đồng Nai,26050,Phường An Bình,37
05/08/2025,75,Đồng Nai,26056,Phường Long Bình Tân,955
05/08/2025,75,Đồng Nai,26068,Phường Hóa An,139
05/08/2025,75,Đồng Nai,26095,Phường Suối Tre,484
05/08/2025,75,Đồng Nai,26188,Xã Thạnh Phú,123
05/08/2025,75,Đồng Nai,26206,Thị Trấn Định Quán,675
05/08/2025,75,Đồng Nai,26272,Xã Hố Nai 3,1003
05/08/2025,75,Đồng Nai,26296,Xã An Viễn,149
05/08/2025,75,Đồng Nai,26311,Xã Quang Trung,163
05/08/2025,75,Đồng Nai,26317,Xã Hưng Lộc,63
05/08/2025,75,Đồng Nai,26341,Thị Trấn Long Giao,352
05/08/2025,75,Đồng Nai,26362,Xã Sông Ray,101
05/08/2025,75,Đồng Nai,26368,Thị Trấn Long Thành,360
05/08/2025,75,Đồng Nai,26416,Xã Phước Bình,87
05/08/2025,75,Đồng Nai,26455,Xã Xuân Hiệp,2
05/08/2025,75,Đồng Nai,26497,Xã Vĩnh Thanh,4
05/09/2025,75,Đồng Nai,25993,Phường Trảng Dài,103
05/09/2025,75,Đồng Nai,25996,Phường Tân Phong,52
05/09/2025,75,Đồng Nai,26017,Phường Tam Hiệp,101
05/09/2025,75,Đồng Nai,26029,Phường Thống Nhất,101
05/09/2025,75,Đồng Nai,26050,Phường An Bình,33
05/09/2025,75,Đồng Nai,26056,Phường Long Bình Tân,921
05/09/2025,75,Đồng Nai,26068,Phường Hóa An,167
05/09/2025,75,Đồng Nai,26095,Phường Suối Tre,1228
05/09/2025,75,Đồng Nai,26188,Xã Thạnh Phú,130
05/09/2025,75,Đồng Nai,26206,Thị Trấn Định Quán,754
05/09/2025,75,Đồng Nai,26272,Xã Hố Nai 3,136
05/09/2025,75,Đồng Nai,26296,Xã An Viễn,81
05/09/2025,75,Đồng Nai,26311,Xã Quang Trung,143
05/09/2025,75,Đồng Nai,26362,Xã Sông Ray,108
05/09/2025,75,Đồng Nai,26368,Thị Trấn Long Thành,675
05/09/2025,75,Đồng Nai,26389,Xã Long Đức,53
05/09/2025,75,Đồng Nai,26416,Xã Phước Bình,93
05/09/2025,75,Đồng Nai,26455,Xã Xuân Hiệp,339
05/09/2025,75,Đồng Nai,26497,Xã Vĩnh Thanh,90
05/12/2023,75,Đồng Nai,26248,Thị Trấn Trảng Bom,1
05/12/2024,75,Đồng Nai,26248,Thị Trấn Trảng Bom,1
06/01/2025,75,Đồng Nai,26080,Phường Xuân An,1
06/01/2025,75,Đồng Nai,26341,Thị Trấn Long Giao,668
06/01/2025,75,Đồng Nai,26452,Xã Suối Cát,790
06/02/2025,75,Đồng Nai,25993,Phường Trảng Dài,57
06/02/2025,75,Đồng Nai,26026,Phường Tân Mai,412
06/02/2025,75,Đồng Nai,26080,Phường Xuân An,4
06/02/2025,75,Đồng Nai,26248,Thị Trấn Trảng Bom,126
06/02/2025,75,Đồng Nai,26341,Thị Trấn Long Giao,554
06/02/2025,75,Đồng Nai,26452,Xã Suối Cát,656
06/02/2025,75,Đồng Nai,26455,Xã Xuân Hiệp,2
06/03/2024,75,Đồng Nai,26248,Thị Trấn Trảng Bom,2
06/03/2025,75,Đồng Nai,26026,Phường Tân Mai,104
06/03/2025,75,Đồng Nai,26080,Phường Xuân An,1
06/03/2025,75,Đồng Nai,26095,Phường Suối Tre,2
06/03/2025,75,Đồng Nai,26248,Thị Trấn Trảng Bom,533
06/03/2025,75,Đồng Nai,26452,Xã Suối Cát,633
06/03/2025,75,Đồng Nai,26455,Xã Xuân Hiệp,2
06/04/2025,75,Đồng Nai,25999,Phường Tân Biên,7
06/04/2025,75,Đồng Nai,26026,Phường Tân Mai,1
06/04/2025,75,Đồng Nai,26095,Phường Suối Tre,103
06/04/2025,75,Đồng Nai,26116,Thị Trấn Tân Phú,15
06/04/2025,75,Đồng Nai,26206,Thị Trấn Định Quán,26
06/04/2025,75,Đồng Nai,26248,Thị Trấn Trảng Bom,40
06/04/2025,75,Đồng Nai,26326,Thị Trấn Dầu Giây,15
06/04/2025,75,Đồng Nai,26368,Thị Trấn Long Thành,9
06/04/2025,75,Đồng Nai,26377,Phường Phước Tân,3
06/04/2025,75,Đồng Nai,26452,Xã Suối Cát,63
06/05/2025,75,Đồng Nai,25993,Phường Trảng Dài,303
06/05/2025,75,Đồng Nai,25996,Phường Tân Phong,283
06/05/2025,75,Đồng Nai,25999,Phường Tân Biên,5
06/05/2025,75,Đồng Nai,26017,Phường Tam Hiệp,111
06/05/2025,75,Đồng Nai,26029,Phường Thống Nhất,521
06/05/2025,75,Đồng Nai,26056,Phường Long Bình Tân,2
06/05/2025,75,Đồng Nai,26068,Phường Hóa An,168
06/05/2025,75,Đồng Nai,26095,Phường Suối Tre,1532
06/05/2025,75,Đồng Nai,26116,Thị Trấn Tân Phú,527
06/05/2025,75,Đồng Nai,26188,Xã Thạnh Phú,30
06/05/2025,75,Đồng Nai,26206,Thị Trấn Định Quán,613
06/05/2025,75,Đồng Nai,26272,Xã Hố Nai 3,624
06/05/2025,75,Đồng Nai,26317,Xã Hưng Lộc,10
06/05/2025,75,Đồng Nai,26326,Thị Trấn Dầu Giây,667
06/05/2025,75,Đồng Nai,26362,Xã Sông Ray,114
06/05/2025,75,Đồng Nai,26368,Thị Trấn Long Thành,544
06/05/2025,75,Đồng Nai,26374,Phường Tam Phước,26
06/05/2025,75,Đồng Nai,26377,Phường Phước Tân,30
06/05/2025,75,Đồng Nai,26416,Xã Phước Bình,4
06/05/2025,75,Đồng Nai,26440,Xã Xuân Trường,66
06/05/2025,75,Đồng Nai,26449,Xã Xuân Tâm,1
06/05/2025,75,Đồng Nai,26452,Xã Suối Cát,765
06/05/2025,75,Đồng Nai,26455,Xã Xuân Hiệp,377
06/05/2025,75,Đồng Nai,26485,Xã Phú Hội,1
06/05/2025,75,Đồng Nai,26497,Xã Vĩnh Thanh,68
06/06/2022,75,Đồng Nai,26248,Thị Trấn Trảng Bom,1
06/06/2025,75,Đồng Nai,25996,Phường Tân Phong,567
06/06/2025,75,Đồng Nai,26017,Phường Tam Hiệp,93
06/06/2025,75,Đồng Nai,26020,Phường Long Bình,56
06/06/2025,75,Đồng Nai,26029,Phường Thống Nhất,108
06/06/2025,75,Đồng Nai,26050,Phường An Bình,34
06/06/2025,75,Đồng Nai,26056,Phường Long Bình Tân,43
06/06/2025,75,Đồng Nai,26068,Phường Hóa An,274
06/06/2025,75,Đồng Nai,26095,Phường Suối Tre,963
06/06/2025,75,Đồng Nai,26116,Thị Trấn Tân Phú,1
06/06/2025,75,Đồng Nai,26206,Thị Trấn Định Quán,385
06/06/2025,75,Đồng Nai,26239,Xã Túc Trưng,85
06/06/2025,75,Đồng Nai,26272,Xã Hố Nai 3,195
06/06/2025,75,Đồng Nai,26296,Xã An Viễn,99
06/06/2025,75,Đồng Nai,26299,Xã Gia Tân 1,32
06/06/2025,75,Đồng Nai,26311,Xã Quang Trung,18
06/06/2025,75,Đồng Nai,26317,Xã Hưng Lộc,76
06/06/2025,75,Đồng Nai,26326,Thị Trấn Dầu Giây,561
06/06/2025,75,Đồng Nai,26362,Xã Sông Ray,132
06/06/2025,75,Đồng Nai,26368,Thị Trấn Long Thành,639
06/06/2025,75,Đồng Nai,26374,Phường Tam Phước,161
06/06/2025,75,Đồng Nai,26377,Phường Phước Tân,43
06/06/2025,75,Đồng Nai,26416,Xã Phước Bình,87
06/06/2025,75,Đồng Nai,26452,Xã Suối Cát,683
06/06/2025,75,Đồng Nai,26455,Xã Xuân Hiệp,307
06/06/2025,75,Đồng Nai,26497,Xã Vĩnh Thanh,64
06/07/2024,75,Đồng Nai,26035,Phường Tam Hòa,42
06/07/2025,75,Đồng Nai,25996,Phường Tân Phong,226
06/07/2025,75,Đồng Nai,26029,Phường Thống Nhất,140
06/07/2025,75,Đồng Nai,26050,Phường An Bình,9
06/07/2025,75,Đồng Nai,26056,Phường Long Bình Tân,5
06/07/2025,75,Đồng Nai,26068,Phường Hóa An,113
06/07/2025,75,Đồng Nai,26095,Phường Suối Tre,397
06/07/2025,75,Đồng Nai,26116,Thị Trấn Tân Phú,75
06/07/2025,75,Đồng Nai,26188,Xã Thạnh Phú,28
06/07/2025,75,Đồng Nai,26272,Xã Hố Nai 3,956
06/07/2025,75,Đồng Nai,26296,Xã An Viễn,7
06/07/2025,75,Đồng Nai,26299,Xã Gia Tân 1,11
06/07/2025,75,Đồng Nai,26311,Xã Quang Trung,110
06/07/2025,75,Đồng Nai,26317,Xã Hưng Lộc,30
06/07/2025,75,Đồng Nai,26326,Thị Trấn Dầu Giây,11
06/07/2025,75,Đồng Nai,26362,Xã Sông Ray,27
06/07/2025,75,Đồng Nai,26368,Thị Trấn Long Thành,112
06/07/2025,75,Đồng Nai,26374,Phường Tam Phước,75
06/07/2025,75,Đồng Nai,26377,Phường Phước Tân,2
06/07/2025,75,Đồng Nai,26455,Xã Xuân Hiệp,626
06/08/2025,75,Đồng Nai,25993,Phường Trảng Dài,672
06/08/2025,75,Đồng Nai,25996,Phường Tân Phong,301
06/08/2025,75,Đồng Nai,26056,Phường Long Bình Tân,1045
06/08/2025,75,Đồng Nai,26068,Phường Hóa An,134
06/08/2025,75,Đồng Nai,26095,Phường Suối Tre,1383
06/08/2025,75,Đồng Nai,26188,Xã Thạnh Phú,94
06/08/2025,75,Đồng Nai,26206,Thị Trấn Định Quán,565
06/08/2025,75,Đồng Nai,26272,Xã Hố Nai 3,1000
06/08/2025,75,Đồng Nai,26296,Xã An Viễn,68
06/08/2025,75,Đồng Nai,26311,Xã Quang Trung,140
06/08/2025,75,Đồng Nai,26317,Xã Hưng Lộc,31
06/08/2025,75,Đồng Nai,26341,Thị Trấn Long Giao,382
06/08/2025,75,Đồng Nai,26362,Xã Sông Ray,73
06/08/2025,75,Đồng Nai,26368,Thị Trấn Long Thành,582
06/08/2025,75,Đồng Nai,26416,Xã Phước Bình,13
06/08/2025,75,Đồng Nai,26455,Xã Xuân Hiệp,2
06/08/2025,75,Đồng Nai,26497,Xã Vĩnh Thanh,10
06/09/2025,75,Đồng Nai,26017,Phường Tam Hiệp,100
06/09/2025,75,Đồng Nai,26029,Phường Thống Nhất,390
06/09/2025,75,Đồng Nai,26050,Phường An Bình,44
06/09/2025,75,Đồng Nai,26056,Phường Long Bình Tân,738
06/09/2025,75,Đồng Nai,26068,Phường Hóa An,207
06/09/2025,75,Đồng Nai,26095,Phường Suối Tre,160
06/09/2025,75,Đồng Nai,26188,Xã Thạnh Phú,86
06/09/2025,75,Đồng Nai,26206,Thị Trấn Định Quán,25
06/09/2025,75,Đồng Nai,26272,Xã Hố Nai 3,143
06/09/2025,75,Đồng Nai,26296,Xã An Viễn,1
06/09/2025,75,Đồng Nai,26311,Xã Quang Trung,153
06/09/2025,75,Đồng Nai,26362,Xã Sông Ray,98
06/09/2025,75,Đồng Nai,26368,Thị Trấn Long Thành,184
06/09/2025,75,Đồng Nai,26389,Xã Long Đức,44
06/09/2025,75,Đồng Nai,26455,Xã Xuân Hiệp,358
06/09/2025,75,Đồng Nai,26497,Xã Vĩnh Thanh,6
06/12/2024,75,Đồng Nai,26095,Phường Suối Tre,1
07/01/2025,75,Đồng Nai,26080,Phường Xuân An,1
07/01/2025,75,Đồng Nai,26341,Thị Trấn Long Giao,575
07/01/2025,75,Đồng Nai,26452,Xã Suối Cát,724
07/02/2025,75,Đồng Nai,26026,Phường Tân Mai,1304
07/02/2025,75,Đồng Nai,26080,Phường Xuân An,4
07/02/2025,75,Đồng Nai,26248,Thị Trấn Trảng Bom,158
07/02/2025,75,Đồng Nai,26341,Thị Trấn Long Giao,480
07/02/2025,75,Đồng Nai,26452,Xã Suối Cát,637
07/03/2025,75,Đồng Nai,25996,Phường Tân Phong,7
07/03/2025,75,Đồng Nai,26026,Phường Tân Mai,642
07/03/2025,75,Đồng Nai,26080,Phường Xuân An,7
07/03/2025,75,Đồng Nai,26248,Thị Trấn Trảng Bom,418
07/03/2025,75,Đồng Nai,26452,Xã Suối Cát,691
07/03/2025,75,Đồng Nai,26455,Xã Xuân Hiệp,2
07/04/2025,75,Đồng Nai,25999,Phường Tân Biên,6
07/04/2025,75,Đồng Nai,26095,Phường Suối Tre,152
07/04/2025,75,Đồng Nai,26116,Thị Trấn Tân Phú,107
07/04/2025,75,Đồng Nai,26206,Thị Trấn Định Quán,28
07/04/2025,75,Đồng Nai,26248,Thị Trấn Trảng Bom,140
07/04/2025,75,Đồng Nai,26326,Thị Trấn Dầu Giây,67
07/04/2025,75,Đồng Nai,26368,Thị Trấn Long Thành,18
07/04/2025,75,Đồng Nai,26377,Phường Phước Tân,5
07/04/2025,75,Đồng Nai,26440,Xã Xuân Trường,2
07/04/2025,75,Đồng Nai,26452,Xã Suối Cát,53
07/04/2025,75,Đồng Nai,26485,Xã Phú Hội,1
07/05/2025,75,Đồng Nai,25993,Phường Trảng Dài,647
07/05/2025,75,Đồng Nai,25996,Phường Tân Phong,170
07/05/2025,75,Đồng Nai,25999,Phường Tân Biên,4
07/05/2025,75,Đồng Nai,26017,Phường Tam Hiệp,72
07/05/2025,75,Đồng Nai,26029,Phường Thống Nhất,477
07/05/2025,75,Đồng Nai,26068,Phường Hóa An,142
07/05/2025,75,Đồng Nai,26095,Phường Suối Tre,1111
07/05/2025,75,Đồng Nai,26116,Thị Trấn Tân Phú,355
07/05/2025,75,Đồng Nai,26188,Xã Thạnh Phú,38
07/05/2025,75,Đồng Nai,26206,Thị Trấn Định Quán,496
07/05/2025,75,Đồng Nai,26272,Xã Hố Nai 3,543
07/05/2025,75,Đồng Nai,26299,Xã Gia Tân 1,2
07/05/2025,75,Đồng Nai,26311,Xã Quang Trung,5
07/05/2025,75,Đồng Nai,26317,Xã Hưng Lộc,4
07/05/2025,75,Đồng Nai,26326,Thị Trấn Dầu Giây,512
07/05/2025,75,Đồng Nai,26362,Xã Sông Ray,97
07/05/2025,75,Đồng Nai,26368,Thị Trấn Long Thành,456
07/05/2025,75,Đồng Nai,26374,Phường Tam Phước,98
07/05/2025,75,Đồng Nai,26377,Phường Phước Tân,45
07/05/2025,75,Đồng Nai,26440,Xã Xuân Trường,63
07/05/2025,75,Đồng Nai,26452,Xã Suối Cát,608
07/05/2025,75,Đồng Nai,26455,Xã Xuân Hiệp,303
07/05/2025,75,Đồng Nai,26485,Xã Phú Hội,2
07/05/2025,75,Đồng Nai,26497,Xã Vĩnh Thanh,62
07/06/2025,75,Đồng Nai,25996,Phường Tân Phong,389
07/06/2025,75,Đồng Nai,26017,Phường Tam Hiệp,93
07/06/2025,75,Đồng Nai,26020,Phường Long Bình,24
07/06/2025,75,Đồng Nai,26029,Phường Thống Nhất,246
07/06/2025,75,Đồng Nai,26050,Phường An Bình,76
07/06/2025,75,Đồng Nai,26056,Phường Long Bình Tân,80
07/06/2025,75,Đồng Nai,26068,Phường Hóa An,184
07/06/2025,75,Đồng Nai,26095,Phường Suối Tre,160
07/06/2025,75,Đồng Nai,26206,Thị Trấn Định Quán,69
07/06/2025,75,Đồng Nai,26239,Xã Túc Trưng,99
07/06/2025,75,Đồng Nai,26272,Xã Hố Nai 3,596
07/06/2025,75,Đồng Nai,26296,Xã An Viễn,150
07/06/2025,75,Đồng Nai,26311,Xã Quang Trung,139
07/06/2025,75,Đồng Nai,26317,Xã Hưng Lộc,5
07/06/2025,75,Đồng Nai,26326,Thị Trấn Dầu Giây,158
07/06/2025,75,Đồng Nai,26362,Xã Sông Ray,150
07/06/2025,75,Đồng Nai,26368,Thị Trấn Long Thành,186
07/06/2025,75,Đồng Nai,26374,Phường Tam Phước,86
07/06/2025,75,Đồng Nai,26377,Phường Phước Tân,2
07/06/2025,75,Đồng Nai,26416,Xã Phước Bình,81
07/06/2025,75,Đồng Nai,26452,Xã Suối Cát,48
07/06/2025,75,Đồng Nai,26455,Xã Xuân Hiệp,331
07/06/2025,75,Đồng Nai,26497,Xã Vĩnh Thanh,75
07/07/2025,75,Đồng Nai,25993,Phường Trảng Dài,171
07/07/2025,75,Đồng Nai,25996,Phường Tân Phong,65
07/07/2025,75,Đồng Nai,26002,Phường Hố Nai,36
07/07/2025,75,Đồng Nai,26017,Phường Tam Hiệp,129
07/07/2025,75,Đồng Nai,26029,Phường Thống Nhất,503
07/07/2025,75,Đồng Nai,26050,Phường An Bình,127
07/07/2025,75,Đồng Nai,26056,Phường Long Bình Tân,17
07/07/2025,75,Đồng Nai,26068,Phường Hóa An,233
07/07/2025,75,Đồng Nai,26095,Phường Suối Tre,1288
07/07/2025,75,Đồng Nai,26116,Thị Trấn Tân Phú,470
07/07/2025,75,Đồng Nai,26188,Xã Thạnh Phú,75
07/07/2025,75,Đồng Nai,26206,Thị Trấn Định Quán,11
07/07/2025,75,Đồng Nai,26272,Xã Hố Nai 3,1506
07/07/2025,75,Đồng Nai,26296,Xã An Viễn,92
07/07/2025,75,Đồng Nai,26299,Xã Gia Tân 1,39
07/07/2025,75,Đồng Nai,26311,Xã Quang Trung,189
07/07/2025,75,Đồng Nai,26317,Xã Hưng Lộc,130
07/07/2025,75,Đồng Nai,26326,Thị Trấn Dầu Giây,27
07/07/2025,75,Đồng Nai,26362,Xã Sông Ray,99
07/07/2025,75,Đồng Nai,26368,Thị Trấn Long Thành,562
07/07/2025,75,Đồng Nai,26374,Phường Tam Phước,273
07/07/2025,75,Đồng Nai,26377,Phường Phước Tân,33
07/07/2025,75,Đồng Nai,26416,Xã Phước Bình,87
07/07/2025,75,Đồng Nai,26452,Xã Suối Cát,1
07/07/2025,75,Đồng Nai,26455,Xã Xuân Hiệp,865
07/08/2025,75,Đồng Nai,25993,Phường Trảng Dài,617
07/08/2025,75,Đồng Nai,25996,Phường Tân Phong,309
07/08/2025,75,Đồng Nai,26017,Phường Tam Hiệp,4
07/08/2025,75,Đồng Nai,26056,Phường Long Bình Tân,893
07/08/2025,75,Đồng Nai,26068,Phường Hóa An,144
07/08/2025,75,Đồng Nai,26095,Phường Suối Tre,1386
07/08/2025,75,Đồng Nai,26188,Xã Thạnh Phú,221
07/08/2025,75,Đồng Nai,26206,Thị Trấn Định Quán,637
07/08/2025,75,Đồng Nai,26272,Xã Hố Nai 3,603
07/08/2025,75,Đồng Nai,26296,Xã An Viễn,73
07/08/2025,75,Đồng Nai,26311,Xã Quang Trung,154
07/08/2025,75,Đồng Nai,26317,Xã Hưng Lộc,39
07/08/2025,75,Đồng Nai,26368,Thị Trấn Long Thành,503
07/08/2025,75,Đồng Nai,26416,Xã Phước Bình,86
07/08/2025,75,Đồng Nai,26455,Xã Xuân Hiệp,1
07/08/2025,75,Đồng Nai,26497,Xã Vĩnh Thanh,14
07/09/2025,75,Đồng Nai,26056,Phường Long Bình Tân,354
07/09/2025,75,Đồng Nai,26095,Phường Suối Tre,467
07/09/2025,75,Đồng Nai,26188,Xã Thạnh Phú,97
07/09/2025,75,Đồng Nai,26206,Thị Trấn Định Quán,83
07/09/2025,75,Đồng Nai,26272,Xã Hố Nai 3,124
07/09/2025,75,Đồng Nai,26296,Xã An Viễn,40
07/09/2025,75,Đồng Nai,26311,Xã Quang Trung,103
07/09/2025,75,Đồng Nai,26362,Xã Sông Ray,25
07/09/2025,75,Đồng Nai,26368,Thị Trấn Long Thành,219
07/09/2025,75,Đồng Nai,26389,Xã Long Đức,18
07/09/2025,75,Đồng Nai,26416,Xã Phước Bình,64
07/09/2025,75,Đồng Nai,26497,Xã Vĩnh Thanh,77
08/01/2025,75,Đồng Nai,26080,Phường Xuân An,3
08/01/2025,75,Đồng Nai,26206,Thị Trấn Định Quán,1
08/01/2025,75,Đồng Nai,26341,Thị Trấn Long Giao,474
08/01/2025,75,Đồng Nai,26452,Xã Suối Cát,675
08/02/2025,75,Đồng Nai,26026,Phường Tân Mai,11
08/02/2025,75,Đồng Nai,26248,Thị Trấn Trảng Bom,68
08/02/2025,75,Đồng Nai,26341,Thị Trấn Long Giao,12
08/02/2025,75,Đồng Nai,26452,Xã Suối Cát,75
08/03/2025,75,Đồng Nai,26248,Thị Trấn Trảng Bom,56
08/03/2025,75,Đồng Nai,26254,Xã Cây Gáo,8
08/03/2025,75,Đồng Nai,26377,Phường Phước Tân,1
08/03/2025,75,Đồng Nai,26452,Xã Suối Cát,70
08/04/2025,75,Đồng Nai,25993,Phường Trảng Dài,135
08/04/2025,75,Đồng Nai,25996,Phường Tân Phong,105
08/04/2025,75,Đồng Nai,25999,Phường Tân Biên,11
08/04/2025,75,Đồng Nai,26026,Phường Tân Mai,4
08/04/2025,75,Đồng Nai,26068,Phường Hóa An,2
08/04/2025,75,Đồng Nai,26095,Phường Suối Tre,239
08/04/2025,75,Đồng Nai,26116,Thị Trấn Tân Phú,570
08/04/2025,75,Đồng Nai,26206,Thị Trấn Định Quán,78
08/04/2025,75,Đồng Nai,26248,Thị Trấn Trảng Bom,700
08/04/2025,75,Đồng Nai,26326,Thị Trấn Dầu Giây,745
08/04/2025,75,Đồng Nai,26368,Thị Trấn Long Thành,42
08/04/2025,75,Đồng Nai,26377,Phường Phước Tân,6
08/04/2025,75,Đồng Nai,26440,Xã Xuân Trường,19
08/04/2025,75,Đồng Nai,26452,Xã Suối Cát,931
08/04/2025,75,Đồng Nai,26470,Xã Phước Thiền,1
08/04/2025,75,Đồng Nai,26485,Xã Phú Hội,4
08/05/2023,75,Đồng Nai,26248,Thị Trấn Trảng Bom,2
08/05/2025,75,Đồng Nai,25993,Phường Trảng Dài,439
08/05/2025,75,Đồng Nai,25996,Phường Tân Phong,67
08/05/2025,75,Đồng Nai,25999,Phường Tân Biên,9
08/05/2025,75,Đồng Nai,26017,Phường Tam Hiệp,71
08/05/2025,75,Đồng Nai,26029,Phường Thống Nhất,586
08/05/2025,75,Đồng Nai,26068,Phường Hóa An,139
08/05/2025,75,Đồng Nai,26095,Phường Suối Tre,1337
08/05/2025,75,Đồng Nai,26116,Thị Trấn Tân Phú,465
08/05/2025,75,Đồng Nai,26188,Xã Thạnh Phú,38
08/05/2025,75,Đồng Nai,26206,Thị Trấn Định Quán,518
08/05/2025,75,Đồng Nai,26272,Xã Hố Nai 3,521
08/05/2025,75,Đồng Nai,26311,Xã Quang Trung,3
08/05/2025,75,Đồng Nai,26317,Xã Hưng Lộc,6
08/05/2025,75,Đồng Nai,26326,Thị Trấn Dầu Giây,499
08/05/2025,75,Đồng Nai,26362,Xã Sông Ray,106
08/05/2025,75,Đồng Nai,26368,Thị Trấn Long Thành,450
08/05/2025,75,Đồng Nai,26374,Phường Tam Phước,21
08/05/2025,75,Đồng Nai,26377,Phường Phước Tân,29
08/05/2025,75,Đồng Nai,26416,Xã Phước Bình,79
08/05/2025,75,Đồng Nai,26440,Xã Xuân Trường,61
08/05/2025,75,Đồng Nai,26452,Xã Suối Cát,581
08/05/2025,75,Đồng Nai,26455,Xã Xuân Hiệp,305
08/05/2025,75,Đồng Nai,26479,Thị Trấn Hiệp Phước,4
08/05/2025,75,Đồng Nai,26485,Xã Phú Hội,1
08/05/2025,75,Đồng Nai,26497,Xã Vĩnh Thanh,79
08/06/2023,75,Đồng Nai,26248,Thị Trấn Trảng Bom,1
08/06/2025,75,Đồng Nai,25996,Phường Tân Phong,436
08/06/2025,75,Đồng Nai,26029,Phường Thống Nhất,81
08/06/2025,75,Đồng Nai,26050,Phường An Bình,12
08/06/2025,75,Đồng Nai,26056,Phường Long Bình Tân,4
08/06/2025,75,Đồng Nai,26068,Phường Hóa An,106
08/06/2025,75,Đồng Nai,26095,Phường Suối Tre,167
08/06/2025,75,Đồng Nai,26206,Thị Trấn Định Quán,176
08/06/2025,75,Đồng Nai,26239,Xã Túc Trưng,74
08/06/2025,75,Đồng Nai,26272,Xã Hố Nai 3,406
08/06/2025,75,Đồng Nai,26296,Xã An Viễn,102
08/06/2025,75,Đồng Nai,26311,Xã Quang Trung,208
08/06/2025,75,Đồng Nai,26326,Thị Trấn Dầu Giây,57
08/06/2025,75,Đồng Nai,26362,Xã Sông Ray,39
08/06/2025,75,Đồng Nai,26368,Thị Trấn Long Thành,209
08/06/2025,75,Đồng Nai,26374,Phường Tam Phước,75
08/06/2025,75,Đồng Nai,26377,Phường Phước Tân,2
08/06/2025,75,Đồng Nai,26416,Xã Phước Bình,49
08/06/2025,75,Đồng Nai,26452,Xã Suối Cát,26
08/06/2025,75,Đồng Nai,26455,Xã Xuân Hiệp,282
08/06/2025,75,Đồng Nai,26485,Xã Phú Hội,3
08/06/2025,75,Đồng Nai,26497,Xã Vĩnh Thanh,74
08/07/2025,75,Đồng Nai,25993,Phường Trảng Dài,84
08/07/2025,75,Đồng Nai,25996,Phường Tân Phong,8
08/07/2025,75,Đồng Nai,26002,Phường Hố Nai,1
08/07/2025,75,Đồng Nai,26017,Phường Tam Hiệp,104
08/07/2025,75,Đồng Nai,26050,Phường An Bình,1
08/07/2025,75,Đồng Nai,26056,Phường Long Bình Tân,27
08/07/2025,75,Đồng Nai,26068,Phường Hóa An,161
08/07/2025,75,Đồng Nai,26095,Phường Suối Tre,955
08/07/2025,75,Đồng Nai,26116,Thị Trấn Tân Phú,442
08/07/2025,75,Đồng Nai,26188,Xã Thạnh Phú,48
08/07/2025,75,Đồng Nai,26206,Thị Trấn Định Quán,14
08/07/2025,75,Đồng Nai,26272,Xã Hố Nai 3,665
08/07/2025,75,Đồng Nai,26296,Xã An Viễn,65
08/07/2025,75,Đồng Nai,26299,Xã Gia Tân 1,22
08/07/2025,75,Đồng Nai,26311,Xã Quang Trung,147
08/07/2025,75,Đồng Nai,26317,Xã Hưng Lộc,83
08/07/2025,75,Đồng Nai,26326,Thị Trấn Dầu Giây,29
08/07/2025,75,Đồng Nai,26362,Xã Sông Ray,93
08/07/2025,75,Đồng Nai,26368,Thị Trấn Long Thành,603
08/07/2025,75,Đồng Nai,26374,Phường Tam Phước,112
08/07/2025,75,Đồng Nai,26377,Phường Phước Tân,26
08/07/2025,75,Đồng Nai,26416,Xã Phước Bình,192
08/07/2025,75,Đồng Nai,26452,Xã Suối Cát,3
08/07/2025,75,Đồng Nai,26455,Xã Xuân Hiệp,413
08/08/2025,75,Đồng Nai,25993,Phường Trảng Dài,202
08/08/2025,75,Đồng Nai,25996,Phường Tân Phong,335
08/08/2025,75,Đồng Nai,26017,Phường Tam Hiệp,4
08/08/2025,75,Đồng Nai,26029,Phường Thống Nhất,1
08/08/2025,75,Đồng Nai,26056,Phường Long Bình Tân,989
08/08/2025,75,Đồng Nai,26068,Phường Hóa An,246
08/08/2025,75,Đồng Nai,26095,Phường Suối Tre,1107
08/08/2025,75,Đồng Nai,26188,Xã Thạnh Phú,162
08/08/2025,75,Đồng Nai,26206,Thị Trấn Định Quán,763
08/08/2025,75,Đồng Nai,26272,Xã Hố Nai 3,636
08/08/2025,75,Đồng Nai,26296,Xã An Viễn,156
08/08/2025,75,Đồng Nai,26311,Xã Quang Trung,167
08/08/2025,75,Đồng Nai,26317,Xã Hưng Lộc,41
08/08/2025,75,Đồng Nai,26368,Thị Trấn Long Thành,519
08/08/2025,75,Đồng Nai,26416,Xã Phước Bình,7
08/08/2025,75,Đồng Nai,26455,Xã Xuân Hiệp,2
08/08/2025,75,Đồng Nai,26497,Xã Vĩnh Thanh,13
08/09/2025,75,Đồng Nai,25993,Phường Trảng Dài,82
08/09/2025,75,Đồng Nai,25996,Phường Tân Phong,40
08/09/2025,75,Đồng Nai,26068,Phường Hóa An,167
08/09/2025,75,Đồng Nai,26095,Phường Suối Tre,1464
08/09/2025,75,Đồng Nai,26188,Xã Thạnh Phú,216
08/09/2025,75,Đồng Nai,26206,Thị Trấn Định Quán,691
08/09/2025,75,Đồng Nai,26272,Xã Hố Nai 3,171
08/09/2025,75,Đồng Nai,26311,Xã Quang Trung,196
08/09/2025,75,Đồng Nai,26317,Xã Hưng Lộc,142
08/09/2025,75,Đồng Nai,26362,Xã Sông Ray,112
08/09/2025,75,Đồng Nai,26368,Thị Trấn Long Thành,470
08/09/2025,75,Đồng Nai,26389,Xã Long Đức,72
08/09/2025,75,Đồng Nai,26416,Xã Phước Bình,111
08/09/2025,75,Đồng Nai,26497,Xã Vĩnh Thanh,85
09/01/2025,75,Đồng Nai,26080,Phường Xuân An,4
09/01/2025,75,Đồng Nai,26341,Thị Trấn Long Giao,586
09/01/2025,75,Đồng Nai,26452,Xã Suối Cát,683
09/02/2025,75,Đồng Nai,26026,Phường Tân Mai,135
09/02/2025,75,Đồng Nai,26248,Thị Trấn Trảng Bom,54
09/02/2025,75,Đồng Nai,26341,Thị Trấn Long Giao,59
09/02/2025,75,Đồng Nai,26452,Xã Suối Cát,46
09/03/2025,75,Đồng Nai,26026,Phường Tân Mai,86
09/03/2025,75,Đồng Nai,26248,Thị Trấn Trảng Bom,184
09/03/2025,75,Đồng Nai,26452,Xã Suối Cát,66
09/03/2025,75,Đồng Nai,26455,Xã Xuân Hiệp,2
09/04/2025,75,Đồng Nai,25993,Phường Trảng Dài,163
09/04/2025,75,Đồng Nai,25996,Phường Tân Phong,61
09/04/2025,75,Đồng Nai,25999,Phường Tân Biên,15
09/04/2025,75,Đồng Nai,26026,Phường Tân Mai,48
09/04/2025,75,Đồng Nai,26095,Phường Suối Tre,543
09/04/2025,75,Đồng Nai,26116,Thị Trấn Tân Phú,454
09/04/2025,75,Đồng Nai,26206,Thị Trấn Định Quán,93
09/04/2025,75,Đồng Nai,26248,Thị Trấn Trảng Bom,522
09/04/2025,75,Đồng Nai,26326,Thị Trấn Dầu Giây,540
09/04/2025,75,Đồng Nai,26368,Thị Trấn Long Thành,71
09/04/2025,75,Đồng Nai,26377,Phường Phước Tân,6
09/04/2025,75,Đồng Nai,26440,Xã Xuân Trường,14
09/04/2025,75,Đồng Nai,26452,Xã Suối Cát,739
09/04/2025,75,Đồng Nai,26455,Xã Xuân Hiệp,2
09/04/2025,75,Đồng Nai,26485,Xã Phú Hội,4
09/05/2025,75,Đồng Nai,25993,Phường Trảng Dài,90
09/05/2025,75,Đồng Nai,25996,Phường Tân Phong,84
09/05/2025,75,Đồng Nai,25999,Phường Tân Biên,6
09/05/2025,75,Đồng Nai,26017,Phường Tam Hiệp,94
09/05/2025,75,Đồng Nai,26029,Phường Thống Nhất,414
09/05/2025,75,Đồng Nai,26068,Phường Hóa An,145
09/05/2025,75,Đồng Nai,26095,Phường Suối Tre,1114
09/05/2025,75,Đồng Nai,26116,Thị Trấn Tân Phú,392
09/05/2025,75,Đồng Nai,26188,Xã Thạnh Phú,40
09/05/2025,75,Đồng Nai,26206,Thị Trấn Định Quán,490
09/05/2025,75,Đồng Nai,26272,Xã Hố Nai 3,503
09/05/2025,75,Đồng Nai,26299,Xã Gia Tân 1,3
09/05/2025,75,Đồng Nai,26311,Xã Quang Trung,8
09/05/2025,75,Đồng Nai,26317,Xã Hưng Lộc,8
09/05/2025,75,Đồng Nai,26326,Thị Trấn Dầu Giây,454
09/05/2025,75,Đồng Nai,26362,Xã Sông Ray,86
09/05/2025,75,Đồng Nai,26368,Thị Trấn Long Thành,538
09/05/2025,75,Đồng Nai,26374,Phường Tam Phước,109
09/05/2025,75,Đồng Nai,26377,Phường Phước Tân,34
09/05/2025,75,Đồng Nai,26416,Xã Phước Bình,62
09/05/2025,75,Đồng Nai,26440,Xã Xuân Trường,2
09/05/2025,75,Đồng Nai,26452,Xã Suối Cát,616
09/05/2025,75,Đồng Nai,26455,Xã Xuân Hiệp,329
09/05/2025,75,Đồng Nai,26470,Xã Phước Thiền,5
09/05/2025,75,Đồng Nai,26497,Xã Vĩnh Thanh,72
09/06/2025,75,Đồng Nai,25996,Phường Tân Phong,421
09/06/2025,75,Đồng Nai,26017,Phường Tam Hiệp,113
09/06/2025,75,Đồng Nai,26020,Phường Long Bình,64
09/06/2025,75,Đồng Nai,26029,Phường Thống Nhất,439
09/06/2025,75,Đồng Nai,26050,Phường An Bình,57
09/06/2025,75,Đồng Nai,26056,Phường Long Bình Tân,123
09/06/2025,75,Đồng Nai,26068,Phường Hóa An,418
09/06/2025,75,Đồng Nai,26095,Phường Suối Tre,485
09/06/2025,75,Đồng Nai,26206,Thị Trấn Định Quán,632
09/06/2025,75,Đồng Nai,26239,Xã Túc Trưng,110
09/06/2025,75,Đồng Nai,26272,Xã Hố Nai 3,314
09/06/2025,75,Đồng Nai,26296,Xã An Viễn,232
09/06/2025,75,Đồng Nai,26311,Xã Quang Trung,198
09/06/2025,75,Đồng Nai,26317,Xã Hưng Lộc,9
09/06/2025,75,Đồng Nai,26326,Thị Trấn Dầu Giây,610
09/06/2025,75,Đồng Nai,26362,Xã Sông Ray,133
09/06/2025,75,Đồng Nai,26368,Thị Trấn Long Thành,564
09/06/2025,75,Đồng Nai,26374,Phường Tam Phước,118
09/06/2025,75,Đồng Nai,26377,Phường Phước Tân,48
09/06/2025,75,Đồng Nai,26416,Xã Phước Bình,87
09/06/2025,75,Đồng Nai,26452,Xã Suối Cát,13
09/06/2025,75,Đồng Nai,26455,Xã Xuân Hiệp,402
09/06/2025,75,Đồng Nai,26485,Xã Phú Hội,55
09/06/2025,75,Đồng Nai,26497,Xã Vĩnh Thanh,97
09/07/2025,75,Đồng Nai,25993,Phường Trảng Dài,118
09/07/2025,75,Đồng Nai,25996,Phường Tân Phong,43
09/07/2025,75,Đồng Nai,26017,Phường Tam Hiệp,93
09/07/2025,75,Đồng Nai,26056,Phường Long Bình Tân,28
09/07/2025,75,Đồng Nai,26068,Phường Hóa An,143
09/07/2025,75,Đồng Nai,26095,Phường Suối Tre,40
09/07/2025,75,Đồng Nai,26116,Thị Trấn Tân Phú,481
09/07/2025,75,Đồng Nai,26188,Xã Thạnh Phú,51
09/07/2025,75,Đồng Nai,26206,Thị Trấn Định Quán,10
09/07/2025,75,Đồng Nai,26272,Xã Hố Nai 3,124
09/07/2025,75,Đồng Nai,26296,Xã An Viễn,95
09/07/2025,75,Đồng Nai,26299,Xã Gia Tân 1,45
09/07/2025,75,Đồng Nai,26311,Xã Quang Trung,148
09/07/2025,75,Đồng Nai,26317,Xã Hưng Lộc,87
09/07/2025,75,Đồng Nai,26326,Thị Trấn Dầu Giây,31
09/07/2025,75,Đồng Nai,26362,Xã Sông Ray,3
09/07/2025,75,Đồng Nai,26368,Thị Trấn Long Thành,16
09/07/2025,75,Đồng Nai,26374,Phường Tam Phước,84
09/07/2025,75,Đồng Nai,26377,Phường Phước Tân,53
09/07/2025,75,Đồng Nai,26452,Xã Suối Cát,1
09/07/2025,75,Đồng Nai,26455,Xã Xuân Hiệp,354
09/08/2025,75,Đồng Nai,25996,Phường Tân Phong,421
09/08/2025,75,Đồng Nai,26017,Phường Tam Hiệp,1
09/08/2025,75,Đồng Nai,26050,Phường An Bình,53
09/08/2025,75,Đồng Nai,26056,Phường Long Bình Tân,1052
09/08/2025,75,Đồng Nai,26068,Phường Hóa An,190
09/08/2025,75,Đồng Nai,26095,Phường Suối Tre,200
09/08/2025,75,Đồng Nai,26188,Xã Thạnh Phú,177
09/08/2025,75,Đồng Nai,26206,Thị Trấn Định Quán,184
09/08/2025,75,Đồng Nai,26272,Xã Hố Nai 3,760
09/08/2025,75,Đồng Nai,26296,Xã An Viễn,140
09/08/2025,75,Đồng Nai,26311,Xã Quang Trung,156
09/08/2025,75,Đồng Nai,26317,Xã Hưng Lộc,45
09/08/2025,75,Đồng Nai,26368,Thị Trấn Long Thành,106
09/08/2025,75,Đồng Nai,26416,Xã Phước Bình,101
09/08/2025,75,Đồng Nai,26455,Xã Xuân Hiệp,355
09/08/2025,75,Đồng Nai,26497,Xã Vĩnh Thanh,17
09/09/2025,75,Đồng Nai,25993,Phường Trảng Dài,60
09/09/2025,75,Đồng Nai,25996,Phường Tân Phong,73
09/09/2025,75,Đồng Nai,26068,Phường Hóa An,123
09/09/2025,75,Đồng Nai,26095,Phường Suối Tre,1273
09/09/2025,75,Đồng Nai,26188,Xã Thạnh Phú,111
09/09/2025,75,Đồng Nai,26206,Thị Trấn Định Quán,617
09/09/2025,75,Đồng Nai,26272,Xã Hố Nai 3,124
09/09/2025,75,Đồng Nai,26317,Xã Hưng Lộc,82
09/09/2025,75,Đồng Nai,26368,Thị Trấn Long Thành,406
09/09/2025,75,Đồng Nai,26389,Xã Long Đức,53
09/09/2025,75,Đồng Nai,26416,Xã Phước Bình,94
09/09/2025,75,Đồng Nai,26497,Xã Vĩnh Thanh,58
10/01/2025,75,Đồng Nai,26080,Phường Xuân An,3
10/01/2025,75,Đồng Nai,26248,Thị Trấn Trảng Bom,2
10/01/2025,75,Đồng Nai,26341,Thị Trấn Long Giao,565
10/01/2025,75,Đồng Nai,26452,Xã Suối Cát,707
10/02/2025,75,Đồng Nai,25996,Phường Tân Phong,1
10/02/2025,75,Đồng Nai,26026,Phường Tân Mai,1216
10/02/2025,75,Đồng Nai,26080,Phường Xuân An,5
10/02/2025,75,Đồng Nai,26248,Thị Trấn Trảng Bom,159
10/02/2025,75,Đồng Nai,26341,Thị Trấn Long Giao,690
10/02/2025,75,Đồng Nai,26452,Xã Suối Cát,870
10/03/2023,75,Đồng Nai,26341,Thị Trấn Long Giao,1
10/03/2025,75,Đồng Nai,25996,Phường Tân Phong,22
10/03/2025,75,Đồng Nai,26026,Phường Tân Mai,848
10/03/2025,75,Đồng Nai,26080,Phường Xuân An,4
10/03/2025,75,Đồng Nai,26248,Thị Trấn Trảng Bom,1311
10/03/2025,75,Đồng Nai,26254,Xã Cây Gáo,15
10/03/2025,75,Đồng Nai,26452,Xã Suối Cát,793
10/04/2025,75,Đồng Nai,25993,Phường Trảng Dài,231
10/04/2025,75,Đồng Nai,25996,Phường Tân Phong,60
10/04/2025,75,Đồng Nai,25999,Phường Tân Biên,9
10/04/2025,75,Đồng Nai,26026,Phường Tân Mai,340
10/04/2025,75,Đồng Nai,26095,Phường Suối Tre,1769
10/04/2025,75,Đồng Nai,26116,Thị Trấn Tân Phú,374
10/04/2025,75,Đồng Nai,26206,Thị Trấn Định Quán,684
10/04/2025,75,Đồng Nai,26248,Thị Trấn Trảng Bom,464
10/04/2025,75,Đồng Nai,26326,Thị Trấn Dầu Giây,530
10/04/2025,75,Đồng Nai,26368,Thị Trấn Long Thành,561
10/04/2025,75,Đồng Nai,26377,Phường Phước Tân,21
10/04/2025,75,Đồng Nai,26440,Xã Xuân Trường,7
10/04/2025,75,Đồng Nai,26452,Xã Suối Cát,636
10/04/2025,75,Đồng Nai,26485,Xã Phú Hội,1
10/05/2025,75,Đồng Nai,25996,Phường Tân Phong,180
10/05/2025,75,Đồng Nai,25999,Phường Tân Biên,4
10/05/2025,75,Đồng Nai,26017,Phường Tam Hiệp,128
10/05/2025,75,Đồng Nai,26029,Phường Thống Nhất,46
10/05/2025,75,Đồng Nai,26068,Phường Hóa An,201
10/05/2025,75,Đồng Nai,26095,Phường Suối Tre,161
10/05/2025,75,Đồng Nai,26116,Thị Trấn Tân Phú,116
10/05/2025,75,Đồng Nai,26206,Thị Trấn Định Quán,141
10/05/2025,75,Đồng Nai,26272,Xã Hố Nai 3,914
10/05/2025,75,Đồng Nai,26311,Xã Quang Trung,8
10/05/2025,75,Đồng Nai,26317,Xã Hưng Lộc,9
10/05/2025,75,Đồng Nai,26326,Thị Trấn Dầu Giây,154
10/05/2025,75,Đồng Nai,26362,Xã Sông Ray,86
10/05/2025,75,Đồng Nai,26368,Thị Trấn Long Thành,35
10/05/2025,75,Đồng Nai,26374,Phường Tam Phước,164
10/05/2025,75,Đồng Nai,26377,Phường Phước Tân,1
10/05/2025,75,Đồng Nai,26389,Xã Long Đức,2
10/05/2025,75,Đồng Nai,26440,Xã Xuân Trường,75
10/05/2025,75,Đồng Nai,26452,Xã Suối Cát,42
10/05/2025,75,Đồng Nai,26455,Xã Xuân Hiệp,4
10/05/2025,75,Đồng Nai,26485,Xã Phú Hội,1
10/05/2025,75,Đồng Nai,26497,Xã Vĩnh Thanh,69
10/06/2024,75,Đồng Nai,26035,Phường Tam Hòa,1
10/06/2024,75,Đồng Nai,26248,Thị Trấn Trảng Bom,3
10/06/2025,75,Đồng Nai,25996,Phường Tân Phong,328
10/06/2025,75,Đồng Nai,26017,Phường Tam Hiệp,95
10/06/2025,75,Đồng Nai,26020,Phường Long Bình,30
10/06/2025,75,Đồng Nai,26029,Phường Thống Nhất,11
10/06/2025,75,Đồng Nai,26035,Phường Tam Hòa,2
10/06/2025,75,Đồng Nai,26050,Phường An Bình,73
10/06/2025,75,Đồng Nai,26056,Phường Long Bình Tân,114
10/06/2025,75,Đồng Nai,26068,Phường Hóa An,257
10/06/2025,75,Đồng Nai,26095,Phường Suối Tre,1061
10/06/2025,75,Đồng Nai,26206,Thị Trấn Định Quán,459
10/06/2025,75,Đồng Nai,26239,Xã Túc Trưng,113
10/06/2025,75,Đồng Nai,26272,Xã Hố Nai 3,635
10/06/2025,75,Đồng Nai,26296,Xã An Viễn,131
10/06/2025,75,Đồng Nai,26299,Xã Gia Tân 1,49
10/06/2025,75,Đồng Nai,26311,Xã Quang Trung,130
10/06/2025,75,Đồng Nai,26317,Xã Hưng Lộc,76
10/06/2025,75,Đồng Nai,26326,Thị Trấn Dầu Giây,548
10/06/2025,75,Đồng Nai,26362,Xã Sông Ray,115
10/06/2025,75,Đồng Nai,26368,Thị Trấn Long Thành,537
10/06/2025,75,Đồng Nai,26374,Phường Tam Phước,193
10/06/2025,75,Đồng Nai,26377,Phường Phước Tân,33
10/06/2025,75,Đồng Nai,26452,Xã Suối Cát,17
10/06/2025,75,Đồng Nai,26455,Xã Xuân Hiệp,396
10/06/2025,75,Đồng Nai,26497,Xã Vĩnh Thanh,85
10/07/2025,75,Đồng Nai,25993,Phường Trảng Dài,56
10/07/2025,75,Đồng Nai,25996,Phường Tân Phong,5
10/07/2025,75,Đồng Nai,26017,Phường Tam Hiệp,96
10/07/2025,75,Đồng Nai,26056,Phường Long Bình Tân,51
10/07/2025,75,Đồng Nai,26068,Phường Hóa An,82
10/07/2025,75,Đồng Nai,26095,Phường Suối Tre,55
10/07/2025,75,Đồng Nai,26116,Thị Trấn Tân Phú,495
10/07/2025,75,Đồng Nai,26188,Xã Thạnh Phú,40
10/07/2025,75,Đồng Nai,26206,Thị Trấn Định Quán,14
10/07/2025,75,Đồng Nai,26272,Xã Hố Nai 3,145
10/07/2025,75,Đồng Nai,26296,Xã An Viễn,131
10/07/2025,75,Đồng Nai,26311,Xã Quang Trung,164
10/07/2025,75,Đồng Nai,26326,Thị Trấn Dầu Giây,28
10/07/2025,75,Đồng Nai,26368,Thị Trấn Long Thành,13
10/07/2025,75,Đồng Nai,26374,Phường Tam Phước,13
10/07/2025,75,Đồng Nai,26377,Phường Phước Tân,21
10/07/2025,75,Đồng Nai,26416,Xã Phước Bình,2
10/07/2025,75,Đồng Nai,26452,Xã Suối Cát,1
10/07/2025,75,Đồng Nai,26455,Xã Xuân Hiệp,407
10/07/2025,75,Đồng Nai,26497,Xã Vĩnh Thanh,4
10/08/2025,75,Đồng Nai,25996,Phường Tân Phong,292
10/08/2025,75,Đồng Nai,26050,Phường An Bình,8
10/08/2025,75,Đồng Nai,26056,Phường Long Bình Tân,552
10/08/2025,75,Đồng Nai,26095,Phường Suối Tre,822
10/08/2025,75,Đồng Nai,26188,Xã Thạnh Phú,114
10/08/2025,75,Đồng Nai,26206,Thị Trấn Định Quán,164
10/08/2025,75,Đồng Nai,26272,Xã Hố Nai 3,540
10/08/2025,75,Đồng Nai,26296,Xã An Viễn,76
10/08/2025,75,Đồng Nai,26311,Xã Quang Trung,102
10/08/2025,75,Đồng Nai,26317,Xã Hưng Lộc,14
10/08/2025,75,Đồng Nai,26368,Thị Trấn Long Thành,100
10/08/2025,75,Đồng Nai,26389,Xã Long Đức,6
10/08/2025,75,Đồng Nai,26416,Xã Phước Bình,1
10/08/2025,75,Đồng Nai,26455,Xã Xuân Hiệp,288
10/08/2025,75,Đồng Nai,26497,Xã Vĩnh Thanh,86
10/09/2025,75,Đồng Nai,25993,Phường Trảng Dài,159
10/09/2025,75,Đồng Nai,25996,Phường Tân Phong,99
10/09/2025,75,Đồng Nai,26068,Phường Hóa An,139
10/09/2025,75,Đồng Nai,26095,Phường Suối Tre,1144
10/09/2025,75,Đồng Nai,26188,Xã Thạnh Phú,125
10/09/2025,75,Đồng Nai,26206,Thị Trấn Định Quán,359
10/09/2025,75,Đồng Nai,26272,Xã Hố Nai 3,121
10/09/2025,75,Đồng Nai,26296,Xã An Viễn,77
10/09/2025,75,Đồng Nai,26362,Xã Sông Ray,84
10/09/2025,75,Đồng Nai,26368,Thị Trấn Long Thành,394
10/09/2025,75,Đồng Nai,26389,Xã Long Đức,47
10/09/2025,75,Đồng Nai,26416,Xã Phước Bình,98
10/09/2025,75,Đồng Nai,26497,Xã Vĩnh Thanh,80
10/12/2024,75,Đồng Nai,26452,Xã Suối Cát,1
11/01/2025,75,Đồng Nai,26341,Thị Trấn Long Giao,9
11/01/2025,75,Đồng Nai,26452,Xã Suối Cát,66
11/02/2025,75,Đồng Nai,25993,Phường Trảng Dài,45
11/02/2025,75,Đồng Nai,26026,Phường Tân Mai,18
11/02/2025,75,Đồng Nai,26080,Phường Xuân An,1
11/02/2025,75,Đồng Nai,26116,Thị Trấn Tân Phú,1
11/02/2025,75,Đồng Nai,26248,Thị Trấn Trảng Bom,89
11/02/2025,75,Đồng Nai,26341,Thị Trấn Long Giao,585
11/02/2025,75,Đồng Nai,26452,Xã Suối Cát,644
11/03/2025,75,Đồng Nai,25996,Phường Tân Phong,9
11/03/2025,75,Đồng Nai,26026,Phường Tân Mai,602
11/03/2025,75,Đồng Nai,26080,Phường Xuân An,2
11/03/2025,75,Đồng Nai,26095,Phường Suối Tre,2
11/03/2025,75,Đồng Nai,26248,Thị Trấn Trảng Bom,890
11/03/2025,75,Đồng Nai,26254,Xã Cây Gáo,9
11/03/2025,75,Đồng Nai,26272,Xã Hố Nai 3,2
11/03/2025,75,Đồng Nai,26452,Xã Suối Cát,686
11/04/2025,75,Đồng Nai,25993,Phường Trảng Dài,82
11/04/2025,75,Đồng Nai,25996,Phường Tân Phong,69
11/04/2025,75,Đồng Nai,25999,Phường Tân Biên,10
11/04/2025,75,Đồng Nai,26095,Phường Suối Tre,1126
11/04/2025,75,Đồng Nai,26116,Thị Trấn Tân Phú,369
11/04/2025,75,Đồng Nai,26206,Thị Trấn Định Quán,724
11/04/2025,75,Đồng Nai,26248,Thị Trấn Trảng Bom,427
11/04/2025,75,Đồng Nai,26272,Xã Hố Nai 3,25
11/04/2025,75,Đồng Nai,26275,Xã Tây Hoà,1
11/04/2025,75,Đồng Nai,26326,Thị Trấn Dầu Giây,567
11/04/2025,75,Đồng Nai,26341,Thị Trấn Long Giao,15
11/04/2025,75,Đồng Nai,26368,Thị Trấn Long Thành,473
11/04/2025,75,Đồng Nai,26377,Phường Phước Tân,48
11/04/2025,75,Đồng Nai,26452,Xã Suối Cát,795
11/05/2025,75,Đồng Nai,25996,Phường Tân Phong,248
11/05/2025,75,Đồng Nai,25999,Phường Tân Biên,6
11/05/2025,75,Đồng Nai,26029,Phường Thống Nhất,301
11/05/2025,75,Đồng Nai,26068,Phường Hóa An,123
11/05/2025,75,Đồng Nai,26095,Phường Suối Tre,420
11/05/2025,75,Đồng Nai,26116,Thị Trấn Tân Phú,87
11/05/2025,75,Đồng Nai,26206,Thị Trấn Định Quán,66
11/05/2025,75,Đồng Nai,26272,Xã Hố Nai 3,143
11/05/2025,75,Đồng Nai,26326,Thị Trấn Dầu Giây,40
11/05/2025,75,Đồng Nai,26362,Xã Sông Ray,19
11/05/2025,75,Đồng Nai,26368,Thị Trấn Long Thành,46
11/05/2025,75,Đồng Nai,26374,Phường Tam Phước,110
11/05/2025,75,Đồng Nai,26377,Phường Phước Tân,2
11/05/2025,75,Đồng Nai,26416,Xã Phước Bình,58
11/05/2025,75,Đồng Nai,26440,Xã Xuân Trường,17
11/05/2025,75,Đồng Nai,26452,Xã Suối Cát,42
11/05/2025,75,Đồng Nai,26455,Xã Xuân Hiệp,327
11/05/2025,75,Đồng Nai,26485,Xã Phú Hội,2
11/05/2025,75,Đồng Nai,26497,Xã Vĩnh Thanh,98
11/06/2025,75,Đồng Nai,25996,Phường Tân Phong,293
11/06/2025,75,Đồng Nai,26017,Phường Tam Hiệp,73
11/06/2025,75,Đồng Nai,26020,Phường Long Bình,36
11/06/2025,75,Đồng Nai,26029,Phường Thống Nhất,4
11/06/2025,75,Đồng Nai,26050,Phường An Bình,94
11/06/2025,75,Đồng Nai,26056,Phường Long Bình Tân,133
11/06/2025,75,Đồng Nai,26068,Phường Hóa An,345
11/06/2025,75,Đồng Nai,26095,Phường Suối Tre,522
11/06/2025,75,Đồng Nai,26206,Thị Trấn Định Quán,651
11/06/2025,75,Đồng Nai,26239,Xã Túc Trưng,119
11/06/2025,75,Đồng Nai,26272,Xã Hố Nai 3,647
11/06/2025,75,Đồng Nai,26296,Xã An Viễn,150
11/06/2025,75,Đồng Nai,26299,Xã Gia Tân 1,35
11/06/2025,75,Đồng Nai,26311,Xã Quang Trung,8
11/06/2025,75,Đồng Nai,26317,Xã Hưng Lộc,77
11/06/2025,75,Đồng Nai,26326,Thị Trấn Dầu Giây,506
11/06/2025,75,Đồng Nai,26362,Xã Sông Ray,88
11/06/2025,75,Đồng Nai,26368,Thị Trấn Long Thành,550
11/06/2025,75,Đồng Nai,26374,Phường Tam Phước,108
11/06/2025,75,Đồng Nai,26377,Phường Phước Tân,59
11/06/2025,75,Đồng Nai,26416,Xã Phước Bình,73
11/06/2025,75,Đồng Nai,26452,Xã Suối Cát,8
11/06/2025,75,Đồng Nai,26455,Xã Xuân Hiệp,353
11/06/2025,75,Đồng Nai,26497,Xã Vĩnh Thanh,60
11/07/2025,75,Đồng Nai,25996,Phường Tân Phong,19
11/07/2025,75,Đồng Nai,26017,Phường Tam Hiệp,78
11/07/2025,75,Đồng Nai,26056,Phường Long Bình Tân,93
11/07/2025,75,Đồng Nai,26068,Phường Hóa An,3
11/07/2025,75,Đồng Nai,26095,Phường Suối Tre,54
11/07/2025,75,Đồng Nai,26116,Thị Trấn Tân Phú,399
11/07/2025,75,Đồng Nai,26188,Xã Thạnh Phú,43
11/07/2025,75,Đồng Nai,26206,Thị Trấn Định Quán,10
11/07/2025,75,Đồng Nai,26272,Xã Hố Nai 3,150
11/07/2025,75,Đồng Nai,26296,Xã An Viễn,83
11/07/2025,75,Đồng Nai,26311,Xã Quang Trung,173
11/07/2025,75,Đồng Nai,26317,Xã Hưng Lộc,2
11/07/2025,75,Đồng Nai,26326,Thị Trấn Dầu Giây,21
11/07/2025,75,Đồng Nai,26368,Thị Trấn Long Thành,10
11/07/2025,75,Đồng Nai,26374,Phường Tam Phước,88
11/07/2025,75,Đồng Nai,26377,Phường Phước Tân,37
11/07/2025,75,Đồng Nai,26455,Xã Xuân Hiệp,212
11/07/2025,75,Đồng Nai,26497,Xã Vĩnh Thanh,3
11/08/2023,75,Đồng Nai,26248,Thị Trấn Trảng Bom,2
11/08/2025,75,Đồng Nai,25993,Phường Trảng Dài,291
11/08/2025,75,Đồng Nai,25996,Phường Tân Phong,656
11/08/2025,75,Đồng Nai,26017,Phường Tam Hiệp,5
11/08/2025,75,Đồng Nai,26029,Phường Thống Nhất,4
11/08/2025,75,Đồng Nai,26050,Phường An Bình,75
11/08/2025,75,Đồng Nai,26056,Phường Long Bình Tân,1228
11/08/2025,75,Đồng Nai,26068,Phường Hóa An,239
11/08/2025,75,Đồng Nai,26095,Phường Suối Tre,3034
11/08/2025,75,Đồng Nai,26188,Xã Thạnh Phú,639
11/08/2025,75,Đồng Nai,26206,Thị Trấn Định Quán,692
11/08/2025,75,Đồng Nai,26272,Xã Hố Nai 3,892
11/08/2025,75,Đồng Nai,26296,Xã An Viễn,120
11/08/2025,75,Đồng Nai,26311,Xã Quang Trung,226
11/08/2025,75,Đồng Nai,26317,Xã Hưng Lộc,152
11/08/2025,75,Đồng Nai,26362,Xã Sông Ray,33
11/08/2025,75,Đồng Nai,26368,Thị Trấn Long Thành,539
11/08/2025,75,Đồng Nai,26416,Xã Phước Bình,99
11/08/2025,75,Đồng Nai,26455,Xã Xuân Hiệp,460
11/08/2025,75,Đồng Nai,26497,Xã Vĩnh Thanh,112
11/09/2025,75,Đồng Nai,25993,Phường Trảng Dài,266
11/09/2025,75,Đồng Nai,25996,Phường Tân Phong,54
11/09/2025,75,Đồng Nai,26068,Phường Hóa An,149
11/09/2025,75,Đồng Nai,26095,Phường Suối Tre,842
11/09/2025,75,Đồng Nai,26188,Xã Thạnh Phú,77
11/09/2025,75,Đồng Nai,26206,Thị Trấn Định Quán,489
11/09/2025,75,Đồng Nai,26272,Xã Hố Nai 3,133
11/09/2025,75,Đồng Nai,26296,Xã An Viễn,94
11/09/2025,75,Đồng Nai,26317,Xã Hưng Lộc,100
11/09/2025,75,Đồng Nai,26362,Xã Sông Ray,124
11/09/2025,75,Đồng Nai,26368,Thị Trấn Long Thành,347
11/09/2025,75,Đồng Nai,26389,Xã Long Đức,64
11/09/2025,75,Đồng Nai,26416,Xã Phước Bình,92
11/09/2025,75,Đồng Nai,26497,Xã Vĩnh Thanh,65
11/10/2024,75,Đồng Nai,26248,Thị Trấn Trảng Bom,1
12/01/2025,75,Đồng Nai,26341,Thị Trấn Long Giao,54
12/01/2025,75,Đồng Nai,26452,Xã Suối Cát,55
12/02/2025,75,Đồng Nai,25993,Phường Trảng Dài,44
12/02/2025,75,Đồng Nai,26080,Phường Xuân An,1
12/02/2025,75,Đồng Nai,26248,Thị Trấn Trảng Bom,93
12/02/2025,75,Đồng Nai,26341,Thị Trấn Long Giao,493
12/02/2025,75,Đồng Nai,26452,Xã Suối Cát,650
12/03/2025,75,Đồng Nai,25996,Phường Tân Phong,7
12/03/2025,75,Đồng Nai,26026,Phường Tân Mai,564
12/03/2025,75,Đồng Nai,26080,Phường Xuân An,3
12/03/2025,75,Đồng Nai,26095,Phường Suối Tre,1
12/03/2025,75,Đồng Nai,26248,Thị Trấn Trảng Bom,1007
12/03/2025,75,Đồng Nai,26254,Xã Cây Gáo,4
12/03/2025,75,Đồng Nai,26377,Phường Phước Tân,2
12/03/2025,75,Đồng Nai,26452,Xã Suối Cát,702
12/04/2025,75,Đồng Nai,25999,Phường Tân Biên,9
12/04/2025,75,Đồng Nai,26095,Phường Suối Tre,187
12/04/2025,75,Đồng Nai,26116,Thị Trấn Tân Phú,98
12/04/2025,75,Đồng Nai,26206,Thị Trấn Định Quán,193
12/04/2025,75,Đồng Nai,26248,Thị Trấn Trảng Bom,30
12/04/2025,75,Đồng Nai,26272,Xã Hố Nai 3,16
12/04/2025,75,Đồng Nai,26326,Thị Trấn Dầu Giây,161
12/04/2025,75,Đồng Nai,26368,Thị Trấn Long Thành,32
12/04/2025,75,Đồng Nai,26377,Phường Phước Tân,4
12/04/2025,75,Đồng Nai,26452,Xã Suối Cát,62
12/04/2025,75,Đồng Nai,26485,Xã Phú Hội,3
12/05/2025,75,Đồng Nai,25993,Phường Trảng Dài,77
12/05/2025,75,Đồng Nai,25996,Phường Tân Phong,334
12/05/2025,75,Đồng Nai,25999,Phường Tân Biên,10
12/05/2025,75,Đồng Nai,26017,Phường Tam Hiệp,148
12/05/2025,75,Đồng Nai,26029,Phường Thống Nhất,679
12/05/2025,75,Đồng Nai,26056,Phường Long Bình Tân,1
12/05/2025,75,Đồng Nai,26068,Phường Hóa An,211
12/05/2025,75,Đồng Nai,26095,Phường Suối Tre,1479
12/05/2025,75,Đồng Nai,26116,Thị Trấn Tân Phú,445
12/05/2025,75,Đồng Nai,26206,Thị Trấn Định Quán,425
12/05/2025,75,Đồng Nai,26272,Xã Hố Nai 3,261
12/05/2025,75,Đồng Nai,26299,Xã Gia Tân 1,32
12/05/2025,75,Đồng Nai,26311,Xã Quang Trung,33
12/05/2025,75,Đồng Nai,26317,Xã Hưng Lộc,13
12/05/2025,75,Đồng Nai,26326,Thị Trấn Dầu Giây,631
12/05/2025,75,Đồng Nai,26362,Xã Sông Ray,108
12/05/2025,75,Đồng Nai,26368,Thị Trấn Long Thành,511
12/05/2025,75,Đồng Nai,26374,Phường Tam Phước,257
12/05/2025,75,Đồng Nai,26377,Phường Phước Tân,46
12/05/2025,75,Đồng Nai,26389,Xã Long Đức,3
12/05/2025,75,Đồng Nai,26416,Xã Phước Bình,119
12/05/2025,75,Đồng Nai,26440,Xã Xuân Trường,61
12/05/2025,75,Đồng Nai,26449,Xã Xuân Tâm,2
12/05/2025,75,Đồng Nai,26452,Xã Suối Cát,12
12/05/2025,75,Đồng Nai,26455,Xã Xuân Hiệp,386
12/05/2025,75,Đồng Nai,26485,Xã Phú Hội,5
12/05/2025,75,Đồng Nai,26497,Xã Vĩnh Thanh,104
12/06/2025,75,Đồng Nai,25996,Phường Tân Phong,311
12/06/2025,75,Đồng Nai,26017,Phường Tam Hiệp,85
12/06/2025,75,Đồng Nai,26020,Phường Long Bình,46
12/06/2025,75,Đồng Nai,26029,Phường Thống Nhất,5
12/06/2025,75,Đồng Nai,26050,Phường An Bình,242
12/06/2025,75,Đồng Nai,26056,Phường Long Bình Tân,168
12/06/2025,75,Đồng Nai,26068,Phường Hóa An,330
12/06/2025,75,Đồng Nai,26095,Phường Suối Tre,1340
12/06/2025,75,Đồng Nai,26206,Thị Trấn Định Quán,1194
12/06/2025,75,Đồng Nai,26239,Xã Túc Trưng,104
12/06/2025,75,Đồng Nai,26272,Xã Hố Nai 3,602
12/06/2025,75,Đồng Nai,26296,Xã An Viễn,198
12/06/2025,75,Đồng Nai,26299,Xã Gia Tân 1,47
12/06/2025,75,Đồng Nai,26311,Xã Quang Trung,163
12/06/2025,75,Đồng Nai,26317,Xã Hưng Lộc,92
12/06/2025,75,Đồng Nai,26326,Thị Trấn Dầu Giây,502
12/06/2025,75,Đồng Nai,26362,Xã Sông Ray,117
12/06/2025,75,Đồng Nai,26368,Thị Trấn Long Thành,521
12/06/2025,75,Đồng Nai,26374,Phường Tam Phước,124
12/06/2025,75,Đồng Nai,26377,Phường Phước Tân,29
12/06/2025,75,Đồng Nai,26416,Xã Phước Bình,10
12/06/2025,75,Đồng Nai,26452,Xã Suối Cát,22
12/06/2025,75,Đồng Nai,26455,Xã Xuân Hiệp,385
12/06/2025,75,Đồng Nai,26497,Xã Vĩnh Thanh,87
12/07/2025,75,Đồng Nai,25996,Phường Tân Phong,3
12/07/2025,75,Đồng Nai,26017,Phường Tam Hiệp,70
12/07/2025,75,Đồng Nai,26056,Phường Long Bình Tân,471
12/07/2025,75,Đồng Nai,26068,Phường Hóa An,2
12/07/2025,75,Đồng Nai,26095,Phường Suối Tre,38
12/07/2025,75,Đồng Nai,26116,Thị Trấn Tân Phú,107
12/07/2025,75,Đồng Nai,26188,Xã Thạnh Phú,57
12/07/2025,75,Đồng Nai,26206,Thị Trấn Định Quán,11
12/07/2025,75,Đồng Nai,26272,Xã Hố Nai 3,209
12/07/2025,75,Đồng Nai,26296,Xã An Viễn,96
12/07/2025,75,Đồng Nai,26299,Xã Gia Tân 1,3
12/07/2025,75,Đồng Nai,26311,Xã Quang Trung,160
12/07/2025,75,Đồng Nai,26326,Thị Trấn Dầu Giây,12
12/07/2025,75,Đồng Nai,26368,Thị Trấn Long Thành,6
12/07/2025,75,Đồng Nai,26374,Phường Tam Phước,100
12/07/2025,75,Đồng Nai,26377,Phường Phước Tân,3
12/07/2025,75,Đồng Nai,26455,Xã Xuân Hiệp,5
12/07/2025,75,Đồng Nai,26497,Xã Vĩnh Thanh,8
12/08/2023,75,Đồng Nai,26248,Thị Trấn Trảng Bom,1
12/08/2025,75,Đồng Nai,25993,Phường Trảng Dài,233
12/08/2025,75,Đồng Nai,25996,Phường Tân Phong,399
12/08/2025,75,Đồng Nai,26056,Phường Long Bình Tân,1019
12/08/2025,75,Đồng Nai,26068,Phường Hóa An,159
12/08/2025,75,Đồng Nai,26095,Phường Suối Tre,2113
12/08/2025,75,Đồng Nai,26188,Xã Thạnh Phú,271
12/08/2025,75,Đồng Nai,26206,Thị Trấn Định Quán,672
12/08/2025,75,Đồng Nai,26272,Xã Hố Nai 3,671
12/08/2025,75,Đồng Nai,26296,Xã An Viễn,16
12/08/2025,75,Đồng Nai,26311,Xã Quang Trung,168
12/08/2025,75,Đồng Nai,26317,Xã Hưng Lộc,114
12/08/2025,75,Đồng Nai,26362,Xã Sông Ray,10
12/08/2025,75,Đồng Nai,26368,Thị Trấn Long Thành,529
12/08/2025,75,Đồng Nai,26416,Xã Phước Bình,106
12/08/2025,75,Đồng Nai,26455,Xã Xuân Hiệp,9
12/08/2025,75,Đồng Nai,26497,Xã Vĩnh Thanh,87
12/09/2024,75,Đồng Nai,26248,Thị Trấn Trảng Bom,1
12/09/2025,75,Đồng Nai,25993,Phường Trảng Dài,18
12/09/2025,75,Đồng Nai,26188,Xã Thạnh Phú,45
12/09/2025,75,Đồng Nai,26389,Xã Long Đức,33
12/10/2023,75,Đồng Nai,26248,Thị Trấn Trảng Bom,2
13/01/2025,75,Đồng Nai,26080,Phường Xuân An,3
13/01/2025,75,Đồng Nai,26248,Thị Trấn Trảng Bom,1
13/01/2025,75,Đồng Nai,26341,Thị Trấn Long Giao,589
13/01/2025,75,Đồng Nai,26452,Xã Suối Cát,776
13/02/2025,75,Đồng Nai,25993,Phường Trảng Dài,47
13/02/2025,75,Đồng Nai,26026,Phường Tân Mai,9
13/02/2025,75,Đồng Nai,26080,Phường Xuân An,1
13/02/2025,75,Đồng Nai,26248,Thị Trấn Trảng Bom,95
13/02/2025,75,Đồng Nai,26341,Thị Trấn Long Giao,577
13/02/2025,75,Đồng Nai,26452,Xã Suối Cát,692
13/03/2019,75,Đồng Nai,26248,Thị Trấn Trảng Bom,1
13/03/2025,75,Đồng Nai,25996,Phường Tân Phong,5
13/03/2025,75,Đồng Nai,26026,Phường Tân Mai,6
13/03/2025,75,Đồng Nai,26248,Thị Trấn Trảng Bom,939
13/03/2025,75,Đồng Nai,26254,Xã Cây Gáo,4
13/03/2025,75,Đồng Nai,26452,Xã Suối Cát,605
13/04/2025,75,Đồng Nai,25999,Phường Tân Biên,4
13/04/2025,75,Đồng Nai,26008,Phường Tân Hiệp,1
13/04/2025,75,Đồng Nai,26068,Phường Hóa An,2
13/04/2025,75,Đồng Nai,26095,Phường Suối Tre,488
13/04/2025,75,Đồng Nai,26116,Thị Trấn Tân Phú,96
13/04/2025,75,Đồng Nai,26206,Thị Trấn Định Quán,72
13/04/2025,75,Đồng Nai,26248,Thị Trấn Trảng Bom,119
13/04/2025,75,Đồng Nai,26272,Xã Hố Nai 3,20
13/04/2025,75,Đồng Nai,26326,Thị Trấn Dầu Giây,62
13/04/2025,75,Đồng Nai,26341,Thị Trấn Long Giao,1
13/04/2025,75,Đồng Nai,26368,Thị Trấn Long Thành,111
13/04/2025,75,Đồng Nai,26377,Phường Phước Tân,1
13/04/2025,75,Đồng Nai,26452,Xã Suối Cát,59
13/04/2025,75,Đồng Nai,26485,Xã Phú Hội,17
13/05/2025,75,Đồng Nai,25993,Phường Trảng Dài,11
13/05/2025,75,Đồng Nai,25996,Phường Tân Phong,124
13/05/2025,75,Đồng Nai,25999,Phường Tân Biên,3
13/05/2025,75,Đồng Nai,26017,Phường Tam Hiệp,85
13/05/2025,75,Đồng Nai,26029,Phường Thống Nhất,548
13/05/2025,75,Đồng Nai,26068,Phường Hóa An,178
13/05/2025,75,Đồng Nai,26095,Phường Suối Tre,1337
13/05/2025,75,Đồng Nai,26116,Thị Trấn Tân Phú,468
13/05/2025,75,Đồng Nai,26188,Xã Thạnh Phú,35
13/05/2025,75,Đồng Nai,26206,Thị Trấn Định Quán,332
13/05/2025,75,Đồng Nai,26272,Xã Hố Nai 3,131
13/05/2025,75,Đồng Nai,26311,Xã Quang Trung,263
13/05/2025,75,Đồng Nai,26317,Xã Hưng Lộc,81
13/05/2025,75,Đồng Nai,26326,Thị Trấn Dầu Giây,570
13/05/2025,75,Đồng Nai,26362,Xã Sông Ray,95
13/05/2025,75,Đồng Nai,26368,Thị Trấn Long Thành,477
13/05/2025,75,Đồng Nai,26374,Phường Tam Phước,185
13/05/2025,75,Đồng Nai,26377,Phường Phước Tân,35
13/05/2025,75,Đồng Nai,26452,Xã Suối Cát,23
13/05/2025,75,Đồng Nai,26455,Xã Xuân Hiệp,343
13/05/2025,75,Đồng Nai,26479,Thị Trấn Hiệp Phước,1
13/05/2025,75,Đồng Nai,26485,Xã Phú Hội,140
13/05/2025,75,Đồng Nai,26497,Xã Vĩnh Thanh,72
13/06/2025,75,Đồng Nai,25996,Phường Tân Phong,261
13/06/2025,75,Đồng Nai,26002,Phường Hố Nai,2
13/06/2025,75,Đồng Nai,26017,Phường Tam Hiệp,91
13/06/2025,75,Đồng Nai,26020,Phường Long Bình,48
13/06/2025,75,Đồng Nai,26029,Phường Thống Nhất,24
13/06/2025,75,Đồng Nai,26050,Phường An Bình,75
13/06/2025,75,Đồng Nai,26056,Phường Long Bình Tân,119
13/06/2025,75,Đồng Nai,26068,Phường Hóa An,255
13/06/2025,75,Đồng Nai,26095,Phường Suối Tre,1035
13/06/2025,75,Đồng Nai,26206,Thị Trấn Định Quán,704
13/06/2025,75,Đồng Nai,26239,Xã Túc Trưng,101
13/06/2025,75,Đồng Nai,26272,Xã Hố Nai 3,600
13/06/2025,75,Đồng Nai,26296,Xã An Viễn,91
13/06/2025,75,Đồng Nai,26299,Xã Gia Tân 1,52
13/06/2025,75,Đồng Nai,26311,Xã Quang Trung,146
13/06/2025,75,Đồng Nai,26317,Xã Hưng Lộc,74
13/06/2025,75,Đồng Nai,26326,Thị Trấn Dầu Giây,594
13/06/2025,75,Đồng Nai,26362,Xã Sông Ray,82
13/06/2025,75,Đồng Nai,26368,Thị Trấn Long Thành,642
13/06/2025,75,Đồng Nai,26374,Phường Tam Phước,76
13/06/2025,75,Đồng Nai,26377,Phường Phước Tân,33
13/06/2025,75,Đồng Nai,26416,Xã Phước Bình,97
13/06/2025,75,Đồng Nai,26452,Xã Suối Cát,17
13/06/2025,75,Đồng Nai,26455,Xã Xuân Hiệp,386
13/06/2025,75,Đồng Nai,26497,Xã Vĩnh Thanh,65
13/07/2025,75,Đồng Nai,25996,Phường Tân Phong,10
13/07/2025,75,Đồng Nai,26017,Phường Tam Hiệp,1
13/07/2025,75,Đồng Nai,26029,Phường Thống Nhất,1
13/07/2025,75,Đồng Nai,26056,Phường Long Bình Tân,304
13/07/2025,75,Đồng Nai,26095,Phường Suối Tre,40
13/07/2025,75,Đồng Nai,26116,Thị Trấn Tân Phú,94
13/07/2025,75,Đồng Nai,26188,Xã Thạnh Phú,32
13/07/2025,75,Đồng Nai,26206,Thị Trấn Định Quán,7
13/07/2025,75,Đồng Nai,26272,Xã Hố Nai 3,212
13/07/2025,75,Đồng Nai,26296,Xã An Viễn,52
13/07/2025,75,Đồng Nai,26311,Xã Quang Trung,111
13/07/2025,75,Đồng Nai,26317,Xã Hưng Lộc,7
13/07/2025,75,Đồng Nai,26326,Thị Trấn Dầu Giây,14
13/07/2025,75,Đồng Nai,26368,Thị Trấn Long Thành,12
13/07/2025,75,Đồng Nai,26377,Phường Phước Tân,3
13/07/2025,75,Đồng Nai,26455,Xã Xuân Hiệp,1
13/07/2025,75,Đồng Nai,26497,Xã Vĩnh Thanh,4
13/08/2024,75,Đồng Nai,26248,Thị Trấn Trảng Bom,4
13/08/2025,75,Đồng Nai,25993,Phường Trảng Dài,484
13/08/2025,75,Đồng Nai,25996,Phường Tân Phong,91
13/08/2025,75,Đồng Nai,26017,Phường Tam Hiệp,74
13/08/2025,75,Đồng Nai,26029,Phường Thống Nhất,2
13/08/2025,75,Đồng Nai,26050,Phường An Bình,40
13/08/2025,75,Đồng Nai,26056,Phường Long Bình Tân,926
13/08/2025,75,Đồng Nai,26068,Phường Hóa An,182
13/08/2025,75,Đồng Nai,26095,Phường Suối Tre,455
13/08/2025,75,Đồng Nai,26188,Xã Thạnh Phú,141
13/08/2025,75,Đồng Nai,26206,Thị Trấn Định Quán,610
13/08/2025,75,Đồng Nai,26272,Xã Hố Nai 3,657
13/08/2025,75,Đồng Nai,26296,Xã An Viễn,12
13/08/2025,75,Đồng Nai,26311,Xã Quang Trung,154
13/08/2025,75,Đồng Nai,26317,Xã Hưng Lộc,96
13/08/2025,75,Đồng Nai,26362,Xã Sông Ray,57
13/08/2025,75,Đồng Nai,26368,Thị Trấn Long Thành,533
13/08/2025,75,Đồng Nai,26416,Xã Phước Bình,107
13/08/2025,75,Đồng Nai,26455,Xã Xuân Hiệp,3
13/08/2025,75,Đồng Nai,26497,Xã Vĩnh Thanh,103
13/10/2023,75,Đồng Nai,26248,Thị Trấn Trảng Bom,1
14/01/2025,75,Đồng Nai,26080,Phường Xuân An,3
14/01/2025,75,Đồng Nai,26248,Thị Trấn Trảng Bom,2
14/01/2025,75,Đồng Nai,26341,Thị Trấn Long Giao,517
14/01/2025,75,Đồng Nai,26452,Xã Suối Cát,654
14/02/2025,75,Đồng Nai,26026,Phường Tân Mai,3
14/02/2025,75,Đồng Nai,26029,Phường Thống Nhất,1
14/02/2025,75,Đồng Nai,26080,Phường Xuân An,1
14/02/2025,75,Đồng Nai,26248,Thị Trấn Trảng Bom,47
14/02/2025,75,Đồng Nai,26341,Thị Trấn Long Giao,641
14/02/2025,75,Đồng Nai,26452,Xã Suối Cát,751
14/03/2024,75,Đồng Nai,26248,Thị Trấn Trảng Bom,1
14/03/2025,75,Đồng Nai,25996,Phường Tân Phong,2
14/03/2025,75,Đồng Nai,26026,Phường Tân Mai,10
14/03/2025,75,Đồng Nai,26080,Phường Xuân An,1
14/03/2025,75,Đồng Nai,26095,Phường Suối Tre,1
14/03/2025,75,Đồng Nai,26248,Thị Trấn Trảng Bom,973
14/03/2025,75,Đồng Nai,26254,Xã Cây Gáo,30
14/03/2025,75,Đồng Nai,26326,Thị Trấn Dầu Giây,1
14/03/2025,75,Đồng Nai,26452,Xã Suối Cát,652
14/04/2025,75,Đồng Nai,25993,Phường Trảng Dài,90
14/04/2025,75,Đồng Nai,25996,Phường Tân Phong,77
14/04/2025,75,Đồng Nai,25999,Phường Tân Biên,9
14/04/2025,75,Đồng Nai,26095,Phường Suối Tre,1642
14/04/2025,75,Đồng Nai,26116,Thị Trấn Tân Phú,379
14/04/2025,75,Đồng Nai,26206,Thị Trấn Định Quán,728
14/04/2025,75,Đồng Nai,26248,Thị Trấn Trảng Bom,590
14/04/2025,75,Đồng Nai,26272,Xã Hố Nai 3,102
14/04/2025,75,Đồng Nai,26326,Thị Trấn Dầu Giây,608
14/04/2025,75,Đồng Nai,26341,Thị Trấn Long Giao,3
14/04/2025,75,Đồng Nai,26362,Xã Sông Ray,10
14/04/2025,75,Đồng Nai,26368,Thị Trấn Long Thành,492
14/04/2025,75,Đồng Nai,26377,Phường Phước Tân,32
14/04/2025,75,Đồng Nai,26452,Xã Suối Cát,812
14/05/2025,75,Đồng Nai,25996,Phường Tân Phong,260
14/05/2025,75,Đồng Nai,25999,Phường Tân Biên,10
14/05/2025,75,Đồng Nai,26017,Phường Tam Hiệp,87
14/05/2025,75,Đồng Nai,26029,Phường Thống Nhất,573
14/05/2025,75,Đồng Nai,26056,Phường Long Bình Tân,5
14/05/2025,75,Đồng Nai,26068,Phường Hóa An,161
14/05/2025,75,Đồng Nai,26095,Phường Suối Tre,1223
14/05/2025,75,Đồng Nai,26116,Thị Trấn Tân Phú,380
14/05/2025,75,Đồng Nai,26188,Xã Thạnh Phú,34
14/05/2025,75,Đồng Nai,26206,Thị Trấn Định Quán,279
14/05/2025,75,Đồng Nai,26272,Xã Hố Nai 3,199
14/05/2025,75,Đồng Nai,26299,Xã Gia Tân 1,2
14/05/2025,75,Đồng Nai,26311,Xã Quang Trung,142
14/05/2025,75,Đồng Nai,26317,Xã Hưng Lộc,67
14/05/2025,75,Đồng Nai,26326,Thị Trấn Dầu Giây,8
14/05/2025,75,Đồng Nai,26362,Xã Sông Ray,98
14/05/2025,75,Đồng Nai,26368,Thị Trấn Long Thành,423
14/05/2025,75,Đồng Nai,26374,Phường Tam Phước,168
14/05/2025,75,Đồng Nai,26377,Phường Phước Tân,36
14/05/2025,75,Đồng Nai,26452,Xã Suối Cát,31
14/05/2025,75,Đồng Nai,26455,Xã Xuân Hiệp,340
14/05/2025,75,Đồng Nai,26497,Xã Vĩnh Thanh,63
14/06/2025,75,Đồng Nai,25996,Phường Tân Phong,105
14/06/2025,75,Đồng Nai,26017,Phường Tam Hiệp,68
14/06/2025,75,Đồng Nai,26020,Phường Long Bình,18
14/06/2025,75,Đồng Nai,26029,Phường Thống Nhất,14
14/06/2025,75,Đồng Nai,26050,Phường An Bình,39
14/06/2025,75,Đồng Nai,26056,Phường Long Bình Tân,178
14/06/2025,75,Đồng Nai,26068,Phường Hóa An,317
14/06/2025,75,Đồng Nai,26095,Phường Suối Tre,203
14/06/2025,75,Đồng Nai,26206,Thị Trấn Định Quán,163
14/06/2025,75,Đồng Nai,26239,Xã Túc Trưng,35
14/06/2025,75,Đồng Nai,26272,Xã Hố Nai 3,671
14/06/2025,75,Đồng Nai,26296,Xã An Viễn,83
14/06/2025,75,Đồng Nai,26299,Xã Gia Tân 1,395
14/06/2025,75,Đồng Nai,26311,Xã Quang Trung,140
14/06/2025,75,Đồng Nai,26317,Xã Hưng Lộc,71
14/06/2025,75,Đồng Nai,26326,Thị Trấn Dầu Giây,181
14/06/2025,75,Đồng Nai,26362,Xã Sông Ray,71
14/06/2025,75,Đồng Nai,26368,Thị Trấn Long Thành,228
14/06/2025,75,Đồng Nai,26374,Phường Tam Phước,126
14/06/2025,75,Đồng Nai,26377,Phường Phước Tân,2
14/06/2025,75,Đồng Nai,26416,Xã Phước Bình,82
14/06/2025,75,Đồng Nai,26452,Xã Suối Cát,13
14/06/2025,75,Đồng Nai,26455,Xã Xuân Hiệp,398
14/06/2025,75,Đồng Nai,26497,Xã Vĩnh Thanh,71
14/07/2025,75,Đồng Nai,25996,Phường Tân Phong,73
14/07/2025,75,Đồng Nai,26017,Phường Tam Hiệp,136
14/07/2025,75,Đồng Nai,26056,Phường Long Bình Tân,954
14/07/2025,75,Đồng Nai,26068,Phường Hóa An,17
14/07/2025,75,Đồng Nai,26095,Phường Suối Tre,260
14/07/2025,75,Đồng Nai,26116,Thị Trấn Tân Phú,462
14/07/2025,75,Đồng Nai,26188,Xã Thạnh Phú,71
14/07/2025,75,Đồng Nai,26206,Thị Trấn Định Quán,24
14/07/2025,75,Đồng Nai,26272,Xã Hố Nai 3,683
14/07/2025,75,Đồng Nai,26296,Xã An Viễn,109
14/07/2025,75,Đồng Nai,26311,Xã Quang Trung,253
14/07/2025,75,Đồng Nai,26317,Xã Hưng Lộc,71
14/07/2025,75,Đồng Nai,26326,Thị Trấn Dầu Giây,29
14/07/2025,75,Đồng Nai,26362,Xã Sông Ray,51
14/07/2025,75,Đồng Nai,26368,Thị Trấn Long Thành,31
14/07/2025,75,Đồng Nai,26374,Phường Tam Phước,30
14/07/2025,75,Đồng Nai,26377,Phường Phước Tân,35
14/07/2025,75,Đồng Nai,26452,Xã Suối Cát,1
14/07/2025,75,Đồng Nai,26455,Xã Xuân Hiệp,3
14/07/2025,75,Đồng Nai,26497,Xã Vĩnh Thanh,61
14/08/2025,75,Đồng Nai,25993,Phường Trảng Dài,513
14/08/2025,75,Đồng Nai,25996,Phường Tân Phong,316
14/08/2025,75,Đồng Nai,26017,Phường Tam Hiệp,91
14/08/2025,75,Đồng Nai,26029,Phường Thống Nhất,4
14/08/2025,75,Đồng Nai,26050,Phường An Bình,58
14/08/2025,75,Đồng Nai,26056,Phường Long Bình Tân,993
14/08/2025,75,Đồng Nai,26068,Phường Hóa An,148
14/08/2025,75,Đồng Nai,26095,Phường Suối Tre,1224
14/08/2025,75,Đồng Nai,26188,Xã Thạnh Phú,109
14/08/2025,75,Đồng Nai,26206,Thị Trấn Định Quán,726
14/08/2025,75,Đồng Nai,26272,Xã Hố Nai 3,567
14/08/2025,75,Đồng Nai,26296,Xã An Viễn,2
14/08/2025,75,Đồng Nai,26311,Xã Quang Trung,166
14/08/2025,75,Đồng Nai,26317,Xã Hưng Lộc,92
14/08/2025,75,Đồng Nai,26362,Xã Sông Ray,99
14/08/2025,75,Đồng Nai,26368,Thị Trấn Long Thành,167
14/08/2025,75,Đồng Nai,26389,Xã Long Đức,5
14/08/2025,75,Đồng Nai,26416,Xã Phước Bình,104
14/08/2025,75,Đồng Nai,26455,Xã Xuân Hiệp,3
14/08/2025,75,Đồng Nai,26497,Xã Vĩnh Thanh,71
14/10/2024,75,Đồng Nai,26341,Thị Trấn Long Giao,1
14/11/2023,75,Đồng Nai,26248,Thị Trấn Trảng Bom,1
14/12/2024,75,Đồng Nai,26341,Thị Trấn Long Giao,1
15/01/2025,75,Đồng Nai,26080,Phường Xuân An,2
15/01/2025,75,Đồng Nai,26248,Thị Trấn Trảng Bom,1
15/01/2025,75,Đồng Nai,26341,Thị Trấn Long Giao,483
15/01/2025,75,Đồng Nai,26452,Xã Suối Cát,638
15/02/2025,75,Đồng Nai,26248,Thị Trấn Trảng Bom,64
15/02/2025,75,Đồng Nai,26341,Thị Trấn Long Giao,10
15/02/2025,75,Đồng Nai,26452,Xã Suối Cát,86
15/03/2025,75,Đồng Nai,26248,Thị Trấn Trảng Bom,57
15/03/2025,75,Đồng Nai,26254,Xã Cây Gáo,32
15/03/2025,75,Đồng Nai,26272,Xã Hố Nai 3,2
15/03/2025,75,Đồng Nai,26452,Xã Suối Cát,79
15/04/2025,75,Đồng Nai,25993,Phường Trảng Dài,84
15/04/2025,75,Đồng Nai,25996,Phường Tân Phong,72
15/04/2025,75,Đồng Nai,25999,Phường Tân Biên,11
15/04/2025,75,Đồng Nai,26095,Phường Suối Tre,1442
15/04/2025,75,Đồng Nai,26116,Thị Trấn Tân Phú,398
15/04/2025,75,Đồng Nai,26206,Thị Trấn Định Quán,321
15/04/2025,75,Đồng Nai,26248,Thị Trấn Trảng Bom,497
15/04/2025,75,Đồng Nai,26272,Xã Hố Nai 3,460
15/04/2025,75,Đồng Nai,26275,Xã Tây Hoà,8
15/04/2025,75,Đồng Nai,26326,Thị Trấn Dầu Giây,571
15/04/2025,75,Đồng Nai,26341,Thị Trấn Long Giao,3
15/04/2025,75,Đồng Nai,26368,Thị Trấn Long Thành,541
15/04/2025,75,Đồng Nai,26377,Phường Phước Tân,32
15/04/2025,75,Đồng Nai,26452,Xã Suối Cát,642
15/04/2025,75,Đồng Nai,26455,Xã Xuân Hiệp,3
15/04/2025,75,Đồng Nai,26470,Xã Phước Thiền,1
15/04/2025,75,Đồng Nai,26485,Xã Phú Hội,58
15/05/2025,75,Đồng Nai,25996,Phường Tân Phong,229
15/05/2025,75,Đồng Nai,25999,Phường Tân Biên,12
15/05/2025,75,Đồng Nai,26017,Phường Tam Hiệp,115
15/05/2025,75,Đồng Nai,26029,Phường Thống Nhất,520
15/05/2025,75,Đồng Nai,26068,Phường Hóa An,184
15/05/2025,75,Đồng Nai,26095,Phường Suối Tre,1293
15/05/2025,75,Đồng Nai,26116,Thị Trấn Tân Phú,526
15/05/2025,75,Đồng Nai,26188,Xã Thạnh Phú,2
15/05/2025,75,Đồng Nai,26206,Thị Trấn Định Quán,640
15/05/2025,75,Đồng Nai,26272,Xã Hố Nai 3,540
15/05/2025,75,Đồng Nai,26299,Xã Gia Tân 1,21
15/05/2025,75,Đồng Nai,26311,Xã Quang Trung,118
15/05/2025,75,Đồng Nai,26317,Xã Hưng Lộc,84
15/05/2025,75,Đồng Nai,26326,Thị Trấn Dầu Giây,56
15/05/2025,75,Đồng Nai,26362,Xã Sông Ray,116
15/05/2025,75,Đồng Nai,26368,Thị Trấn Long Thành,524
15/05/2025,75,Đồng Nai,26374,Phường Tam Phước,142
15/05/2025,75,Đồng Nai,26377,Phường Phước Tân,49
15/05/2025,75,Đồng Nai,26416,Xã Phước Bình,6
15/05/2025,75,Đồng Nai,26452,Xã Suối Cát,33
15/05/2025,75,Đồng Nai,26455,Xã Xuân Hiệp,385
15/05/2025,75,Đồng Nai,26497,Xã Vĩnh Thanh,64
15/06/2025,75,Đồng Nai,25996,Phường Tân Phong,260
15/06/2025,75,Đồng Nai,26017,Phường Tam Hiệp,96
15/06/2025,75,Đồng Nai,26029,Phường Thống Nhất,13
15/06/2025,75,Đồng Nai,26056,Phường Long Bình Tân,252
15/06/2025,75,Đồng Nai,26068,Phường Hóa An,107
15/06/2025,75,Đồng Nai,26095,Phường Suối Tre,575
15/06/2025,75,Đồng Nai,26206,Thị Trấn Định Quán,134
15/06/2025,75,Đồng Nai,26272,Xã Hố Nai 3,698
15/06/2025,75,Đồng Nai,26296,Xã An Viễn,116
15/06/2025,75,Đồng Nai,26311,Xã Quang Trung,83
15/06/2025,75,Đồng Nai,26317,Xã Hưng Lộc,31
15/06/2025,75,Đồng Nai,26326,Thị Trấn Dầu Giây,53
15/06/2025,75,Đồng Nai,26362,Xã Sông Ray,10
15/06/2025,75,Đồng Nai,26368,Thị Trấn Long Thành,290
15/06/2025,75,Đồng Nai,26374,Phường Tam Phước,58
15/06/2025,75,Đồng Nai,26377,Phường Phước Tân,3
15/06/2025,75,Đồng Nai,26416,Xã Phước Bình,15
15/06/2025,75,Đồng Nai,26452,Xã Suối Cát,21
15/06/2025,75,Đồng Nai,26455,Xã Xuân Hiệp,842
15/06/2025,75,Đồng Nai,26497,Xã Vĩnh Thanh,81
15/07/2025,75,Đồng Nai,25996,Phường Tân Phong,259
15/07/2025,75,Đồng Nai,26017,Phường Tam Hiệp,93
15/07/2025,75,Đồng Nai,26050,Phường An Bình,43
15/07/2025,75,Đồng Nai,26056,Phường Long Bình Tân,86
15/07/2025,75,Đồng Nai,26068,Phường Hóa An,290
15/07/2025,75,Đồng Nai,26095,Phường Suối Tre,822
15/07/2025,75,Đồng Nai,26116,Thị Trấn Tân Phú,409
15/07/2025,75,Đồng Nai,26188,Xã Thạnh Phú,53
15/07/2025,75,Đồng Nai,26206,Thị Trấn Định Quán,125
15/07/2025,75,Đồng Nai,26272,Xã Hố Nai 3,684
15/07/2025,75,Đồng Nai,26296,Xã An Viễn,77
15/07/2025,75,Đồng Nai,26299,Xã Gia Tân 1,61
15/07/2025,75,Đồng Nai,26311,Xã Quang Trung,175
15/07/2025,75,Đồng Nai,26317,Xã Hưng Lộc,44
15/07/2025,75,Đồng Nai,26326,Thị Trấn Dầu Giây,25
15/07/2025,75,Đồng Nai,26362,Xã Sông Ray,60
15/07/2025,75,Đồng Nai,26368,Thị Trấn Long Thành,228
15/07/2025,75,Đồng Nai,26374,Phường Tam Phước,9
15/07/2025,75,Đồng Nai,26377,Phường Phước Tân,46
15/07/2025,75,Đồng Nai,26452,Xã Suối Cát,2
15/07/2025,75,Đồng Nai,26455,Xã Xuân Hiệp,2
15/07/2025,75,Đồng Nai,26497,Xã Vĩnh Thanh,48
15/08/2025,75,Đồng Nai,25993,Phường Trảng Dài,212
15/08/2025,75,Đồng Nai,25996,Phường Tân Phong,365
15/08/2025,75,Đồng Nai,26017,Phường Tam Hiệp,75
15/08/2025,75,Đồng Nai,26029,Phường Thống Nhất,8
15/08/2025,75,Đồng Nai,26050,Phường An Bình,44
15/08/2025,75,Đồng Nai,26056,Phường Long Bình Tân,894
15/08/2025,75,Đồng Nai,26068,Phường Hóa An,164
15/08/2025,75,Đồng Nai,26095,Phường Suối Tre,1108
15/08/2025,75,Đồng Nai,26188,Xã Thạnh Phú,105
15/08/2025,75,Đồng Nai,26206,Thị Trấn Định Quán,658
15/08/2025,75,Đồng Nai,26272,Xã Hố Nai 3,653
15/08/2025,75,Đồng Nai,26296,Xã An Viễn,9
15/08/2025,75,Đồng Nai,26311,Xã Quang Trung,178
15/08/2025,75,Đồng Nai,26317,Xã Hưng Lộc,90
15/08/2025,75,Đồng Nai,26362,Xã Sông Ray,95
15/08/2025,75,Đồng Nai,26368,Thị Trấn Long Thành,608
15/08/2025,75,Đồng Nai,26389,Xã Long Đức,56
15/08/2025,75,Đồng Nai,26416,Xã Phước Bình,89
15/08/2025,75,Đồng Nai,26455,Xã Xuân Hiệp,315
15/08/2025,75,Đồng Nai,26497,Xã Vĩnh Thanh,84
16/01/2025,75,Đồng Nai,25993,Phường Trảng Dài,41
16/01/2025,75,Đồng Nai,26080,Phường Xuân An,1
16/01/2025,75,Đồng Nai,26341,Thị Trấn Long Giao,635
16/01/2025,75,Đồng Nai,26452,Xã Suối Cát,670
16/02/2025,75,Đồng Nai,26029,Phường Thống Nhất,2
16/02/2025,75,Đồng Nai,26248,Thị Trấn Trảng Bom,88
16/02/2025,75,Đồng Nai,26341,Thị Trấn Long Giao,58
16/02/2025,75,Đồng Nai,26452,Xã Suối Cát,70
16/03/2025,75,Đồng Nai,26248,Thị Trấn Trảng Bom,228
16/03/2025,75,Đồng Nai,26452,Xã Suối Cát,53
16/04/2025,75,Đồng Nai,25993,Phường Trảng Dài,286
16/04/2025,75,Đồng Nai,25996,Phường Tân Phong,63
16/04/2025,75,Đồng Nai,25999,Phường Tân Biên,3
16/04/2025,75,Đồng Nai,26095,Phường Suối Tre,1133
16/04/2025,75,Đồng Nai,26116,Thị Trấn Tân Phú,38
16/04/2025,75,Đồng Nai,26206,Thị Trấn Định Quán,666
16/04/2025,75,Đồng Nai,26248,Thị Trấn Trảng Bom,323
16/04/2025,75,Đồng Nai,26272,Xã Hố Nai 3,455
16/04/2025,75,Đồng Nai,26275,Xã Tây Hoà,1
16/04/2025,75,Đồng Nai,26326,Thị Trấn Dầu Giây,515
16/04/2025,75,Đồng Nai,26341,Thị Trấn Long Giao,2
16/04/2025,75,Đồng Nai,26368,Thị Trấn Long Thành,440
16/04/2025,75,Đồng Nai,26377,Phường Phước Tân,42
16/04/2025,75,Đồng Nai,26452,Xã Suối Cát,640
16/05/2025,75,Đồng Nai,25996,Phường Tân Phong,280
16/05/2025,75,Đồng Nai,25999,Phường Tân Biên,15
16/05/2025,75,Đồng Nai,26017,Phường Tam Hiệp,113
16/05/2025,75,Đồng Nai,26029,Phường Thống Nhất,548
16/05/2025,75,Đồng Nai,26056,Phường Long Bình Tân,1
16/05/2025,75,Đồng Nai,26068,Phường Hóa An,143
16/05/2025,75,Đồng Nai,26095,Phường Suối Tre,1008
16/05/2025,75,Đồng Nai,26116,Thị Trấn Tân Phú,384
16/05/2025,75,Đồng Nai,26188,Xã Thạnh Phú,1
16/05/2025,75,Đồng Nai,26206,Thị Trấn Định Quán,540
16/05/2025,75,Đồng Nai,26272,Xã Hố Nai 3,586
16/05/2025,75,Đồng Nai,26299,Xã Gia Tân 1,408
16/05/2025,75,Đồng Nai,26311,Xã Quang Trung,161
16/05/2025,75,Đồng Nai,26317,Xã Hưng Lộc,93
16/05/2025,75,Đồng Nai,26326,Thị Trấn Dầu Giây,556
16/05/2025,75,Đồng Nai,26362,Xã Sông Ray,105
16/05/2025,75,Đồng Nai,26368,Thị Trấn Long Thành,478
16/05/2025,75,Đồng Nai,26374,Phường Tam Phước,13
16/05/2025,75,Đồng Nai,26377,Phường Phước Tân,37
16/05/2025,75,Đồng Nai,26416,Xã Phước Bình,6
16/05/2025,75,Đồng Nai,26440,Xã Xuân Trường,65
16/05/2025,75,Đồng Nai,26452,Xã Suối Cát,44
16/05/2025,75,Đồng Nai,26455,Xã Xuân Hiệp,367
16/05/2025,75,Đồng Nai,26479,Thị Trấn Hiệp Phước,5
16/05/2025,75,Đồng Nai,26497,Xã Vĩnh Thanh,56
16/06/2025,75,Đồng Nai,25996,Phường Tân Phong,417
16/06/2025,75,Đồng Nai,25999,Phường Tân Biên,5
16/06/2025,75,Đồng Nai,26002,Phường Hố Nai,27
16/06/2025,75,Đồng Nai,26017,Phường Tam Hiệp,321
16/06/2025,75,Đồng Nai,26020,Phường Long Bình,54
16/06/2025,75,Đồng Nai,26029,Phường Thống Nhất,644
16/06/2025,75,Đồng Nai,26050,Phường An Bình,42
16/06/2025,75,Đồng Nai,26056,Phường Long Bình Tân,2034
16/06/2025,75,Đồng Nai,26068,Phường Hóa An,258
16/06/2025,75,Đồng Nai,26095,Phường Suối Tre,1563
16/06/2025,75,Đồng Nai,26170,Thị Trấn Vĩnh An,1
16/06/2025,75,Đồng Nai,26206,Thị Trấn Định Quán,381
16/06/2025,75,Đồng Nai,26272,Xã Hố Nai 3,1004
16/06/2025,75,Đồng Nai,26296,Xã An Viễn,133
16/06/2025,75,Đồng Nai,26299,Xã Gia Tân 1,39
16/06/2025,75,Đồng Nai,26311,Xã Quang Trung,225
16/06/2025,75,Đồng Nai,26317,Xã Hưng Lộc,123
16/06/2025,75,Đồng Nai,26326,Thị Trấn Dầu Giây,669
16/06/2025,75,Đồng Nai,26362,Xã Sông Ray,152
16/06/2025,75,Đồng Nai,26368,Thị Trấn Long Thành,642
16/06/2025,75,Đồng Nai,26374,Phường Tam Phước,181
16/06/2025,75,Đồng Nai,26377,Phường Phước Tân,39
16/06/2025,75,Đồng Nai,26416,Xã Phước Bình,30
16/06/2025,75,Đồng Nai,26452,Xã Suối Cát,785
16/06/2025,75,Đồng Nai,26455,Xã Xuân Hiệp,1290
16/06/2025,75,Đồng Nai,26497,Xã Vĩnh Thanh,96
16/07/2025,75,Đồng Nai,25993,Phường Trảng Dài,136
16/07/2025,75,Đồng Nai,25996,Phường Tân Phong,16
16/07/2025,75,Đồng Nai,26056,Phường Long Bình Tân,84
16/07/2025,75,Đồng Nai,26068,Phường Hóa An,24
16/07/2025,75,Đồng Nai,26095,Phường Suối Tre,815
16/07/2025,75,Đồng Nai,26116,Thị Trấn Tân Phú,357
16/07/2025,75,Đồng Nai,26188,Xã Thạnh Phú,57
16/07/2025,75,Đồng Nai,26206,Thị Trấn Định Quán,265
16/07/2025,75,Đồng Nai,26272,Xã Hố Nai 3,938
16/07/2025,75,Đồng Nai,26296,Xã An Viễn,73
16/07/2025,75,Đồng Nai,26299,Xã Gia Tân 1,47
16/07/2025,75,Đồng Nai,26317,Xã Hưng Lộc,98
16/07/2025,75,Đồng Nai,26326,Thị Trấn Dầu Giây,18
16/07/2025,75,Đồng Nai,26368,Thị Trấn Long Thành,31
16/07/2025,75,Đồng Nai,26377,Phường Phước Tân,31
16/07/2025,75,Đồng Nai,26416,Xã Phước Bình,48
16/07/2025,75,Đồng Nai,26452,Xã Suối Cát,4
16/07/2025,75,Đồng Nai,26455,Xã Xuân Hiệp,327
16/07/2025,75,Đồng Nai,26497,Xã Vĩnh Thanh,77
16/08/2025,75,Đồng Nai,25996,Phường Tân Phong,414
16/08/2025,75,Đồng Nai,26017,Phường Tam Hiệp,83
16/08/2025,75,Đồng Nai,26029,Phường Thống Nhất,4
16/08/2025,75,Đồng Nai,26050,Phường An Bình,34
16/08/2025,75,Đồng Nai,26056,Phường Long Bình Tân,843
16/08/2025,75,Đồng Nai,26068,Phường Hóa An,204
16/08/2025,75,Đồng Nai,26095,Phường Suối Tre,138
16/08/2025,75,Đồng Nai,26188,Xã Thạnh Phú,85
16/08/2025,75,Đồng Nai,26206,Thị Trấn Định Quán,336
16/08/2025,75,Đồng Nai,26272,Xã Hố Nai 3,788
16/08/2025,75,Đồng Nai,26296,Xã An Viễn,55
16/08/2025,75,Đồng Nai,26311,Xã Quang Trung,144
16/08/2025,75,Đồng Nai,26317,Xã Hưng Lộc,92
16/08/2025,75,Đồng Nai,26362,Xã Sông Ray,65
16/08/2025,75,Đồng Nai,26368,Thị Trấn Long Thành,181
16/08/2025,75,Đồng Nai,26389,Xã Long Đức,46
16/08/2025,75,Đồng Nai,26416,Xã Phước Bình,87
16/08/2025,75,Đồng Nai,26455,Xã Xuân Hiệp,5
16/08/2025,75,Đồng Nai,26497,Xã Vĩnh Thanh,95
16/12/2024,75,Đồng Nai,26248,Thị Trấn Trảng Bom,2
17/01/2025,75,Đồng Nai,26080,Phường Xuân An,1
17/01/2025,75,Đồng Nai,26341,Thị Trấn Long Giao,741
17/01/2025,75,Đồng Nai,26452,Xã Suối Cát,684
17/02/2025,75,Đồng Nai,26026,Phường Tân Mai,3
17/02/2025,75,Đồng Nai,26029,Phường Thống Nhất,1
17/02/2025,75,Đồng Nai,26080,Phường Xuân An,1
17/02/2025,75,Đồng Nai,26248,Thị Trấn Trảng Bom,179
17/02/2025,75,Đồng Nai,26341,Thị Trấn Long Giao,680
17/02/2025,75,Đồng Nai,26452,Xã Suối Cát,840
17/03/2025,75,Đồng Nai,25996,Phường Tân Phong,15
17/03/2025,75,Đồng Nai,26026,Phường Tân Mai,18
17/03/2025,75,Đồng Nai,26080,Phường Xuân An,3
17/03/2025,75,Đồng Nai,26095,Phường Suối Tre,7
17/03/2025,75,Đồng Nai,26248,Thị Trấn Trảng Bom,1110
17/03/2025,75,Đồng Nai,26254,Xã Cây Gáo,50
17/03/2025,75,Đồng Nai,26272,Xã Hố Nai 3,3
17/03/2025,75,Đồng Nai,26368,Thị Trấn Long Thành,1
17/03/2025,75,Đồng Nai,26452,Xã Suối Cát,850
17/04/2025,75,Đồng Nai,25993,Phường Trảng Dài,161
17/04/2025,75,Đồng Nai,25996,Phường Tân Phong,54
17/04/2025,75,Đồng Nai,25999,Phường Tân Biên,4
17/04/2025,75,Đồng Nai,26095,Phường Suối Tre,956
17/04/2025,75,Đồng Nai,26206,Thị Trấn Định Quán,595
17/04/2025,75,Đồng Nai,26272,Xã Hố Nai 3,466
17/04/2025,75,Đồng Nai,26326,Thị Trấn Dầu Giây,582
17/04/2025,75,Đồng Nai,26341,Thị Trấn Long Giao,1
17/04/2025,75,Đồng Nai,26368,Thị Trấn Long Thành,399
17/04/2025,75,Đồng Nai,26377,Phường Phước Tân,16
17/04/2025,75,Đồng Nai,26452,Xã Suối Cát,675
17/04/2025,75,Đồng Nai,26455,Xã Xuân Hiệp,1
17/05/2024,75,Đồng Nai,26035,Phường Tam Hòa,1
17/05/2025,75,Đồng Nai,25996,Phường Tân Phong,100
17/05/2025,75,Đồng Nai,25999,Phường Tân Biên,15
17/05/2025,75,Đồng Nai,26017,Phường Tam Hiệp,117
17/05/2025,75,Đồng Nai,26029,Phường Thống Nhất,356
17/05/2025,75,Đồng Nai,26068,Phường Hóa An,317
17/05/2025,75,Đồng Nai,26095,Phường Suối Tre,97
17/05/2025,75,Đồng Nai,26116,Thị Trấn Tân Phú,121
17/05/2025,75,Đồng Nai,26188,Xã Thạnh Phú,2
17/05/2025,75,Đồng Nai,26206,Thị Trấn Định Quán,82
17/05/2025,75,Đồng Nai,26272,Xã Hố Nai 3,619
17/05/2025,75,Đồng Nai,26299,Xã Gia Tân 1,18
17/05/2025,75,Đồng Nai,26311,Xã Quang Trung,2
17/05/2025,75,Đồng Nai,26317,Xã Hưng Lộc,106
17/05/2025,75,Đồng Nai,26326,Thị Trấn Dầu Giây,155
17/05/2025,75,Đồng Nai,26362,Xã Sông Ray,79
17/05/2025,75,Đồng Nai,26368,Thị Trấn Long Thành,111
17/05/2025,75,Đồng Nai,26374,Phường Tam Phước,92
17/05/2025,75,Đồng Nai,26377,Phường Phước Tân,1
17/05/2025,75,Đồng Nai,26416,Xã Phước Bình,89
17/05/2025,75,Đồng Nai,26440,Xã Xuân Trường,64
17/05/2025,75,Đồng Nai,26452,Xã Suối Cát,21
17/05/2025,75,Đồng Nai,26455,Xã Xuân Hiệp,375
17/05/2025,75,Đồng Nai,26497,Xã Vĩnh Thanh,65
17/06/2024,75,Đồng Nai,26206,Thị Trấn Định Quán,6
17/06/2025,75,Đồng Nai,25993,Phường Trảng Dài,1
17/06/2025,75,Đồng Nai,25996,Phường Tân Phong,358
17/06/2025,75,Đồng Nai,25999,Phường Tân Biên,13
17/06/2025,75,Đồng Nai,26002,Phường Hố Nai,44
17/06/2025,75,Đồng Nai,26017,Phường Tam Hiệp,291
17/06/2025,75,Đồng Nai,26020,Phường Long Bình,66
17/06/2025,75,Đồng Nai,26029,Phường Thống Nhất,424
17/06/2025,75,Đồng Nai,26050,Phường An Bình,30
17/06/2025,75,Đồng Nai,26056,Phường Long Bình Tân,1446
17/06/2025,75,Đồng Nai,26068,Phường Hóa An,193
17/06/2025,75,Đồng Nai,26095,Phường Suối Tre,1377
17/06/2025,75,Đồng Nai,26206,Thị Trấn Định Quán,373
17/06/2025,75,Đồng Nai,26272,Xã Hố Nai 3,675
17/06/2025,75,Đồng Nai,26293,Xã Giang Điền,2
17/06/2025,75,Đồng Nai,26296,Xã An Viễn,128
17/06/2025,75,Đồng Nai,26299,Xã Gia Tân 1,52
17/06/2025,75,Đồng Nai,26311,Xã Quang Trung,39
17/06/2025,75,Đồng Nai,26317,Xã Hưng Lộc,86
17/06/2025,75,Đồng Nai,26326,Thị Trấn Dầu Giây,588
17/06/2025,75,Đồng Nai,26362,Xã Sông Ray,110
17/06/2025,75,Đồng Nai,26368,Thị Trấn Long Thành,602
17/06/2025,75,Đồng Nai,26374,Phường Tam Phước,200
17/06/2025,75,Đồng Nai,26377,Phường Phước Tân,24
17/06/2025,75,Đồng Nai,26416,Xã Phước Bình,89
17/06/2025,75,Đồng Nai,26452,Xã Suối Cát,644
17/06/2025,75,Đồng Nai,26455,Xã Xuân Hiệp,1171
17/06/2025,75,Đồng Nai,26470,Xã Phước Thiền,1
17/06/2025,75,Đồng Nai,26497,Xã Vĩnh Thanh,66
17/07/2025,75,Đồng Nai,25993,Phường Trảng Dài,3
17/07/2025,75,Đồng Nai,25996,Phường Tân Phong,269
17/07/2025,75,Đồng Nai,26056,Phường Long Bình Tân,108
17/07/2025,75,Đồng Nai,26068,Phường Hóa An,150
17/07/2025,75,Đồng Nai,26095,Phường Suối Tre,71
17/07/2025,75,Đồng Nai,26116,Thị Trấn Tân Phú,513
17/07/2025,75,Đồng Nai,26206,Thị Trấn Định Quán,22
17/07/2025,75,Đồng Nai,26272,Xã Hố Nai 3,215
17/07/2025,75,Đồng Nai,26296,Xã An Viễn,79
17/07/2025,75,Đồng Nai,26317,Xã Hưng Lộc,2
17/07/2025,75,Đồng Nai,26326,Thị Trấn Dầu Giây,23
17/07/2025,75,Đồng Nai,26368,Thị Trấn Long Thành,51
17/07/2025,75,Đồng Nai,26374,Phường Tam Phước,4
17/07/2025,75,Đồng Nai,26377,Phường Phước Tân,29
17/07/2025,75,Đồng Nai,26416,Xã Phước Bình,4
17/07/2025,75,Đồng Nai,26452,Xã Suối Cát,3
17/07/2025,75,Đồng Nai,26455,Xã Xuân Hiệp,372
17/07/2025,75,Đồng Nai,26497,Xã Vĩnh Thanh,75
17/08/2025,75,Đồng Nai,25996,Phường Tân Phong,284
17/08/2025,75,Đồng Nai,26029,Phường Thống Nhất,8
17/08/2025,75,Đồng Nai,26050,Phường An Bình,11
17/08/2025,75,Đồng Nai,26056,Phường Long Bình Tân,546
17/08/2025,75,Đồng Nai,26095,Phường Suối Tre,432
17/08/2025,75,Đồng Nai,26188,Xã Thạnh Phú,93
17/08/2025,75,Đồng Nai,26206,Thị Trấn Định Quán,111
17/08/2025,75,Đồng Nai,26272,Xã Hố Nai 3,492
17/08/2025,75,Đồng Nai,26296,Xã An Viễn,42
17/08/2025,75,Đồng Nai,26311,Xã Quang Trung,106
17/08/2025,75,Đồng Nai,26362,Xã Sông Ray,26
17/08/2025,75,Đồng Nai,26368,Thị Trấn Long Thành,231
17/08/2025,75,Đồng Nai,26389,Xã Long Đức,42
17/08/2025,75,Đồng Nai,26416,Xã Phước Bình,1
17/08/2025,75,Đồng Nai,26455,Xã Xuân Hiệp,304
17/08/2025,75,Đồng Nai,26497,Xã Vĩnh Thanh,93
17/12/2024,75,Đồng Nai,26452,Xã Suối Cát,2
18/01/2025,75,Đồng Nai,26341,Thị Trấn Long Giao,6
18/01/2025,75,Đồng Nai,26452,Xã Suối Cát,44
18/02/2025,75,Đồng Nai,25993,Phường Trảng Dài,34
18/02/2025,75,Đồng Nai,26026,Phường Tân Mai,5
18/02/2025,75,Đồng Nai,26080,Phường Xuân An,1
18/02/2025,75,Đồng Nai,26248,Thị Trấn Trảng Bom,117
18/02/2025,75,Đồng Nai,26341,Thị Trấn Long Giao,631
18/02/2025,75,Đồng Nai,26452,Xã Suối Cát,730
18/03/2025,75,Đồng Nai,25996,Phường Tân Phong,4
18/03/2025,75,Đồng Nai,26026,Phường Tân Mai,8
18/03/2025,75,Đồng Nai,26080,Phường Xuân An,2
18/03/2025,75,Đồng Nai,26095,Phường Suối Tre,3
18/03/2025,75,Đồng Nai,26116,Thị Trấn Tân Phú,1
18/03/2025,75,Đồng Nai,26248,Thị Trấn Trảng Bom,855
18/03/2025,75,Đồng Nai,26254,Xã Cây Gáo,35
18/03/2025,75,Đồng Nai,26272,Xã Hố Nai 3,5
18/03/2025,75,Đồng Nai,26368,Thị Trấn Long Thành,1
18/03/2025,75,Đồng Nai,26377,Phường Phước Tân,2
18/03/2025,75,Đồng Nai,26452,Xã Suối Cát,624
18/04/2025,75,Đồng Nai,25993,Phường Trảng Dài,53
18/04/2025,75,Đồng Nai,25996,Phường Tân Phong,67
18/04/2025,75,Đồng Nai,25999,Phường Tân Biên,10
18/04/2025,75,Đồng Nai,26095,Phường Suối Tre,2275
18/04/2025,75,Đồng Nai,26206,Thị Trấn Định Quán,803
18/04/2025,75,Đồng Nai,26272,Xã Hố Nai 3,445
18/04/2025,75,Đồng Nai,26326,Thị Trấn Dầu Giây,665
18/04/2025,75,Đồng Nai,26341,Thị Trấn Long Giao,3
18/04/2025,75,Đồng Nai,26362,Xã Sông Ray,61
18/04/2025,75,Đồng Nai,26368,Thị Trấn Long Thành,533
18/04/2025,75,Đồng Nai,26377,Phường Phước Tân,39
18/04/2025,75,Đồng Nai,26440,Xã Xuân Trường,1
18/04/2025,75,Đồng Nai,26452,Xã Suối Cát,698
18/04/2025,75,Đồng Nai,26485,Xã Phú Hội,1
18/05/2025,75,Đồng Nai,25996,Phường Tân Phong,299
18/05/2025,75,Đồng Nai,25999,Phường Tân Biên,9
18/05/2025,75,Đồng Nai,26017,Phường Tam Hiệp,5
18/05/2025,75,Đồng Nai,26029,Phường Thống Nhất,287
18/05/2025,75,Đồng Nai,26068,Phường Hóa An,106
18/05/2025,75,Đồng Nai,26095,Phường Suối Tre,92
18/05/2025,75,Đồng Nai,26116,Thị Trấn Tân Phú,120
18/05/2025,75,Đồng Nai,26188,Xã Thạnh Phú,2
18/05/2025,75,Đồng Nai,26206,Thị Trấn Định Quán,115
18/05/2025,75,Đồng Nai,26272,Xã Hố Nai 3,447
18/05/2025,75,Đồng Nai,26299,Xã Gia Tân 1,20
18/05/2025,75,Đồng Nai,26317,Xã Hưng Lộc,19
18/05/2025,75,Đồng Nai,26326,Thị Trấn Dầu Giây,61
18/05/2025,75,Đồng Nai,26362,Xã Sông Ray,13
18/05/2025,75,Đồng Nai,26368,Thị Trấn Long Thành,116
18/05/2025,75,Đồng Nai,26374,Phường Tam Phước,121
18/05/2025,75,Đồng Nai,26440,Xã Xuân Trường,21
18/05/2025,75,Đồng Nai,26452,Xã Suối Cát,31
18/05/2025,75,Đồng Nai,26455,Xã Xuân Hiệp,272
18/05/2025,75,Đồng Nai,26497,Xã Vĩnh Thanh,85
18/06/2025,75,Đồng Nai,25996,Phường Tân Phong,38
18/06/2025,75,Đồng Nai,26002,Phường Hố Nai,20
18/06/2025,75,Đồng Nai,26017,Phường Tam Hiệp,326
18/06/2025,75,Đồng Nai,26020,Phường Long Bình,43
18/06/2025,75,Đồng Nai,26029,Phường Thống Nhất,123
18/06/2025,75,Đồng Nai,26050,Phường An Bình,76
18/06/2025,75,Đồng Nai,26056,Phường Long Bình Tân,1119
18/06/2025,75,Đồng Nai,26068,Phường Hóa An,163
18/06/2025,75,Đồng Nai,26095,Phường Suối Tre,1566
18/06/2025,75,Đồng Nai,26116,Thị Trấn Tân Phú,1
18/06/2025,75,Đồng Nai,26206,Thị Trấn Định Quán,398
18/06/2025,75,Đồng Nai,26272,Xã Hố Nai 3,718
18/06/2025,75,Đồng Nai,26296,Xã An Viễn,124
18/06/2025,75,Đồng Nai,26299,Xã Gia Tân 1,61
18/06/2025,75,Đồng Nai,26311,Xã Quang Trung,23
18/06/2025,75,Đồng Nai,26317,Xã Hưng Lộc,24
18/06/2025,75,Đồng Nai,26326,Thị Trấn Dầu Giây,498
18/06/2025,75,Đồng Nai,26362,Xã Sông Ray,139
18/06/2025,75,Đồng Nai,26368,Thị Trấn Long Thành,177
18/06/2025,75,Đồng Nai,26374,Phường Tam Phước,23
18/06/2025,75,Đồng Nai,26377,Phường Phước Tân,37
18/06/2025,75,Đồng Nai,26416,Xã Phước Bình,85
18/06/2025,75,Đồng Nai,26452,Xã Suối Cát,68
18/06/2025,75,Đồng Nai,26455,Xã Xuân Hiệp,949
18/06/2025,75,Đồng Nai,26497,Xã Vĩnh Thanh,66
18/07/2025,75,Đồng Nai,25993,Phường Trảng Dài,1
18/07/2025,75,Đồng Nai,25996,Phường Tân Phong,263
18/07/2025,75,Đồng Nai,26056,Phường Long Bình Tân,130
18/07/2025,75,Đồng Nai,26068,Phường Hóa An,139
18/07/2025,75,Đồng Nai,26095,Phường Suối Tre,93
18/07/2025,75,Đồng Nai,26116,Thị Trấn Tân Phú,395
18/07/2025,75,Đồng Nai,26206,Thị Trấn Định Quán,23
18/07/2025,75,Đồng Nai,26272,Xã Hố Nai 3,594
18/07/2025,75,Đồng Nai,26296,Xã An Viễn,180
18/07/2025,75,Đồng Nai,26317,Xã Hưng Lộc,2
18/07/2025,75,Đồng Nai,26326,Thị Trấn Dầu Giây,19
18/07/2025,75,Đồng Nai,26341,Thị Trấn Long Giao,2
18/07/2025,75,Đồng Nai,26368,Thị Trấn Long Thành,375
18/07/2025,75,Đồng Nai,26374,Phường Tam Phước,11
18/07/2025,75,Đồng Nai,26377,Phường Phước Tân,45
18/07/2025,75,Đồng Nai,26416,Xã Phước Bình,22
18/07/2025,75,Đồng Nai,26452,Xã Suối Cát,4
18/07/2025,75,Đồng Nai,26455,Xã Xuân Hiệp,374
18/07/2025,75,Đồng Nai,26497,Xã Vĩnh Thanh,88
18/08/2025,75,Đồng Nai,25993,Phường Trảng Dài,206
18/08/2025,75,Đồng Nai,25996,Phường Tân Phong,478
18/08/2025,75,Đồng Nai,26029,Phường Thống Nhất,116
18/08/2025,75,Đồng Nai,26056,Phường Long Bình Tân,1049
18/08/2025,75,Đồng Nai,26068,Phường Hóa An,200
18/08/2025,75,Đồng Nai,26095,Phường Suối Tre,1443
18/08/2025,75,Đồng Nai,26188,Xã Thạnh Phú,235
18/08/2025,75,Đồng Nai,26206,Thị Trấn Định Quán,837
18/08/2025,75,Đồng Nai,26272,Xã Hố Nai 3,899
18/08/2025,75,Đồng Nai,26296,Xã An Viễn,97
18/08/2025,75,Đồng Nai,26311,Xã Quang Trung,240
18/08/2025,75,Đồng Nai,26317,Xã Hưng Lộc,1
18/08/2025,75,Đồng Nai,26362,Xã Sông Ray,144
18/08/2025,75,Đồng Nai,26368,Thị Trấn Long Thành,603
18/08/2025,75,Đồng Nai,26389,Xã Long Đức,84
18/08/2025,75,Đồng Nai,26416,Xã Phước Bình,2
18/08/2025,75,Đồng Nai,26455,Xã Xuân Hiệp,10
18/08/2025,75,Đồng Nai,26497,Xã Vĩnh Thanh,97
18/10/2024,75,Đồng Nai,26248,Thị Trấn Trảng Bom,1
18/12/2024,75,Đồng Nai,26248,Thị Trấn Trảng Bom,1
18/12/2024,75,Đồng Nai,26452,Xã Suối Cát,1
19/01/2025,75,Đồng Nai,26029,Phường Thống Nhất,1
19/01/2025,75,Đồng Nai,26248,Thị Trấn Trảng Bom,1
19/01/2025,75,Đồng Nai,26341,Thị Trấn Long Giao,62
19/02/2025,75,Đồng Nai,25993,Phường Trảng Dài,38
19/02/2025,75,Đồng Nai,26026,Phường Tân Mai,64
19/02/2025,75,Đồng Nai,26080,Phường Xuân An,4
19/02/2025,75,Đồng Nai,26248,Thị Trấn Trảng Bom,44
19/02/2025,75,Đồng Nai,26341,Thị Trấn Long Giao,527
19/02/2025,75,Đồng Nai,26452,Xã Suối Cát,749
19/03/2025,75,Đồng Nai,25996,Phường Tân Phong,3
19/03/2025,75,Đồng Nai,26026,Phường Tân Mai,7
19/03/2025,75,Đồng Nai,26080,Phường Xuân An,1
19/03/2025,75,Đồng Nai,26095,Phường Suối Tre,13
19/03/2025,75,Đồng Nai,26248,Thị Trấn Trảng Bom,510
19/03/2025,75,Đồng Nai,26254,Xã Cây Gáo,29
19/03/2025,75,Đồng Nai,26272,Xã Hố Nai 3,6
19/03/2025,75,Đồng Nai,26326,Thị Trấn Dầu Giây,1
19/03/2025,75,Đồng Nai,26377,Phường Phước Tân,1
19/03/2025,75,Đồng Nai,26452,Xã Suối Cát,680
19/03/2025,75,Đồng Nai,26479,Thị Trấn Hiệp Phước,1
19/04/2024,75,Đồng Nai,26248,Thị Trấn Trảng Bom,2
19/04/2025,75,Đồng Nai,25999,Phường Tân Biên,1
19/04/2025,75,Đồng Nai,26068,Phường Hóa An,2
19/04/2025,75,Đồng Nai,26095,Phường Suối Tre,228
19/04/2025,75,Đồng Nai,26206,Thị Trấn Định Quán,198
19/04/2025,75,Đồng Nai,26272,Xã Hố Nai 3,540
19/04/2025,75,Đồng Nai,26326,Thị Trấn Dầu Giây,129
19/04/2025,75,Đồng Nai,26368,Thị Trấn Long Thành,108
19/04/2025,75,Đồng Nai,26377,Phường Phước Tân,1
19/04/2025,75,Đồng Nai,26440,Xã Xuân Trường,3
19/04/2025,75,Đồng Nai,26452,Xã Suối Cát,66
19/05/2025,75,Đồng Nai,25996,Phường Tân Phong,95
19/05/2025,75,Đồng Nai,25999,Phường Tân Biên,7
19/05/2025,75,Đồng Nai,26017,Phường Tam Hiệp,127
19/05/2025,75,Đồng Nai,26029,Phường Thống Nhất,412
19/05/2025,75,Đồng Nai,26056,Phường Long Bình Tân,1
19/05/2025,75,Đồng Nai,26068,Phường Hóa An,243
19/05/2025,75,Đồng Nai,26095,Phường Suối Tre,416
19/05/2025,75,Đồng Nai,26116,Thị Trấn Tân Phú,471
19/05/2025,75,Đồng Nai,26188,Xã Thạnh Phú,75
19/05/2025,75,Đồng Nai,26206,Thị Trấn Định Quán,270
19/05/2025,75,Đồng Nai,26272,Xã Hố Nai 3,857
19/05/2025,75,Đồng Nai,26296,Xã An Viễn,19
19/05/2025,75,Đồng Nai,26299,Xã Gia Tân 1,17
19/05/2025,75,Đồng Nai,26317,Xã Hưng Lộc,8
19/05/2025,75,Đồng Nai,26326,Thị Trấn Dầu Giây,735
19/05/2025,75,Đồng Nai,26362,Xã Sông Ray,120
19/05/2025,75,Đồng Nai,26368,Thị Trấn Long Thành,484
19/05/2025,75,Đồng Nai,26374,Phường Tam Phước,20
19/05/2025,75,Đồng Nai,26377,Phường Phước Tân,34
19/05/2025,75,Đồng Nai,26440,Xã Xuân Trường,101
19/05/2025,75,Đồng Nai,26452,Xã Suối Cát,761
19/05/2025,75,Đồng Nai,26455,Xã Xuân Hiệp,799
19/06/2025,75,Đồng Nai,25996,Phường Tân Phong,88
19/06/2025,75,Đồng Nai,26002,Phường Hố Nai,135
19/06/2025,75,Đồng Nai,26017,Phường Tam Hiệp,415
19/06/2025,75,Đồng Nai,26020,Phường Long Bình,33
19/06/2025,75,Đồng Nai,26029,Phường Thống Nhất,581
19/06/2025,75,Đồng Nai,26050,Phường An Bình,127
19/06/2025,75,Đồng Nai,26056,Phường Long Bình Tân,917
19/06/2025,75,Đồng Nai,26068,Phường Hóa An,211
19/06/2025,75,Đồng Nai,26095,Phường Suối Tre,2618
19/06/2025,75,Đồng Nai,26206,Thị Trấn Định Quán,536
19/06/2025,75,Đồng Nai,26272,Xã Hố Nai 3,1106
19/06/2025,75,Đồng Nai,26296,Xã An Viễn,203
19/06/2025,75,Đồng Nai,26299,Xã Gia Tân 1,35
19/06/2025,75,Đồng Nai,26311,Xã Quang Trung,134
19/06/2025,75,Đồng Nai,26317,Xã Hưng Lộc,4
19/06/2025,75,Đồng Nai,26326,Thị Trấn Dầu Giây,475
19/06/2025,75,Đồng Nai,26362,Xã Sông Ray,86
19/06/2025,75,Đồng Nai,26368,Thị Trấn Long Thành,736
19/06/2025,75,Đồng Nai,26374,Phường Tam Phước,192
19/06/2025,75,Đồng Nai,26377,Phường Phước Tân,24
19/06/2025,75,Đồng Nai,26416,Xã Phước Bình,84
19/06/2025,75,Đồng Nai,26455,Xã Xuân Hiệp,1095
19/06/2025,75,Đồng Nai,26497,Xã Vĩnh Thanh,76
19/07/2025,75,Đồng Nai,25996,Phường Tân Phong,9
19/07/2025,75,Đồng Nai,26029,Phường Thống Nhất,2
19/07/2025,75,Đồng Nai,26056,Phường Long Bình Tân,108
19/07/2025,75,Đồng Nai,26068,Phường Hóa An,189
19/07/2025,75,Đồng Nai,26095,Phường Suối Tre,99
19/07/2025,75,Đồng Nai,26116,Thị Trấn Tân Phú,95
19/07/2025,75,Đồng Nai,26206,Thị Trấn Định Quán,29
19/07/2025,75,Đồng Nai,26272,Xã Hố Nai 3,582
19/07/2025,75,Đồng Nai,26296,Xã An Viễn,20
19/07/2025,75,Đồng Nai,26317,Xã Hưng Lộc,4
19/07/2025,75,Đồng Nai,26326,Thị Trấn Dầu Giây,16
19/07/2025,75,Đồng Nai,26368,Thị Trấn Long Thành,29
19/07/2025,75,Đồng Nai,26374,Phường Tam Phước,1
19/07/2025,75,Đồng Nai,26416,Xã Phước Bình,1
19/07/2025,75,Đồng Nai,26452,Xã Suối Cát,2
19/07/2025,75,Đồng Nai,26455,Xã Xuân Hiệp,352
19/07/2025,75,Đồng Nai,26497,Xã Vĩnh Thanh,96
19/08/2025,75,Đồng Nai,25993,Phường Trảng Dài,219
19/08/2025,75,Đồng Nai,25996,Phường Tân Phong,319
19/08/2025,75,Đồng Nai,26017,Phường Tam Hiệp,9
19/08/2025,75,Đồng Nai,26029,Phường Thống Nhất,510
19/08/2025,75,Đồng Nai,26056,Phường Long Bình Tân,923
19/08/2025,75,Đồng Nai,26068,Phường Hóa An,144
19/08/2025,75,Đồng Nai,26095,Phường Suối Tre,1474
19/08/2025,75,Đồng Nai,26188,Xã Thạnh Phú,139
19/08/2025,75,Đồng Nai,26206,Thị Trấn Định Quán,636
19/08/2025,75,Đồng Nai,26272,Xã Hố Nai 3,628
19/08/2025,75,Đồng Nai,26296,Xã An Viễn,71
19/08/2025,75,Đồng Nai,26311,Xã Quang Trung,153
19/08/2025,75,Đồng Nai,26317,Xã Hưng Lộc,86
19/08/2025,75,Đồng Nai,26341,Thị Trấn Long Giao,1
19/08/2025,75,Đồng Nai,26362,Xã Sông Ray,106
19/08/2025,75,Đồng Nai,26368,Thị Trấn Long Thành,609
19/08/2025,75,Đồng Nai,26389,Xã Long Đức,38
19/08/2025,75,Đồng Nai,26416,Xã Phước Bình,92
19/08/2025,75,Đồng Nai,26455,Xã Xuân Hiệp,246
19/08/2025,75,Đồng Nai,26497,Xã Vĩnh Thanh,109
19/11/2024,75,Đồng Nai,26248,Thị Trấn Trảng Bom,1
19/12/2024,75,Đồng Nai,26452,Xã Suối Cát,1
20/01/2025,75,Đồng Nai,26080,Phường Xuân An,2
20/01/2025,75,Đồng Nai,26248,Thị Trấn Trảng Bom,2
20/01/2025,75,Đồng Nai,26341,Thị Trấn Long Giao,780
20/02/2025,75,Đồng Nai,25993,Phường Trảng Dài,42
20/02/2025,75,Đồng Nai,25996,Phường Tân Phong,2
20/02/2025,75,Đồng Nai,26026,Phường Tân Mai,328
20/02/2025,75,Đồng Nai,26080,Phường Xuân An,1
20/02/2025,75,Đồng Nai,26248,Thị Trấn Trảng Bom,37
20/02/2025,75,Đồng Nai,26341,Thị Trấn Long Giao,506
20/02/2025,75,Đồng Nai,26452,Xã Suối Cát,718
20/03/2025,75,Đồng Nai,25996,Phường Tân Phong,8
20/03/2025,75,Đồng Nai,26026,Phường Tân Mai,117
20/03/2025,75,Đồng Nai,26080,Phường Xuân An,2
20/03/2025,75,Đồng Nai,26095,Phường Suối Tre,8
20/03/2025,75,Đồng Nai,26248,Thị Trấn Trảng Bom,457
20/03/2025,75,Đồng Nai,26254,Xã Cây Gáo,42
20/03/2025,75,Đồng Nai,26272,Xã Hố Nai 3,1
20/03/2025,75,Đồng Nai,26326,Thị Trấn Dầu Giây,1
20/03/2025,75,Đồng Nai,26377,Phường Phước Tân,1
20/03/2025,75,Đồng Nai,26452,Xã Suối Cát,689
20/04/2025,75,Đồng Nai,25999,Phường Tân Biên,5
20/04/2025,75,Đồng Nai,26029,Phường Thống Nhất,1
20/04/2025,75,Đồng Nai,26068,Phường Hóa An,1
20/04/2025,75,Đồng Nai,26095,Phường Suối Tre,1298
20/04/2025,75,Đồng Nai,26206,Thị Trấn Định Quán,81
20/04/2025,75,Đồng Nai,26272,Xã Hố Nai 3,308
20/04/2025,75,Đồng Nai,26326,Thị Trấn Dầu Giây,38
20/04/2025,75,Đồng Nai,26368,Thị Trấn Long Thành,94
20/04/2025,75,Đồng Nai,26377,Phường Phước Tân,3
20/04/2025,75,Đồng Nai,26440,Xã Xuân Trường,39
20/04/2025,75,Đồng Nai,26452,Xã Suối Cát,68
20/04/2025,75,Đồng Nai,26455,Xã Xuân Hiệp,1
20/04/2025,75,Đồng Nai,26485,Xã Phú Hội,5
20/05/2025,75,Đồng Nai,25996,Phường Tân Phong,106
20/05/2025,75,Đồng Nai,25999,Phường Tân Biên,10
20/05/2025,75,Đồng Nai,26017,Phường Tam Hiệp,119
20/05/2025,75,Đồng Nai,26029,Phường Thống Nhất,209
20/05/2025,75,Đồng Nai,26068,Phường Hóa An,159
20/05/2025,75,Đồng Nai,26095,Phường Suối Tre,911
20/05/2025,75,Đồng Nai,26116,Thị Trấn Tân Phú,388
20/05/2025,75,Đồng Nai,26188,Xã Thạnh Phú,28
20/05/2025,75,Đồng Nai,26206,Thị Trấn Định Quán,582
20/05/2025,75,Đồng Nai,26272,Xã Hố Nai 3,594
20/05/2025,75,Đồng Nai,26296,Xã An Viễn,24
20/05/2025,75,Đồng Nai,26299,Xã Gia Tân 1,21
20/05/2025,75,Đồng Nai,26317,Xã Hưng Lộc,78
20/05/2025,75,Đồng Nai,26326,Thị Trấn Dầu Giây,555
20/05/2025,75,Đồng Nai,26362,Xã Sông Ray,94
20/05/2025,75,Đồng Nai,26368,Thị Trấn Long Thành,439
20/05/2025,75,Đồng Nai,26374,Phường Tam Phước,1
20/05/2025,75,Đồng Nai,26377,Phường Phước Tân,30
20/05/2025,75,Đồng Nai,26416,Xã Phước Bình,74
20/05/2025,75,Đồng Nai,26452,Xã Suối Cát,613
20/05/2025,75,Đồng Nai,26455,Xã Xuân Hiệp,694
20/05/2025,75,Đồng Nai,26497,Xã Vĩnh Thanh,73
20/06/2022,75,Đồng Nai,26248,Thị Trấn Trảng Bom,1
20/06/2025,75,Đồng Nai,25996,Phường Tân Phong,458
20/06/2025,75,Đồng Nai,26002,Phường Hố Nai,130
20/06/2025,75,Đồng Nai,26017,Phường Tam Hiệp,386
20/06/2025,75,Đồng Nai,26020,Phường Long Bình,23
20/06/2025,75,Đồng Nai,26029,Phường Thống Nhất,441
20/06/2025,75,Đồng Nai,26035,Phường Tam Hòa,1
20/06/2025,75,Đồng Nai,26050,Phường An Bình,109
20/06/2025,75,Đồng Nai,26056,Phường Long Bình Tân,846
20/06/2025,75,Đồng Nai,26068,Phường Hóa An,196
20/06/2025,75,Đồng Nai,26095,Phường Suối Tre,1741
20/06/2025,75,Đồng Nai,26116,Thị Trấn Tân Phú,1
20/06/2025,75,Đồng Nai,26206,Thị Trấn Định Quán,1689
20/06/2025,75,Đồng Nai,26272,Xã Hố Nai 3,544
20/06/2025,75,Đồng Nai,26296,Xã An Viễn,93
20/06/2025,75,Đồng Nai,26299,Xã Gia Tân 1,67
20/06/2025,75,Đồng Nai,26311,Xã Quang Trung,186
20/06/2025,75,Đồng Nai,26317,Xã Hưng Lộc,2
20/06/2025,75,Đồng Nai,26326,Thị Trấn Dầu Giây,516
20/06/2025,75,Đồng Nai,26362,Xã Sông Ray,97
20/06/2025,75,Đồng Nai,26368,Thị Trấn Long Thành,896
20/06/2025,75,Đồng Nai,26374,Phường Tam Phước,157
20/06/2025,75,Đồng Nai,26377,Phường Phước Tân,39
20/06/2025,75,Đồng Nai,26416,Xã Phước Bình,88
20/06/2025,75,Đồng Nai,26452,Xã Suối Cát,1
20/06/2025,75,Đồng Nai,26455,Xã Xuân Hiệp,978
20/06/2025,75,Đồng Nai,26497,Xã Vĩnh Thanh,64
20/07/2025,75,Đồng Nai,25996,Phường Tân Phong,11
20/07/2025,75,Đồng Nai,26029,Phường Thống Nhất,4
20/07/2025,75,Đồng Nai,26056,Phường Long Bình Tân,220
20/07/2025,75,Đồng Nai,26095,Phường Suối Tre,92
20/07/2025,75,Đồng Nai,26116,Thị Trấn Tân Phú,123
20/07/2025,75,Đồng Nai,26206,Thị Trấn Định Quán,21
20/07/2025,75,Đồng Nai,26272,Xã Hố Nai 3,167
20/07/2025,75,Đồng Nai,26296,Xã An Viễn,6
20/07/2025,75,Đồng Nai,26326,Thị Trấn Dầu Giây,17
20/07/2025,75,Đồng Nai,26368,Thị Trấn Long Thành,36
20/07/2025,75,Đồng Nai,26374,Phường Tam Phước,19
20/07/2025,75,Đồng Nai,26416,Xã Phước Bình,4
20/07/2025,75,Đồng Nai,26452,Xã Suối Cát,3
20/07/2025,75,Đồng Nai,26455,Xã Xuân Hiệp,295
20/07/2025,75,Đồng Nai,26497,Xã Vĩnh Thanh,86
20/08/2024,75,Đồng Nai,26248,Thị Trấn Trảng Bom,1
20/08/2025,75,Đồng Nai,25993,Phường Trảng Dài,401
20/08/2025,75,Đồng Nai,25996,Phường Tân Phong,300
20/08/2025,75,Đồng Nai,26017,Phường Tam Hiệp,4
20/08/2025,75,Đồng Nai,26029,Phường Thống Nhất,68
20/08/2025,75,Đồng Nai,26056,Phường Long Bình Tân,763
20/08/2025,75,Đồng Nai,26068,Phường Hóa An,133
20/08/2025,75,Đồng Nai,26095,Phường Suối Tre,1174
20/08/2025,75,Đồng Nai,26188,Xã Thạnh Phú,91
20/08/2025,75,Đồng Nai,26206,Thị Trấn Định Quán,582
20/08/2025,75,Đồng Nai,26272,Xã Hố Nai 3,563
20/08/2025,75,Đồng Nai,26311,Xã Quang Trung,174
20/08/2025,75,Đồng Nai,26362,Xã Sông Ray,106
20/08/2025,75,Đồng Nai,26368,Thị Trấn Long Thành,519
20/08/2025,75,Đồng Nai,26389,Xã Long Đức,39
20/08/2025,75,Đồng Nai,26416,Xã Phước Bình,83
20/08/2025,75,Đồng Nai,26455,Xã Xuân Hiệp,355
20/08/2025,75,Đồng Nai,26497,Xã Vĩnh Thanh,80
20/12/2024,75,Đồng Nai,26452,Xã Suối Cát,1
21/01/2025,75,Đồng Nai,25993,Phường Trảng Dài,3
21/01/2025,75,Đồng Nai,26026,Phường Tân Mai,1
21/01/2025,75,Đồng Nai,26080,Phường Xuân An,3
21/01/2025,75,Đồng Nai,26248,Thị Trấn Trảng Bom,10
21/01/2025,75,Đồng Nai,26341,Thị Trấn Long Giao,626
21/02/2025,75,Đồng Nai,25993,Phường Trảng Dài,2
21/02/2025,75,Đồng Nai,26026,Phường Tân Mai,12
21/02/2025,75,Đồng Nai,26080,Phường Xuân An,2
21/02/2025,75,Đồng Nai,26248,Thị Trấn Trảng Bom,52
21/02/2025,75,Đồng Nai,26341,Thị Trấn Long Giao,568
21/02/2025,75,Đồng Nai,26377,Phường Phước Tân,1
21/02/2025,75,Đồng Nai,26452,Xã Suối Cát,719
21/03/2025,75,Đồng Nai,25996,Phường Tân Phong,6
21/03/2025,75,Đồng Nai,26026,Phường Tân Mai,707
21/03/2025,75,Đồng Nai,26080,Phường Xuân An,2
21/03/2025,75,Đồng Nai,26095,Phường Suối Tre,12
21/03/2025,75,Đồng Nai,26116,Thị Trấn Tân Phú,1
21/03/2025,75,Đồng Nai,26206,Thị Trấn Định Quán,1
21/03/2025,75,Đồng Nai,26248,Thị Trấn Trảng Bom,23
21/03/2025,75,Đồng Nai,26254,Xã Cây Gáo,1
21/03/2025,75,Đồng Nai,26326,Thị Trấn Dầu Giây,3
21/03/2025,75,Đồng Nai,26452,Xã Suối Cát,773
21/04/2025,75,Đồng Nai,25993,Phường Trảng Dài,56
21/04/2025,75,Đồng Nai,25996,Phường Tân Phong,68
21/04/2025,75,Đồng Nai,25999,Phường Tân Biên,12
21/04/2025,75,Đồng Nai,26029,Phường Thống Nhất,1
21/04/2025,75,Đồng Nai,26068,Phường Hóa An,1
21/04/2025,75,Đồng Nai,26095,Phường Suối Tre,3672
21/04/2025,75,Đồng Nai,26206,Thị Trấn Định Quán,451
21/04/2025,75,Đồng Nai,26272,Xã Hố Nai 3,642
21/04/2025,75,Đồng Nai,26326,Thị Trấn Dầu Giây,615
21/04/2025,75,Đồng Nai,26341,Thị Trấn Long Giao,8
21/04/2025,75,Đồng Nai,26368,Thị Trấn Long Thành,496
21/04/2025,75,Đồng Nai,26377,Phường Phước Tân,47
21/04/2025,75,Đồng Nai,26440,Xã Xuân Trường,88
21/04/2025,75,Đồng Nai,26452,Xã Suối Cát,733
21/04/2025,75,Đồng Nai,26455,Xã Xuân Hiệp,7
21/04/2025,75,Đồng Nai,26485,Xã Phú Hội,83
21/05/2025,75,Đồng Nai,25996,Phường Tân Phong,133
21/05/2025,75,Đồng Nai,25999,Phường Tân Biên,12
21/05/2025,75,Đồng Nai,26017,Phường Tam Hiệp,102
21/05/2025,75,Đồng Nai,26029,Phường Thống Nhất,551
21/05/2025,75,Đồng Nai,26068,Phường Hóa An,167
21/05/2025,75,Đồng Nai,26095,Phường Suối Tre,363
21/05/2025,75,Đồng Nai,26116,Thị Trấn Tân Phú,382
21/05/2025,75,Đồng Nai,26188,Xã Thạnh Phú,53
21/05/2025,75,Đồng Nai,26206,Thị Trấn Định Quán,340
21/05/2025,75,Đồng Nai,26272,Xã Hố Nai 3,609
21/05/2025,75,Đồng Nai,26296,Xã An Viễn,30
21/05/2025,75,Đồng Nai,26299,Xã Gia Tân 1,26
21/05/2025,75,Đồng Nai,26311,Xã Quang Trung,10
21/05/2025,75,Đồng Nai,26317,Xã Hưng Lộc,72
21/05/2025,75,Đồng Nai,26326,Thị Trấn Dầu Giây,557
21/05/2025,75,Đồng Nai,26362,Xã Sông Ray,87
21/05/2025,75,Đồng Nai,26368,Thị Trấn Long Thành,373
21/05/2025,75,Đồng Nai,26374,Phường Tam Phước,4
21/05/2025,75,Đồng Nai,26377,Phường Phước Tân,40
21/05/2025,75,Đồng Nai,26416,Xã Phước Bình,68
21/05/2025,75,Đồng Nai,26452,Xã Suối Cát,550
21/05/2025,75,Đồng Nai,26455,Xã Xuân Hiệp,301
21/05/2025,75,Đồng Nai,26497,Xã Vĩnh Thanh,54
21/06/2024,75,Đồng Nai,26035,Phường Tam Hòa,1
21/06/2024,75,Đồng Nai,26206,Thị Trấn Định Quán,1
21/06/2025,75,Đồng Nai,25996,Phường Tân Phong,1184
21/06/2025,75,Đồng Nai,26002,Phường Hố Nai,125
21/06/2025,75,Đồng Nai,26017,Phường Tam Hiệp,375
21/06/2025,75,Đồng Nai,26020,Phường Long Bình,17
21/06/2025,75,Đồng Nai,26029,Phường Thống Nhất,12
21/06/2025,75,Đồng Nai,26050,Phường An Bình,50
21/06/2025,75,Đồng Nai,26056,Phường Long Bình Tân,863
21/06/2025,75,Đồng Nai,26068,Phường Hóa An,198
21/06/2025,75,Đồng Nai,26095,Phường Suối Tre,174
21/06/2025,75,Đồng Nai,26116,Thị Trấn Tân Phú,2
21/06/2025,75,Đồng Nai,26206,Thị Trấn Định Quán,299
21/06/2025,75,Đồng Nai,26272,Xã Hố Nai 3,170
21/06/2025,75,Đồng Nai,26296,Xã An Viễn,269
21/06/2025,75,Đồng Nai,26299,Xã Gia Tân 1,50
21/06/2025,75,Đồng Nai,26311,Xã Quang Trung,535
21/06/2025,75,Đồng Nai,26317,Xã Hưng Lộc,39
21/06/2025,75,Đồng Nai,26326,Thị Trấn Dầu Giây,186
21/06/2025,75,Đồng Nai,26362,Xã Sông Ray,111
21/06/2025,75,Đồng Nai,26368,Thị Trấn Long Thành,244
21/06/2025,75,Đồng Nai,26374,Phường Tam Phước,664
21/06/2025,75,Đồng Nai,26377,Phường Phước Tân,1
21/06/2025,75,Đồng Nai,26416,Xã Phước Bình,498
21/06/2025,75,Đồng Nai,26455,Xã Xuân Hiệp,1042
21/06/2025,75,Đồng Nai,26497,Xã Vĩnh Thanh,70
21/07/2025,75,Đồng Nai,25993,Phường Trảng Dài,3
21/07/2025,75,Đồng Nai,25996,Phường Tân Phong,289
21/07/2025,75,Đồng Nai,26029,Phường Thống Nhất,2
21/07/2025,75,Đồng Nai,26056,Phường Long Bình Tân,1128
21/07/2025,75,Đồng Nai,26068,Phường Hóa An,390
21/07/2025,75,Đồng Nai,26095,Phường Suối Tre,184
21/07/2025,75,Đồng Nai,26116,Thị Trấn Tân Phú,470
21/07/2025,75,Đồng Nai,26188,Xã Thạnh Phú,13
21/07/2025,75,Đồng Nai,26206,Thị Trấn Định Quán,57
21/07/2025,75,Đồng Nai,26272,Xã Hố Nai 3,209
21/07/2025,75,Đồng Nai,26296,Xã An Viễn,134
21/07/2025,75,Đồng Nai,26317,Xã Hưng Lộc,5
21/07/2025,75,Đồng Nai,26326,Thị Trấn Dầu Giây,25
21/07/2025,75,Đồng Nai,26341,Thị Trấn Long Giao,6
21/07/2025,75,Đồng Nai,26362,Xã Sông Ray,55
21/07/2025,75,Đồng Nai,26368,Thị Trấn Long Thành,460
21/07/2025,75,Đồng Nai,26374,Phường Tam Phước,143
21/07/2025,75,Đồng Nai,26377,Phường Phước Tân,42
21/07/2025,75,Đồng Nai,26416,Xã Phước Bình,13
21/07/2025,75,Đồng Nai,26452,Xã Suối Cát,17
21/07/2025,75,Đồng Nai,26455,Xã Xuân Hiệp,2
21/07/2025,75,Đồng Nai,26497,Xã Vĩnh Thanh,134
21/08/2025,75,Đồng Nai,25993,Phường Trảng Dài,176
21/08/2025,75,Đồng Nai,25996,Phường Tân Phong,317
21/08/2025,75,Đồng Nai,26017,Phường Tam Hiệp,5
21/08/2025,75,Đồng Nai,26029,Phường Thống Nhất,414
21/08/2025,75,Đồng Nai,26050,Phường An Bình,57
21/08/2025,75,Đồng Nai,26056,Phường Long Bình Tân,831
21/08/2025,75,Đồng Nai,26068,Phường Hóa An,137
21/08/2025,75,Đồng Nai,26095,Phường Suối Tre,402
21/08/2025,75,Đồng Nai,26188,Xã Thạnh Phú,157
21/08/2025,75,Đồng Nai,26206,Thị Trấn Định Quán,557
21/08/2025,75,Đồng Nai,26272,Xã Hố Nai 3,659
21/08/2025,75,Đồng Nai,26296,Xã An Viễn,94
21/08/2025,75,Đồng Nai,26311,Xã Quang Trung,191
21/08/2025,75,Đồng Nai,26317,Xã Hưng Lộc,1
21/08/2025,75,Đồng Nai,26362,Xã Sông Ray,120
21/08/2025,75,Đồng Nai,26368,Thị Trấn Long Thành,475
21/08/2025,75,Đồng Nai,26389,Xã Long Đức,70
21/08/2025,75,Đồng Nai,26416,Xã Phước Bình,98
21/08/2025,75,Đồng Nai,26455,Xã Xuân Hiệp,11
21/08/2025,75,Đồng Nai,26497,Xã Vĩnh Thanh,93
21/10/2024,75,Đồng Nai,26248,Thị Trấn Trảng Bom,1
21/10/2024,75,Đồng Nai,26341,Thị Trấn Long Giao,1
21/11/2024,75,Đồng Nai,26248,Thị Trấn Trảng Bom,1
22/01/2025,75,Đồng Nai,25993,Phường Trảng Dài,3
22/01/2025,75,Đồng Nai,26029,Phường Thống Nhất,8
22/01/2025,75,Đồng Nai,26080,Phường Xuân An,3
22/01/2025,75,Đồng Nai,26248,Thị Trấn Trảng Bom,3
22/01/2025,75,Đồng Nai,26341,Thị Trấn Long Giao,558
22/02/2025,75,Đồng Nai,26026,Phường Tân Mai,4
22/02/2025,75,Đồng Nai,26248,Thị Trấn Trảng Bom,20
22/02/2025,75,Đồng Nai,26341,Thị Trấn Long Giao,10
22/02/2025,75,Đồng Nai,26452,Xã Suối Cát,70
22/03/2025,75,Đồng Nai,26026,Phường Tân Mai,10
22/03/2025,75,Đồng Nai,26095,Phường Suối Tre,2
22/03/2025,75,Đồng Nai,26116,Thị Trấn Tân Phú,3
22/03/2025,75,Đồng Nai,26206,Thị Trấn Định Quán,1
22/03/2025,75,Đồng Nai,26248,Thị Trấn Trảng Bom,20
22/03/2025,75,Đồng Nai,26272,Xã Hố Nai 3,5
22/03/2025,75,Đồng Nai,26326,Thị Trấn Dầu Giây,1
22/03/2025,75,Đồng Nai,26452,Xã Suối Cát,59
22/04/2025,75,Đồng Nai,25993,Phường Trảng Dài,70
22/04/2025,75,Đồng Nai,25996,Phường Tân Phong,53
22/04/2025,75,Đồng Nai,25999,Phường Tân Biên,11
22/04/2025,75,Đồng Nai,26068,Phường Hóa An,4
22/04/2025,75,Đồng Nai,26095,Phường Suối Tre,2476
22/04/2025,75,Đồng Nai,26116,Thị Trấn Tân Phú,1
22/04/2025,75,Đồng Nai,26206,Thị Trấn Định Quán,573
22/04/2025,75,Đồng Nai,26272,Xã Hố Nai 3,470
22/04/2025,75,Đồng Nai,26326,Thị Trấn Dầu Giây,548
22/04/2025,75,Đồng Nai,26341,Thị Trấn Long Giao,3
22/04/2025,75,Đồng Nai,26362,Xã Sông Ray,12
22/04/2025,75,Đồng Nai,26368,Thị Trấn Long Thành,448
22/04/2025,75,Đồng Nai,26377,Phường Phước Tân,32
22/04/2025,75,Đồng Nai,26440,Xã Xuân Trường,7
22/04/2025,75,Đồng Nai,26452,Xã Suối Cát,634
22/04/2025,75,Đồng Nai,26455,Xã Xuân Hiệp,9
22/05/2025,75,Đồng Nai,25996,Phường Tân Phong,284
22/05/2025,75,Đồng Nai,25999,Phường Tân Biên,11
22/05/2025,75,Đồng Nai,26017,Phường Tam Hiệp,128
22/05/2025,75,Đồng Nai,26029,Phường Thống Nhất,449
22/05/2025,75,Đồng Nai,26068,Phường Hóa An,152
22/05/2025,75,Đồng Nai,26095,Phường Suối Tre,806
22/05/2025,75,Đồng Nai,26116,Thị Trấn Tân Phú,440
22/05/2025,75,Đồng Nai,26188,Xã Thạnh Phú,48
22/05/2025,75,Đồng Nai,26206,Thị Trấn Định Quán,390
22/05/2025,75,Đồng Nai,26272,Xã Hố Nai 3,458
22/05/2025,75,Đồng Nai,26296,Xã An Viễn,15
22/05/2025,75,Đồng Nai,26299,Xã Gia Tân 1,25
22/05/2025,75,Đồng Nai,26311,Xã Quang Trung,135
22/05/2025,75,Đồng Nai,26317,Xã Hưng Lộc,88
22/05/2025,75,Đồng Nai,26326,Thị Trấn Dầu Giây,508
22/05/2025,75,Đồng Nai,26362,Xã Sông Ray,80
22/05/2025,75,Đồng Nai,26368,Thị Trấn Long Thành,454
22/05/2025,75,Đồng Nai,26374,Phường Tam Phước,68
22/05/2025,75,Đồng Nai,26377,Phường Phước Tân,36
22/05/2025,75,Đồng Nai,26416,Xã Phước Bình,75
22/05/2025,75,Đồng Nai,26452,Xã Suối Cát,547
22/05/2025,75,Đồng Nai,26455,Xã Xuân Hiệp,297
22/05/2025,75,Đồng Nai,26497,Xã Vĩnh Thanh,53
22/06/2025,75,Đồng Nai,25996,Phường Tân Phong,28
22/06/2025,75,Đồng Nai,26017,Phường Tam Hiệp,111
22/06/2025,75,Đồng Nai,26029,Phường Thống Nhất,13
22/06/2025,75,Đồng Nai,26050,Phường An Bình,32
22/06/2025,75,Đồng Nai,26056,Phường Long Bình Tân,398
22/06/2025,75,Đồng Nai,26068,Phường Hóa An,94
22/06/2025,75,Đồng Nai,26095,Phường Suối Tre,505
22/06/2025,75,Đồng Nai,26116,Thị Trấn Tân Phú,1
22/06/2025,75,Đồng Nai,26206,Thị Trấn Định Quán,221
22/06/2025,75,Đồng Nai,26272,Xã Hố Nai 3,136
22/06/2025,75,Đồng Nai,26296,Xã An Viễn,117
22/06/2025,75,Đồng Nai,26299,Xã Gia Tân 1,49
22/06/2025,75,Đồng Nai,26311,Xã Quang Trung,330
22/06/2025,75,Đồng Nai,26317,Xã Hưng Lộc,28
22/06/2025,75,Đồng Nai,26326,Thị Trấn Dầu Giây,67
22/06/2025,75,Đồng Nai,26362,Xã Sông Ray,23
22/06/2025,75,Đồng Nai,26368,Thị Trấn Long Thành,251
22/06/2025,75,Đồng Nai,26374,Phường Tam Phước,10
22/06/2025,75,Đồng Nai,26377,Phường Phước Tân,5
22/06/2025,75,Đồng Nai,26416,Xã Phước Bình,274
22/06/2025,75,Đồng Nai,26455,Xã Xuân Hiệp,846
22/06/2025,75,Đồng Nai,26497,Xã Vĩnh Thanh,90
22/07/2025,75,Đồng Nai,25993,Phường Trảng Dài,5
22/07/2025,75,Đồng Nai,25996,Phường Tân Phong,59
22/07/2025,75,Đồng Nai,26029,Phường Thống Nhất,106
22/07/2025,75,Đồng Nai,26056,Phường Long Bình Tân,1036
22/07/2025,75,Đồng Nai,26068,Phường Hóa An,236
22/07/2025,75,Đồng Nai,26095,Phường Suối Tre,392
22/07/2025,75,Đồng Nai,26116,Thị Trấn Tân Phú,389
22/07/2025,75,Đồng Nai,26188,Xã Thạnh Phú,5
22/07/2025,75,Đồng Nai,26206,Thị Trấn Định Quán,52
22/07/2025,75,Đồng Nai,26272,Xã Hố Nai 3,232
22/07/2025,75,Đồng Nai,26296,Xã An Viễn,79
22/07/2025,75,Đồng Nai,26317,Xã Hưng Lộc,5
22/07/2025,75,Đồng Nai,26326,Thị Trấn Dầu Giây,33
22/07/2025,75,Đồng Nai,26341,Thị Trấn Long Giao,1
22/07/2025,75,Đồng Nai,26362,Xã Sông Ray,161
22/07/2025,75,Đồng Nai,26368,Thị Trấn Long Thành,70
22/07/2025,75,Đồng Nai,26374,Phường Tam Phước,2
22/07/2025,75,Đồng Nai,26377,Phường Phước Tân,24
22/07/2025,75,Đồng Nai,26416,Xã Phước Bình,11
22/07/2025,75,Đồng Nai,26452,Xã Suối Cát,23
22/07/2025,75,Đồng Nai,26455,Xã Xuân Hiệp,3
22/07/2025,75,Đồng Nai,26497,Xã Vĩnh Thanh,118
22/08/2024,75,Đồng Nai,25999,Phường Tân Biên,1
22/08/2025,75,Đồng Nai,25993,Phường Trảng Dài,154
22/08/2025,75,Đồng Nai,25996,Phường Tân Phong,293
22/08/2025,75,Đồng Nai,26029,Phường Thống Nhất,13
22/08/2025,75,Đồng Nai,26050,Phường An Bình,45
22/08/2025,75,Đồng Nai,26056,Phường Long Bình Tân,852
22/08/2025,75,Đồng Nai,26068,Phường Hóa An,133
22/08/2025,75,Đồng Nai,26095,Phường Suối Tre,1000
22/08/2025,75,Đồng Nai,26188,Xã Thạnh Phú,153
22/08/2025,75,Đồng Nai,26206,Thị Trấn Định Quán,563
22/08/2025,75,Đồng Nai,26272,Xã Hố Nai 3,611
22/08/2025,75,Đồng Nai,26296,Xã An Viễn,10
22/08/2025,75,Đồng Nai,26311,Xã Quang Trung,168
22/08/2025,75,Đồng Nai,26317,Xã Hưng Lộc,2
22/08/2025,75,Đồng Nai,26362,Xã Sông Ray,101
22/08/2025,75,Đồng Nai,26368,Thị Trấn Long Thành,493
22/08/2025,75,Đồng Nai,26389,Xã Long Đức,43
22/08/2025,75,Đồng Nai,26416,Xã Phước Bình,101
22/08/2025,75,Đồng Nai,26455,Xã Xuân Hiệp,751
22/08/2025,75,Đồng Nai,26497,Xã Vĩnh Thanh,89
22/11/2022,75,Đồng Nai,26248,Thị Trấn Trảng Bom,1
22/11/2024,75,Đồng Nai,26248,Thị Trấn Trảng Bom,2
22/12/2023,75,Đồng Nai,26248,Thị Trấn Trảng Bom,1
22/12/2024,75,Đồng Nai,26452,Xã Suối Cát,2
23/01/2025,75,Đồng Nai,26080,Phường Xuân An,2
23/01/2025,75,Đồng Nai,26248,Thị Trấn Trảng Bom,5
23/01/2025,75,Đồng Nai,26341,Thị Trấn Long Giao,620
23/01/2025,75,Đồng Nai,26452,Xã Suối Cát,2
23/01/2025,75,Đồng Nai,26455,Xã Xuân Hiệp,2
23/02/2025,75,Đồng Nai,26026,Phường Tân Mai,2
23/02/2025,75,Đồng Nai,26248,Thị Trấn Trảng Bom,25
23/02/2025,75,Đồng Nai,26341,Thị Trấn Long Giao,52
23/02/2025,75,Đồng Nai,26452,Xã Suối Cát,67
23/03/2025,75,Đồng Nai,26026,Phường Tân Mai,104
23/03/2025,75,Đồng Nai,26095,Phường Suối Tre,4
23/03/2025,75,Đồng Nai,26116,Thị Trấn Tân Phú,3
23/03/2025,75,Đồng Nai,26206,Thị Trấn Định Quán,1
23/03/2025,75,Đồng Nai,26248,Thị Trấn Trảng Bom,14
23/03/2025,75,Đồng Nai,26272,Xã Hố Nai 3,5
23/03/2025,75,Đồng Nai,26368,Thị Trấn Long Thành,2
23/03/2025,75,Đồng Nai,26452,Xã Suối Cát,64
23/04/2025,75,Đồng Nai,25993,Phường Trảng Dài,201
23/04/2025,75,Đồng Nai,25996,Phường Tân Phong,61
23/04/2025,75,Đồng Nai,25999,Phường Tân Biên,11
23/04/2025,75,Đồng Nai,26017,Phường Tam Hiệp,50
23/04/2025,75,Đồng Nai,26029,Phường Thống Nhất,5
23/04/2025,75,Đồng Nai,26068,Phường Hóa An,1
23/04/2025,75,Đồng Nai,26095,Phường Suối Tre,1978
23/04/2025,75,Đồng Nai,26188,Xã Thạnh Phú,3
23/04/2025,75,Đồng Nai,26206,Thị Trấn Định Quán,529
23/04/2025,75,Đồng Nai,26272,Xã Hố Nai 3,435
23/04/2025,75,Đồng Nai,26326,Thị Trấn Dầu Giây,448
23/04/2025,75,Đồng Nai,26341,Thị Trấn Long Giao,3
23/04/2025,75,Đồng Nai,26362,Xã Sông Ray,13
23/04/2025,75,Đồng Nai,26368,Thị Trấn Long Thành,465
23/04/2025,75,Đồng Nai,26377,Phường Phước Tân,40
23/04/2025,75,Đồng Nai,26440,Xã Xuân Trường,65
23/04/2025,75,Đồng Nai,26452,Xã Suối Cát,632
23/04/2025,75,Đồng Nai,26455,Xã Xuân Hiệp,9
23/05/2025,75,Đồng Nai,25996,Phường Tân Phong,216
23/05/2025,75,Đồng Nai,25999,Phường Tân Biên,14
23/05/2025,75,Đồng Nai,26017,Phường Tam Hiệp,87
23/05/2025,75,Đồng Nai,26029,Phường Thống Nhất,251
23/05/2025,75,Đồng Nai,26050,Phường An Bình,1
23/05/2025,75,Đồng Nai,26068,Phường Hóa An,127
23/05/2025,75,Đồng Nai,26095,Phường Suối Tre,50
23/05/2025,75,Đồng Nai,26116,Thị Trấn Tân Phú,336
23/05/2025,75,Đồng Nai,26188,Xã Thạnh Phú,42
23/05/2025,75,Đồng Nai,26206,Thị Trấn Định Quán,453
23/05/2025,75,Đồng Nai,26272,Xã Hố Nai 3,578
23/05/2025,75,Đồng Nai,26296,Xã An Viễn,22
23/05/2025,75,Đồng Nai,26299,Xã Gia Tân 1,21
23/05/2025,75,Đồng Nai,26317,Xã Hưng Lộc,82
23/05/2025,75,Đồng Nai,26326,Thị Trấn Dầu Giây,19
23/05/2025,75,Đồng Nai,26368,Thị Trấn Long Thành,466
23/05/2025,75,Đồng Nai,26377,Phường Phước Tân,45
23/05/2025,75,Đồng Nai,26416,Xã Phước Bình,1
23/05/2025,75,Đồng Nai,26452,Xã Suối Cát,585
23/05/2025,75,Đồng Nai,26455,Xã Xuân Hiệp,298
23/05/2025,75,Đồng Nai,26497,Xã Vĩnh Thanh,10
23/06/2025,75,Đồng Nai,25996,Phường Tân Phong,490
23/06/2025,75,Đồng Nai,26002,Phường Hố Nai,189
23/06/2025,75,Đồng Nai,26017,Phường Tam Hiệp,437
23/06/2025,75,Đồng Nai,26020,Phường Long Bình,40
23/06/2025,75,Đồng Nai,26029,Phường Thống Nhất,129
23/06/2025,75,Đồng Nai,26050,Phường An Bình,280
23/06/2025,75,Đồng Nai,26056,Phường Long Bình Tân,1042
23/06/2025,75,Đồng Nai,26068,Phường Hóa An,445
23/06/2025,75,Đồng Nai,26095,Phường Suối Tre,1196
23/06/2025,75,Đồng Nai,26116,Thị Trấn Tân Phú,3
23/06/2025,75,Đồng Nai,26206,Thị Trấn Định Quán,1501
23/06/2025,75,Đồng Nai,26272,Xã Hố Nai 3,283
23/06/2025,75,Đồng Nai,26296,Xã An Viễn,185
23/06/2025,75,Đồng Nai,26299,Xã Gia Tân 1,60
23/06/2025,75,Đồng Nai,26311,Xã Quang Trung,651
23/06/2025,75,Đồng Nai,26317,Xã Hưng Lộc,20
23/06/2025,75,Đồng Nai,26326,Thị Trấn Dầu Giây,708
23/06/2025,75,Đồng Nai,26362,Xã Sông Ray,151
23/06/2025,75,Đồng Nai,26368,Thị Trấn Long Thành,695
23/06/2025,75,Đồng Nai,26374,Phường Tam Phước,285
23/06/2025,75,Đồng Nai,26377,Phường Phước Tân,38
23/06/2025,75,Đồng Nai,26416,Xã Phước Bình,301
23/06/2025,75,Đồng Nai,26455,Xã Xuân Hiệp,489
23/06/2025,75,Đồng Nai,26497,Xã Vĩnh Thanh,89
23/07/2025,75,Đồng Nai,25993,Phường Trảng Dài,34
23/07/2025,75,Đồng Nai,25996,Phường Tân Phong,124
23/07/2025,75,Đồng Nai,26029,Phường Thống Nhất,425
23/07/2025,75,Đồng Nai,26056,Phường Long Bình Tân,945
23/07/2025,75,Đồng Nai,26068,Phường Hóa An,281
23/07/2025,75,Đồng Nai,26095,Phường Suối Tre,1140
23/07/2025,75,Đồng Nai,26116,Thị Trấn Tân Phú,302
23/07/2025,75,Đồng Nai,26188,Xã Thạnh Phú,4
23/07/2025,75,Đồng Nai,26206,Thị Trấn Định Quán,262
23/07/2025,75,Đồng Nai,26272,Xã Hố Nai 3,228
23/07/2025,75,Đồng Nai,26296,Xã An Viễn,9
23/07/2025,75,Đồng Nai,26317,Xã Hưng Lộc,107
23/07/2025,75,Đồng Nai,26326,Thị Trấn Dầu Giây,29
23/07/2025,75,Đồng Nai,26341,Thị Trấn Long Giao,2
23/07/2025,75,Đồng Nai,26362,Xã Sông Ray,131
23/07/2025,75,Đồng Nai,26368,Thị Trấn Long Thành,548
23/07/2025,75,Đồng Nai,26374,Phường Tam Phước,2
23/07/2025,75,Đồng Nai,26377,Phường Phước Tân,46
23/07/2025,75,Đồng Nai,26416,Xã Phước Bình,83
23/07/2025,75,Đồng Nai,26452,Xã Suối Cát,28
23/07/2025,75,Đồng Nai,26455,Xã Xuân Hiệp,1
23/07/2025,75,Đồng Nai,26497,Xã Vĩnh Thanh,70
23/08/2025,75,Đồng Nai,25996,Phường Tân Phong,19
23/08/2025,75,Đồng Nai,26017,Phường Tam Hiệp,3
23/08/2025,75,Đồng Nai,26029,Phường Thống Nhất,10
23/08/2025,75,Đồng Nai,26050,Phường An Bình,32
23/08/2025,75,Đồng Nai,26056,Phường Long Bình Tân,880
23/08/2025,75,Đồng Nai,26068,Phường Hóa An,161
23/08/2025,75,Đồng Nai,26095,Phường Suối Tre,172
23/08/2025,75,Đồng Nai,26188,Xã Thạnh Phú,90
23/08/2025,75,Đồng Nai,26206,Thị Trấn Định Quán,229
23/08/2025,75,Đồng Nai,26272,Xã Hố Nai 3,812
23/08/2025,75,Đồng Nai,26296,Xã An Viễn,1
23/08/2025,75,Đồng Nai,26311,Xã Quang Trung,121
23/08/2025,75,Đồng Nai,26317,Xã Hưng Lộc,63
23/08/2025,75,Đồng Nai,26362,Xã Sông Ray,91
23/08/2025,75,Đồng Nai,26368,Thị Trấn Long Thành,108
23/08/2025,75,Đồng Nai,26389,Xã Long Đức,38
23/08/2025,75,Đồng Nai,26416,Xã Phước Bình,99
23/08/2025,75,Đồng Nai,26455,Xã Xuân Hiệp,331
23/08/2025,75,Đồng Nai,26497,Xã Vĩnh Thanh,76
23/12/2024,75,Đồng Nai,26341,Thị Trấn Long Giao,1
23/12/2024,75,Đồng Nai,26377,Phường Phước Tân,1
23/12/2024,75,Đồng Nai,26452,Xã Suối Cát,6
24/01/2025,75,Đồng Nai,26026,Phường Tân Mai,2
24/01/2025,75,Đồng Nai,26080,Phường Xuân An,2
24/01/2025,75,Đồng Nai,26248,Thị Trấn Trảng Bom,7
24/01/2025,75,Đồng Nai,26341,Thị Trấn Long Giao,567
24/01/2025,75,Đồng Nai,26452,Xã Suối Cát,1
24/02/2025,75,Đồng Nai,25993,Phường Trảng Dài,33
24/02/2025,75,Đồng Nai,26026,Phường Tân Mai,22
24/02/2025,75,Đồng Nai,26080,Phường Xuân An,1
24/02/2025,75,Đồng Nai,26248,Thị Trấn Trảng Bom,150
24/02/2025,75,Đồng Nai,26341,Thị Trấn Long Giao,529
24/02/2025,75,Đồng Nai,26452,Xã Suối Cát,773
24/03/2025,75,Đồng Nai,25996,Phường Tân Phong,11
24/03/2025,75,Đồng Nai,26008,Phường Tân Hiệp,1
24/03/2025,75,Đồng Nai,26026,Phường Tân Mai,931
24/03/2025,75,Đồng Nai,26080,Phường Xuân An,1
24/03/2025,75,Đồng Nai,26095,Phường Suối Tre,24
24/03/2025,75,Đồng Nai,26116,Thị Trấn Tân Phú,8
24/03/2025,75,Đồng Nai,26206,Thị Trấn Định Quán,11
24/03/2025,75,Đồng Nai,26248,Thị Trấn Trảng Bom,383
24/03/2025,75,Đồng Nai,26272,Xã Hố Nai 3,6
24/03/2025,75,Đồng Nai,26326,Thị Trấn Dầu Giây,5
24/03/2025,75,Đồng Nai,26377,Phường Phước Tân,2
24/03/2025,75,Đồng Nai,26452,Xã Suối Cát,775
24/03/2025,75,Đồng Nai,26455,Xã Xuân Hiệp,2
24/04/2025,75,Đồng Nai,25993,Phường Trảng Dài,265
24/04/2025,75,Đồng Nai,25996,Phường Tân Phong,52
24/04/2025,75,Đồng Nai,25999,Phường Tân Biên,11
24/04/2025,75,Đồng Nai,26017,Phường Tam Hiệp,1
24/04/2025,75,Đồng Nai,26029,Phường Thống Nhất,15
24/04/2025,75,Đồng Nai,26068,Phường Hóa An,6
24/04/2025,75,Đồng Nai,26095,Phường Suối Tre,2031
24/04/2025,75,Đồng Nai,26116,Thị Trấn Tân Phú,3
24/04/2025,75,Đồng Nai,26188,Xã Thạnh Phú,2
24/04/2025,75,Đồng Nai,26206,Thị Trấn Định Quán,486
24/04/2025,75,Đồng Nai,26272,Xã Hố Nai 3,429
24/04/2025,75,Đồng Nai,26326,Thị Trấn Dầu Giây,533
24/04/2025,75,Đồng Nai,26341,Thị Trấn Long Giao,4
24/04/2025,75,Đồng Nai,26362,Xã Sông Ray,12
24/04/2025,75,Đồng Nai,26368,Thị Trấn Long Thành,423
24/04/2025,75,Đồng Nai,26377,Phường Phước Tân,27
24/04/2025,75,Đồng Nai,26452,Xã Suối Cát,649
24/04/2025,75,Đồng Nai,26455,Xã Xuân Hiệp,1
24/05/2025,75,Đồng Nai,25996,Phường Tân Phong,10
24/05/2025,75,Đồng Nai,25999,Phường Tân Biên,6
24/05/2025,75,Đồng Nai,26017,Phường Tam Hiệp,86
24/05/2025,75,Đồng Nai,26029,Phường Thống Nhất,25
24/05/2025,75,Đồng Nai,26050,Phường An Bình,34
24/05/2025,75,Đồng Nai,26068,Phường Hóa An,187
24/05/2025,75,Đồng Nai,26095,Phường Suối Tre,46
24/05/2025,75,Đồng Nai,26116,Thị Trấn Tân Phú,96
24/05/2025,75,Đồng Nai,26188,Xã Thạnh Phú,55
24/05/2025,75,Đồng Nai,26206,Thị Trấn Định Quán,41
24/05/2025,75,Đồng Nai,26272,Xã Hố Nai 3,591
24/05/2025,75,Đồng Nai,26296,Xã An Viễn,6
24/05/2025,75,Đồng Nai,26311,Xã Quang Trung,7
24/05/2025,75,Đồng Nai,26317,Xã Hưng Lộc,7
24/05/2025,75,Đồng Nai,26326,Thị Trấn Dầu Giây,156
24/05/2025,75,Đồng Nai,26368,Thị Trấn Long Thành,102
24/05/2025,75,Đồng Nai,26374,Phường Tam Phước,109
24/05/2025,75,Đồng Nai,26416,Xã Phước Bình,1
24/05/2025,75,Đồng Nai,26452,Xã Suối Cát,44
24/05/2025,75,Đồng Nai,26455,Xã Xuân Hiệp,342
24/05/2025,75,Đồng Nai,26497,Xã Vĩnh Thanh,92
24/06/2024,75,Đồng Nai,26035,Phường Tam Hòa,1
24/06/2024,75,Đồng Nai,26206,Thị Trấn Định Quán,1
24/06/2025,75,Đồng Nai,25993,Phường Trảng Dài,1
24/06/2025,75,Đồng Nai,25996,Phường Tân Phong,317
24/06/2025,75,Đồng Nai,26002,Phường Hố Nai,27
24/06/2025,75,Đồng Nai,26017,Phường Tam Hiệp,73
24/06/2025,75,Đồng Nai,26020,Phường Long Bình,28
24/06/2025,75,Đồng Nai,26029,Phường Thống Nhất,505
24/06/2025,75,Đồng Nai,26050,Phường An Bình,105
24/06/2025,75,Đồng Nai,26056,Phường Long Bình Tân,805
24/06/2025,75,Đồng Nai,26068,Phường Hóa An,313
24/06/2025,75,Đồng Nai,26095,Phường Suối Tre,428
24/06/2025,75,Đồng Nai,26116,Thị Trấn Tân Phú,10
24/06/2025,75,Đồng Nai,26206,Thị Trấn Định Quán,1391
24/06/2025,75,Đồng Nai,26272,Xã Hố Nai 3,594
24/06/2025,75,Đồng Nai,26296,Xã An Viễn,171
24/06/2025,75,Đồng Nai,26299,Xã Gia Tân 1,63
24/06/2025,75,Đồng Nai,26311,Xã Quang Trung,267
24/06/2025,75,Đồng Nai,26317,Xã Hưng Lộc,132
24/06/2025,75,Đồng Nai,26326,Thị Trấn Dầu Giây,604
24/06/2025,75,Đồng Nai,26362,Xã Sông Ray,120
24/06/2025,75,Đồng Nai,26368,Thị Trấn Long Thành,584
24/06/2025,75,Đồng Nai,26374,Phường Tam Phước,29
24/06/2025,75,Đồng Nai,26377,Phường Phước Tân,31
24/06/2025,75,Đồng Nai,26416,Xã Phước Bình,169
24/06/2025,75,Đồng Nai,26455,Xã Xuân Hiệp,370
24/06/2025,75,Đồng Nai,26497,Xã Vĩnh Thanh,70
24/07/2025,75,Đồng Nai,25993,Phường Trảng Dài,131
24/07/2025,75,Đồng Nai,25996,Phường Tân Phong,161
24/07/2025,75,Đồng Nai,26029,Phường Thống Nhất,23
24/07/2025,75,Đồng Nai,26050,Phường An Bình,48
24/07/2025,75,Đồng Nai,26056,Phường Long Bình Tân,892
24/07/2025,75,Đồng Nai,26068,Phường Hóa An,143
24/07/2025,75,Đồng Nai,26095,Phường Suối Tre,1157
24/07/2025,75,Đồng Nai,26116,Thị Trấn Tân Phú,400
24/07/2025,75,Đồng Nai,26188,Xã Thạnh Phú,7
24/07/2025,75,Đồng Nai,26206,Thị Trấn Định Quán,181
24/07/2025,75,Đồng Nai,26272,Xã Hố Nai 3,405
24/07/2025,75,Đồng Nai,26296,Xã An Viễn,151
24/07/2025,75,Đồng Nai,26317,Xã Hưng Lộc,84
24/07/2025,75,Đồng Nai,26326,Thị Trấn Dầu Giây,30
24/07/2025,75,Đồng Nai,26341,Thị Trấn Long Giao,4
24/07/2025,75,Đồng Nai,26362,Xã Sông Ray,135
24/07/2025,75,Đồng Nai,26368,Thị Trấn Long Thành,476
24/07/2025,75,Đồng Nai,26374,Phường Tam Phước,75
24/07/2025,75,Đồng Nai,26377,Phường Phước Tân,24
24/07/2025,75,Đồng Nai,26416,Xã Phước Bình,171
24/07/2025,75,Đồng Nai,26452,Xã Suối Cát,27
24/07/2025,75,Đồng Nai,26455,Xã Xuân Hiệp,2
24/07/2025,75,Đồng Nai,26497,Xã Vĩnh Thanh,14
24/08/2025,75,Đồng Nai,25996,Phường Tân Phong,33
24/08/2025,75,Đồng Nai,26029,Phường Thống Nhất,13
24/08/2025,75,Đồng Nai,26050,Phường An Bình,13
24/08/2025,75,Đồng Nai,26056,Phường Long Bình Tân,321
24/08/2025,75,Đồng Nai,26095,Phường Suối Tre,511
24/08/2025,75,Đồng Nai,26188,Xã Thạnh Phú,87
24/08/2025,75,Đồng Nai,26206,Thị Trấn Định Quán,112
24/08/2025,75,Đồng Nai,26272,Xã Hố Nai 3,527
24/08/2025,75,Đồng Nai,26296,Xã An Viễn,58
24/08/2025,75,Đồng Nai,26362,Xã Sông Ray,29
24/08/2025,75,Đồng Nai,26368,Thị Trấn Long Thành,230
24/08/2025,75,Đồng Nai,26389,Xã Long Đức,23
24/08/2025,75,Đồng Nai,26416,Xã Phước Bình,6
24/08/2025,75,Đồng Nai,26455,Xã Xuân Hiệp,337
24/08/2025,75,Đồng Nai,26497,Xã Vĩnh Thanh,69
24/12/2024,75,Đồng Nai,26341,Thị Trấn Long Giao,2
24/12/2024,75,Đồng Nai,26452,Xã Suối Cát,6
25/01/2025,75,Đồng Nai,26248,Thị Trấn Trảng Bom,5
25/01/2025,75,Đồng Nai,26341,Thị Trấn Long Giao,4
25/02/2025,75,Đồng Nai,25993,Phường Trảng Dài,42
25/02/2025,75,Đồng Nai,26026,Phường Tân Mai,43
25/02/2025,75,Đồng Nai,26080,Phường Xuân An,2
25/02/2025,75,Đồng Nai,26248,Thị Trấn Trảng Bom,75
25/02/2025,75,Đồng Nai,26341,Thị Trấn Long Giao,491
25/02/2025,75,Đồng Nai,26452,Xã Suối Cát,552
25/03/2019,75,Đồng Nai,26248,Thị Trấn Trảng Bom,1
25/03/2025,75,Đồng Nai,25996,Phường Tân Phong,17
25/03/2025,75,Đồng Nai,26026,Phường Tân Mai,568
25/03/2025,75,Đồng Nai,26095,Phường Suối Tre,9
25/03/2025,75,Đồng Nai,26116,Thị Trấn Tân Phú,9
25/03/2025,75,Đồng Nai,26206,Thị Trấn Định Quán,3
25/03/2025,75,Đồng Nai,26248,Thị Trấn Trảng Bom,560
25/03/2025,75,Đồng Nai,26254,Xã Cây Gáo,1
25/03/2025,75,Đồng Nai,26272,Xã Hố Nai 3,8
25/03/2025,75,Đồng Nai,26326,Thị Trấn Dầu Giây,5
25/03/2025,75,Đồng Nai,26452,Xã Suối Cát,577
25/04/2025,75,Đồng Nai,25993,Phường Trảng Dài,90
25/04/2025,75,Đồng Nai,25996,Phường Tân Phong,63
25/04/2025,75,Đồng Nai,25999,Phường Tân Biên,11
25/04/2025,75,Đồng Nai,26017,Phường Tam Hiệp,2
25/04/2025,75,Đồng Nai,26029,Phường Thống Nhất,12
25/04/2025,75,Đồng Nai,26068,Phường Hóa An,3
25/04/2025,75,Đồng Nai,26095,Phường Suối Tre,1162
25/04/2025,75,Đồng Nai,26116,Thị Trấn Tân Phú,4
25/04/2025,75,Đồng Nai,26188,Xã Thạnh Phú,1
25/04/2025,75,Đồng Nai,26206,Thị Trấn Định Quán,683
25/04/2025,75,Đồng Nai,26272,Xã Hố Nai 3,436
25/04/2025,75,Đồng Nai,26326,Thị Trấn Dầu Giây,539
25/04/2025,75,Đồng Nai,26341,Thị Trấn Long Giao,6
25/04/2025,75,Đồng Nai,26362,Xã Sông Ray,7
25/04/2025,75,Đồng Nai,26368,Thị Trấn Long Thành,491
25/04/2025,75,Đồng Nai,26377,Phường Phước Tân,35
25/04/2025,75,Đồng Nai,26452,Xã Suối Cát,649
25/04/2025,75,Đồng Nai,26455,Xã Xuân Hiệp,11
25/05/2025,75,Đồng Nai,25996,Phường Tân Phong,30
25/05/2025,75,Đồng Nai,25999,Phường Tân Biên,7
25/05/2025,75,Đồng Nai,26017,Phường Tam Hiệp,9
25/05/2025,75,Đồng Nai,26029,Phường Thống Nhất,157
25/05/2025,75,Đồng Nai,26056,Phường Long Bình Tân,3
25/05/2025,75,Đồng Nai,26068,Phường Hóa An,111
25/05/2025,75,Đồng Nai,26095,Phường Suối Tre,349
25/05/2025,75,Đồng Nai,26116,Thị Trấn Tân Phú,90
25/05/2025,75,Đồng Nai,26188,Xã Thạnh Phú,22
25/05/2025,75,Đồng Nai,26206,Thị Trấn Định Quán,48
25/05/2025,75,Đồng Nai,26272,Xã Hố Nai 3,623
25/05/2025,75,Đồng Nai,26296,Xã An Viễn,50
25/05/2025,75,Đồng Nai,26299,Xã Gia Tân 1,22
25/05/2025,75,Đồng Nai,26311,Xã Quang Trung,85
25/05/2025,75,Đồng Nai,26317,Xã Hưng Lộc,2
25/05/2025,75,Đồng Nai,26326,Thị Trấn Dầu Giây,58
25/05/2025,75,Đồng Nai,26368,Thị Trấn Long Thành,100
25/05/2025,75,Đồng Nai,26374,Phường Tam Phước,77
25/05/2025,75,Đồng Nai,26377,Phường Phước Tân,2
25/05/2025,75,Đồng Nai,26416,Xã Phước Bình,3
25/05/2025,75,Đồng Nai,26452,Xã Suối Cát,37
25/05/2025,75,Đồng Nai,26455,Xã Xuân Hiệp,271
25/05/2025,75,Đồng Nai,26485,Xã Phú Hội,1
25/05/2025,75,Đồng Nai,26497,Xã Vĩnh Thanh,73
25/06/2024,75,Đồng Nai,26035,Phường Tam Hòa,3
25/06/2025,75,Đồng Nai,25996,Phường Tân Phong,41
25/06/2025,75,Đồng Nai,26002,Phường Hố Nai,63
25/06/2025,75,Đồng Nai,26017,Phường Tam Hiệp,75
25/06/2025,75,Đồng Nai,26020,Phường Long Bình,22
25/06/2025,75,Đồng Nai,26029,Phường Thống Nhất,503
25/06/2025,75,Đồng Nai,26050,Phường An Bình,79
25/06/2025,75,Đồng Nai,26056,Phường Long Bình Tân,692
25/06/2025,75,Đồng Nai,26068,Phường Hóa An,275
25/06/2025,75,Đồng Nai,26095,Phường Suối Tre,983
25/06/2025,75,Đồng Nai,26116,Thị Trấn Tân Phú,21
25/06/2025,75,Đồng Nai,26206,Thị Trấn Định Quán,970
25/06/2025,75,Đồng Nai,26272,Xã Hố Nai 3,487
25/06/2025,75,Đồng Nai,26296,Xã An Viễn,162
25/06/2025,75,Đồng Nai,26299,Xã Gia Tân 1,53
25/06/2025,75,Đồng Nai,26311,Xã Quang Trung,130
25/06/2025,75,Đồng Nai,26317,Xã Hưng Lộc,79
25/06/2025,75,Đồng Nai,26326,Thị Trấn Dầu Giây,428
25/06/2025,75,Đồng Nai,26362,Xã Sông Ray,99
25/06/2025,75,Đồng Nai,26368,Thị Trấn Long Thành,394
25/06/2025,75,Đồng Nai,26374,Phường Tam Phước,90
25/06/2025,75,Đồng Nai,26377,Phường Phước Tân,40
25/06/2025,75,Đồng Nai,26416,Xã Phước Bình,67
25/06/2025,75,Đồng Nai,26455,Xã Xuân Hiệp,300
25/06/2025,75,Đồng Nai,26497,Xã Vĩnh Thanh,72
25/07/2025,75,Đồng Nai,25993,Phường Trảng Dài,42
25/07/2025,75,Đồng Nai,25996,Phường Tân Phong,101
25/07/2025,75,Đồng Nai,26029,Phường Thống Nhất,16
25/07/2025,75,Đồng Nai,26056,Phường Long Bình Tân,900
25/07/2025,75,Đồng Nai,26068,Phường Hóa An,116
25/07/2025,75,Đồng Nai,26095,Phường Suối Tre,1046
25/07/2025,75,Đồng Nai,26116,Thị Trấn Tân Phú,348
25/07/2025,75,Đồng Nai,26188,Xã Thạnh Phú,54
25/07/2025,75,Đồng Nai,26206,Thị Trấn Định Quán,316
25/07/2025,75,Đồng Nai,26272,Xã Hố Nai 3,30
25/07/2025,75,Đồng Nai,26296,Xã An Viễn,162
25/07/2025,75,Đồng Nai,26317,Xã Hưng Lộc,39
25/07/2025,75,Đồng Nai,26326,Thị Trấn Dầu Giây,20
25/07/2025,75,Đồng Nai,26362,Xã Sông Ray,70
25/07/2025,75,Đồng Nai,26368,Thị Trấn Long Thành,480
25/07/2025,75,Đồng Nai,26377,Phường Phước Tân,31
25/07/2025,75,Đồng Nai,26416,Xã Phước Bình,10
25/07/2025,75,Đồng Nai,26452,Xã Suối Cát,27
25/07/2025,75,Đồng Nai,26455,Xã Xuân Hiệp,1
25/07/2025,75,Đồng Nai,26497,Xã Vĩnh Thanh,76
25/08/2025,75,Đồng Nai,25993,Phường Trảng Dài,93
25/08/2025,75,Đồng Nai,25996,Phường Tân Phong,360
25/08/2025,75,Đồng Nai,26017,Phường Tam Hiệp,123
25/08/2025,75,Đồng Nai,26029,Phường Thống Nhất,86
25/08/2025,75,Đồng Nai,26056,Phường Long Bình Tân,88
25/08/2025,75,Đồng Nai,26068,Phường Hóa An,213
25/08/2025,75,Đồng Nai,26095,Phường Suối Tre,1517
25/08/2025,75,Đồng Nai,26188,Xã Thạnh Phú,153
25/08/2025,75,Đồng Nai,26206,Thị Trấn Định Quán,666
25/08/2025,75,Đồng Nai,26272,Xã Hố Nai 3,870
25/08/2025,75,Đồng Nai,26296,Xã An Viễn,18
25/08/2025,75,Đồng Nai,26311,Xã Quang Trung,232
25/08/2025,75,Đồng Nai,26317,Xã Hưng Lộc,160
25/08/2025,75,Đồng Nai,26341,Thị Trấn Long Giao,2
25/08/2025,75,Đồng Nai,26362,Xã Sông Ray,34
25/08/2025,75,Đồng Nai,26368,Thị Trấn Long Thành,530
25/08/2025,75,Đồng Nai,26389,Xã Long Đức,83
25/08/2025,75,Đồng Nai,26416,Xã Phước Bình,111
25/08/2025,75,Đồng Nai,26455,Xã Xuân Hiệp,433
25/08/2025,75,Đồng Nai,26497,Xã Vĩnh Thanh,93
25/11/2024,75,Đồng Nai,26248,Thị Trấn Trảng Bom,2
25/12/2024,75,Đồng Nai,26341,Thị Trấn Long Giao,1
25/12/2024,75,Đồng Nai,26452,Xã Suối Cát,6
26/01/2025,75,Đồng Nai,26248,Thị Trấn Trảng Bom,13
26/01/2025,75,Đồng Nai,26341,Thị Trấn Long Giao,9
26/01/2025,75,Đồng Nai,26452,Xã Suối Cát,3
26/02/2025,75,Đồng Nai,25993,Phường Trảng Dài,28
26/02/2025,75,Đồng Nai,26026,Phường Tân Mai,246
26/02/2025,75,Đồng Nai,26248,Thị Trấn Trảng Bom,103
26/02/2025,75,Đồng Nai,26341,Thị Trấn Long Giao,361
26/02/2025,75,Đồng Nai,26452,Xã Suối Cát,500
26/03/2019,75,Đồng Nai,26248,Thị Trấn Trảng Bom,1
26/03/2025,75,Đồng Nai,25996,Phường Tân Phong,9
26/03/2025,75,Đồng Nai,26026,Phường Tân Mai,102
26/03/2025,75,Đồng Nai,26080,Phường Xuân An,1
26/03/2025,75,Đồng Nai,26095,Phường Suối Tre,13
26/03/2025,75,Đồng Nai,26116,Thị Trấn Tân Phú,19
26/03/2025,75,Đồng Nai,26206,Thị Trấn Định Quán,5
26/03/2025,75,Đồng Nai,26248,Thị Trấn Trảng Bom,591
26/03/2025,75,Đồng Nai,26272,Xã Hố Nai 3,6
26/03/2025,75,Đồng Nai,26326,Thị Trấn Dầu Giây,8
26/03/2025,75,Đồng Nai,26368,Thị Trấn Long Thành,3
26/03/2025,75,Đồng Nai,26452,Xã Suối Cát,657
26/04/2025,75,Đồng Nai,25996,Phường Tân Phong,8
26/04/2025,75,Đồng Nai,25999,Phường Tân Biên,5
26/04/2025,75,Đồng Nai,26017,Phường Tam Hiệp,31
26/04/2025,75,Đồng Nai,26029,Phường Thống Nhất,7
26/04/2025,75,Đồng Nai,26056,Phường Long Bình Tân,1
26/04/2025,75,Đồng Nai,26068,Phường Hóa An,8
26/04/2025,75,Đồng Nai,26095,Phường Suối Tre,371
26/04/2025,75,Đồng Nai,26116,Thị Trấn Tân Phú,2
26/04/2025,75,Đồng Nai,26188,Xã Thạnh Phú,4
26/04/2025,75,Đồng Nai,26206,Thị Trấn Định Quán,314
26/04/2025,75,Đồng Nai,26272,Xã Hố Nai 3,535
26/04/2025,75,Đồng Nai,26326,Thị Trấn Dầu Giây,201
26/04/2025,75,Đồng Nai,26341,Thị Trấn Long Giao,3
26/04/2025,75,Đồng Nai,26362,Xã Sông Ray,85
26/04/2025,75,Đồng Nai,26368,Thị Trấn Long Thành,215
26/04/2025,75,Đồng Nai,26377,Phường Phước Tân,12
26/04/2025,75,Đồng Nai,26452,Xã Suối Cát,230
26/04/2025,75,Đồng Nai,26455,Xã Xuân Hiệp,1
26/04/2025,75,Đồng Nai,26470,Xã Phước Thiền,1
26/04/2025,75,Đồng Nai,26497,Xã Vĩnh Thanh,6
26/05/2025,75,Đồng Nai,25996,Phường Tân Phong,232
26/05/2025,75,Đồng Nai,25999,Phường Tân Biên,11
26/05/2025,75,Đồng Nai,26017,Phường Tam Hiệp,152
26/05/2025,75,Đồng Nai,26029,Phường Thống Nhất,632
26/05/2025,75,Đồng Nai,26050,Phường An Bình,120
26/05/2025,75,Đồng Nai,26056,Phường Long Bình Tân,3
26/05/2025,75,Đồng Nai,26068,Phường Hóa An,217
26/05/2025,75,Đồng Nai,26095,Phường Suối Tre,1439
26/05/2025,75,Đồng Nai,26116,Thị Trấn Tân Phú,465
26/05/2025,75,Đồng Nai,26188,Xã Thạnh Phú,58
26/05/2025,75,Đồng Nai,26206,Thị Trấn Định Quán,236
26/05/2025,75,Đồng Nai,26272,Xã Hố Nai 3,698
26/05/2025,75,Đồng Nai,26296,Xã An Viễn,190
26/05/2025,75,Đồng Nai,26299,Xã Gia Tân 1,17
26/05/2025,75,Đồng Nai,26317,Xã Hưng Lộc,140
26/05/2025,75,Đồng Nai,26326,Thị Trấn Dầu Giây,684
26/05/2025,75,Đồng Nai,26362,Xã Sông Ray,102
26/05/2025,75,Đồng Nai,26368,Thị Trấn Long Thành,594
26/05/2025,75,Đồng Nai,26374,Phường Tam Phước,37
26/05/2025,75,Đồng Nai,26377,Phường Phước Tân,48
26/05/2025,75,Đồng Nai,26416,Xã Phước Bình,13
26/05/2025,75,Đồng Nai,26440,Xã Xuân Trường,4
26/05/2025,75,Đồng Nai,26452,Xã Suối Cát,14
26/05/2025,75,Đồng Nai,26455,Xã Xuân Hiệp,424
26/05/2025,75,Đồng Nai,26485,Xã Phú Hội,1
26/05/2025,75,Đồng Nai,26497,Xã Vĩnh Thanh,102
26/06/2024,75,Đồng Nai,26035,Phường Tam Hòa,1
26/06/2025,75,Đồng Nai,25996,Phường Tân Phong,85
26/06/2025,75,Đồng Nai,26002,Phường Hố Nai,23
26/06/2025,75,Đồng Nai,26017,Phường Tam Hiệp,74
26/06/2025,75,Đồng Nai,26020,Phường Long Bình,14
26/06/2025,75,Đồng Nai,26029,Phường Thống Nhất,366
26/06/2025,75,Đồng Nai,26035,Phường Tam Hòa,1
26/06/2025,75,Đồng Nai,26050,Phường An Bình,77
26/06/2025,75,Đồng Nai,26056,Phường Long Bình Tân,648
26/06/2025,75,Đồng Nai,26068,Phường Hóa An,212
26/06/2025,75,Đồng Nai,26095,Phường Suối Tre,1209
26/06/2025,75,Đồng Nai,26116,Thị Trấn Tân Phú,18
26/06/2025,75,Đồng Nai,26206,Thị Trấn Định Quán,385
26/06/2025,75,Đồng Nai,26272,Xã Hố Nai 3,138
26/06/2025,75,Đồng Nai,26275,Xã Tây Hoà,2
26/06/2025,75,Đồng Nai,26296,Xã An Viễn,84
26/06/2025,75,Đồng Nai,26299,Xã Gia Tân 1,45
26/06/2025,75,Đồng Nai,26311,Xã Quang Trung,141
26/06/2025,75,Đồng Nai,26317,Xã Hưng Lộc,77
26/06/2025,75,Đồng Nai,26326,Thị Trấn Dầu Giây,506
26/06/2025,75,Đồng Nai,26362,Xã Sông Ray,109
26/06/2025,75,Đồng Nai,26368,Thị Trấn Long Thành,128
26/06/2025,75,Đồng Nai,26374,Phường Tam Phước,66
26/06/2025,75,Đồng Nai,26377,Phường Phước Tân,47
26/06/2025,75,Đồng Nai,26416,Xã Phước Bình,79
26/06/2025,75,Đồng Nai,26455,Xã Xuân Hiệp,337
26/06/2025,75,Đồng Nai,26497,Xã Vĩnh Thanh,62
26/07/2025,75,Đồng Nai,25996,Phường Tân Phong,436
26/07/2025,75,Đồng Nai,26017,Phường Tam Hiệp,4
26/07/2025,75,Đồng Nai,26029,Phường Thống Nhất,9
26/07/2025,75,Đồng Nai,26050,Phường An Bình,25
26/07/2025,75,Đồng Nai,26056,Phường Long Bình Tân,943
26/07/2025,75,Đồng Nai,26068,Phường Hóa An,166
26/07/2025,75,Đồng Nai,26095,Phường Suối Tre,229
26/07/2025,75,Đồng Nai,26116,Thị Trấn Tân Phú,103
26/07/2025,75,Đồng Nai,26188,Xã Thạnh Phú,56
26/07/2025,75,Đồng Nai,26206,Thị Trấn Định Quán,121
26/07/2025,75,Đồng Nai,26272,Xã Hố Nai 3,139
26/07/2025,75,Đồng Nai,26296,Xã An Viễn,159
26/07/2025,75,Đồng Nai,26311,Xã Quang Trung,2
26/07/2025,75,Đồng Nai,26317,Xã Hưng Lộc,112
26/07/2025,75,Đồng Nai,26326,Thị Trấn Dầu Giây,20
26/07/2025,75,Đồng Nai,26362,Xã Sông Ray,86
26/07/2025,75,Đồng Nai,26368,Thị Trấn Long Thành,115
26/07/2025,75,Đồng Nai,26374,Phường Tam Phước,69
26/07/2025,75,Đồng Nai,26416,Xã Phước Bình,98
26/07/2025,75,Đồng Nai,26452,Xã Suối Cát,14
26/07/2025,75,Đồng Nai,26455,Xã Xuân Hiệp,2
26/07/2025,75,Đồng Nai,26497,Xã Vĩnh Thanh,93
26/08/2025,75,Đồng Nai,25993,Phường Trảng Dài,95
26/08/2025,75,Đồng Nai,25996,Phường Tân Phong,76
26/08/2025,75,Đồng Nai,26017,Phường Tam Hiệp,84
26/08/2025,75,Đồng Nai,26029,Phường Thống Nhất,479
26/08/2025,75,Đồng Nai,26056,Phường Long Bình Tân,64
26/08/2025,75,Đồng Nai,26068,Phường Hóa An,145
26/08/2025,75,Đồng Nai,26095,Phường Suối Tre,1338
26/08/2025,75,Đồng Nai,26188,Xã Thạnh Phú,137
26/08/2025,75,Đồng Nai,26206,Thị Trấn Định Quán,475
26/08/2025,75,Đồng Nai,26272,Xã Hố Nai 3,608
26/08/2025,75,Đồng Nai,26296,Xã An Viễn,12
26/08/2025,75,Đồng Nai,26311,Xã Quang Trung,200
26/08/2025,75,Đồng Nai,26362,Xã Sông Ray,120
26/08/2025,75,Đồng Nai,26368,Thị Trấn Long Thành,149
26/08/2025,75,Đồng Nai,26389,Xã Long Đức,37
26/08/2025,75,Đồng Nai,26416,Xã Phước Bình,76
26/08/2025,75,Đồng Nai,26455,Xã Xuân Hiệp,770
26/08/2025,75,Đồng Nai,26497,Xã Vĩnh Thanh,90
26/12/2023,75,Đồng Nai,26248,Thị Trấn Trảng Bom,1
26/12/2024,75,Đồng Nai,26341,Thị Trấn Long Giao,6
26/12/2024,75,Đồng Nai,26452,Xã Suối Cát,9
27/01/2025,75,Đồng Nai,26248,Thị Trấn Trảng Bom,8
27/01/2025,75,Đồng Nai,26341,Thị Trấn Long Giao,6
27/01/2025,75,Đồng Nai,26452,Xã Suối Cát,3
27/02/2025,75,Đồng Nai,25993,Phường Trảng Dài,37
27/02/2025,75,Đồng Nai,26026,Phường Tân Mai,275
27/02/2025,75,Đồng Nai,26029,Phường Thống Nhất,1
27/02/2025,75,Đồng Nai,26116,Thị Trấn Tân Phú,1
27/02/2025,75,Đồng Nai,26248,Thị Trấn Trảng Bom,355
27/02/2025,75,Đồng Nai,26341,Thị Trấn Long Giao,390
27/02/2025,75,Đồng Nai,26452,Xã Suối Cát,506
27/03/2022,75,Đồng Nai,26248,Thị Trấn Trảng Bom,2
27/03/2025,75,Đồng Nai,25996,Phường Tân Phong,12
27/03/2025,75,Đồng Nai,25999,Phường Tân Biên,2
27/03/2025,75,Đồng Nai,26026,Phường Tân Mai,619
27/03/2025,75,Đồng Nai,26080,Phường Xuân An,1
27/03/2025,75,Đồng Nai,26095,Phường Suối Tre,26
27/03/2025,75,Đồng Nai,26116,Thị Trấn Tân Phú,17
27/03/2025,75,Đồng Nai,26206,Thị Trấn Định Quán,3
27/03/2025,75,Đồng Nai,26248,Thị Trấn Trảng Bom,578
27/03/2025,75,Đồng Nai,26272,Xã Hố Nai 3,24
27/03/2025,75,Đồng Nai,26326,Thị Trấn Dầu Giây,12
27/03/2025,75,Đồng Nai,26368,Thị Trấn Long Thành,2
27/03/2025,75,Đồng Nai,26377,Phường Phước Tân,1
27/03/2025,75,Đồng Nai,26452,Xã Suối Cát,550
27/04/2025,75,Đồng Nai,25996,Phường Tân Phong,22
27/04/2025,75,Đồng Nai,25999,Phường Tân Biên,8
27/04/2025,75,Đồng Nai,26017,Phường Tam Hiệp,2
27/04/2025,75,Đồng Nai,26029,Phường Thống Nhất,7
27/04/2025,75,Đồng Nai,26068,Phường Hóa An,4
27/04/2025,75,Đồng Nai,26095,Phường Suối Tre,866
27/04/2025,75,Đồng Nai,26116,Thị Trấn Tân Phú,5
27/04/2025,75,Đồng Nai,26188,Xã Thạnh Phú,19
27/04/2025,75,Đồng Nai,26206,Thị Trấn Định Quán,92
27/04/2025,75,Đồng Nai,26272,Xã Hố Nai 3,316
27/04/2025,75,Đồng Nai,26326,Thị Trấn Dầu Giây,70
27/04/2025,75,Đồng Nai,26341,Thị Trấn Long Giao,2
27/04/2025,75,Đồng Nai,26362,Xã Sông Ray,44
27/04/2025,75,Đồng Nai,26368,Thị Trấn Long Thành,55
27/04/2025,75,Đồng Nai,26377,Phường Phước Tân,1
27/04/2025,75,Đồng Nai,26452,Xã Suối Cát,67
27/04/2025,75,Đồng Nai,26455,Xã Xuân Hiệp,3
27/04/2025,75,Đồng Nai,26497,Xã Vĩnh Thanh,3
27/05/2025,75,Đồng Nai,25996,Phường Tân Phong,112
27/05/2025,75,Đồng Nai,25999,Phường Tân Biên,7
27/05/2025,75,Đồng Nai,26017,Phường Tam Hiệp,104
27/05/2025,75,Đồng Nai,26029,Phường Thống Nhất,451
27/05/2025,75,Đồng Nai,26050,Phường An Bình,27
27/05/2025,75,Đồng Nai,26068,Phường Hóa An,142
27/05/2025,75,Đồng Nai,26095,Phường Suối Tre,848
27/05/2025,75,Đồng Nai,26116,Thị Trấn Tân Phú,357
27/05/2025,75,Đồng Nai,26188,Xã Thạnh Phú,40
27/05/2025,75,Đồng Nai,26206,Thị Trấn Định Quán,210
27/05/2025,75,Đồng Nai,26272,Xã Hố Nai 3,530
27/05/2025,75,Đồng Nai,26296,Xã An Viễn,195
27/05/2025,75,Đồng Nai,26299,Xã Gia Tân 1,31
27/05/2025,75,Đồng Nai,26317,Xã Hưng Lộc,96
27/05/2025,75,Đồng Nai,26326,Thị Trấn Dầu Giây,583
27/05/2025,75,Đồng Nai,26362,Xã Sông Ray,80
27/05/2025,75,Đồng Nai,26368,Thị Trấn Long Thành,513
27/05/2025,75,Đồng Nai,26374,Phường Tam Phước,33
27/05/2025,75,Đồng Nai,26377,Phường Phước Tân,41
27/05/2025,75,Đồng Nai,26416,Xã Phước Bình,92
27/05/2025,75,Đồng Nai,26440,Xã Xuân Trường,1
27/05/2025,75,Đồng Nai,26452,Xã Suối Cát,17
27/05/2025,75,Đồng Nai,26455,Xã Xuân Hiệp,344
27/05/2025,75,Đồng Nai,26497,Xã Vĩnh Thanh,69
27/06/2025,75,Đồng Nai,25996,Phường Tân Phong,340
27/06/2025,75,Đồng Nai,26002,Phường Hố Nai,1
27/06/2025,75,Đồng Nai,26017,Phường Tam Hiệp,71
27/06/2025,75,Đồng Nai,26020,Phường Long Bình,25
27/06/2025,75,Đồng Nai,26029,Phường Thống Nhất,4
27/06/2025,75,Đồng Nai,26035,Phường Tam Hòa,2
27/06/2025,75,Đồng Nai,26050,Phường An Bình,71
27/06/2025,75,Đồng Nai,26056,Phường Long Bình Tân,2
27/06/2025,75,Đồng Nai,26068,Phường Hóa An,225
27/06/2025,75,Đồng Nai,26095,Phường Suối Tre,925
27/06/2025,75,Đồng Nai,26116,Thị Trấn Tân Phú,13
27/06/2025,75,Đồng Nai,26206,Thị Trấn Định Quán,365
27/06/2025,75,Đồng Nai,26272,Xã Hố Nai 3,210
27/06/2025,75,Đồng Nai,26296,Xã An Viễn,81
27/06/2025,75,Đồng Nai,26299,Xã Gia Tân 1,51
27/06/2025,75,Đồng Nai,26311,Xã Quang Trung,111
27/06/2025,75,Đồng Nai,26317,Xã Hưng Lộc,73
27/06/2025,75,Đồng Nai,26326,Thị Trấn Dầu Giây,446
27/06/2025,75,Đồng Nai,26362,Xã Sông Ray,99
27/06/2025,75,Đồng Nai,26368,Thị Trấn Long Thành,482
27/06/2025,75,Đồng Nai,26374,Phường Tam Phước,5
27/06/2025,75,Đồng Nai,26377,Phường Phước Tân,31
27/06/2025,75,Đồng Nai,26416,Xã Phước Bình,83
27/06/2025,75,Đồng Nai,26455,Xã Xuân Hiệp,371
27/06/2025,75,Đồng Nai,26497,Xã Vĩnh Thanh,65
27/07/2025,75,Đồng Nai,25996,Phường Tân Phong,256
27/07/2025,75,Đồng Nai,26029,Phường Thống Nhất,122
27/07/2025,75,Đồng Nai,26056,Phường Long Bình Tân,541
27/07/2025,75,Đồng Nai,26095,Phường Suối Tre,233
27/07/2025,75,Đồng Nai,26116,Thị Trấn Tân Phú,66
27/07/2025,75,Đồng Nai,26188,Xã Thạnh Phú,74
27/07/2025,75,Đồng Nai,26206,Thị Trấn Định Quán,135
27/07/2025,75,Đồng Nai,26272,Xã Hố Nai 3,141
27/07/2025,75,Đồng Nai,26296,Xã An Viễn,97
27/07/2025,75,Đồng Nai,26311,Xã Quang Trung,2
27/07/2025,75,Đồng Nai,26317,Xã Hưng Lộc,26
27/07/2025,75,Đồng Nai,26326,Thị Trấn Dầu Giây,7
27/07/2025,75,Đồng Nai,26368,Thị Trấn Long Thành,107
27/07/2025,75,Đồng Nai,26416,Xã Phước Bình,51
27/07/2025,75,Đồng Nai,26452,Xã Suối Cát,19
27/07/2025,75,Đồng Nai,26497,Xã Vĩnh Thanh,84
27/08/2025,75,Đồng Nai,25993,Phường Trảng Dài,190
27/08/2025,75,Đồng Nai,25996,Phường Tân Phong,301
27/08/2025,75,Đồng Nai,26017,Phường Tam Hiệp,84
27/08/2025,75,Đồng Nai,26029,Phường Thống Nhất,467
27/08/2025,75,Đồng Nai,26056,Phường Long Bình Tân,81
27/08/2025,75,Đồng Nai,26068,Phường Hóa An,147
27/08/2025,75,Đồng Nai,26095,Phường Suối Tre,1158
27/08/2025,75,Đồng Nai,26188,Xã Thạnh Phú,66
27/08/2025,75,Đồng Nai,26206,Thị Trấn Định Quán,483
27/08/2025,75,Đồng Nai,26272,Xã Hố Nai 3,560
27/08/2025,75,Đồng Nai,26296,Xã An Viễn,88
27/08/2025,75,Đồng Nai,26311,Xã Quang Trung,154
27/08/2025,75,Đồng Nai,26362,Xã Sông Ray,110
27/08/2025,75,Đồng Nai,26368,Thị Trấn Long Thành,483
27/08/2025,75,Đồng Nai,26389,Xã Long Đức,34
27/08/2025,75,Đồng Nai,26416,Xã Phước Bình,86
27/08/2025,75,Đồng Nai,26455,Xã Xuân Hiệp,707
27/08/2025,75,Đồng Nai,26497,Xã Vĩnh Thanh,74
27/10/2024,75,Đồng Nai,26341,Thị Trấn Long Giao,1
27/12/2023,75,Đồng Nai,26248,Thị Trấn Trảng Bom,2
27/12/2024,75,Đồng Nai,26341,Thị Trấn Long Giao,4
27/12/2024,75,Đồng Nai,26452,Xã Suối Cát,5
28/01/2025,75,Đồng Nai,26248,Thị Trấn Trảng Bom,4
28/01/2025,75,Đồng Nai,26341,Thị Trấn Long Giao,2
28/01/2025,75,Đồng Nai,26452,Xã Suối Cát,6
28/02/2025,75,Đồng Nai,26026,Phường Tân Mai,536
28/02/2025,75,Đồng Nai,26206,Thị Trấn Định Quán,1
28/02/2025,75,Đồng Nai,26248,Thị Trấn Trảng Bom,376
28/02/2025,75,Đồng Nai,26341,Thị Trấn Long Giao,400
28/02/2025,75,Đồng Nai,26368,Thị Trấn Long Thành,1
28/02/2025,75,Đồng Nai,26452,Xã Suối Cát,536
28/03/2025,75,Đồng Nai,25996,Phường Tân Phong,18
28/03/2025,75,Đồng Nai,25999,Phường Tân Biên,1
28/03/2025,75,Đồng Nai,26008,Phường Tân Hiệp,2
28/03/2025,75,Đồng Nai,26026,Phường Tân Mai,725
28/03/2025,75,Đồng Nai,26080,Phường Xuân An,2
28/03/2025,75,Đồng Nai,26095,Phường Suối Tre,10
28/03/2025,75,Đồng Nai,26116,Thị Trấn Tân Phú,15
28/03/2025,75,Đồng Nai,26206,Thị Trấn Định Quán,2
28/03/2025,75,Đồng Nai,26248,Thị Trấn Trảng Bom,747
28/03/2025,75,Đồng Nai,26272,Xã Hố Nai 3,27
28/03/2025,75,Đồng Nai,26326,Thị Trấn Dầu Giây,15
28/03/2025,75,Đồng Nai,26368,Thị Trấn Long Thành,1
28/03/2025,75,Đồng Nai,26377,Phường Phước Tân,2
28/03/2025,75,Đồng Nai,26452,Xã Suối Cát,591
28/04/2024,75,Đồng Nai,26248,Thị Trấn Trảng Bom,1
28/04/2025,75,Đồng Nai,25993,Phường Trảng Dài,76
28/04/2025,75,Đồng Nai,25996,Phường Tân Phong,372
28/04/2025,75,Đồng Nai,25999,Phường Tân Biên,12
28/04/2025,75,Đồng Nai,26008,Phường Tân Hiệp,1
28/04/2025,75,Đồng Nai,26017,Phường Tam Hiệp,5
28/04/2025,75,Đồng Nai,26029,Phường Thống Nhất,22
28/04/2025,75,Đồng Nai,26068,Phường Hóa An,57
28/04/2025,75,Đồng Nai,26095,Phường Suối Tre,2285
28/04/2025,75,Đồng Nai,26107,Xã Bàu Trâm,1
28/04/2025,75,Đồng Nai,26116,Thị Trấn Tân Phú,13
28/04/2025,75,Đồng Nai,26188,Xã Thạnh Phú,71
28/04/2025,75,Đồng Nai,26206,Thị Trấn Định Quán,672
28/04/2025,75,Đồng Nai,26272,Xã Hố Nai 3,568
28/04/2025,75,Đồng Nai,26326,Thị Trấn Dầu Giây,624
28/04/2025,75,Đồng Nai,26341,Thị Trấn Long Giao,10
28/04/2025,75,Đồng Nai,26362,Xã Sông Ray,159
28/04/2025,75,Đồng Nai,26368,Thị Trấn Long Thành,556
28/04/2025,75,Đồng Nai,26377,Phường Phước Tân,47
28/04/2025,75,Đồng Nai,26425,Thị Trấn Gia Ray,1
28/04/2025,75,Đồng Nai,26452,Xã Suối Cát,728
28/04/2025,75,Đồng Nai,26455,Xã Xuân Hiệp,541
28/04/2025,75,Đồng Nai,26497,Xã Vĩnh Thanh,14
28/05/2025,75,Đồng Nai,25996,Phường Tân Phong,159
28/05/2025,75,Đồng Nai,25999,Phường Tân Biên,7
28/05/2025,75,Đồng Nai,26017,Phường Tam Hiệp,120
28/05/2025,75,Đồng Nai,26029,Phường Thống Nhất,318
28/05/2025,75,Đồng Nai,26050,Phường An Bình,35
28/05/2025,75,Đồng Nai,26056,Phường Long Bình Tân,7
28/05/2025,75,Đồng Nai,26068,Phường Hóa An,112
28/05/2025,75,Đồng Nai,26095,Phường Suối Tre,53
28/05/2025,75,Đồng Nai,26116,Thị Trấn Tân Phú,345
28/05/2025,75,Đồng Nai,26188,Xã Thạnh Phú,40
28/05/2025,75,Đồng Nai,26206,Thị Trấn Định Quán,170
28/05/2025,75,Đồng Nai,26272,Xã Hố Nai 3,472
28/05/2025,75,Đồng Nai,26296,Xã An Viễn,169
28/05/2025,75,Đồng Nai,26299,Xã Gia Tân 1,22
28/05/2025,75,Đồng Nai,26311,Xã Quang Trung,4
28/05/2025,75,Đồng Nai,26317,Xã Hưng Lộc,75
28/05/2025,75,Đồng Nai,26326,Thị Trấn Dầu Giây,507
28/05/2025,75,Đồng Nai,26362,Xã Sông Ray,84
28/05/2025,75,Đồng Nai,26368,Thị Trấn Long Thành,424
28/05/2025,75,Đồng Nai,26374,Phường Tam Phước,9
28/05/2025,75,Đồng Nai,26377,Phường Phước Tân,49
28/05/2025,75,Đồng Nai,26452,Xã Suối Cát,32
28/05/2025,75,Đồng Nai,26455,Xã Xuân Hiệp,279
28/05/2025,75,Đồng Nai,26485,Xã Phú Hội,2
28/05/2025,75,Đồng Nai,26497,Xã Vĩnh Thanh,66
28/06/2024,75,Đồng Nai,26035,Phường Tam Hòa,2
28/06/2025,75,Đồng Nai,25996,Phường Tân Phong,308
28/06/2025,75,Đồng Nai,26002,Phường Hố Nai,19
28/06/2025,75,Đồng Nai,26017,Phường Tam Hiệp,73
28/06/2025,75,Đồng Nai,26029,Phường Thống Nhất,10
28/06/2025,75,Đồng Nai,26035,Phường Tam Hòa,224
28/06/2025,75,Đồng Nai,26050,Phường An Bình,90
28/06/2025,75,Đồng Nai,26056,Phường Long Bình Tân,1
28/06/2025,75,Đồng Nai,26068,Phường Hóa An,280
28/06/2025,75,Đồng Nai,26095,Phường Suối Tre,158
28/06/2025,75,Đồng Nai,26116,Thị Trấn Tân Phú,13
28/06/2025,75,Đồng Nai,26206,Thị Trấn Định Quán,50
28/06/2025,75,Đồng Nai,26272,Xã Hố Nai 3,186
28/06/2025,75,Đồng Nai,26275,Xã Tây Hoà,3
28/06/2025,75,Đồng Nai,26296,Xã An Viễn,88
28/06/2025,75,Đồng Nai,26299,Xã Gia Tân 1,52
28/06/2025,75,Đồng Nai,26311,Xã Quang Trung,147
28/06/2025,75,Đồng Nai,26317,Xã Hưng Lộc,75
28/06/2025,75,Đồng Nai,26326,Thị Trấn Dầu Giây,171
28/06/2025,75,Đồng Nai,26362,Xã Sông Ray,77
28/06/2025,75,Đồng Nai,26368,Thị Trấn Long Thành,191
28/06/2025,75,Đồng Nai,26374,Phường Tam Phước,154
28/06/2025,75,Đồng Nai,26377,Phường Phước Tân,4
28/06/2025,75,Đồng Nai,26416,Xã Phước Bình,73
28/06/2025,75,Đồng Nai,26455,Xã Xuân Hiệp,395
28/06/2025,75,Đồng Nai,26497,Xã Vĩnh Thanh,65
28/07/2025,75,Đồng Nai,25993,Phường Trảng Dài,75
28/07/2025,75,Đồng Nai,25996,Phường Tân Phong,371
28/07/2025,75,Đồng Nai,26017,Phường Tam Hiệp,10
28/07/2025,75,Đồng Nai,26029,Phường Thống Nhất,461
28/07/2025,75,Đồng Nai,26056,Phường Long Bình Tân,1175
28/07/2025,75,Đồng Nai,26068,Phường Hóa An,166
28/07/2025,75,Đồng Nai,26095,Phường Suối Tre,460
28/07/2025,75,Đồng Nai,26116,Thị Trấn Tân Phú,432
28/07/2025,75,Đồng Nai,26188,Xã Thạnh Phú,90
28/07/2025,75,Đồng Nai,26206,Thị Trấn Định Quán,532
28/07/2025,75,Đồng Nai,26272,Xã Hố Nai 3,227
28/07/2025,75,Đồng Nai,26296,Xã An Viễn,104
28/07/2025,75,Đồng Nai,26311,Xã Quang Trung,8
28/07/2025,75,Đồng Nai,26317,Xã Hưng Lộc,139
28/07/2025,75,Đồng Nai,26326,Thị Trấn Dầu Giây,17
28/07/2025,75,Đồng Nai,26362,Xã Sông Ray,41
28/07/2025,75,Đồng Nai,26368,Thị Trấn Long Thành,476
28/07/2025,75,Đồng Nai,26377,Phường Phước Tân,40
28/07/2025,75,Đồng Nai,26416,Xã Phước Bình,122
28/07/2025,75,Đồng Nai,26452,Xã Suối Cát,772
28/07/2025,75,Đồng Nai,26455,Xã Xuân Hiệp,1
28/07/2025,75,Đồng Nai,26497,Xã Vĩnh Thanh,73
28/08/2023,75,Đồng Nai,26248,Thị Trấn Trảng Bom,2
28/08/2025,75,Đồng Nai,25993,Phường Trảng Dài,307
28/08/2025,75,Đồng Nai,25996,Phường Tân Phong,319
28/08/2025,75,Đồng Nai,26017,Phường Tam Hiệp,82
28/08/2025,75,Đồng Nai,26029,Phường Thống Nhất,381
28/08/2025,75,Đồng Nai,26056,Phường Long Bình Tân,35
28/08/2025,75,Đồng Nai,26068,Phường Hóa An,478
28/08/2025,75,Đồng Nai,26095,Phường Suối Tre,1362
28/08/2025,75,Đồng Nai,26188,Xã Thạnh Phú,136
28/08/2025,75,Đồng Nai,26206,Thị Trấn Định Quán,585
28/08/2025,75,Đồng Nai,26272,Xã Hố Nai 3,769
28/08/2025,75,Đồng Nai,26296,Xã An Viễn,76
28/08/2025,75,Đồng Nai,26311,Xã Quang Trung,164
28/08/2025,75,Đồng Nai,26317,Xã Hưng Lộc,70
28/08/2025,75,Đồng Nai,26362,Xã Sông Ray,215
28/08/2025,75,Đồng Nai,26368,Thị Trấn Long Thành,847
28/08/2025,75,Đồng Nai,26389,Xã Long Đức,43
28/08/2025,75,Đồng Nai,26416,Xã Phước Bình,91
28/08/2025,75,Đồng Nai,26455,Xã Xuân Hiệp,368
28/08/2025,75,Đồng Nai,26497,Xã Vĩnh Thanh,75
28/12/2024,75,Đồng Nai,26341,Thị Trấn Long Giao,3
28/12/2024,75,Đồng Nai,26452,Xã Suối Cát,16
29/01/2025,75,Đồng Nai,26248,Thị Trấn Trảng Bom,1
29/01/2025,75,Đồng Nai,26341,Thị Trấn Long Giao,7
29/01/2025,75,Đồng Nai,26452,Xã Suối Cát,5
29/03/2025,75,Đồng Nai,25999,Phường Tân Biên,2
29/03/2025,75,Đồng Nai,26095,Phường Suối Tre,12
29/03/2025,75,Đồng Nai,26116,Thị Trấn Tân Phú,17
29/03/2025,75,Đồng Nai,26248,Thị Trấn Trảng Bom,34
29/03/2025,75,Đồng Nai,26272,Xã Hố Nai 3,41
29/03/2025,75,Đồng Nai,26326,Thị Trấn Dầu Giây,7
29/03/2025,75,Đồng Nai,26368,Thị Trấn Long Thành,2
29/03/2025,75,Đồng Nai,26377,Phường Phước Tân,2
29/03/2025,75,Đồng Nai,26452,Xã Suối Cát,57
29/04/2025,75,Đồng Nai,25993,Phường Trảng Dài,47
29/04/2025,75,Đồng Nai,25996,Phường Tân Phong,157
29/04/2025,75,Đồng Nai,25999,Phường Tân Biên,8
29/04/2025,75,Đồng Nai,26008,Phường Tân Hiệp,2
29/04/2025,75,Đồng Nai,26017,Phường Tam Hiệp,66
29/04/2025,75,Đồng Nai,26029,Phường Thống Nhất,17
29/04/2025,75,Đồng Nai,26056,Phường Long Bình Tân,2
29/04/2025,75,Đồng Nai,26068,Phường Hóa An,13
29/04/2025,75,Đồng Nai,26095,Phường Suối Tre,959
29/04/2025,75,Đồng Nai,26116,Thị Trấn Tân Phú,11
29/04/2025,75,Đồng Nai,26188,Xã Thạnh Phú,35
29/04/2025,75,Đồng Nai,26206,Thị Trấn Định Quán,121
29/04/2025,75,Đồng Nai,26272,Xã Hố Nai 3,385
29/04/2025,75,Đồng Nai,26326,Thị Trấn Dầu Giây,501
29/04/2025,75,Đồng Nai,26362,Xã Sông Ray,107
29/04/2025,75,Đồng Nai,26368,Thị Trấn Long Thành,439
29/04/2025,75,Đồng Nai,26377,Phường Phước Tân,44
29/04/2025,75,Đồng Nai,26383,Xã An Phước,2
29/04/2025,75,Đồng Nai,26452,Xã Suối Cát,626
29/04/2025,75,Đồng Nai,26455,Xã Xuân Hiệp,331
29/04/2025,75,Đồng Nai,26497,Xã Vĩnh Thanh,8
29/05/2025,75,Đồng Nai,25996,Phường Tân Phong,270
29/05/2025,75,Đồng Nai,25999,Phường Tân Biên,7
29/05/2025,75,Đồng Nai,26017,Phường Tam Hiệp,192
29/05/2025,75,Đồng Nai,26029,Phường Thống Nhất,28
29/05/2025,75,Đồng Nai,26050,Phường An Bình,44
29/05/2025,75,Đồng Nai,26068,Phường Hóa An,71
29/05/2025,75,Đồng Nai,26095,Phường Suối Tre,99
29/05/2025,75,Đồng Nai,26116,Thị Trấn Tân Phú,287
29/05/2025,75,Đồng Nai,26188,Xã Thạnh Phú,38
29/05/2025,75,Đồng Nai,26206,Thị Trấn Định Quán,139
29/05/2025,75,Đồng Nai,26272,Xã Hố Nai 3,631
29/05/2025,75,Đồng Nai,26296,Xã An Viễn,150
29/05/2025,75,Đồng Nai,26299,Xã Gia Tân 1,25
29/05/2025,75,Đồng Nai,26317,Xã Hưng Lộc,83
29/05/2025,75,Đồng Nai,26326,Thị Trấn Dầu Giây,462
29/05/2025,75,Đồng Nai,26362,Xã Sông Ray,107
29/05/2025,75,Đồng Nai,26368,Thị Trấn Long Thành,627
29/05/2025,75,Đồng Nai,26374,Phường Tam Phước,26
29/05/2025,75,Đồng Nai,26377,Phường Phước Tân,32
29/05/2025,75,Đồng Nai,26416,Xã Phước Bình,8
29/05/2025,75,Đồng Nai,26452,Xã Suối Cát,25
29/05/2025,75,Đồng Nai,26455,Xã Xuân Hiệp,289
29/05/2025,75,Đồng Nai,26497,Xã Vĩnh Thanh,69
29/06/2024,75,Đồng Nai,26035,Phường Tam Hòa,3
29/06/2025,75,Đồng Nai,25996,Phường Tân Phong,1
29/06/2025,75,Đồng Nai,26029,Phường Thống Nhất,9
29/06/2025,75,Đồng Nai,26035,Phường Tam Hòa,166
29/06/2025,75,Đồng Nai,26056,Phường Long Bình Tân,1
29/06/2025,75,Đồng Nai,26095,Phường Suối Tre,499
29/06/2025,75,Đồng Nai,26116,Thị Trấn Tân Phú,12
29/06/2025,75,Đồng Nai,26206,Thị Trấn Định Quán,66
29/06/2025,75,Đồng Nai,26272,Xã Hố Nai 3,179
29/06/2025,75,Đồng Nai,26296,Xã An Viễn,53
29/06/2025,75,Đồng Nai,26299,Xã Gia Tân 1,378
29/06/2025,75,Đồng Nai,26311,Xã Quang Trung,81
29/06/2025,75,Đồng Nai,26317,Xã Hưng Lộc,20
29/06/2025,75,Đồng Nai,26326,Thị Trấn Dầu Giây,72
29/06/2025,75,Đồng Nai,26362,Xã Sông Ray,14
29/06/2025,75,Đồng Nai,26368,Thị Trấn Long Thành,190
29/06/2025,75,Đồng Nai,26374,Phường Tam Phước,185
29/06/2025,75,Đồng Nai,26377,Phường Phước Tân,1
29/06/2025,75,Đồng Nai,26416,Xã Phước Bình,61
29/06/2025,75,Đồng Nai,26455,Xã Xuân Hiệp,322
29/06/2025,75,Đồng Nai,26497,Xã Vĩnh Thanh,89
29/07/2025,75,Đồng Nai,25993,Phường Trảng Dài,104
29/07/2025,75,Đồng Nai,25996,Phường Tân Phong,23
29/07/2025,75,Đồng Nai,26017,Phường Tam Hiệp,5
29/07/2025,75,Đồng Nai,26029,Phường Thống Nhất,83
29/07/2025,75,Đồng Nai,26056,Phường Long Bình Tân,923
29/07/2025,75,Đồng Nai,26068,Phường Hóa An,133
29/07/2025,75,Đồng Nai,26095,Phường Suối Tre,1381
29/07/2025,75,Đồng Nai,26116,Thị Trấn Tân Phú,377
29/07/2025,75,Đồng Nai,26188,Xã Thạnh Phú,57
29/07/2025,75,Đồng Nai,26206,Thị Trấn Định Quán,174
29/07/2025,75,Đồng Nai,26272,Xã Hố Nai 3,160
29/07/2025,75,Đồng Nai,26296,Xã An Viễn,67
29/07/2025,75,Đồng Nai,26311,Xã Quang Trung,9
29/07/2025,75,Đồng Nai,26317,Xã Hưng Lộc,80
29/07/2025,75,Đồng Nai,26326,Thị Trấn Dầu Giây,9
29/07/2025,75,Đồng Nai,26341,Thị Trấn Long Giao,4
29/07/2025,75,Đồng Nai,26362,Xã Sông Ray,182
29/07/2025,75,Đồng Nai,26368,Thị Trấn Long Thành,478
29/07/2025,75,Đồng Nai,26374,Phường Tam Phước,10
29/07/2025,75,Đồng Nai,26377,Phường Phước Tân,23
29/07/2025,75,Đồng Nai,26416,Xã Phước Bình,12
29/07/2025,75,Đồng Nai,26452,Xã Suối Cát,615
29/07/2025,75,Đồng Nai,26455,Xã Xuân Hiệp,2
29/07/2025,75,Đồng Nai,26497,Xã Vĩnh Thanh,73
29/08/2025,75,Đồng Nai,25993,Phường Trảng Dài,84
29/08/2025,75,Đồng Nai,25996,Phường Tân Phong,418
29/08/2025,75,Đồng Nai,26017,Phường Tam Hiệp,88
29/08/2025,75,Đồng Nai,26056,Phường Long Bình Tân,71
29/08/2025,75,Đồng Nai,26095,Phường Suối Tre,1256
29/08/2025,75,Đồng Nai,26188,Xã Thạnh Phú,81
29/08/2025,75,Đồng Nai,26206,Thị Trấn Định Quán,705
29/08/2025,75,Đồng Nai,26272,Xã Hố Nai 3,1125
29/08/2025,75,Đồng Nai,26311,Xã Quang Trung,167
29/08/2025,75,Đồng Nai,26317,Xã Hưng Lộc,84
29/08/2025,75,Đồng Nai,26362,Xã Sông Ray,129
29/08/2025,75,Đồng Nai,26368,Thị Trấn Long Thành,578
29/08/2025,75,Đồng Nai,26389,Xã Long Đức,38
29/08/2025,75,Đồng Nai,26416,Xã Phước Bình,95
29/08/2025,75,Đồng Nai,26455,Xã Xuân Hiệp,340
29/08/2025,75,Đồng Nai,26497,Xã Vĩnh Thanh,6
29/11/2024,75,Đồng Nai,26248,Thị Trấn Trảng Bom,1
29/12/2024,75,Đồng Nai,26341,Thị Trấn Long Giao,2
29/12/2024,75,Đồng Nai,26452,Xã Suối Cát,10
30/01/2025,75,Đồng Nai,26026,Phường Tân Mai,3
30/01/2025,75,Đồng Nai,26248,Thị Trấn Trảng Bom,17
30/01/2025,75,Đồng Nai,26341,Thị Trấn Long Giao,4
30/01/2025,75,Đồng Nai,26452,Xã Suối Cát,9
30/03/2025,75,Đồng Nai,25996,Phường Tân Phong,1
30/03/2025,75,Đồng Nai,25999,Phường Tân Biên,7
30/03/2025,75,Đồng Nai,26095,Phường Suối Tre,8
30/03/2025,75,Đồng Nai,26116,Thị Trấn Tân Phú,10
30/03/2025,75,Đồng Nai,26206,Thị Trấn Định Quán,4
30/03/2025,75,Đồng Nai,26248,Thị Trấn Trảng Bom,90
30/03/2025,75,Đồng Nai,26272,Xã Hố Nai 3,21
30/03/2025,75,Đồng Nai,26326,Thị Trấn Dầu Giây,11
30/03/2025,75,Đồng Nai,26341,Thị Trấn Long Giao,1
30/03/2025,75,Đồng Nai,26368,Thị Trấn Long Thành,3
30/03/2025,75,Đồng Nai,26452,Xã Suối Cát,75
30/04/2025,75,Đồng Nai,25999,Phường Tân Biên,5
30/04/2025,75,Đồng Nai,26029,Phường Thống Nhất,4
30/04/2025,75,Đồng Nai,26095,Phường Suối Tre,228
30/04/2025,75,Đồng Nai,26116,Thị Trấn Tân Phú,19
30/04/2025,75,Đồng Nai,26206,Thị Trấn Định Quán,44
30/04/2025,75,Đồng Nai,26326,Thị Trấn Dầu Giây,21
30/04/2025,75,Đồng Nai,26368,Thị Trấn Long Thành,66
30/04/2025,75,Đồng Nai,26452,Xã Suối Cát,47
30/05/2025,75,Đồng Nai,25996,Phường Tân Phong,158
30/05/2025,75,Đồng Nai,25999,Phường Tân Biên,10
30/05/2025,75,Đồng Nai,26017,Phường Tam Hiệp,120
30/05/2025,75,Đồng Nai,26029,Phường Thống Nhất,291
30/05/2025,75,Đồng Nai,26050,Phường An Bình,75
30/05/2025,75,Đồng Nai,26056,Phường Long Bình Tân,1
30/05/2025,75,Đồng Nai,26068,Phường Hóa An,163
30/05/2025,75,Đồng Nai,26095,Phường Suối Tre,116
30/05/2025,75,Đồng Nai,26188,Xã Thạnh Phú,49
30/05/2025,75,Đồng Nai,26206,Thị Trấn Định Quán,436
30/05/2025,75,Đồng Nai,26272,Xã Hố Nai 3,592
30/05/2025,75,Đồng Nai,26296,Xã An Viễn,76
30/05/2025,75,Đồng Nai,26299,Xã Gia Tân 1,21
30/05/2025,75,Đồng Nai,26311,Xã Quang Trung,6
30/05/2025,75,Đồng Nai,26317,Xã Hưng Lộc,75
30/05/2025,75,Đồng Nai,26326,Thị Trấn Dầu Giây,391
30/05/2025,75,Đồng Nai,26362,Xã Sông Ray,132
30/05/2025,75,Đồng Nai,26368,Thị Trấn Long Thành,294
30/05/2025,75,Đồng Nai,26374,Phường Tam Phước,125
30/05/2025,75,Đồng Nai,26377,Phường Phước Tân,18
30/05/2025,75,Đồng Nai,26416,Xã Phước Bình,89
30/05/2025,75,Đồng Nai,26440,Xã Xuân Trường,135
30/05/2025,75,Đồng Nai,26452,Xã Suối Cát,31
30/05/2025,75,Đồng Nai,26455,Xã Xuân Hiệp,353
30/05/2025,75,Đồng Nai,26485,Xã Phú Hội,1
30/05/2025,75,Đồng Nai,26497,Xã Vĩnh Thanh,71
30/06/2024,75,Đồng Nai,26035,Phường Tam Hòa,6
30/06/2025,75,Đồng Nai,25996,Phường Tân Phong,79
30/06/2025,75,Đồng Nai,26002,Phường Hố Nai,35
30/06/2025,75,Đồng Nai,26017,Phường Tam Hiệp,93
30/06/2025,75,Đồng Nai,26029,Phường Thống Nhất,115
30/06/2025,75,Đồng Nai,26050,Phường An Bình,50
30/06/2025,75,Đồng Nai,26056,Phường Long Bình Tân,6
30/06/2025,75,Đồng Nai,26068,Phường Hóa An,394
30/06/2025,75,Đồng Nai,26095,Phường Suối Tre,1571
30/06/2025,75,Đồng Nai,26116,Thị Trấn Tân Phú,113
30/06/2025,75,Đồng Nai,26206,Thị Trấn Định Quán,572
30/06/2025,75,Đồng Nai,26272,Xã Hố Nai 3,407
30/06/2025,75,Đồng Nai,26275,Xã Tây Hoà,3
30/06/2025,75,Đồng Nai,26296,Xã An Viễn,72
30/06/2025,75,Đồng Nai,26299,Xã Gia Tân 1,57
30/06/2025,75,Đồng Nai,26311,Xã Quang Trung,24
30/06/2025,75,Đồng Nai,26317,Xã Hưng Lộc,9
30/06/2025,75,Đồng Nai,26326,Thị Trấn Dầu Giây,659
30/06/2025,75,Đồng Nai,26362,Xã Sông Ray,145
30/06/2025,75,Đồng Nai,26368,Thị Trấn Long Thành,576
30/06/2025,75,Đồng Nai,26374,Phường Tam Phước,132
30/06/2025,75,Đồng Nai,26377,Phường Phước Tân,36
30/06/2025,75,Đồng Nai,26416,Xã Phước Bình,104
30/06/2025,75,Đồng Nai,26455,Xã Xuân Hiệp,408
30/06/2025,75,Đồng Nai,26497,Xã Vĩnh Thanh,111
30/07/2025,75,Đồng Nai,25993,Phường Trảng Dài,84
30/07/2025,75,Đồng Nai,25996,Phường Tân Phong,75
30/07/2025,75,Đồng Nai,26017,Phường Tam Hiệp,2
30/07/2025,75,Đồng Nai,26029,Phường Thống Nhất,389
30/07/2025,75,Đồng Nai,26056,Phường Long Bình Tân,1034
30/07/2025,75,Đồng Nai,26068,Phường Hóa An,115
30/07/2025,75,Đồng Nai,26095,Phường Suối Tre,1391
30/07/2025,75,Đồng Nai,26116,Thị Trấn Tân Phú,364
30/07/2025,75,Đồng Nai,26188,Xã Thạnh Phú,57
30/07/2025,75,Đồng Nai,26206,Thị Trấn Định Quán,587
30/07/2025,75,Đồng Nai,26272,Xã Hố Nai 3,134
30/07/2025,75,Đồng Nai,26296,Xã An Viễn,79
30/07/2025,75,Đồng Nai,26311,Xã Quang Trung,6
30/07/2025,75,Đồng Nai,26317,Xã Hưng Lộc,1
30/07/2025,75,Đồng Nai,26326,Thị Trấn Dầu Giây,6
30/07/2025,75,Đồng Nai,26362,Xã Sông Ray,103
30/07/2025,75,Đồng Nai,26368,Thị Trấn Long Thành,421
30/07/2025,75,Đồng Nai,26374,Phường Tam Phước,1
30/07/2025,75,Đồng Nai,26377,Phường Phước Tân,41
30/07/2025,75,Đồng Nai,26416,Xã Phước Bình,16
30/07/2025,75,Đồng Nai,26452,Xã Suối Cát,606
30/07/2025,75,Đồng Nai,26455,Xã Xuân Hiệp,2
30/07/2025,75,Đồng Nai,26497,Xã Vĩnh Thanh,72
30/08/2024,75,Đồng Nai,26248,Thị Trấn Trảng Bom,2
30/08/2025,75,Đồng Nai,25996,Phường Tân Phong,451
30/08/2025,75,Đồng Nai,26017,Phường Tam Hiệp,74
30/08/2025,75,Đồng Nai,26029,Phường Thống Nhất,2
30/08/2025,75,Đồng Nai,26056,Phường Long Bình Tân,113
30/08/2025,75,Đồng Nai,26095,Phường Suối Tre,194
30/08/2025,75,Đồng Nai,26188,Xã Thạnh Phú,84
30/08/2025,75,Đồng Nai,26206,Thị Trấn Định Quán,64
30/08/2025,75,Đồng Nai,26272,Xã Hố Nai 3,743
30/08/2025,75,Đồng Nai,26296,Xã An Viễn,71
30/08/2025,75,Đồng Nai,26311,Xã Quang Trung,165
30/08/2025,75,Đồng Nai,26341,Thị Trấn Long Giao,1
30/08/2025,75,Đồng Nai,26362,Xã Sông Ray,96
30/08/2025,75,Đồng Nai,26368,Thị Trấn Long Thành,153
30/08/2025,75,Đồng Nai,26389,Xã Long Đức,57
30/08/2025,75,Đồng Nai,26416,Xã Phước Bình,80
30/08/2025,75,Đồng Nai,26455,Xã Xuân Hiệp,1071
30/08/2025,75,Đồng Nai,26497,Xã Vĩnh Thanh,90
30/09/2024,75,Đồng Nai,26248,Thị Trấn Trảng Bom,2
30/12/2024,75,Đồng Nai,26341,Thị Trấn Long Giao,17
30/12/2024,75,Đồng Nai,26452,Xã Suối Cát,35
30/12/2024,75,Đồng Nai,26455,Xã Xuân Hiệp,2
31/01/2025,75,Đồng Nai,26026,Phường Tân Mai,2
31/01/2025,75,Đồng Nai,26248,Thị Trấn Trảng Bom,40
31/01/2025,75,Đồng Nai,26341,Thị Trấn Long Giao,13
31/01/2025,75,Đồng Nai,26452,Xã Suối Cát,33
31/03/2025,75,Đồng Nai,25996,Phường Tân Phong,24
31/03/2025,75,Đồng Nai,25999,Phường Tân Biên,10
31/03/2025,75,Đồng Nai,26008,Phường Tân Hiệp,1
31/03/2025,75,Đồng Nai,26026,Phường Tân Mai,2
31/03/2025,75,Đồng Nai,26068,Phường Hóa An,2
31/03/2025,75,Đồng Nai,26080,Phường Xuân An,4
31/03/2025,75,Đồng Nai,26095,Phường Suối Tre,132
31/03/2025,75,Đồng Nai,26116,Thị Trấn Tân Phú,101
31/03/2025,75,Đồng Nai,26206,Thị Trấn Định Quán,24
31/03/2025,75,Đồng Nai,26248,Thị Trấn Trảng Bom,442
31/03/2025,75,Đồng Nai,26272,Xã Hố Nai 3,82
31/03/2025,75,Đồng Nai,26326,Thị Trấn Dầu Giây,67
31/03/2025,75,Đồng Nai,26368,Thị Trấn Long Thành,26
31/03/2025,75,Đồng Nai,26377,Phường Phước Tân,7
31/03/2025,75,Đồng Nai,26440,Xã Xuân Trường,1
31/03/2025,75,Đồng Nai,26452,Xã Suối Cát,744
31/03/2025,75,Đồng Nai,26455,Xã Xuân Hiệp,2
31/03/2025,75,Đồng Nai,26485,Xã Phú Hội,1
31/05/2025,75,Đồng Nai,25996,Phường Tân Phong,109
31/05/2025,75,Đồng Nai,25999,Phường Tân Biên,1
31/05/2025,75,Đồng Nai,26002,Phường Hố Nai,1
31/05/2025,75,Đồng Nai,26017,Phường Tam Hiệp,104
31/05/2025,75,Đồng Nai,26029,Phường Thống Nhất,179
31/05/2025,75,Đồng Nai,26050,Phường An Bình,56
31/05/2025,75,Đồng Nai,26056,Phường Long Bình Tân,6
31/05/2025,75,Đồng Nai,26068,Phường Hóa An,172
31/05/2025,75,Đồng Nai,26095,Phường Suối Tre,163
31/05/2025,75,Đồng Nai,26188,Xã Thạnh Phú,41
31/05/2025,75,Đồng Nai,26206,Thị Trấn Định Quán,91
31/05/2025,75,Đồng Nai,26272,Xã Hố Nai 3,719
31/05/2025,75,Đồng Nai,26296,Xã An Viễn,70
31/05/2025,75,Đồng Nai,26299,Xã Gia Tân 1,28
31/05/2025,75,Đồng Nai,26311,Xã Quang Trung,96
31/05/2025,75,Đồng Nai,26317,Xã Hưng Lộc,73
31/05/2025,75,Đồng Nai,26326,Thị Trấn Dầu Giây,141
31/05/2025,75,Đồng Nai,26362,Xã Sông Ray,62
31/05/2025,75,Đồng Nai,26368,Thị Trấn Long Thành,87
31/05/2025,75,Đồng Nai,26374,Phường Tam Phước,94
31/05/2025,75,Đồng Nai,26377,Phường Phước Tân,2
31/05/2025,75,Đồng Nai,26416,Xã Phước Bình,70
31/05/2025,75,Đồng Nai,26440,Xã Xuân Trường,1
31/05/2025,75,Đồng Nai,26452,Xã Suối Cát,18
31/05/2025,75,Đồng Nai,26455,Xã Xuân Hiệp,302
31/05/2025,75,Đồng Nai,26497,Xã Vĩnh Thanh,66
31/07/2025,75,Đồng Nai,25996,Phường Tân Phong,251
31/07/2025,75,Đồng Nai,26029,Phường Thống Nhất,316
31/07/2025,75,Đồng Nai,26056,Phường Long Bình Tân,981
31/07/2025,75,Đồng Nai,26068,Phường Hóa An,133
31/07/2025,75,Đồng Nai,26095,Phường Suối Tre,1850
31/07/2025,75,Đồng Nai,26116,Thị Trấn Tân Phú,349
31/07/2025,75,Đồng Nai,26188,Xã Thạnh Phú,10
31/07/2025,75,Đồng Nai,26206,Thị Trấn Định Quán,593
31/07/2025,75,Đồng Nai,26272,Xã Hố Nai 3,161
31/07/2025,75,Đồng Nai,26296,Xã An Viễn,59
31/07/2025,75,Đồng Nai,26311,Xã Quang Trung,2
31/07/2025,75,Đồng Nai,26317,Xã Hưng Lộc,63
31/07/2025,75,Đồng Nai,26341,Thị Trấn Long Giao,58
31/07/2025,75,Đồng Nai,26362,Xã Sông Ray,113
31/07/2025,75,Đồng Nai,26368,Thị Trấn Long Thành,457
31/07/2025,75,Đồng Nai,26377,Phường Phước Tân,21
31/07/2025,75,Đồng Nai,26416,Xã Phước Bình,75
31/07/2025,75,Đồng Nai,26452,Xã Suối Cát,609
31/07/2025,75,Đồng Nai,26455,Xã Xuân Hiệp,379
31/07/2025,75,Đồng Nai,26497,Xã Vĩnh Thanh,57
31/08/2022,75,Đồng Nai,26341,Thị Trấn Long Giao,1
31/08/2025,75,Đồng Nai,25996,Phường Tân Phong,190
31/08/2025,75,Đồng Nai,26029,Phường Thống Nhất,3
31/08/2025,75,Đồng Nai,26056,Phường Long Bình Tân,276
31/08/2025,75,Đồng Nai,26095,Phường Suối Tre,196
31/08/2025,75,Đồng Nai,26188,Xã Thạnh Phú,28
31/08/2025,75,Đồng Nai,26206,Thị Trấn Định Quán,67
31/08/2025,75,Đồng Nai,26272,Xã Hố Nai 3,292
31/08/2025,75,Đồng Nai,26296,Xã An Viễn,44
31/08/2025,75,Đồng Nai,26311,Xã Quang Trung,103
31/08/2025,75,Đồng Nai,26317,Xã Hưng Lộc,19
31/08/2025,75,Đồng Nai,26341,Thị Trấn Long Giao,2
31/08/2025,75,Đồng Nai,26362,Xã Sông Ray,20
31/08/2025,75,Đồng Nai,26368,Thị Trấn Long Thành,144
31/08/2025,75,Đồng Nai,26389,Xã Long Đức,17
31/08/2025,75,Đồng Nai,26416,Xã Phước Bình,56
31/08/2025,75,Đồng Nai,26455,Xã Xuân Hiệp,252
31/08/2025,75,Đồng Nai,26497,Xã Vĩnh Thanh,80
31/12/2024,75,Đồng Nai,26248,Thị Trấn Trảng Bom,4
31/12/2024,75,Đồng Nai,26341,Thị Trấn Long Giao,17
31/12/2024,75,Đồng Nai,26452,Xã Suối Cát,39
